Timestamp_UTC,AirTemp_C,GroundTemp_0cm_C,GroundTemp_24cm_C,GroundTemp_48cm_C,GroundTemp_72cm_C,QC_AirTemp_C,QC_GroundTemp_0cm_C,QC_GroundTemp_24cm_C,QC_GroundTemp_48cm_C,QC_GroundTemp_72cm_C
2023-08-05 00:00:00,24.992,18.343,5.385,2.61,0.218,0,0,0,0,0
2023-08-05 01:00:00,25.939,18.319,5.36,2.45,0.19,0,0,0,0,0
2023-08-05 02:00:00,25.89,17.391,5.334,2.423,0.19,0,0,0,0,0
2023-08-05 03:00:00,25.477,15.366,5.462,2.396,0.163,0,0,0,0,0
2023-08-05 04:00:00,25.065,14.002,5.257,2.37,0.19,0,0,0,0,0
2023-08-05 05:00:00,24.363,12.799,5.282,2.37,0.19,0,0,0,0,0
2023-08-05 06:00:00,21.819,11.224,5.308,2.37,0.19,0,0,0,0,0
2023-08-05 07:00:00,17.819,9.977,5.308,3.221,0.218,0,0,0,0,0
2023-08-05 08:00:00,15.509,8.841,5.308,3.195,0.218,0,0,0,0,0
2023-08-05 09:00:00,13.714,7.97,5.282,3.564,0.218,0,0,0,0,0
2023-08-05 10:00:00,14.457,7.519,5.257,3.643,0.218,0,0,0,0,0
2023-08-05 11:00:00,13.546,7.594,5.231,3.327,0.19,0,0,0,0,0
2023-08-05 12:00:00,13.064,7.268,5.179,3.485,0.218,0,0,0,0,0
2023-08-05 13:00:00,11.832,6.839,5.128,3.696,0.246,0,0,0,0,0
2023-08-05 14:00:00,11.005,6.56,5.076,3.696,0.246,0,0,0,0,0
2023-08-05 15:00:00,12.316,6.687,5.024,3.564,0.218,0,0,0,0,0
2023-08-05 16:00:00,16.773,8.27,4.999,3.591,0.19,0,0,0,0,0
2023-08-05 17:00:00,20.603,10.516,4.973,3.459,0.19,0,0,0,0,0
2023-08-05 18:00:00,22.465,11.904,4.921,3.591,0.19,0,0,0,0,0
2023-08-05 19:00:00,24.363,12.944,4.895,3.459,0.19,0,0,0,0,0
2023-08-05 20:00:00,25.695,14.792,4.869,3.327,0.19,0,0,0,0,0
2023-08-05 21:00:00,26.231,16.939,4.895,3.327,0.19,0,0,0,0,0
2023-08-05 22:00:00,26.353,19.175,4.921,3.274,0.19,0,0,0,0,0
2023-08-05 23:00:00,26.5,17.629,4.947,3.354,0.19,0,0,0,0,0
2023-08-06 00:00:00,27.431,18.985,5.024,3.301,0.19,0,0,0,0,0
2023-08-06 01:00:00,27.087,18.461,5.076,3.354,0.19,0,0,0,0,0
2023-08-06 02:00:00,26.378,17.391,5.179,3.564,0.19,0,0,0,0,0
2023-08-06 03:00:00,25.89,15.7,5.231,3.775,0.19,0,0,0,0,0
2023-08-06 04:00:00,24.774,14.409,5.308,3.801,0.19,0,0,0,0,0
2023-08-06 05:00:00,24.171,13.137,5.36,3.801,0.218,0,0,0,0,0
2023-08-06 06:00:00,22.465,11.953,5.385,3.722,0.218,0,0,0,0,0
2023-08-06 07:00:00,19.365,10.761,5.411,3.67,0.246,0,0,0,0,0
2023-08-06 08:00:00,19.579,10.492,5.411,3.801,0.218,0,0,0,0,0
2023-08-06 09:00:00,18.2,9.682,5.411,3.827,0.218,0,0,0,0,0
2023-08-06 10:00:00,15.008,8.568,5.385,3.854,0.246,0,0,0,0,0
2023-08-06 11:00:00,13.185,7.695,5.36,3.827,0.246,0,0,0,0,0
2023-08-06 12:00:00,12.968,7.393,5.334,3.854,0.246,0,0,0,0,0
2023-08-06 13:00:00,14.529,7.619,5.282,3.958,0.246,0,0,0,0,0
2023-08-06 14:00:00,17.486,8.17,5.257,3.906,0.246,0,0,0,1,0
2023-08-06 15:00:00,17.439,8.817,5.205,5.102,0.246,0,0,0,1,0
2023-08-06 16:00:00,18.652,10.124,5.179,5.05,0.218,0,0,0,0,0
2023-08-06 17:00:00,21.079,11.273,5.154,4.999,0.218,0,0,0,0,0
2023-08-06 18:00:00,23.4,12.63,5.128,4.947,0.218,0,0,0,0,0
2023-08-06 19:00:00,25.137,13.618,5.102,4.895,0.218,0,0,0,0,0
2023-08-06 20:00:00,25.477,14.505,5.128,4.869,0.218,0,0,0,0,0
2023-08-06 21:00:00,25.355,15.939,5.128,4.844,0.218,0,0,0,0,0
2023-08-06 22:00:00,24.363,15.891,5.128,4.844,0.246,0,0,0,0,0
2023-08-06 23:00:00,25.501,15.819,5.154,4.792,0.218,0,0,0,0,0
2023-08-07 00:00:00,26.061,16.582,5.205,4.792,0.246,0,0,0,0,0
2023-08-07 01:00:00,25.647,15.915,5.231,4.766,0.218,0,0,0,0,0
2023-08-07 02:00:00,25.186,15.318,5.282,4.766,0.246,0,0,0,0,0
2023-08-07 03:00:00,24.75,14.625,5.308,4.74,0.246,0,0,0,0,0
2023-08-07 04:00:00,24.026,14.649,5.334,4.766,0.246,0,0,0,0,0
2023-08-07 05:00:00,22.585,13.401,5.36,4.74,0.246,0,0,0,0,0
2023-08-07 06:00:00,21.079,12.001,5.385,4.792,0.273,0,0,0,0,0
2023-08-07 07:00:00,18.033,10.614,5.385,4.766,0.273,0,0,0,0,0
2023-08-07 08:00:00,16.392,9.78,5.385,4.74,0.301,0,0,0,0,0
2023-08-07 09:00:00,15.199,8.866,5.385,4.714,0.301,0,0,0,0,0
2023-08-07 10:00:00,16.177,8.245,5.36,4.688,0.301,0,0,0,0,0
2023-08-07 11:00:00,16.392,8.643,5.36,4.662,0.273,0,0,0,0,0
2023-08-07 12:00:00,13.906,7.72,5.308,4.636,0.301,0,0,0,0,0
2023-08-07 13:00:00,13.858,7.619,5.257,4.61,0.301,0,0,0,0,0
2023-08-07 14:00:00,13.064,7.594,5.231,4.584,0.301,0,0,0,0,0
2023-08-07 15:00:00,15.103,8.27,5.205,4.558,0.301,0,0,0,0,0
2023-08-07 16:00:00,18.247,9.534,5.179,4.532,0.273,0,0,0,0,0
2023-08-07 17:00:00,19.817,11.273,5.154,4.506,0.273,0,0,0,0,0
2023-08-07 18:00:00,23.352,12.582,5.128,4.506,0.273,0,0,0,0,0
2023-08-07 19:00:00,24.363,13.377,5.102,4.48,0.273,0,0,0,0,0
2023-08-07 20:00:00,24.944,14.721,5.102,4.48,0.273,0,0,0,0,0
2023-08-07 21:00:00,25.987,16.534,5.128,4.48,0.273,0,0,0,0,0
2023-08-07 22:00:00,26.28,17.701,5.128,4.48,0.273,0,0,0,0,0
2023-08-07 23:00:00,26.426,16.892,5.179,4.454,0.273,0,0,0,0,0
2023-08-08 00:00:00,26.916,17.463,5.231,4.454,0.273,0,0,0,0,0
2023-08-08 01:00:00,26.598,16.463,5.282,4.454,0.301,0,0,0,0,0
2023-08-08 02:00:00,26.134,15.986,5.334,4.454,0.301,0,0,0,0,0
2023-08-08 03:00:00,25.598,14.936,5.385,4.48,0.301,0,0,0,0,0
2023-08-08 04:00:00,25.404,14.29,5.437,4.454,0.301,1,0,0,0,0
2023-08-08 05:00:00,17.034,12.944,5.437,4.48,0.329,1,0,0,0,0
2023-08-08 06:00:00,16.296,11.953,5.462,4.48,0.329,0,0,0,0,0
2023-08-08 07:00:00,14.864,10.614,5.488,4.48,0.329,0,0,0,0,0
2023-08-08 08:00:00,14.721,9.928,5.488,4.454,0.329,0,0,0,0,0
2023-08-08 09:00:00,13.257,9.015,5.462,4.454,0.329,0,0,0,0,0
2023-08-08 10:00:00,13.064,8.519,5.462,4.454,0.329,0,0,0,0,0
2023-08-08 11:00:00,11.37,7.72,5.437,4.454,0.356,0,0,0,0,0
2023-08-08 12:00:00,9.829,7.167,5.411,4.428,0.356,0,0,0,0,0
2023-08-08 13:00:00,10.1,7.293,5.36,4.402,0.329,0,0,0,0,0
2023-08-08 14:00:00,10.761,7.845,5.334,4.402,0.329,0,0,0,0,0
2023-08-08 15:00:00,11.175,8.319,5.282,4.402,0.356,0,0,0,0,0
2023-08-08 16:00:00,12.05,8.618,5.231,4.376,0.329,0,0,0,0,0
2023-08-08 17:00:00,13.233,9.04,5.205,4.35,0.329,0,0,0,0,0
2023-08-08 18:00:00,13.546,9.558,5.179,4.324,0.329,0,0,0,0,0
2023-08-08 19:00:00,14.457,10.369,5.154,4.324,0.329,0,0,0,0,0
2023-08-08 20:00:00,15.652,11.492,5.128,4.298,0.329,0,0,0,0,0
2023-08-08 21:00:00,16.249,12.05,5.102,4.298,0.329,0,0,0,0,0
2023-08-08 22:00:00,17.748,13.016,5.102,4.272,0.329,0,0,0,0,0
2023-08-08 23:00:00,18.58,13.714,5.102,4.272,0.329,0,0,0,0,0
2023-08-09 00:00:00,20.15,15.127,5.102,4.272,0.329,0,0,0,0,0
2023-08-09 01:00:00,21.318,15.652,5.128,4.246,0.329,0,0,0,0,0
2023-08-09 02:00:00,21.366,15.199,5.154,4.22,0.329,0,0,0,0,0
2023-08-09 03:00:00,19.936,14.433,5.179,4.22,0.329,0,0,0,0,0
2023-08-09 04:00:00,19.032,13.642,5.205,4.22,0.329,0,0,0,0,0
2023-08-09 05:00:00,18.129,12.63,5.231,4.22,0.356,0,0,0,0,0
2023-08-09 06:00:00,17.272,11.662,5.257,4.246,0.356,0,0,0,0,0
2023-08-09 07:00:00,15.629,10.712,5.282,4.246,0.356,0,0,0,0,0
2023-08-09 08:00:00,15.055,10.026,5.282,4.272,0.356,0,0,0,0,0
2023-08-09 09:00:00,13.834,9.213,5.282,4.272,0.356,0,0,0,0,0
2023-08-09 10:00:00,13.834,9.114,5.257,4.272,0.356,0,0,0,0,0
2023-08-09 11:00:00,13.329,9.015,5.257,4.272,0.356,0,0,0,0,0
2023-08-09 12:00:00,12.992,8.841,5.231,4.272,0.356,0,0,0,0,0
2023-08-09 13:00:00,13.882,8.891,5.205,4.272,0.356,0,0,0,0,0
2023-08-09 14:00:00,14.002,9.064,5.179,4.272,0.356,0,0,0,0,0
2023-08-09 15:00:00,13.81,9.015,5.154,4.272,0.356,0,0,0,0,0
2023-08-09 16:00:00,13.546,9.089,5.128,4.272,0.356,0,0,0,0,0
2023-08-09 17:00:00,14.314,9.657,5.128,4.272,0.356,0,0,0,0,0
2023-08-09 18:00:00,17.653,11.151,5.102,4.272,0.356,0,0,0,0,0
2023-08-09 19:00:00,19.698,12.389,5.102,4.272,0.356,0,0,0,0,0
2023-08-09 20:00:00,20.246,13.016,5.076,4.272,0.356,0,0,0,0,0
2023-08-09 21:00:00,21.008,13.377,5.076,4.272,0.356,0,0,0,0,0
2023-08-09 22:00:00,23.088,14.768,5.102,4.324,0.356,0,0,0,0,0
2023-08-09 23:00:00,23.016,14.984,5.102,4.246,0.356,0,0,0,0,0
2023-08-10 00:00:00,24.098,14.745,5.128,4.22,0.356,0,0,0,0,0
2023-08-10 01:00:00,25.331,15.581,5.179,4.22,0.356,0,0,0,0,0
2023-08-10 02:00:00,25.598,15.533,5.231,4.22,0.356,0,0,0,0,0
2023-08-10 03:00:00,25.331,14.745,5.257,4.22,0.356,0,0,0,0,0
2023-08-10 04:00:00,24.291,13.858,5.282,4.22,0.356,0,0,0,0,0
2023-08-10 05:00:00,23.713,13.112,5.334,4.194,0.356,0,0,0,0,0
2023-08-10 06:00:00,22.154,12.316,5.334,4.22,0.356,0,0,0,0,0
2023-08-10 07:00:00,21.294,11.637,5.36,4.22,0.384,0,0,0,0,0
2023-08-10 08:00:00,20.484,10.956,5.385,4.246,0.384,0,0,0,0,0
2023-08-10 09:00:00,18.295,10.124,5.385,4.272,0.384,0,0,0,0,0
2023-08-10 10:00:00,15.891,9.534,5.36,4.272,0.412,0,0,0,0,0
2023-08-10 11:00:00,16.201,9.287,5.36,4.272,0.412,0,0,0,0,0
2023-08-10 12:00:00,15.748,9.064,5.334,4.272,0.412,0,0,0,0,0
2023-08-10 13:00:00,18.652,9.361,5.334,4.298,0.384,0,0,0,0,0
2023-08-10 14:00:00,17.962,9.706,5.308,4.298,0.384,0,0,0,0,0
2023-08-10 15:00:00,17.463,9.583,5.282,4.298,0.412,0,0,0,0,0
2023-08-10 16:00:00,18.2,9.977,5.257,4.298,0.384,0,0,0,0,0
2023-08-10 17:00:00,19.627,10.883,5.231,4.298,0.384,0,0,0,0,0
2023-08-10 18:00:00,20.46,11.71,5.231,4.298,0.384,0,0,0,0,0
2023-08-10 19:00:00,21.557,12.534,5.205,4.298,0.384,0,0,0,0,0
2023-08-10 20:00:00,22.824,13.858,5.231,4.298,0.384,0,0,0,0,0
2023-08-10 21:00:00,24.339,14.984,5.231,4.298,0.384,0,0,0,0,0
2023-08-10 22:00:00,24.677,15.891,5.231,4.298,0.384,0,0,0,0,0
2023-08-10 23:00:00,25.162,16.058,5.257,4.324,0.384,0,0,0,0,0
2023-08-11 00:00:00,25.234,16.296,5.282,4.324,0.384,0,0,0,0,0
2023-08-11 01:00:00,25.283,16.177,5.334,4.324,0.412,0,0,0,0,0
2023-08-11 02:00:00,25.162,15.724,5.385,4.324,0.412,0,0,0,0,0
2023-08-11 03:00:00,25.016,14.84,5.411,4.35,0.412,0,0,0,0,0
2023-08-11 04:00:00,24.243,14.026,5.437,4.376,0.412,0,0,0,0,0
2023-08-11 05:00:00,23.088,12.968,5.488,4.376,0.412,0,0,0,0,0
2023-08-11 06:00:00,21.604,11.734,5.488,4.402,0.412,0,0,0,0,0
2023-08-11 07:00:00,18.985,10.173,5.488,4.428,0.439,0,0,0,0,0
2023-08-11 08:00:00,15.843,9.015,5.488,4.454,0.439,0,0,0,0,0
2023-08-11 09:00:00,15.079,8.27,5.488,4.454,0.439,0,0,0,0,0
2023-08-11 10:00:00,13.882,7.77,5.462,4.48,0.467,0,0,0,0,0
2023-08-11 11:00:00,13.088,7.419,5.437,4.48,0.467,0,0,0,0,0
2023-08-11 12:00:00,13.714,7.419,5.385,4.48,0.439,0,0,0,0,0
2023-08-11 13:00:00,12.654,7.091,5.36,4.48,0.467,0,0,0,0,0
2023-08-11 14:00:00,13.137,6.914,5.308,4.48,0.467,0,0,0,0,0
2023-08-11 15:00:00,15.223,7.594,5.257,4.48,0.439,0,0,0,0,0
2023-08-11 16:00:00,18.414,8.941,5.231,4.48,0.439,0,0,0,0,0
2023-08-11 17:00:00,19.08,10.222,5.205,4.48,0.439,0,0,0,0,0
2023-08-11 18:00:00,19.912,11.2,5.179,4.48,0.439,0,0,0,0,0
2023-08-11 19:00:00,20.579,12.025,5.154,4.48,0.439,0,0,0,0,0
2023-08-11 20:00:00,22.321,13.57,5.154,4.48,0.439,0,0,0,0,0
2023-08-11 21:00:00,23.04,15.008,5.154,4.48,0.439,0,0,0,0,0
2023-08-11 22:00:00,24.412,16.272,5.179,4.506,0.439,0,0,0,0,0
2023-08-11 23:00:00,25.258,16.034,5.179,4.48,0.439,0,0,0,0,0
2023-08-12 00:00:00,25.355,16.201,5.205,4.454,0.439,0,0,0,0,0
2023-08-12 01:00:00,25.453,16.201,5.257,4.428,0.439,0,0,0,0,0
2023-08-12 02:00:00,24.726,15.031,5.282,4.376,0.439,0,0,0,0,0
2023-08-12 03:00:00,24.581,14.218,5.334,4.402,0.439,0,0,0,0,0
2023-08-12 04:00:00,24.074,13.305,5.36,4.402,0.439,0,0,0,0,0
2023-08-12 05:00:00,21.461,12.05,5.385,4.402,0.467,0,0,0,0,0
2023-08-12 06:00:00,19.318,10.687,5.385,4.428,0.467,0,0,0,0,0
2023-08-12 07:00:00,18.675,9.903,5.411,4.428,0.467,0,0,0,0,0
2023-08-12 08:00:00,18.913,9.139,5.385,4.428,0.467,0,0,0,0,0
2023-08-12 09:00:00,14.337,7.82,5.385,4.454,0.495,0,0,0,0,0
2023-08-12 10:00:00,10.956,6.839,5.36,4.48,0.522,0,0,0,0,0
2023-08-12 11:00:00,10.834,6.051,5.308,4.454,0.522,0,0,0,0,0
2023-08-12 12:00:00,11.686,5.668,5.282,4.454,0.522,0,0,0,0,0
2023-08-12 13:00:00,10.492,5.231,5.231,4.454,0.522,0,0,0,0,0
2023-08-12 14:00:00,10.663,4.973,5.179,4.454,0.522,0,0,0,0,0
2023-08-12 15:00:00,10.075,5.024,5.102,4.428,0.522,0,0,0,0,0
2023-08-12 16:00:00,15.079,6.687,5.076,4.428,0.467,1,0,0,0,0
2023-08-12 17:00:00,17.677,8.965,5.024,4.428,0.467,0,0,0,0,0
2023-08-12 18:00:00,20.007,10.173,4.999,4.428,0.467,0,0,0,0,0
2023-08-12 19:00:00,21.557,10.761,4.973,4.402,0.467,0,0,0,0,0
2023-08-12 20:00:00,23.04,12.775,4.947,4.376,0.467,0,0,0,0,0
2023-08-12 21:00:00,23.713,14.984,4.947,4.35,0.467,0,0,0,0,0
2023-08-12 22:00:00,24.363,17.13,4.973,4.35,0.467,0,1,0,0,0
2023-08-12 23:00:00,24.581,15.557,4.973,4.272,0.467,0,0,0,0,0
2023-08-13 00:00:00,25.307,16.796,5.05,4.272,0.467,0,0,0,0,0
2023-08-13 01:00:00,25.258,16.606,5.076,4.246,0.467,0,0,0,0,0
2023-08-13 02:00:00,25.065,15.605,5.154,4.22,0.467,0,0,0,0,0
2023-08-13 03:00:00,23.785,13.906,5.179,4.22,0.467,0,0,0,0,0
2023-08-13 04:00:00,22.8,12.775,5.231,4.194,0.467,0,0,0,0,0
2023-08-13 05:00:00,21.366,11.71,5.257,4.194,0.467,0,0,0,0,0
2023-08-13 06:00:00,18.604,10.001,5.257,4.194,0.522,0,0,0,0,0
2023-08-13 07:00:00,15.127,8.245,5.257,4.22,0.522,0,0,0,0,0
2023-08-13 08:00:00,13.522,7.116,5.231,4.22,0.522,0,0,0,0,0
2023-08-13 09:00:00,12.582,6.23,5.231,4.22,0.522,0,0,0,0,0
2023-08-13 10:00:00,11.2,5.565,5.179,4.22,0.522,0,0,0,0,0
2023-08-13 11:00:00,10.614,5.36,5.128,4.22,0.522,0,0,0,0,0
2023-08-13 12:00:00,8.319,5.205,5.102,4.22,0.522,0,0,0,0,0
2023-08-13 13:00:00,10.736,5.514,5.024,4.22,0.522,0,0,0,0,0
2023-08-13 14:00:00,9.558,6.026,4.973,4.194,0.522,0,0,0,0,0
2023-08-13 15:00:00,9.756,6.408,4.921,4.194,0.522,0,0,0,0,0
2023-08-13 16:00:00,11.2,7.015,4.869,4.168,0.522,0,0,0,0,0
2023-08-13 17:00:00,12.461,7.895,4.818,4.168,0.495,0,0,0,0,0
2023-08-13 18:00:00,13.353,8.742,4.792,4.168,0.495,0,0,0,0,0
2023-08-13 19:00:00,14.218,9.213,4.766,4.141,0.495,0,0,0,0,0
2023-08-13 20:00:00,14.745,9.829,4.74,4.141,0.495,0,0,0,0,0
2023-08-13 21:00:00,15.461,10.614,4.714,4.141,0.467,0,0,0,0,0
2023-08-13 22:00:00,17.011,11.273,4.714,4.115,0.467,0,0,0,0,0
2023-08-13 23:00:00,18.818,12.703,4.714,4.115,0.467,0,0,0,0,0
2023-08-14 00:00:00,20.293,14.553,4.714,4.089,0.467,0,0,0,0,0
2023-08-14 01:00:00,20.603,14.577,4.714,4.063,0.467,0,0,0,0,0
2023-08-14 02:00:00,19.46,13.69,4.74,4.063,0.467,0,0,0,0,0
2023-08-14 03:00:00,19.603,12.847,4.766,4.037,0.467,0,0,0,0,0
2023-08-14 04:00:00,19.032,11.759,4.792,4.037,0.495,0,0,0,0,0
2023-08-14 05:00:00,18.01,10.761,4.818,4.037,0.495,0,0,0,0,0
2023-08-14 06:00:00,15.891,9.361,4.818,4.011,0.522,0,0,0,0,0
2023-08-14 07:00:00,13.57,7.695,4.818,4.037,0.522,0,0,0,0,0
2023-08-14 08:00:00,13.088,7.192,4.818,4.011,0.522,0,0,0,0,0
2023-08-14 09:00:00,11.443,7.116,4.818,4.011,0.522,0,0,0,0,0
2023-08-14 10:00:00,12.025,7.242,4.792,4.011,0.522,0,0,0,0,0
2023-08-14 11:00:00,11.346,7.368,4.766,4.011,0.522,0,0,0,0,0
2023-08-14 12:00:00,11.273,7.343,4.74,3.985,0.522,0,0,0,0,0
2023-08-14 13:00:00,11.807,7.343,4.688,3.985,0.495,0,0,0,0,0
2023-08-14 14:00:00,11.832,7.268,4.662,3.985,0.522,0,0,0,0,0
2023-08-14 15:00:00,11.71,7.494,4.636,3.958,0.495,0,0,0,0,0
2023-08-14 16:00:00,11.904,7.645,4.61,3.958,0.495,0,0,0,0,0
2023-08-14 17:00:00,13.642,8.965,4.584,3.958,0.467,0,0,0,0,0
2023-08-14 18:00:00,14.649,9.952,4.558,3.932,0.467,0,0,0,0,0
2023-08-14 19:00:00,17.106,11.686,4.584,4.063,0.467,0,0,0,0,0
2023-08-14 20:00:00,15.796,11.078,4.558,3.854,0.467,0,0,0,0,0
2023-08-14 21:00:00,16.606,12.703,4.558,3.906,0.467,0,0,0,0,0
2023-08-14 22:00:00,16.082,12.896,4.558,4.246,0.467,0,0,0,0,0
2023-08-14 23:00:00,15.294,12.582,4.61,4.324,0.495,0,0,0,0,0
2023-08-15 00:00:00,18.033,14.361,4.61,4.22,0.467,0,1,0,0,0
2023-08-15 01:00:00,17.439,13.401,4.636,4.194,0.467,0,0,0,0,0
2023-08-15 02:00:00,13.137,12.098,4.714,4.141,0.522,1,0,0,0,0
2023-08-15 03:00:00,15.079,12.437,4.766,4.194,0.467,0,0,0,0,0
2023-08-15 04:00:00,14.625,11.516,4.818,4.168,0.495,0,0,0,0,0
2023-08-15 05:00:00,14.529,10.858,4.869,4.115,0.495,0,0,0,0,0
2023-08-15 06:00:00,13.497,10.1,4.921,4.115,0.495,0,0,0,0,0
2023-08-15 07:00:00,12.751,9.336,4.947,4.115,0.522,0,0,0,0,0
2023-08-15 08:00:00,12.534,8.742,4.947,4.089,0.522,0,0,0,0,0
2023-08-15 09:00:00,12.122,8.245,4.947,4.115,0.522,0,0,0,0,0
2023-08-15 10:00:00,11.807,8.02,4.921,4.115,0.522,0,0,0,0,0
2023-08-15 11:00:00,11.807,7.795,4.921,4.115,0.522,0,0,0,0,0
2023-08-15 12:00:00,11.443,7.444,4.895,4.115,0.522,0,0,0,0,0
2023-08-15 13:00:00,11.273,7.494,4.869,4.063,0.522,0,0,0,0,0
2023-08-15 14:00:00,11.175,7.745,4.844,4.037,0.522,0,0,0,0,0
2023-08-15 15:00:00,11.297,7.92,4.792,4.011,0.522,0,0,0,0,0
2023-08-15 16:00:00,11.516,8.17,4.766,3.985,0.522,0,0,0,0,0
2023-08-15 17:00:00,11.88,8.543,4.74,3.958,0.522,0,0,0,0,0
2023-08-15 18:00:00,11.856,8.891,4.714,3.958,0.522,0,0,0,0,0
2023-08-15 19:00:00,11.637,9.015,4.688,3.932,0.522,0,0,0,0,0
2023-08-15 20:00:00,12.871,9.78,4.662,3.88,0.522,0,0,0,0,0
2023-08-15 21:00:00,13.497,10.687,4.662,3.854,0.522,0,0,0,0,0
2023-08-15 22:00:00,14.936,12.122,4.636,3.827,0.522,0,0,0,0,0
2023-08-15 23:00:00,15.963,12.751,4.636,3.88,0.522,0,0,0,0,0
2023-08-16 00:00:00,18.105,14.409,4.662,3.854,0.495,0,0,0,0,0
2023-08-16 01:00:00,19.46,15.605,4.688,3.985,0.495,0,1,0,0,0
2023-08-16 02:00:00,16.915,14.242,4.714,3.696,0.522,0,0,0,0,0
2023-08-16 03:00:00,17.082,12.896,4.766,3.696,0.522,0,0,0,0,0
2023-08-16 04:00:00,15.963,11.54,4.792,3.617,0.522,0,0,0,0,0
2023-08-16 05:00:00,16.963,10.247,4.818,3.617,0.522,0,0,0,0,0
2023-08-16 06:00:00,14.17,8.717,4.844,3.643,0.522,0,0,0,0,0
2023-08-16 07:00:00,11.516,7.444,4.869,3.643,0.522,0,0,0,0,0
2023-08-16 08:00:00,8.369,6.255,4.869,3.67,0.577,0,0,0,0,0
2023-08-16 09:00:00,7.795,5.308,4.844,3.67,0.55,0,0,0,0,0
2023-08-16 10:00:00,7.217,4.662,4.818,3.67,0.55,0,0,0,0,0
2023-08-16 11:00:00,6.889,4.168,4.792,3.67,0.55,0,0,0,0,0
2023-08-16 12:00:00,6.687,3.801,4.74,3.67,0.577,0,0,0,0,0
2023-08-16 13:00:00,4.584,3.564,4.688,3.67,0.55,0,0,0,0,0
2023-08-16 14:00:00,5.565,3.406,4.61,3.67,0.55,0,0,0,0,0
2023-08-16 15:00:00,6.026,3.617,4.532,3.67,0.55,0,0,0,0,0
2023-08-16 16:00:00,7.116,4.428,4.48,3.67,0.522,0,0,0,0,0
2023-08-16 17:00:00,10.761,6.737,4.428,3.67,0.522,0,0,0,0,0
2023-08-16 18:00:00,13.112,8.295,4.376,3.722,0.522,0,0,0,0,0
2023-08-16 19:00:00,15.079,9.114,4.324,3.801,0.522,0,0,0,0,0
2023-08-16 20:00:00,17.225,11.443,4.298,3.801,0.522,0,0,0,0,0
2023-08-16 21:00:00,18.105,14.026,4.298,3.801,0.495,0,0,0,0,0
2023-08-16 22:00:00,18.533,15.939,4.324,3.775,0.495,0,1,0,0,0
2023-08-16 23:00:00,18.438,14.266,4.35,3.958,0.522,0,0,0,0,0
2023-08-17 00:00:00,19.175,15.055,4.402,4.037,0.522,0,0,0,0,0
2023-08-17 01:00:00,19.865,15.247,4.454,4.037,0.522,0,0,0,0,0
2023-08-17 02:00:00,20.365,14.984,4.558,4.037,0.495,0,0,0,0,0
2023-08-17 03:00:00,19.722,13.57,4.61,3.958,0.522,0,0,0,0,0
2023-08-17 04:00:00,18.319,12.413,4.662,3.906,0.522,0,0,0,0,0
2023-08-17 05:00:00,16.082,11.248,4.714,3.906,0.522,0,0,0,0,0
2023-08-17 06:00:00,15.151,10.32,4.766,3.88,0.522,0,0,0,0,0
2023-08-17 07:00:00,13.882,9.485,4.818,3.854,0.522,0,0,0,0,0
2023-08-17 08:00:00,12.147,8.369,4.844,3.827,0.522,0,0,0,0,0
2023-08-17 09:00:00,10.663,7.419,4.818,3.801,0.55,0,0,0,0,0
2023-08-17 10:00:00,9.829,6.763,4.818,3.775,0.522,0,0,0,0,0
2023-08-17 11:00:00,9.485,6.712,4.792,3.749,0.522,0,0,0,0,0
2023-08-17 12:00:00,9.879,6.99,4.766,3.749,0.522,0,0,0,0,0
2023-08-17 13:00:00,9.534,7.066,4.74,3.722,0.522,0,0,0,0,0
2023-08-17 14:00:00,9.46,7.066,4.714,3.696,0.522,0,0,0,0,0
2023-08-17 15:00:00,9.41,7.142,4.662,3.696,0.522,0,0,0,0,0
2023-08-17 16:00:00,9.336,7.268,4.636,3.67,0.522,0,0,0,0,0
2023-08-17 17:00:00,9.361,7.293,4.61,3.67,0.522,0,0,0,0,0
2023-08-17 18:00:00,9.41,7.268,4.584,3.643,0.522,0,0,0,0,0
2023-08-17 19:00:00,9.534,7.268,4.532,3.617,0.522,0,0,0,0,0
2023-08-17 20:00:00,9.509,7.318,4.506,3.617,0.522,0,0,0,0,0
2023-08-17 21:00:00,9.558,7.318,4.48,3.591,0.522,0,0,0,0,0
2023-08-17 22:00:00,9.41,7.343,4.454,3.591,0.55,0,0,0,0,0
2023-08-17 23:00:00,9.41,7.419,4.428,3.564,0.55,0,0,0,0,0
2023-08-18 00:00:00,9.534,7.469,4.402,3.538,0.55,0,0,0,0,0
2023-08-18 01:00:00,9.583,7.494,4.376,3.538,0.522,0,0,0,0,0
2023-08-18 02:00:00,9.41,7.393,4.35,3.512,0.55,0,0,0,0,0
2023-08-18 03:00:00,9.262,7.469,4.324,3.485,0.55,0,0,0,0,0
2023-08-18 04:00:00,9.064,7.293,4.324,3.485,0.55,0,0,0,0,0
2023-08-18 05:00:00,9.015,7.116,4.298,3.459,0.55,0,0,0,0,0
2023-08-18 06:00:00,8.99,6.99,4.272,3.459,0.55,0,0,0,0,0
2023-08-18 07:00:00,8.941,6.839,4.246,3.433,0.55,0,0,0,0,0
2023-08-18 08:00:00,8.767,6.763,4.22,3.433,0.55,0,0,0,0,0
2023-08-18 09:00:00,8.742,6.661,4.22,3.406,0.55,0,0,0,0,0
2023-08-18 10:00:00,8.767,6.636,4.194,3.38,0.55,0,0,0,0,0
2023-08-18 11:00:00,8.618,6.611,4.168,3.38,0.55,0,0,0,0,0
2023-08-18 12:00:00,8.618,6.56,4.141,3.354,0.55,0,0,0,0,0
2023-08-18 13:00:00,8.717,6.535,4.115,3.327,0.55,0,0,0,0,0
2023-08-18 14:00:00,8.817,6.509,4.089,3.327,0.55,0,0,0,0,0
2023-08-18 15:00:00,8.643,6.56,4.063,3.301,0.55,0,0,0,0,0
2023-08-18 16:00:00,8.742,6.737,4.037,3.274,0.522,0,0,0,0,0
2023-08-18 17:00:00,9.015,6.99,4.037,3.248,0.55,0,0,0,0,0
2023-08-18 18:00:00,9.336,7.293,4.011,3.301,0.522,0,0,0,0,0
2023-08-18 19:00:00,9.46,7.645,3.985,3.327,0.522,0,0,0,0,0
2023-08-18 20:00:00,9.657,7.845,3.985,3.354,0.522,0,0,0,0,0
2023-08-18 21:00:00,9.903,8.17,3.958,3.38,0.522,0,0,0,0,0
2023-08-18 22:00:00,10.614,8.841,3.958,3.248,0.522,0,0,0,0,0
2023-08-18 23:00:00,10.956,9.238,3.958,3.168,0.522,0,0,0,0,0
2023-08-19 00:00:00,11.467,10.173,3.985,3.116,0.522,0,1,0,0,0
2023-08-19 01:00:00,11.565,10.467,3.985,3.063,0.522,0,0,0,0,0
2023-08-19 02:00:00,11.71,10.418,3.985,3.036,0.522,0,0,0,0,0
2023-08-19 03:00:00,11.37,10.075,4.011,3.036,0.522,0,0,0,0,0
2023-08-19 04:00:00,11.662,9.78,4.037,3.009,0.522,0,0,0,0,0
2023-08-19 05:00:00,11.224,9.213,4.037,3.009,0.522,0,0,0,0,0
2023-08-19 06:00:00,10.834,8.668,4.063,3.036,0.522,0,0,0,0,0
2023-08-19 07:00:00,10.907,8.344,4.089,3.036,0.522,0,0,0,0,0
2023-08-19 08:00:00,10.956,8.17,4.089,3.036,0.522,0,0,0,0,0
2023-08-19 09:00:00,10.907,8.045,4.089,3.063,0.522,0,0,0,0,0
2023-08-19 10:00:00,10.516,7.895,4.115,3.063,0.522,0,0,0,0,0
2023-08-19 11:00:00,10.247,7.745,4.115,3.089,0.522,0,0,0,0,0
2023-08-19 12:00:00,9.854,7.544,4.089,3.116,0.522,0,0,0,0,0
2023-08-19 13:00:00,9.657,7.444,4.089,3.168,0.522,0,0,0,0,0
2023-08-19 14:00:00,9.188,7.217,4.089,3.221,0.522,0,0,0,0,0
2023-08-19 15:00:00,8.643,6.965,4.063,3.274,0.522,0,0,0,0,0
2023-08-19 16:00:00,8.419,6.737,4.063,3.301,0.522,0,0,0,0,0
2023-08-19 17:00:00,8.344,6.585,4.037,3.327,0.522,0,0,0,0,0
2023-08-19 18:00:00,7.895,6.585,4.011,3.327,0.522,0,0,0,0,0
2023-08-19 19:00:00,8.469,6.813,3.985,3.301,0.522,0,0,0,0,0
2023-08-19 20:00:00,8.519,7.041,3.985,3.301,0.522,0,0,0,0,0
2023-08-19 21:00:00,8.841,7.444,3.958,3.274,0.522,0,0,0,0,0
2023-08-19 22:00:00,9.46,8.22,3.932,3.248,0.522,0,0,0,0,0
2023-08-19 23:00:00,9.46,8.543,3.906,3.221,0.522,0,0,0,0,0
2023-08-20 00:00:00,9.41,8.742,3.906,3.221,0.522,0,0,0,0,0
2023-08-20 01:00:00,9.583,8.369,3.906,3.221,0.522,0,0,0,0,0
2023-08-20 02:00:00,9.089,8.245,3.906,3.221,0.522,0,0,0,0,0
2023-08-20 03:00:00,9.608,8.494,3.906,3.221,0.522,0,1,0,0,0
2023-08-20 04:00:00,9.238,8.095,3.906,3.248,0.522,0,0,0,0,0
2023-08-20 05:00:00,9.163,7.594,3.906,3.274,0.522,0,0,0,0,0
2023-08-20 06:00:00,9.262,7.142,3.906,3.274,0.522,0,0,0,0,0
2023-08-20 07:00:00,8.519,6.788,3.906,3.301,0.522,0,0,0,0,0
2023-08-20 08:00:00,8.045,6.535,3.906,3.301,0.522,0,0,0,0,0
2023-08-20 09:00:00,7.97,6.331,3.906,3.327,0.522,0,0,0,0,0
2023-08-20 10:00:00,7.695,6.23,3.88,3.327,0.522,0,0,0,0,0
2023-08-20 11:00:00,7.695,6.128,3.88,3.327,0.522,0,0,0,0,0
2023-08-20 12:00:00,7.67,6.128,3.854,3.327,0.522,0,0,0,0,0
2023-08-20 13:00:00,7.745,6.153,3.827,3.301,0.522,0,0,0,0,0
2023-08-20 14:00:00,7.77,6.153,3.801,3.301,0.522,0,0,0,0,0
2023-08-20 15:00:00,7.72,6.204,3.775,3.591,0.522,0,0,0,0,0
2023-08-20 16:00:00,7.82,6.382,3.775,3.538,0.522,0,0,0,0,0
2023-08-20 17:00:00,8.095,6.661,3.749,3.485,0.522,0,0,0,0,0
2023-08-20 18:00:00,8.27,7.217,3.722,3.433,0.522,0,0,0,0,0
2023-08-20 19:00:00,8.841,8.12,3.722,3.406,0.522,0,1,0,0,0
2023-08-20 20:00:00,8.916,8.319,3.722,3.38,0.522,0,0,0,0,0
2023-08-20 21:00:00,9.163,8.916,3.722,3.38,0.522,0,0,0,0,0
2023-08-20 22:00:00,9.632,9.682,3.722,3.354,0.522,0,1,0,0,0
2023-08-20 23:00:00,10.124,9.78,3.722,3.327,0.522,0,0,0,0,0
2023-08-21 00:00:00,9.558,10.075,3.749,3.327,0.522,0,0,0,0,0
2023-08-21 01:00:00,9.706,9.731,3.775,3.301,0.522,0,0,0,0,0
2023-08-21 02:00:00,9.928,9.657,3.775,3.274,0.522,0,0,0,0,0
2023-08-21 03:00:00,9.657,9.238,3.801,3.274,0.522,0,0,0,0,0
2023-08-21 04:00:00,10.198,8.817,3.827,3.274,0.495,0,0,0,0,0
2023-08-21 05:00:00,9.977,8.369,3.854,3.274,0.522,0,0,0,0,0
2023-08-21 06:00:00,9.805,7.995,3.88,3.301,0.522,0,0,0,0,0
2023-08-21 07:00:00,9.829,7.72,3.906,3.327,0.522,0,0,0,0,0
2023-08-21 08:00:00,9.731,7.519,3.906,3.354,0.522,0,0,0,0,0
2023-08-21 09:00:00,9.682,7.368,3.906,3.327,0.522,0,0,0,0,0
2023-08-21 10:00:00,9.558,7.242,3.906,3.354,0.522,0,0,0,0,0
2023-08-21 11:00:00,9.361,7.192,3.906,3.354,0.522,0,0,0,0,0
2023-08-21 12:00:00,9.139,7.116,3.906,3.38,0.522,0,0,0,0,0
2023-08-21 13:00:00,8.965,6.99,3.906,3.406,0.522,0,0,0,0,0
2023-08-21 14:00:00,8.841,6.889,3.906,3.433,0.522,0,0,0,0,0
2023-08-21 15:00:00,8.841,6.864,3.88,3.406,0.522,0,0,0,0,0
2023-08-21 16:00:00,9.064,6.99,3.88,3.38,0.522,0,0,0,0,0
2023-08-21 17:00:00,8.693,7.293,3.854,3.38,0.522,0,0,0,0,0
2023-08-21 18:00:00,9.46,7.695,3.854,3.38,0.522,0,0,0,0,0
2023-08-21 19:00:00,9.952,8.444,3.854,3.327,0.522,0,0,0,0,0
2023-08-21 20:00:00,10.687,8.792,3.827,3.327,0.522,0,0,0,0,0
2023-08-21 21:00:00,10.345,9.509,3.827,3.301,0.522,0,0,0,0,0
2023-08-21 22:00:00,12.025,11.127,3.854,3.248,0.495,0,1,0,0,0
2023-08-21 23:00:00,12.775,11.686,3.88,3.248,0.495,0,0,0,0,0
2023-08-22 00:00:00,14.385,12.63,3.906,3.168,0.495,1,1,0,0,0
2023-08-22 01:00:00,13.257,11.929,3.932,3.168,0.495,0,0,0,0,0
2023-08-22 02:00:00,13.81,11.807,3.985,3.221,0.522,0,0,0,0,0
2023-08-22 03:00:00,13.305,11.273,4.037,3.195,0.495,0,0,0,0,0
2023-08-22 04:00:00,12.485,10.467,4.089,3.221,0.522,0,0,0,0,0
2023-08-22 05:00:00,11.856,9.731,4.115,3.221,0.522,0,0,0,0,0
2023-08-22 06:00:00,11.273,9.04,4.168,3.221,0.522,0,0,0,0,0
2023-08-22 07:00:00,10.81,8.344,4.194,3.248,0.522,0,0,0,0,0
2023-08-22 08:00:00,10.271,7.97,4.22,3.248,0.522,0,0,0,0,0
2023-08-22 09:00:00,10.026,7.67,4.22,3.274,0.522,0,0,0,0,0
2023-08-22 10:00:00,10.124,7.594,4.22,3.274,0.522,0,0,0,0,0
2023-08-22 11:00:00,10.1,7.569,4.22,3.274,0.522,0,0,0,0,0
2023-08-22 12:00:00,9.879,7.544,4.194,3.248,0.522,0,0,0,0,0
2023-08-22 13:00:00,9.78,7.494,4.194,3.248,0.522,0,0,0,0,0
2023-08-22 14:00:00,9.756,7.444,4.168,3.248,0.522,0,0,0,0,0
2023-08-22 15:00:00,9.78,7.494,4.168,3.221,0.522,0,0,0,0,0
2023-08-22 16:00:00,9.854,7.645,4.141,3.38,0.522,0,0,0,0,0
2023-08-22 17:00:00,9.952,7.87,4.141,3.354,0.522,0,0,0,0,0
2023-08-22 18:00:00,10.271,8.245,4.115,3.274,0.522,0,0,0,0,0
2023-08-22 19:00:00,10.736,8.941,4.115,3.221,0.522,0,0,0,0,0
2023-08-22 20:00:00,11.102,9.435,4.115,3.168,0.522,0,0,0,0,0
2023-08-22 21:00:00,11.37,9.854,4.115,3.248,0.522,0,0,0,0,0
2023-08-22 22:00:00,11.759,10.638,4.089,3.248,0.522,0,0,0,0,0
2023-08-22 23:00:00,11.977,10.907,4.115,3.221,0.522,0,1,0,0,0
2023-08-23 00:00:00,11.759,10.369,4.141,3.168,0.522,0,0,0,0,0
2023-08-23 01:00:00,11.516,10.247,4.141,3.142,0.522,0,0,0,0,0
2023-08-23 02:00:00,11.127,9.829,4.168,3.116,0.55,0,0,0,0,0
2023-08-23 03:00:00,11.102,9.509,4.194,3.116,0.55,0,0,0,0,0
2023-08-23 04:00:00,10.98,9.238,4.22,3.248,0.55,0,0,0,0,0
2023-08-23 05:00:00,10.834,8.99,4.246,3.274,0.55,0,0,0,0,0
2023-08-23 06:00:00,10.614,8.643,4.272,3.301,0.55,0,0,0,0,0
2023-08-23 07:00:00,10.492,8.344,4.272,3.301,0.55,0,0,0,0,0
2023-08-23 08:00:00,10.394,8.145,4.272,3.301,0.55,0,0,0,0,0
2023-08-23 09:00:00,10.247,8.02,4.272,3.327,0.55,0,0,0,0,0
2023-08-23 10:00:00,10.1,7.87,4.272,3.327,0.55,0,0,0,0,0
2023-08-23 11:00:00,10.026,7.745,4.272,3.327,0.55,0,0,0,0,0
2023-08-23 12:00:00,9.829,7.645,4.246,3.354,0.55,0,0,0,0,0
2023-08-23 13:00:00,9.632,7.569,4.246,3.354,0.55,0,0,0,0,0
2023-08-23 14:00:00,9.534,7.469,4.22,3.38,0.577,0,0,0,0,0
2023-08-23 15:00:00,9.435,7.393,4.22,3.354,0.55,0,0,0,0,0
2023-08-23 16:00:00,8.99,7.419,4.194,3.38,0.577,0,0,0,0,0
2023-08-23 17:00:00,9.04,7.945,4.168,3.38,0.55,0,0,0,0,0
2023-08-23 18:00:00,10.173,8.469,4.168,3.327,0.55,0,0,0,0,0
2023-08-23 19:00:00,9.583,8.742,4.141,3.354,0.577,0,0,0,0,0
2023-08-23 20:00:00,10.565,9.361,4.141,3.327,0.55,0,1,0,0,0
2023-08-23 21:00:00,11.467,10.932,4.141,3.274,0.55,0,1,0,0,0
2023-08-23 22:00:00,11.734,11.346,4.141,3.248,0.55,0,0,0,0,0
2023-08-23 23:00:00,12.558,11.734,4.168,3.274,0.55,0,0,0,0,0
2023-08-24 00:00:00,13.714,11.637,4.194,3.221,0.55,0,0,0,0,0
2023-08-24 01:00:00,14.96,11.54,4.22,3.274,0.55,0,0,0,0,0
2023-08-24 02:00:00,14.721,11.2,4.246,3.274,0.577,0,1,0,0,0
2023-08-24 03:00:00,14.792,9.977,4.298,3.248,0.55,0,0,0,0,0
2023-08-24 04:00:00,14.266,9.213,4.324,3.221,0.577,0,0,0,0,0
2023-08-24 05:00:00,12.944,8.618,4.35,3.168,0.577,0,0,0,0,0
2023-08-24 06:00:00,11.005,7.469,4.35,3.248,0.577,0,0,0,0,0
2023-08-24 07:00:00,8.344,6.357,4.35,3.354,0.605,0,0,0,0,0
2023-08-24 08:00:00,6.889,5.437,4.35,3.406,0.605,0,0,0,0,0
2023-08-24 09:00:00,5.539,4.558,4.35,3.459,0.632,0,0,0,0,0
2023-08-24 10:00:00,4.428,3.854,4.324,3.512,0.632,0,0,0,0,0
2023-08-24 11:00:00,4.22,3.301,4.272,3.538,0.632,0,0,0,0,0
2023-08-24 12:00:00,3.142,2.903,4.22,3.538,0.632,0,0,0,0,0
2023-08-24 13:00:00,2.85,2.69,4.168,3.538,0.632,0,0,0,0,0
2023-08-24 14:00:00,3.775,3.063,4.115,3.538,0.605,0,0,0,0,0
2023-08-24 15:00:00,4.141,3.696,4.037,3.512,0.605,0,0,0,0,0
2023-08-24 16:00:00,5.024,4.272,3.985,3.485,0.605,0,0,0,0,0
2023-08-24 17:00:00,6.56,4.973,3.932,3.433,0.605,0,0,0,0,0
2023-08-24 18:00:00,7.167,5.77,3.88,3.406,0.605,0,0,0,0,0
2023-08-24 19:00:00,9.829,6.661,3.827,3.327,0.577,0,1,0,0,0
2023-08-24 20:00:00,12.847,8.717,3.801,3.327,0.577,0,0,0,0,0
2023-08-24 21:00:00,13.594,10.271,3.775,3.274,0.577,0,0,0,0,0
2023-08-24 22:00:00,14.888,11.127,3.775,3.274,0.577,0,0,0,0,0
2023-08-24 23:00:00,14.96,11.807,3.775,3.274,0.577,0,0,0,0,0
2023-08-25 00:00:00,14.864,11.516,3.801,3.274,0.577,0,0,0,0,0
2023-08-25 01:00:00,14.242,10.834,3.827,3.274,0.577,0,0,0,0,0
2023-08-25 02:00:00,11.88,10.051,3.854,3.274,0.605,0,0,0,0,0
2023-08-25 03:00:00,11.492,9.583,3.88,3.327,0.577,0,0,0,0,0
2023-08-25 04:00:00,10.907,9.188,3.932,3.301,0.577,0,0,0,0,0
2023-08-25 05:00:00,10.614,8.767,3.958,3.274,0.605,0,0,0,0,0
2023-08-25 06:00:00,10.222,8.344,3.958,3.274,0.577,0,0,0,0,0
2023-08-25 07:00:00,9.879,7.92,3.985,3.274,0.577,0,0,0,0,0
2023-08-25 08:00:00,9.854,7.77,4.011,3.248,0.577,0,0,0,0,0
2023-08-25 09:00:00,10.516,7.77,4.011,3.248,0.577,0,0,0,0,0
2023-08-25 10:00:00,10.443,7.72,4.037,3.248,0.577,0,0,0,0,0
2023-08-25 11:00:00,11.88,8.07,4.037,3.221,0.577,0,0,0,0,0
2023-08-25 12:00:00,12.074,8.245,4.037,3.195,0.577,0,0,0,0,0
2023-08-25 13:00:00,12.678,8.344,4.063,3.168,0.577,0,0,0,0,0
2023-08-25 14:00:00,12.703,8.369,4.063,3.168,0.577,0,0,0,0,0
2023-08-25 15:00:00,12.461,8.369,4.037,3.168,0.577,0,0,0,0,0
2023-08-25 16:00:00,12.799,8.444,4.063,3.168,0.577,0,0,0,0,0
2023-08-25 17:00:00,13.137,8.767,4.063,3.142,0.577,0,0,0,0,0
2023-08-25 18:00:00,13.449,9.336,4.063,3.142,0.577,0,0,0,0,0
2023-08-25 19:00:00,13.161,9.829,4.037,3.116,0.577,0,0,0,0,0
2023-08-25 20:00:00,12.92,10.149,4.063,3.116,0.577,0,0,0,0,0
2023-08-25 21:00:00,12.775,10.443,4.063,3.142,0.577,0,0,0,0,0
2023-08-25 22:00:00,12.534,10.296,4.089,3.142,0.577,0,0,0,0,0
2023-08-25 23:00:00,13.714,11.37,4.089,3.142,0.577,0,1,0,0,0
2023-08-26 00:00:00,13.281,11.029,4.115,3.142,0.577,0,0,0,0,0
2023-08-26 01:00:00,13.137,10.858,4.168,3.142,0.577,0,0,0,0,0
2023-08-26 02:00:00,12.413,10.467,4.194,3.116,0.577,0,0,0,0,0
2023-08-26 03:00:00,11.686,10.173,4.22,3.116,0.577,0,0,0,0,0
2023-08-26 04:00:00,11.394,9.731,4.246,3.221,0.577,0,0,0,0,0
2023-08-26 05:00:00,11.467,9.583,4.272,3.274,0.577,0,0,0,0,0
2023-08-26 06:00:00,11.005,8.866,4.298,3.301,0.577,0,0,0,0,0
2023-08-26 07:00:00,10.369,8.319,4.324,3.354,0.577,0,0,0,0,0
2023-08-26 08:00:00,10.075,7.895,4.35,3.38,0.577,0,0,0,0,0
2023-08-26 09:00:00,9.903,7.619,4.35,3.433,0.577,0,0,0,0,0
2023-08-26 10:00:00,9.089,7.091,4.35,3.459,0.605,0,0,0,0,0
2023-08-26 11:00:00,9.534,6.889,4.324,3.485,0.577,0,0,0,0,0
2023-08-26 12:00:00,9.139,6.839,4.298,3.485,0.605,0,0,0,0,0
2023-08-26 13:00:00,8.866,6.763,4.298,3.512,0.605,0,0,0,0,0
2023-08-26 14:00:00,9.04,6.636,4.272,3.512,0.605,0,0,0,0,0
2023-08-26 15:00:00,9.386,6.661,4.246,3.485,0.605,0,0,0,0,0
2023-08-26 16:00:00,9.879,7.041,4.22,3.459,0.605,0,0,0,0,0
2023-08-26 17:00:00,11.419,7.619,4.194,3.433,0.605,0,0,0,0,0
2023-08-26 18:00:00,11.248,7.67,4.168,3.406,0.605,0,0,0,0,0
2023-08-26 19:00:00,11.71,7.87,4.141,3.38,0.605,0,0,0,0,0
2023-08-26 20:00:00,12.074,8.12,4.115,3.354,0.605,0,0,0,0,0
2023-08-26 21:00:00,12.122,8.519,4.115,3.327,0.605,0,0,0,0,0
2023-08-26 22:00:00,14.481,9.952,4.115,3.301,0.605,0,0,0,0,0
2023-08-26 23:00:00,13.93,10.222,4.089,3.301,0.605,0,0,0,0,0
2023-08-27 00:00:00,12.63,9.952,4.089,3.301,0.605,0,0,0,0,0
2023-08-27 01:00:00,12.775,10.026,4.115,3.301,0.605,0,0,0,0,0
2023-08-27 02:00:00,13.81,9.977,4.115,3.327,0.605,0,0,0,0,0
2023-08-27 03:00:00,12.944,9.756,4.141,3.327,0.605,0,0,0,0,0
2023-08-27 04:00:00,13.834,9.583,4.168,3.327,0.605,0,0,0,0,0
2023-08-27 05:00:00,14.649,9.435,4.194,3.327,0.605,0,0,0,0,0
2023-08-27 06:00:00,15.581,9.213,4.22,3.327,0.605,0,0,0,0,0
2023-08-27 07:00:00,13.762,9.287,4.246,3.327,0.632,0,0,0,0,0
2023-08-27 08:00:00,15.294,9.41,4.246,3.327,0.605,0,0,0,0,0
2023-08-27 09:00:00,15.843,9.558,4.272,3.248,0.605,0,0,0,0,0
2023-08-27 10:00:00,15.175,9.46,4.272,3.221,0.605,0,0,0,0,0
2023-08-27 11:00:00,15.557,9.386,4.298,3.221,0.605,0,0,0,0,0
2023-08-27 12:00:00,15.27,9.386,4.298,3.221,0.605,0,0,0,0,0
2023-08-27 13:00:00,14.529,9.312,4.324,3.221,0.605,0,0,0,0,0
2023-08-27 14:00:00,14.625,9.312,4.324,3.221,0.605,0,0,0,0,0
2023-08-27 15:00:00,14.218,9.336,4.324,3.221,0.632,0,0,0,0,0
2023-08-27 16:00:00,14.194,9.361,4.324,3.195,0.632,0,0,0,0,0
2023-08-27 17:00:00,14.745,9.558,4.324,3.168,0.605,0,0,0,0,0
2023-08-27 18:00:00,15.151,9.928,4.35,3.168,0.605,0,0,0,0,0
2023-08-27 19:00:00,15.724,10.541,4.35,3.168,0.605,0,0,0,0,0
2023-08-27 20:00:00,15.199,11.346,4.376,3.168,0.632,0,0,0,0,0
2023-08-27 21:00:00,15.461,11.662,4.376,3.142,0.632,0,0,0,0,0
2023-08-27 22:00:00,13.618,11.127,4.402,3.221,0.632,0,0,0,0,0
2023-08-27 23:00:00,13.93,11.224,4.428,3.221,0.632,0,0,0,0,0
2023-08-28 00:00:00,14.218,11.273,4.454,3.168,0.632,0,0,0,0,0
2023-08-28 01:00:00,13.858,11.175,4.506,3.168,0.632,0,0,0,0,0
2023-08-28 02:00:00,13.473,11.005,4.532,3.327,0.632,0,0,0,0,0
2023-08-28 03:00:00,14.361,10.81,4.558,3.301,0.632,0,0,0,0,0
2023-08-28 04:00:00,13.57,10.247,4.584,3.301,0.632,0,0,0,0,0
2023-08-28 05:00:00,11.759,8.965,4.61,3.354,0.632,0,0,0,0,0
2023-08-28 06:00:00,8.792,8.195,4.636,3.459,0.66,0,0,0,0,0
2023-08-28 07:00:00,8.618,7.569,4.636,3.696,0.66,0,0,0,0,0
2023-08-28 08:00:00,7.72,7.015,4.636,3.854,0.66,0,0,0,0,0
2023-08-28 09:00:00,7.393,6.636,4.636,3.827,0.66,0,0,0,0,0
2023-08-28 10:00:00,7.192,6.331,4.61,3.854,0.66,0,0,0,0,0
2023-08-28 11:00:00,6.839,6.128,4.584,3.854,0.66,0,0,0,0,0
2023-08-28 12:00:00,6.458,5.924,4.558,3.88,0.66,0,0,0,0,0
2023-08-28 13:00:00,6.153,5.719,4.506,3.88,0.687,0,0,0,0,0
2023-08-28 14:00:00,5.693,5.539,4.48,3.88,0.687,0,0,0,0,0
2023-08-28 15:00:00,4.973,5.334,4.428,3.906,0.687,0,0,0,0,0
2023-08-28 16:00:00,4.636,5.257,4.376,3.854,0.687,0,0,0,0,0
2023-08-28 17:00:00,4.818,5.437,4.35,3.854,0.687,0,0,0,0,0
2023-08-28 18:00:00,5.411,6.077,4.298,3.827,0.687,0,0,0,0,0
2023-08-28 19:00:00,6.204,7.142,4.246,3.801,0.687,0,0,0,0,0
2023-08-28 20:00:00,6.331,7.97,4.22,3.775,0.687,0,0,0,0,0
2023-08-28 21:00:00,6.535,8.245,4.194,3.749,0.687,0,0,0,0,0
2023-08-28 22:00:00,7.544,9.139,4.168,3.696,0.687,0,0,0,0,0
2023-08-28 23:00:00,8.145,9.336,4.168,3.643,0.687,0,0,0,0,0
2023-08-29 00:00:00,8.145,9.534,4.141,3.617,0.687,0,0,0,0,0
2023-08-29 01:00:00,8.543,9.78,4.168,3.591,0.687,0,0,0,0,0
2023-08-29 02:00:00,9.213,9.78,4.168,3.538,0.687,0,0,0,0,0
2023-08-29 03:00:00,8.866,8.792,4.168,3.485,0.687,0,0,0,0,0
2023-08-29 04:00:00,8.668,8.095,4.168,3.485,0.687,0,0,0,0,0
2023-08-29 05:00:00,7.77,7.066,4.168,3.485,0.687,0,0,0,0,0
2023-08-29 06:00:00,5.565,5.642,4.168,3.512,0.715,0,0,0,0,0
2023-08-29 07:00:00,4.194,4.558,4.168,3.512,0.715,0,0,0,0,0
2023-08-29 08:00:00,5.128,4.011,4.141,3.538,0.715,0,0,0,0,0
2023-08-29 09:00:00,5.128,3.854,4.115,3.512,0.715,0,0,0,0,0
2023-08-29 10:00:00,5.745,3.985,4.089,3.485,0.687,0,0,0,0,0
2023-08-29 11:00:00,6.102,4.22,4.037,3.459,0.687,0,0,0,0,0
2023-08-29 12:00:00,5.411,4.272,3.985,3.433,0.687,0,0,0,0,0
2023-08-29 13:00:00,6.077,4.376,3.932,3.406,0.687,0,0,0,0,0
2023-08-29 14:00:00,6.382,4.48,3.88,3.38,0.687,0,0,0,0,0
2023-08-29 15:00:00,6.102,4.584,3.854,3.538,0.687,0,0,0,0,0
2023-08-29 16:00:00,6.204,4.792,3.801,3.538,0.687,0,0,0,0,0
2023-08-29 17:00:00,6.585,5.154,3.775,3.538,0.687,0,0,0,0,0
2023-08-29 18:00:00,6.99,5.514,3.722,3.538,0.687,0,0,0,0,0
2023-08-29 19:00:00,7.544,6.306,3.696,3.459,0.687,0,0,0,0,0
2023-08-29 20:00:00,8.369,7.116,3.67,3.433,0.687,0,0,0,0,0
2023-08-29 21:00:00,8.494,7.92,3.67,3.406,0.687,0,0,0,0,0
2023-08-29 22:00:00,8.543,8.02,3.643,3.38,0.66,0,0,0,0,0
2023-08-29 23:00:00,8.593,8.02,3.643,3.354,0.66,0,0,0,0,0
2023-08-30 00:00:00,8.394,7.895,3.643,3.327,0.66,0,0,0,0,0
2023-08-30 01:00:00,8.941,8.195,3.643,3.327,0.66,0,0,0,0,0
2023-08-30 02:00:00,8.916,8.319,3.67,3.301,0.66,0,0,0,0,0
2023-08-30 03:00:00,8.916,8.444,3.67,3.248,0.66,0,0,0,0,0
2023-08-30 04:00:00,8.965,8.12,3.696,3.221,0.66,0,0,0,0,0
2023-08-30 05:00:00,8.593,7.594,3.722,3.168,0.66,0,0,0,0,0
2023-08-30 06:00:00,8.27,6.839,3.722,3.168,0.66,0,0,0,0,0
2023-08-30 07:00:00,7.419,5.949,3.722,3.142,0.66,0,0,0,0,0
2023-08-30 08:00:00,7.015,5.565,3.722,3.116,0.66,0,0,0,0,0
2023-08-30 09:00:00,6.484,4.947,3.722,3.116,0.66,0,0,0,0,0
2023-08-30 10:00:00,5.872,4.298,3.696,3.116,0.66,0,0,0,0,0
2023-08-30 11:00:00,5.77,4.115,3.67,3.116,0.66,0,0,0,0,0
2023-08-30 12:00:00,5.565,4.011,3.643,3.089,0.66,0,0,0,0,0
2023-08-30 13:00:00,5.488,4.011,3.617,3.063,0.66,0,0,0,0,0
2023-08-30 14:00:00,5.693,4.22,3.591,3.036,0.66,0,0,0,0,0
2023-08-30 15:00:00,5.975,4.376,3.538,3.009,0.632,0,0,0,0,0
2023-08-30 16:00:00,6.585,4.818,3.512,3.063,0.632,0,0,0,0,0
2023-08-30 17:00:00,7.192,5.308,3.485,3.063,0.632,0,0,0,0,0
2023-08-30 18:00:00,8.17,6.077,3.433,3.063,0.632,0,0,0,0,0
2023-08-30 19:00:00,9.583,7.167,3.433,3.063,0.632,0,0,0,0,0
2023-08-30 20:00:00,9.706,7.895,3.406,3.063,0.632,0,0,0,0,0
2023-08-30 21:00:00,10.32,8.419,3.406,3.063,0.632,0,0,0,0,0
2023-08-30 22:00:00,10.296,8.568,3.406,3.036,0.632,0,0,0,0,0
2023-08-30 23:00:00,10.834,8.965,3.406,3.036,0.632,0,0,0,0,0
2023-08-31 00:00:00,10.785,9.336,3.406,3.009,0.632,0,0,0,0,0
2023-08-31 01:00:00,11.005,9.485,3.433,3.009,0.605,0,0,0,0,0
2023-08-31 02:00:00,10.614,9.361,3.459,2.983,0.632,0,0,0,0,0
2023-08-31 03:00:00,10.638,9.139,3.485,2.956,0.605,0,0,0,0,0
2023-08-31 04:00:00,10.663,9.064,3.512,2.93,0.605,0,0,0,0,0
2023-08-31 05:00:00,10.149,8.369,3.538,2.903,0.632,0,0,0,0,0
2023-08-31 06:00:00,9.41,7.419,3.538,2.877,0.605,0,0,0,0,0
2023-08-31 07:00:00,8.717,6.255,3.564,2.85,0.632,0,0,0,0,0
2023-08-31 08:00:00,7.945,5.872,3.564,2.823,0.632,0,0,0,0,0
2023-08-31 09:00:00,6.839,5.102,3.591,2.85,0.632,0,0,0,0,0
2023-08-31 10:00:00,6.509,4.584,3.564,2.877,0.632,0,0,0,0,0
2023-08-31 11:00:00,6.281,4.324,3.564,2.903,0.632,0,0,0,0,0
2023-08-31 12:00:00,5.77,4.22,3.538,2.903,0.632,0,0,0,0,0
2023-08-31 13:00:00,5.024,3.696,3.512,2.956,0.632,0,0,0,0,0
2023-08-31 14:00:00,5.179,3.722,3.485,2.93,0.632,0,0,0,0,0
2023-08-31 15:00:00,5.205,3.775,3.433,2.93,0.632,0,0,0,0,0
2023-08-31 16:00:00,6.737,4.141,3.406,2.903,0.605,0,0,0,0,0
2023-08-31 17:00:00,8.045,5.231,3.38,2.85,0.605,0,0,0,0,0
2023-08-31 18:00:00,10.394,6.331,3.354,2.823,0.577,0,0,0,0,0
2023-08-31 19:00:00,12.437,7.192,3.327,2.85,0.577,0,0,0,0,0
2023-08-31 20:00:00,13.786,8.767,3.301,2.956,0.577,0,0,0,0,0
2023-08-31 21:00:00,14.17,9.952,3.301,3.009,0.577,0,0,0,0,0
2023-08-31 22:00:00,14.84,11.005,3.327,3.036,0.577,0,0,0,0,0
2023-08-31 23:00:00,14.002,10.883,3.354,3.036,0.577,0,0,0,0,0
2023-09-01 00:00:00,12.992,9.657,3.406,3.009,0.577,0,0,0,0,0
2023-09-01 01:00:00,12.968,8.693,3.433,3.009,0.577,0,0,0,0,0
2023-09-01 02:00:00,11.686,8.22,3.485,2.956,0.577,0,0,0,0,0
2023-09-01 03:00:00,10.492,8.07,3.512,2.93,0.605,0,0,0,0,0
2023-09-01 04:00:00,10.345,7.82,3.538,2.903,0.577,0,0,0,0,0
2023-09-01 05:00:00,10.418,7.469,3.538,2.877,0.577,0,0,0,0,0
2023-09-01 06:00:00,9.509,7.066,3.564,2.877,0.605,0,0,0,0,0
2023-09-01 07:00:00,9.756,6.737,3.564,2.85,0.577,0,0,0,0,0
2023-09-01 08:00:00,8.841,6.509,3.564,2.85,0.577,0,0,0,0,0
2023-09-01 09:00:00,8.27,6.281,3.564,2.877,0.577,0,0,0,0,0
2023-09-01 10:00:00,8.045,6.153,3.538,2.85,0.577,0,0,0,0,0
2023-09-01 11:00:00,8.07,6.026,3.538,2.877,0.605,0,0,0,0,0
2023-09-01 12:00:00,8.22,6.026,3.512,2.877,0.577,0,0,0,0,0
2023-09-01 13:00:00,8.369,6.026,3.512,2.877,0.577,0,0,0,0,0
2023-09-01 14:00:00,8.444,6,3.485,2.877,0.577,0,0,0,0,0
2023-09-01 15:00:00,8.394,5.975,3.485,2.903,0.577,0,0,0,0,0
2023-09-01 16:00:00,8.593,6.179,3.459,2.877,0.577,0,0,0,0,0
2023-09-01 17:00:00,9.41,6.763,3.459,2.85,0.577,0,0,0,0,0
2023-09-01 18:00:00,9.46,7.293,3.459,2.85,0.577,0,0,0,0,0
2023-09-01 19:00:00,9.78,7.845,3.459,2.903,0.577,0,0,0,0,0
2023-09-01 20:00:00,10.124,8.742,3.459,2.956,0.577,0,0,0,0,0
2023-09-01 21:00:00,10.149,8.891,3.459,3.009,0.577,0,0,0,0,0
2023-09-01 22:00:00,10.271,9.114,3.459,3.063,0.577,0,0,0,0,0
2023-09-01 23:00:00,10.296,9.854,3.485,3.063,0.577,0,1,0,0,0
2023-09-02 00:00:00,10.173,9.312,3.538,3.063,0.577,0,0,0,0,0
2023-09-02 01:00:00,10.1,8.916,3.564,3.089,0.577,0,0,0,0,0
2023-09-02 02:00:00,9.287,8.916,3.591,3.116,0.577,0,0,0,0,0
2023-09-02 03:00:00,8.767,8.344,3.617,3.116,0.577,0,0,0,0,0
2023-09-02 04:00:00,7.82,7.419,3.643,3.195,0.605,0,0,0,0,0
2023-09-02 05:00:00,7.444,6.813,3.67,3.248,0.605,0,0,0,0,0
2023-09-02 06:00:00,7.041,6.331,3.67,3.301,0.605,0,0,0,0,0
2023-09-02 07:00:00,6.56,5.898,3.67,3.327,0.605,0,0,0,0,0
2023-09-02 08:00:00,6.611,5.616,3.67,3.38,0.605,0,0,0,0,0
2023-09-02 09:00:00,6.433,5.411,3.67,3.38,0.605,0,0,0,0,0
2023-09-02 10:00:00,5.616,5.179,3.643,3.38,0.605,0,0,0,0,0
2023-09-02 11:00:00,5.565,4.999,3.617,3.406,0.605,0,0,0,0,0
2023-09-02 12:00:00,5.102,4.895,3.591,3.38,0.605,0,0,0,0,0
2023-09-02 13:00:00,5.205,4.74,3.564,3.38,0.632,0,0,0,0,0
2023-09-02 14:00:00,5.102,4.688,3.538,3.406,0.605,0,0,0,0,0
2023-09-02 15:00:00,5.205,4.688,3.512,3.38,0.605,0,0,0,0,0
2023-09-02 16:00:00,5.385,4.818,3.485,3.38,0.605,0,0,0,0,0
2023-09-02 17:00:00,5.514,5.024,3.459,3.406,0.632,0,0,0,0,0
2023-09-02 18:00:00,5.77,5.462,3.433,3.38,0.605,0,0,0,0,0
2023-09-02 19:00:00,6.051,5.821,3.406,3.38,0.605,0,0,0,0,0
2023-09-02 20:00:00,5.796,6.56,3.38,3.354,0.632,0,0,0,0,0
2023-09-02 21:00:00,5.462,6.788,3.354,3.354,0.632,0,0,0,0,0
2023-09-02 22:00:00,5.975,7.318,3.354,3.327,0.605,0,0,0,0,0
2023-09-02 23:00:00,5.975,8.045,3.327,3.327,0.605,0,0,0,0,0
2023-09-03 00:00:00,5.975,7.92,3.327,3.327,0.605,0,0,0,0,0
2023-09-03 01:00:00,6.382,7.569,3.327,3.327,0.605,0,0,0,0,0
2023-09-03 02:00:00,6.687,7.419,3.354,3.301,0.605,0,0,0,0,0
2023-09-03 03:00:00,6.535,7.041,3.354,3.274,0.632,0,0,0,0,0
2023-09-03 04:00:00,6.585,6.509,3.38,3.274,0.632,0,0,0,0,0
2023-09-03 05:00:00,6.077,5.872,3.38,3.274,0.632,0,0,0,0,0
2023-09-03 06:00:00,4.089,4.141,3.38,3.274,0.632,0,0,0,0,0
2023-09-03 07:00:00,3.063,2.903,3.38,3.301,0.632,0,0,0,0,0
2023-09-03 08:00:00,1.886,2.37,3.354,3.327,0.66,0,0,0,0,0
2023-09-03 09:00:00,1.913,2.074,3.327,3.327,0.632,0,0,0,0,0
2023-09-03 10:00:00,3.538,1.994,3.301,3.327,0.632,0,0,0,0,0
2023-09-03 11:00:00,3.722,1.94,3.248,3.301,0.632,0,0,0,0,0
2023-09-03 12:00:00,4.558,1.994,3.195,3.301,0.632,0,0,0,0,0
2023-09-03 13:00:00,4.921,2.289,3.142,3.274,0.632,0,0,0,0,0
2023-09-03 14:00:00,5.488,2.797,3.089,3.248,0.632,0,0,0,0,0
2023-09-03 15:00:00,4.74,3.168,3.036,3.221,0.605,0,0,0,0,0
2023-09-03 16:00:00,5.693,3.485,3.009,3.221,0.605,0,0,0,0,0
2023-09-03 17:00:00,6.204,3.932,2.956,3.195,0.605,0,0,0,0,0
2023-09-03 18:00:00,6.687,4.428,2.93,3.168,0.605,0,0,0,0,0
2023-09-03 19:00:00,7.167,5.128,2.903,3.142,0.605,0,0,0,0,0
2023-09-03 20:00:00,7.82,5.975,2.877,3.116,0.605,0,0,0,0,0
2023-09-03 21:00:00,7.645,6.636,2.85,3.116,0.605,0,0,0,0,0
2023-09-03 22:00:00,7.995,7.192,2.85,3.089,0.605,0,0,0,0,0
2023-09-03 23:00:00,8.145,7.494,2.85,3.063,0.577,0,0,0,0,0
2023-09-04 00:00:00,8.717,7.293,2.877,3.063,0.577,0,0,0,0,0
2023-09-04 01:00:00,8.99,7.318,2.877,3.036,0.577,0,0,0,0,0
2023-09-04 02:00:00,8.841,7.192,2.903,3.009,0.577,0,0,0,0,0
2023-09-04 03:00:00,8.145,6.687,2.903,3.009,0.577,0,0,0,0,0
2023-09-04 04:00:00,8.145,6.255,2.93,2.983,0.577,0,0,0,0,0
2023-09-04 05:00:00,7.268,5.924,2.956,2.983,0.577,0,0,0,0,0
2023-09-04 06:00:00,6.99,5.514,2.956,2.956,0.577,0,0,0,0,0
2023-09-04 07:00:00,6.94,5.231,2.956,2.956,0.577,0,0,0,0,0
2023-09-04 08:00:00,6.99,5.076,2.956,2.956,0.577,0,0,0,0,0
2023-09-04 09:00:00,6.99,4.947,2.956,2.93,0.577,0,0,0,0,0
2023-09-04 10:00:00,6.611,4.895,2.956,2.903,0.577,0,0,0,0,0
2023-09-04 11:00:00,6.56,4.792,2.956,2.903,0.577,0,0,0,0,0
2023-09-04 12:00:00,6.306,4.792,2.93,2.903,0.577,0,0,0,0,0
2023-09-04 13:00:00,6.382,4.766,2.93,2.903,0.577,0,0,0,0,0
2023-09-04 14:00:00,6.026,4.714,2.903,2.903,0.577,0,0,0,0,0
2023-09-04 15:00:00,5.821,4.636,2.903,2.877,0.577,0,0,0,0,0
2023-09-04 16:00:00,6.23,4.869,2.877,2.877,0.55,0,0,0,0,0
2023-09-04 17:00:00,6.763,5.231,2.877,2.85,0.55,0,0,0,0,0
2023-09-04 18:00:00,7.569,6.281,2.85,2.85,0.55,0,0,0,0,0
2023-09-04 19:00:00,7.82,6.889,2.85,2.85,0.55,0,0,0,0,0
2023-09-04 20:00:00,8.817,8.145,2.85,2.823,0.55,0,0,0,0,0
2023-09-04 21:00:00,9.731,9.287,2.85,2.85,0.55,0,0,0,0,0
2023-09-04 22:00:00,10.1,9.657,2.877,2.85,0.522,0,0,0,0,0
2023-09-04 23:00:00,10.81,10.124,2.903,2.85,0.522,0,0,0,0,0
2023-09-05 00:00:00,10.638,9.952,2.93,2.85,0.55,0,0,0,0,0
2023-09-05 01:00:00,9.213,9.632,2.956,2.85,0.55,0,0,0,0,0
2023-09-05 02:00:00,8.27,9.163,3.009,2.85,0.522,0,0,0,0,0
2023-09-05 03:00:00,7.015,8.245,3.063,2.823,0.55,0,0,0,0,0
2023-09-05 04:00:00,6.56,7.142,3.089,2.797,0.55,0,0,0,0,0
2023-09-05 05:00:00,6.281,6.281,3.142,2.797,0.55,0,0,0,0,0
2023-09-05 06:00:00,5.796,5.719,3.168,2.797,0.55,0,0,0,0,0
2023-09-05 07:00:00,5.154,5.257,3.168,2.823,0.55,0,0,0,0,0
2023-09-05 08:00:00,4.999,4.766,3.168,2.85,0.55,0,0,0,0,0
2023-09-05 09:00:00,4.714,4.402,3.168,2.877,0.55,0,0,0,0,0
2023-09-05 10:00:00,4.35,4.115,3.168,2.903,0.55,0,0,0,0,0
2023-09-05 11:00:00,4.011,3.88,3.142,2.903,0.55,0,0,0,0,0
2023-09-05 12:00:00,3.643,3.749,3.116,2.903,0.55,0,0,0,0,0
2023-09-05 13:00:00,3.512,3.617,3.089,2.983,0.55,0,0,0,0,0
2023-09-05 14:00:00,3.459,3.538,3.063,2.983,0.55,0,0,0,0,0
2023-09-05 15:00:00,3.591,3.485,3.036,2.983,0.55,0,0,0,0,0
2023-09-05 16:00:00,3.906,3.591,3.009,2.956,0.55,0,0,0,0,0
2023-09-05 17:00:00,4.037,3.854,2.956,2.93,0.55,0,0,0,0,0
2023-09-05 18:00:00,4.895,4.506,2.93,2.903,0.55,0,0,0,0,0
2023-09-05 19:00:00,5.411,4.973,2.903,2.903,0.55,0,0,0,0,0
2023-09-05 20:00:00,7.519,6.051,2.903,2.877,0.522,0,0,0,0,0
2023-09-05 21:00:00,8.916,7.795,2.877,2.903,0.522,0,1,0,0,0
2023-09-05 22:00:00,9.608,8.568,2.877,2.903,0.522,0,1,0,0,0
2023-09-05 23:00:00,9.682,8.369,2.877,2.903,0.522,0,0,0,0,0
2023-09-06 00:00:00,9.706,7.795,2.877,2.903,0.55,0,0,0,0,0
2023-09-06 01:00:00,8.319,6.99,2.903,2.903,0.55,0,0,0,0,0
2023-09-06 02:00:00,7.444,6.484,2.93,2.877,0.55,0,0,0,0,0
2023-09-06 03:00:00,7.343,6.433,2.956,2.85,0.55,0,0,0,0,0
2023-09-06 04:00:00,7.67,6.077,2.956,2.85,0.55,0,0,0,0,0
2023-09-06 05:00:00,7.695,5.796,2.983,2.823,0.55,0,0,0,0,0
2023-09-06 06:00:00,7.945,5.591,2.983,2.797,0.55,0,0,0,0,0
2023-09-06 07:00:00,7.845,5.514,2.983,2.797,0.55,0,0,0,0,0
2023-09-06 08:00:00,7.619,5.462,2.983,2.77,0.55,0,0,0,0,0
2023-09-06 09:00:00,7.469,5.514,2.983,2.77,0.55,0,0,0,0,0
2023-09-06 10:00:00,7.77,5.514,2.983,2.77,0.55,0,0,0,0,0
2023-09-06 11:00:00,6.965,5.488,2.983,2.797,0.55,0,0,0,0,0
2023-09-06 12:00:00,6.357,5.231,2.983,2.797,0.55,0,0,0,0,0
2023-09-06 13:00:00,6.179,5.024,2.956,2.797,0.55,0,0,0,0,0
2023-09-06 14:00:00,5.745,4.818,2.956,2.797,0.55,0,0,0,0,0
2023-09-06 15:00:00,5.36,4.558,2.956,2.797,0.55,0,0,0,0,0
2023-09-06 16:00:00,5.411,4.532,2.93,2.797,0.55,0,0,0,0,0
2023-09-06 17:00:00,5.872,4.818,2.93,2.797,0.55,0,0,0,0,0
2023-09-06 18:00:00,6.661,5.719,2.903,2.797,0.55,0,0,0,0,0
2023-09-06 19:00:00,7.217,6.611,2.903,2.77,0.522,0,0,0,0,0
2023-09-06 20:00:00,7.895,7.795,2.877,2.77,0.522,0,0,0,0,0
2023-09-06 21:00:00,8.916,9.139,2.877,2.797,0.522,0,0,0,0,0
2023-09-06 22:00:00,8.941,9.213,2.903,2.797,0.522,0,0,0,0,0
2023-09-06 23:00:00,10.075,10.149,2.93,2.85,0.522,0,0,0,0,0
2023-09-07 00:00:00,9.854,9.435,2.956,2.85,0.522,0,0,0,0,0
2023-09-07 01:00:00,10.271,8.593,2.983,2.85,0.522,0,0,0,0,0
2023-09-07 02:00:00,9.928,8.22,3.009,2.823,0.522,0,0,0,0,0
2023-09-07 03:00:00,8.866,7.393,3.063,2.797,0.55,0,0,0,0,0
2023-09-07 04:00:00,7.569,6.712,3.089,2.797,0.55,0,0,0,0,0
2023-09-07 05:00:00,6.255,5.668,3.116,2.744,0.55,0,0,0,0,0
2023-09-07 06:00:00,5.565,4.662,3.116,2.744,0.55,0,0,0,0,0
2023-09-07 07:00:00,5.385,4.48,3.116,2.744,0.55,0,0,0,0,0
2023-09-07 08:00:00,4.584,3.958,3.116,2.797,0.55,0,0,0,0,0
2023-09-07 09:00:00,4.324,3.67,3.116,2.797,0.55,0,0,0,0,0
2023-09-07 10:00:00,4.063,3.67,3.089,2.797,0.55,0,0,0,0,0
2023-09-07 11:00:00,4.168,3.775,3.063,2.823,0.577,0,0,0,0,0
2023-09-07 12:00:00,4.454,3.801,3.009,2.823,0.55,0,0,0,0,0
2023-09-07 13:00:00,4.636,3.854,3.009,2.823,0.55,0,0,0,0,0
2023-09-07 14:00:00,4.48,3.854,2.956,2.823,0.55,0,0,0,0,0
2023-09-07 15:00:00,4.584,3.88,2.93,2.823,0.55,0,0,0,0,0
2023-09-07 16:00:00,4.688,4.089,2.903,2.797,0.55,0,0,0,0,0
2023-09-07 17:00:00,4.869,4.428,2.877,2.797,0.55,0,0,0,0,0
2023-09-07 18:00:00,5.437,5.308,2.877,2.797,0.55,0,0,0,0,0
2023-09-07 19:00:00,6.102,5.924,2.85,2.77,0.55,0,0,0,0,0
2023-09-07 20:00:00,6.839,6.687,2.823,2.77,0.55,0,0,0,0,0
2023-09-07 21:00:00,8.469,7.318,2.823,2.77,0.55,0,0,0,0,0
2023-09-07 22:00:00,10.026,8.444,2.823,2.77,0.522,0,0,0,0,0
2023-09-07 23:00:00,10.026,9.089,2.85,2.797,0.522,0,0,0,0,0
2023-09-08 00:00:00,11.175,9.361,2.877,2.823,0.522,0,0,0,0,0
2023-09-08 01:00:00,11.224,8.444,2.903,2.823,0.522,0,0,0,0,0
2023-09-08 02:00:00,10.638,8.245,2.93,2.85,0.522,0,0,0,0,0
2023-09-08 03:00:00,9.78,7.845,2.956,2.85,0.55,0,0,0,0,0
2023-09-08 04:00:00,8.543,7.242,2.983,2.823,0.55,0,0,0,0,0
2023-09-08 05:00:00,7.67,6.509,3.009,2.797,0.55,0,0,0,0,0
2023-09-08 06:00:00,7.494,5.796,3.036,2.77,0.55,0,0,0,0,0
2023-09-08 07:00:00,6.839,5.437,3.036,2.744,0.55,0,0,0,0,0
2023-09-08 08:00:00,5.539,5.024,3.036,2.797,0.577,0,0,0,0,0
2023-09-08 09:00:00,4.947,4.688,3.036,2.823,0.577,0,0,0,0,0
2023-09-08 10:00:00,4.61,4.298,3.036,2.85,0.577,0,0,0,0,0
2023-09-08 11:00:00,4.246,3.801,3.036,2.903,0.577,0,0,0,0,0
2023-09-08 12:00:00,4.115,3.459,3.009,2.903,0.577,0,0,0,0,0
2023-09-08 13:00:00,4.141,3.327,2.983,2.956,0.577,0,0,0,0,0
2023-09-08 14:00:00,3.932,3.116,2.956,3.009,0.577,0,0,0,0,0
2023-09-08 15:00:00,3.958,3.142,2.93,3.036,0.577,0,0,0,0,0
2023-09-08 16:00:00,4.194,3.195,2.903,3.036,0.577,0,0,0,0,0
2023-09-08 17:00:00,5.847,3.696,2.877,3.009,0.55,0,0,0,0,0
2023-09-08 18:00:00,7.268,4.194,2.823,2.983,0.55,0,0,0,0,0
2023-09-08 19:00:00,8.593,5.36,2.797,2.956,0.522,0,0,0,0,0
2023-09-08 20:00:00,8.568,6.458,2.797,2.956,0.55,0,0,0,0,0
2023-09-08 21:00:00,9.312,7.469,2.77,2.93,0.522,0,0,0,0,0
2023-09-08 22:00:00,10.59,8.12,2.797,2.93,0.522,0,0,0,0,0
2023-09-08 23:00:00,10.614,8.17,2.797,2.93,0.55,0,0,0,0,0
2023-09-09 00:00:00,11.005,8.543,2.823,2.93,0.522,0,0,0,0,0
2023-09-09 01:00:00,10.907,8.12,2.85,2.93,0.55,0,0,0,0,0
2023-09-09 02:00:00,11.2,7.845,2.877,2.93,0.522,0,0,0,0,0
2023-09-09 03:00:00,11.127,7.419,2.903,2.903,0.522,0,0,0,0,0
2023-09-09 04:00:00,10.271,6.914,2.93,2.903,0.55,0,0,0,0,0
2023-09-09 05:00:00,9.657,6.026,2.93,2.903,0.55,0,0,0,0,0
2023-09-09 06:00:00,9.139,5.231,2.956,2.877,0.55,0,0,0,0,0
2023-09-09 07:00:00,8.941,4.714,2.956,2.85,0.55,0,0,0,0,0
2023-09-09 08:00:00,9.361,4.714,2.956,2.85,0.55,0,0,0,0,0
2023-09-09 09:00:00,8.841,4.376,2.956,2.85,0.55,0,0,0,0,0
2023-09-09 10:00:00,8.717,4.584,2.93,2.823,0.55,0,0,0,0,0
2023-09-09 11:00:00,8.319,4.298,2.93,2.823,0.55,0,0,0,0,0
2023-09-09 12:00:00,8.767,4.454,2.903,2.823,0.55,0,0,0,0,0
2023-09-09 13:00:00,8.568,4.48,2.877,2.797,0.55,0,0,0,0,0
2023-09-09 14:00:00,8.593,4.506,2.877,2.797,0.522,0,0,0,0,0
2023-09-09 15:00:00,8.593,4.532,2.85,2.797,0.522,0,0,0,0,0
2023-09-09 16:00:00,9.386,4.688,2.823,2.797,0.55,0,0,0,0,0
2023-09-09 17:00:00,10.443,4.999,2.797,2.797,0.522,0,0,0,0,0
2023-09-09 18:00:00,10.1,5.385,2.797,2.797,0.55,0,0,0,0,0
2023-09-09 19:00:00,11.127,5.821,2.77,2.797,0.522,0,0,0,0,0
2023-09-09 20:00:00,11.807,6.23,2.77,2.823,0.522,0,0,0,0,0
2023-09-09 21:00:00,11.297,6.382,2.77,2.85,0.522,0,0,0,0,0
2023-09-09 22:00:00,11.419,6.357,2.77,2.85,0.522,0,0,0,0,0
2023-09-09 23:00:00,11.759,6.585,2.77,2.85,0.522,0,0,0,0,0
2023-09-10 00:00:00,12.751,6.661,2.77,2.85,0.522,0,0,0,0,0
2023-09-10 01:00:00,11.613,6.914,2.797,2.85,0.522,0,0,0,0,0
2023-09-10 02:00:00,12.678,7.142,2.797,2.85,0.522,0,0,0,0,0
2023-09-10 03:00:00,12.92,7.494,2.797,2.85,0.522,0,0,0,0,0
2023-09-10 04:00:00,12.437,6.99,2.823,2.85,0.522,0,0,0,0,0
2023-09-10 05:00:00,11.102,6.051,2.823,2.85,0.55,0,0,0,0,0
2023-09-10 06:00:00,9.46,4.792,2.823,2.823,0.55,0,0,0,0,0
2023-09-10 07:00:00,9.977,4.246,2.85,2.797,0.55,0,0,0,0,0
2023-09-10 08:00:00,8.319,4.662,2.85,2.877,0.55,0,0,0,0,0
2023-09-10 09:00:00,7.72,4.818,2.823,2.877,0.55,0,0,0,0,0
2023-09-10 10:00:00,7.167,4.35,2.823,2.903,0.55,0,0,0,0,0
2023-09-10 11:00:00,6.889,4.272,2.797,2.903,0.55,0,0,0,0,0
2023-09-10 12:00:00,6.661,3.722,2.797,2.93,0.55,0,0,0,0,0
2023-09-10 13:00:00,5.642,3.38,2.77,2.93,0.55,0,0,0,0,0
2023-09-10 14:00:00,4.869,2.903,2.744,2.956,0.55,0,0,0,0,0
2023-09-10 15:00:00,4.869,3.089,2.744,3.009,0.55,0,0,0,0,0
2023-09-10 16:00:00,5.539,3.538,2.717,3.009,0.55,0,0,0,0,0
2023-09-10 17:00:00,6.788,4.115,2.69,3.009,0.522,0,0,0,0,0
2023-09-10 18:00:00,7.695,5.462,2.664,3.009,0.55,0,0,0,0,0
2023-09-10 19:00:00,8.965,6.535,2.637,3.009,0.522,0,0,0,0,0
2023-09-10 20:00:00,10.026,7.494,2.637,3.009,0.522,0,0,0,0,0
2023-09-10 21:00:00,10.271,8.045,2.637,2.983,0.522,0,0,0,0,0
2023-09-10 22:00:00,10.271,8.295,2.637,2.903,0.522,0,0,0,0,0
2023-09-10 23:00:00,9.312,8.02,2.664,2.93,0.522,0,0,0,0,0
2023-09-11 00:00:00,9.534,8.195,2.69,2.903,0.522,0,0,0,0,0
2023-09-11 01:00:00,10.516,8.841,2.717,2.877,0.522,0,0,0,0,0
2023-09-11 02:00:00,10.345,8.916,2.77,2.877,0.522,0,0,0,0,0
2023-09-11 03:00:00,10.271,8.419,2.797,2.85,0.522,0,0,0,0,0
2023-09-11 04:00:00,9.731,7.242,2.823,2.85,0.522,0,0,0,0,0
2023-09-11 05:00:00,7.745,5.975,2.877,2.85,0.55,0,0,0,0,0
2023-09-11 06:00:00,6.306,4.895,2.903,2.823,0.55,0,0,0,0,0
2023-09-11 07:00:00,5.488,4.376,2.903,2.823,0.55,0,0,0,0,0
2023-09-11 08:00:00,6.255,4.22,2.93,2.823,0.55,0,0,0,0,0
2023-09-11 09:00:00,6.636,4.376,2.903,2.823,0.55,0,0,0,0,0
2023-09-11 10:00:00,6.179,4.48,2.903,2.903,0.522,0,0,0,0,0
2023-09-11 11:00:00,6.026,4.454,2.877,2.877,0.55,0,0,0,0,0
2023-09-11 12:00:00,6.026,4.428,2.877,2.903,0.522,0,0,0,0,0
2023-09-11 13:00:00,5.821,4.428,2.85,2.956,0.55,0,0,0,0,0
2023-09-11 14:00:00,5.616,4.506,2.85,2.983,0.55,0,0,0,0,0
2023-09-11 15:00:00,5.462,4.532,2.823,2.983,0.55,0,0,0,0,0
2023-09-11 16:00:00,5.565,4.532,2.823,2.983,0.55,0,0,0,0,0
2023-09-11 17:00:00,6,4.74,2.797,2.983,0.55,0,0,0,0,0
2023-09-11 18:00:00,6.255,5.205,2.797,2.956,0.55,0,0,0,0,0
2023-09-11 19:00:00,6.535,5.77,2.77,2.956,0.55,0,0,0,0,0
2023-09-11 20:00:00,6.585,6.051,2.77,2.956,0.55,0,0,0,0,0
2023-09-11 21:00:00,7.041,6.535,2.77,2.956,0.522,0,0,0,0,0
2023-09-11 22:00:00,7.192,6.914,2.77,2.956,0.522,0,0,0,0,0
2023-09-11 23:00:00,7.393,7.091,2.77,2.956,0.55,0,0,0,0,0
2023-09-12 00:00:00,7.72,7.469,2.77,2.956,0.522,0,0,0,0,0
2023-09-12 01:00:00,7.444,7.293,2.797,2.956,0.55,0,0,0,0,0
2023-09-12 02:00:00,7.393,7.167,2.797,2.956,0.55,0,0,0,0,0
2023-09-12 03:00:00,7.695,7.041,2.823,2.956,0.522,0,0,0,0,0
2023-09-12 04:00:00,7.242,6.535,2.823,2.956,0.55,0,0,0,0,0
2023-09-12 05:00:00,6.864,5.898,2.85,2.956,0.55,0,0,0,0,0
2023-09-12 06:00:00,6.611,5.514,2.85,2.956,0.55,0,0,0,0,0
2023-09-12 07:00:00,6.433,5.205,2.877,2.956,0.55,0,0,0,0,0
2023-09-12 08:00:00,6.357,5.024,2.877,2.956,0.55,0,0,0,0,0
2023-09-12 09:00:00,6.128,4.844,2.877,2.956,0.55,0,0,0,0,0
2023-09-12 10:00:00,6.026,4.636,2.877,2.956,0.55,0,0,0,0,0
2023-09-12 11:00:00,6,4.558,2.85,2.956,0.55,0,0,0,0,0
2023-09-12 12:00:00,5.847,4.558,2.85,2.983,0.55,0,0,0,0,0
2023-09-12 13:00:00,5.719,4.558,2.823,2.956,0.55,0,0,0,0,0
2023-09-12 14:00:00,4.895,4.48,2.823,2.983,0.55,0,0,0,0,0
2023-09-12 15:00:00,4.48,4.246,2.797,2.983,0.55,0,0,0,0,0
2023-09-12 16:00:00,4.61,4.089,2.797,2.983,0.55,0,0,0,0,0
2023-09-12 17:00:00,4.454,4.194,2.77,2.983,0.55,0,0,0,0,0
2023-09-12 18:00:00,4.921,4.506,2.77,2.983,0.55,0,0,0,0,0
2023-09-12 19:00:00,5.257,5.128,2.744,2.983,0.55,0,0,0,0,0
2023-09-12 20:00:00,6.179,6.077,2.717,2.983,0.55,0,0,0,0,0
2023-09-12 21:00:00,6.839,6.99,2.717,3.009,0.55,0,0,0,0,0
2023-09-12 22:00:00,8.394,7.72,2.717,2.983,0.522,0,0,0,0,0
2023-09-12 23:00:00,8.841,8.519,2.717,2.93,0.55,0,0,0,0,0
2023-09-13 00:00:00,9.336,8.643,2.744,2.93,0.522,0,0,0,0,0
2023-09-13 01:00:00,10.247,8.519,2.77,2.983,0.522,0,0,0,0,0
2023-09-13 02:00:00,11.492,8.17,2.797,2.983,0.55,0,0,0,0,0
2023-09-13 03:00:00,8.891,6.813,2.823,3.009,0.55,0,0,0,0,0
2023-09-13 04:00:00,8.792,5.949,2.85,2.956,0.55,0,0,0,0,0
2023-09-13 05:00:00,5.949,4.376,2.877,2.93,0.577,0,0,0,0,0
2023-09-13 06:00:00,4.714,3.67,2.877,2.93,0.577,0,0,0,0,0
2023-09-13 07:00:00,4.688,3.142,2.903,2.956,0.577,0,0,0,0,0
2023-09-13 08:00:00,3.38,2.823,2.877,2.983,0.577,0,0,0,0,0
2023-09-13 09:00:00,2.983,2.584,2.877,3.009,0.577,0,0,0,0,0
2023-09-13 10:00:00,1.235,1.859,2.85,3.009,0.605,0,0,0,0,0
2023-09-13 11:00:00,-0.032,1.643,2.823,3.036,0.605,0,0,0,0,0
2023-09-13 12:00:00,-0.958,1.453,2.77,3.063,0.605,0,0,0,0,0
2023-09-13 13:00:00,-1.613,1.289,2.744,3.063,0.605,0,0,0,0,0
2023-09-13 14:00:00,-2.073,1.126,2.69,3.009,0.605,0,0,0,0,0
2023-09-13 15:00:00,-2.334,0.962,2.637,3.009,0.605,0,0,0,0,0
2023-09-13 16:00:00,-2.305,0.852,2.584,3.009,0.605,0,0,0,0,0
2023-09-13 17:00:00,-0.199,0.852,2.557,2.983,0.577,0,0,0,0,0
2023-09-13 18:00:00,1.561,0.907,2.503,3.063,0.55,0,0,0,0,0
2023-09-13 19:00:00,4.999,1.126,2.45,3.063,0.55,0,0,0,0,0
2023-09-13 20:00:00,6.965,1.48,2.423,3.036,0.522,0,1,0,0,0
2023-09-13 21:00:00,8.344,3.617,2.37,3.036,0.522,0,0,0,0,0
2023-09-13 22:00:00,8.568,6,2.343,3.036,0.522,0,1,0,0,0
2023-09-13 23:00:00,9.287,7.268,2.343,3.036,0.522,0,0,0,0,0
2023-09-14 00:00:00,9.756,7.569,2.316,3.036,0.522,0,0,0,0,0
2023-09-14 01:00:00,10.492,7.293,2.343,3.063,0.55,0,0,0,0,0
2023-09-14 02:00:00,10.712,6.433,2.37,3.063,0.55,0,0,0,0,0
2023-09-14 03:00:00,10.736,5.257,2.396,3.063,0.55,0,0,0,0,0
2023-09-14 04:00:00,8.543,3.906,2.423,3.036,0.55,0,0,0,0,0
2023-09-14 05:00:00,4.428,2.53,2.423,2.956,0.577,0,0,0,0,0
2023-09-14 06:00:00,6.433,2.316,2.423,2.93,0.55,0,0,0,0,0
2023-09-14 07:00:00,5.076,2.423,2.423,2.903,0.55,0,0,0,0,0
2023-09-14 08:00:00,4.973,2.45,2.423,2.903,0.55,0,0,0,0,0
2023-09-14 09:00:00,5.488,2.37,2.396,2.903,0.55,0,0,0,0,0
2023-09-14 10:00:00,5.821,2.53,2.37,2.903,0.55,0,0,0,0,0
2023-09-14 11:00:00,5.437,2.69,2.343,2.877,0.55,0,0,0,0,0
2023-09-14 12:00:00,5.872,2.53,2.316,2.85,0.55,0,0,0,0,0
2023-09-14 13:00:00,5.076,2.128,2.289,2.85,0.55,0,0,0,0,0
2023-09-14 14:00:00,6.484,1.913,2.262,2.85,0.522,0,0,0,0,0
2023-09-14 15:00:00,4.506,1.344,2.236,2.85,0.55,0,0,0,0,0
2023-09-14 16:00:00,6.509,1.697,2.209,2.823,0.522,0,0,0,0,0
2023-09-14 17:00:00,6.813,2.236,2.182,2.823,0.522,0,0,0,0,0
2023-09-14 18:00:00,6.535,2.37,2.155,2.797,0.522,0,0,0,0,0
2023-09-14 19:00:00,8.916,3.512,2.155,2.823,0.522,0,0,0,0,0
2023-09-14 20:00:00,9.558,4.376,2.128,2.823,0.522,0,0,0,0,0
2023-09-14 21:00:00,10.173,5.924,2.101,2.85,0.522,0,0,0,0,0
2023-09-14 22:00:00,12.122,7.569,2.101,2.877,0.495,0,0,0,0,0
2023-09-14 23:00:00,11.977,7.695,2.101,2.877,0.495,0,0,0,0,0
2023-09-15 00:00:00,11.613,7.318,2.128,2.903,0.522,0,0,0,0,0
2023-09-15 01:00:00,11.565,7.293,2.155,2.877,0.495,0,0,0,0,0
2023-09-15 02:00:00,11.224,6.965,2.182,2.85,0.495,0,0,0,0,0
2023-09-15 03:00:00,10.345,6.585,2.209,2.85,0.495,0,0,0,0,0
2023-09-15 04:00:00,8.369,5.591,2.262,2.823,0.522,0,0,0,0,0
2023-09-15 05:00:00,7.87,4.584,2.289,2.797,0.522,0,0,0,0,0
2023-09-15 06:00:00,7.343,3.958,2.289,2.77,0.522,0,0,0,0,0
2023-09-15 07:00:00,6.509,3.617,2.316,2.77,0.522,0,0,0,0,0
2023-09-15 08:00:00,5.796,3.722,2.316,2.744,0.522,0,0,0,0,0
2023-09-15 09:00:00,5.205,3.564,2.316,2.744,0.522,0,0,0,0,0
2023-09-15 10:00:00,4.792,3.406,2.289,2.744,0.522,0,0,0,0,0
2023-09-15 11:00:00,4.272,3.274,2.289,2.744,0.522,0,0,0,0,0
2023-09-15 12:00:00,4.22,3.248,2.262,2.744,0.522,0,0,0,0,0
2023-09-15 13:00:00,3.854,3.116,2.262,2.744,0.522,0,0,0,0,0
2023-09-15 14:00:00,3.722,2.983,2.236,2.744,0.522,0,0,0,0,0
2023-09-15 15:00:00,3.854,2.93,2.209,2.77,0.495,0,0,0,0,0
2023-09-15 16:00:00,3.643,2.903,2.209,2.877,0.495,0,0,0,0,0
2023-09-15 17:00:00,3.958,3.221,2.182,2.877,0.495,0,0,0,0,0
2023-09-15 18:00:00,4.636,3.722,2.182,2.903,0.495,0,0,0,0,0
2023-09-15 19:00:00,5.898,4.454,2.155,2.877,0.467,0,0,0,0,0
2023-09-15 20:00:00,7.015,5.668,2.155,2.877,0.467,0,0,0,0,0
2023-09-15 21:00:00,7.645,6.965,2.155,2.85,0.467,0,0,0,0,0
2023-09-15 22:00:00,8.369,7.795,2.155,2.85,0.467,0,0,0,0,0
2023-09-15 23:00:00,7.343,8.369,2.155,2.823,0.467,0,0,0,0,0
2023-09-16 00:00:00,8.469,8.494,2.209,2.823,0.467,0,0,0,0,0
2023-09-16 01:00:00,8.17,7.419,2.236,2.797,0.467,0,0,0,0,0
2023-09-16 02:00:00,8.866,7.268,2.262,2.797,0.467,0,0,0,0,0
2023-09-16 03:00:00,8.369,5.949,2.289,2.77,0.467,0,0,0,0,0
2023-09-16 04:00:00,6.636,4.532,2.343,2.77,0.467,0,0,0,0,0
2023-09-16 05:00:00,3.538,2.903,2.37,2.744,0.522,0,0,0,0,0
2023-09-16 06:00:00,3.168,2.074,2.37,2.744,0.522,0,0,0,0,0
2023-09-16 07:00:00,2.503,1.724,2.396,2.744,0.495,0,0,0,0,0
2023-09-16 08:00:00,1.94,1.507,2.37,2.77,0.522,0,0,0,0,0
2023-09-16 09:00:00,2.343,1.344,2.343,2.77,0.522,0,0,0,0,0
2023-09-16 10:00:00,3.354,1.262,2.316,2.77,0.467,0,0,0,0,0
2023-09-16 11:00:00,3.168,1.18,2.262,2.77,0.495,0,0,0,0,0
2023-09-16 12:00:00,3.801,1.153,2.236,2.797,0.467,0,0,0,0,0
2023-09-16 13:00:00,2.956,1.153,2.209,2.77,0.495,0,0,0,0,0
2023-09-16 14:00:00,5.05,1.18,2.155,2.77,0.467,0,0,0,0,0
2023-09-16 15:00:00,4.61,1.262,2.128,2.77,0.467,0,0,0,0,0
2023-09-16 16:00:00,6.23,1.371,2.101,2.77,0.467,0,0,0,0,0
2023-09-16 17:00:00,7.041,1.751,2.047,2.744,0.467,0,0,0,0,0
2023-09-16 18:00:00,7.167,2.877,2.021,2.744,0.467,0,0,0,0,0
2023-09-16 19:00:00,5.539,3.538,1.994,2.744,0.467,0,0,0,0,0
2023-09-16 20:00:00,6.331,4.011,1.967,2.744,0.467,0,0,0,0,0
2023-09-16 21:00:00,6.889,4.558,1.967,2.744,0.467,0,0,0,0,0
2023-09-16 22:00:00,7.494,5.693,1.967,2.717,0.467,0,0,0,0,0
2023-09-16 23:00:00,8.693,6.153,1.94,2.717,0.467,0,0,0,0,0
2023-09-17 00:00:00,9.682,7.066,1.967,2.717,0.467,0,0,0,0,0
2023-09-17 01:00:00,9.312,6.889,1.994,2.717,0.467,0,0,0,0,0
2023-09-17 02:00:00,9.114,6.433,1.994,2.717,0.467,0,0,0,0,0
2023-09-17 03:00:00,9.213,5.642,2.021,2.717,0.467,0,0,0,0,0
2023-09-17 04:00:00,8.344,4.973,2.047,2.717,0.467,0,0,0,0,0
2023-09-17 05:00:00,8.319,4.48,2.074,2.717,0.467,0,0,0,0,0
2023-09-17 06:00:00,8.593,4.272,2.101,2.69,0.467,0,0,0,0,0
2023-09-17 07:00:00,8.145,4.168,2.101,2.69,0.467,0,0,0,0,0
2023-09-17 08:00:00,7.845,3.827,2.128,2.69,0.467,0,0,0,0,0
2023-09-17 09:00:00,7.845,3.906,2.128,2.69,0.467,0,0,0,0,0
2023-09-17 10:00:00,8.095,3.985,2.128,2.69,0.467,0,0,0,0,0
2023-09-17 11:00:00,7.995,3.958,2.101,2.69,0.467,0,0,0,0,0
2023-09-17 12:00:00,7.72,3.801,2.101,2.69,0.467,0,0,0,0,0
2023-09-17 13:00:00,7.217,3.617,2.101,2.69,0.467,0,0,0,0,0
2023-09-17 14:00:00,7.318,3.801,2.101,2.69,0.467,0,0,0,0,0
2023-09-17 15:00:00,7.393,3.827,2.074,2.69,0.439,0,0,0,0,0
2023-09-17 16:00:00,6.788,3.749,2.074,2.69,0.467,0,0,0,0,0
2023-09-17 17:00:00,6.636,4.011,2.074,2.664,0.439,0,0,0,0,0
2023-09-17 18:00:00,5.719,4.246,2.074,2.664,0.467,0,0,0,0,0
2023-09-17 19:00:00,6.712,4.792,2.047,2.664,0.439,0,0,0,0,0
2023-09-17 20:00:00,7.895,5.975,2.047,2.664,0.439,0,0,0,0,0
2023-09-17 21:00:00,7.77,6.611,2.074,2.664,0.439,0,0,0,0,0
2023-09-17 22:00:00,7.544,6.687,2.074,2.664,0.439,0,0,0,0,0
2023-09-17 23:00:00,7.87,6.864,2.074,2.664,0.439,0,0,0,0,0
2023-09-18 00:00:00,7.645,7.116,2.101,2.744,0.439,0,0,0,0,0
2023-09-18 01:00:00,7.066,6.965,2.128,2.744,0.439,0,0,0,0,0
2023-09-18 02:00:00,6.94,6.56,2.155,2.744,0.439,0,0,0,0,0
2023-09-18 03:00:00,6.611,6.179,2.209,2.77,0.439,0,0,0,0,0
2023-09-18 04:00:00,5.796,5.488,2.236,2.823,0.439,0,0,0,0,0
2023-09-18 05:00:00,5.05,4.947,2.262,2.823,0.467,0,0,0,0,0
2023-09-18 06:00:00,4.584,4.506,2.289,2.823,0.467,0,0,0,0,0
2023-09-18 07:00:00,4.298,4.194,2.289,2.85,0.467,0,0,0,0,0
2023-09-18 08:00:00,4.063,3.958,2.316,2.797,0.467,0,0,0,0,0
2023-09-18 09:00:00,3.827,3.749,2.316,2.797,0.467,0,0,0,0,0
2023-09-18 10:00:00,3.749,3.591,2.316,2.797,0.467,0,0,0,0,0
2023-09-18 11:00:00,3.485,3.433,2.316,2.797,0.467,0,0,0,0,0
2023-09-18 12:00:00,3.221,3.301,2.316,2.823,0.467,0,0,0,0,0
2023-09-18 13:00:00,3.009,3.142,2.289,2.823,0.467,0,0,0,0,0
2023-09-18 14:00:00,2.797,2.983,2.262,2.85,0.467,0,0,0,0,0
2023-09-18 15:00:00,2.53,2.823,2.262,2.85,0.467,0,0,0,0,0
2023-09-18 16:00:00,2.289,2.69,2.236,2.85,0.467,0,0,0,0,0
2023-09-18 17:00:00,2.182,2.664,2.209,2.85,0.467,0,0,0,0,0
2023-09-18 18:00:00,2.316,2.823,2.182,2.85,0.467,0,0,0,0,0
2023-09-18 19:00:00,2.93,3.221,2.182,2.877,0.467,0,0,0,0,0
2023-09-18 20:00:00,3.643,4.115,2.155,2.877,0.467,0,0,0,0,0
2023-09-18 21:00:00,4.168,4.662,2.128,2.85,0.467,0,0,0,0,0
2023-09-18 22:00:00,4.246,4.973,2.128,2.85,0.467,0,0,0,0,0
2023-09-18 23:00:00,5.128,5.411,2.128,2.85,0.439,0,0,0,0,0
2023-09-19 00:00:00,4.662,5.539,2.128,2.797,0.467,0,0,0,0,0
2023-09-19 01:00:00,5.231,5.488,2.128,2.797,0.467,0,0,0,0,0
2023-09-19 02:00:00,5.308,5.437,2.128,2.797,0.467,0,0,0,0,0
2023-09-19 03:00:00,5.565,5.231,2.128,2.77,0.467,0,0,0,0,0
2023-09-19 04:00:00,4.973,4.584,2.155,2.77,0.467,0,0,0,0,0
2023-09-19 05:00:00,3.67,3.696,2.155,2.77,0.467,0,0,0,0,0
2023-09-19 06:00:00,3.301,3.116,2.155,2.797,0.467,0,0,0,0,0
2023-09-19 07:00:00,2.37,1.967,2.182,2.797,0.467,0,0,0,0,0
2023-09-19 08:00:00,1.697,1.507,2.155,2.797,0.495,0,0,0,0,0
2023-09-19 09:00:00,0.605,1.235,2.155,2.797,0.495,0,0,0,0,0
2023-09-19 10:00:00,-0.032,1.126,2.128,2.797,0.495,0,0,0,0,0
2023-09-19 11:00:00,-0.032,1.071,2.101,2.797,0.495,0,0,0,0,0
2023-09-19 12:00:00,-0.704,0.989,2.074,2.797,0.495,0,0,0,0,0
2023-09-19 13:00:00,0.467,0.989,2.047,2.797,0.495,0,0,0,0,0
2023-09-19 14:00:00,0.605,0.962,1.994,2.797,0.495,0,0,0,0,0
2023-09-19 15:00:00,0.989,0.962,1.967,2.797,0.467,0,0,0,0,0
2023-09-19 16:00:00,1.289,0.934,1.913,2.797,0.495,0,0,0,0,0
2023-09-19 17:00:00,1.126,0.907,1.886,2.77,0.467,0,0,0,0,0
2023-09-19 18:00:00,1.208,0.907,1.859,2.797,0.467,0,0,0,0,0
2023-09-19 19:00:00,1.289,0.907,1.832,2.797,0.467,0,0,0,0,0
2023-09-19 20:00:00,1.832,1.235,1.805,2.77,0.467,0,1,0,0,0
2023-09-19 21:00:00,3.009,3.116,1.778,2.77,0.467,0,1,0,0,0
2023-09-19 22:00:00,2.956,3.696,1.751,2.77,0.467,0,0,0,0,0
2023-09-19 23:00:00,3.749,4.532,1.724,2.744,0.467,0,1,0,0,0
2023-09-20 00:00:00,3.932,4.636,1.724,2.744,0.467,0,0,0,0,0
2023-09-20 01:00:00,2.69,4.35,1.724,2.717,0.467,0,0,0,0,0
2023-09-20 02:00:00,3.722,4.272,1.724,2.717,0.467,0,1,0,0,0
2023-09-20 03:00:00,3.406,3.327,1.724,2.69,0.467,0,0,0,0,0
2023-09-20 04:00:00,2.289,2.45,1.751,2.69,0.467,0,0,0,0,0
2023-09-20 05:00:00,0.715,1.398,1.751,2.69,0.467,0,1,0,0,0
2023-09-20 06:00:00,0.467,1.153,1.751,2.69,0.495,0,0,0,0,0
2023-09-20 07:00:00,-0.676,0.989,1.751,2.69,0.467,0,0,0,0,0
2023-09-20 08:00:00,-1.071,0.852,1.751,2.664,0.495,0,0,0,0,0
2023-09-20 09:00:00,-0.704,0.742,1.724,2.664,0.467,0,0,0,0,0
2023-09-20 10:00:00,-0.311,0.66,1.697,2.584,0.467,0,0,0,0,0
2023-09-20 11:00:00,-0.535,0.55,1.67,2.61,0.467,0,0,0,0,0
2023-09-20 12:00:00,-0.535,0.495,1.643,2.584,0.467,0,0,0,0,0
2023-09-20 13:00:00,-0.171,0.467,1.615,2.584,0.467,0,0,0,0,0
2023-09-20 14:00:00,-0.367,0.384,1.588,2.557,0.467,0,0,0,0,0
2023-09-20 15:00:00,0.19,0.384,1.561,2.53,0.467,0,0,0,0,0
2023-09-20 16:00:00,-0.032,0.412,1.534,2.53,0.467,0,0,0,0,0
2023-09-20 17:00:00,0.356,0.412,1.507,2.53,0.439,0,0,0,0,0
2023-09-20 18:00:00,1.643,0.439,1.453,2.557,0.439,0,0,0,0,0
2023-09-20 19:00:00,1.994,0.467,1.425,2.53,0.439,0,0,0,0,0
2023-09-20 20:00:00,2.85,0.522,1.425,2.53,0.412,0,0,0,0,0
2023-09-20 21:00:00,3.433,0.577,1.398,2.53,0.412,0,0,0,0,0
2023-09-20 22:00:00,4.089,0.742,1.371,2.53,0.412,0,0,0,0,0
2023-09-20 23:00:00,4.947,1.071,1.344,2.53,0.412,0,1,0,0,0
2023-09-21 00:00:00,5.334,2.477,1.317,2.53,0.412,0,0,0,0,0
2023-09-21 01:00:00,4.921,3.248,1.289,2.53,0.412,0,0,0,0,0
2023-09-21 02:00:00,4.74,3.354,1.289,2.503,0.412,0,0,0,0,0
2023-09-21 03:00:00,4.532,3.142,1.262,2.503,0.412,0,0,0,0,0
2023-09-21 04:00:00,3.643,2.69,1.289,2.477,0.412,0,0,0,0,0
2023-09-21 05:00:00,2.93,2.047,1.289,2.477,0.412,0,0,0,0,0
2023-09-21 06:00:00,2.343,1.48,1.289,2.45,0.412,0,0,0,0,0
2023-09-21 07:00:00,2.717,1.344,1.289,2.423,0.412,0,0,0,0,0
2023-09-21 08:00:00,1.67,0.962,1.289,2.423,0.412,0,0,0,0,0
2023-09-21 09:00:00,0.577,0.605,1.289,2.423,0.412,0,0,0,0,0
2023-09-21 10:00:00,-0.06,0.632,1.262,2.396,0.412,0,0,0,0,0
2023-09-21 11:00:00,-1.384,0.577,1.262,2.396,0.412,0,0,0,0,0
2023-09-21 12:00:00,-2.015,0.522,1.235,2.396,0.412,0,0,0,0,0
2023-09-21 13:00:00,-2.596,0.439,1.235,2.37,0.412,0,0,0,0,0
2023-09-21 14:00:00,-2.918,0.356,1.208,2.37,0.412,0,0,0,0,0
2023-09-21 15:00:00,-3.065,0.301,1.18,2.37,0.412,0,0,0,0,0
2023-09-21 16:00:00,-3.568,0.19,1.18,2.37,0.412,0,0,0,0,0
2023-09-21 17:00:00,-3.836,0.135,1.153,2.343,0.412,0,0,0,0,0
2023-09-21 18:00:00,-1.986,0.246,1.126,2.316,0.356,0,0,0,0,0
2023-09-21 19:00:00,-1.699,0.301,1.099,2.316,0.384,0,0,0,0,0
2023-09-21 20:00:00,-0.367,0.384,1.099,2.316,0.356,0,0,0,0,0
2023-09-21 21:00:00,1.886,0.577,1.071,2.316,0.329,0,0,0,0,0
2023-09-21 22:00:00,3.643,0.934,1.044,2.316,0.329,0,0,0,0,0
2023-09-21 23:00:00,5.308,1.805,1.044,2.343,0.329,0,0,0,0,0
2023-09-22 00:00:00,5.539,2.956,1.017,2.343,0.329,0,0,0,0,0
2023-09-22 01:00:00,5.616,3.643,1.017,2.343,0.329,0,1,0,0,0
2023-09-22 02:00:00,4.947,3.485,1.017,2.316,0.329,0,1,0,0,0
2023-09-22 03:00:00,3.696,2.69,1.017,2.316,0.356,0,0,0,0,0
2023-09-22 04:00:00,2.637,1.805,1.017,2.316,0.356,0,0,0,0,0
2023-09-22 05:00:00,1.398,0.88,1.044,2.289,0.356,0,0,0,0,0
2023-09-22 06:00:00,0.88,0.687,1.044,2.262,0.356,0,0,0,0,0
2023-09-22 07:00:00,-1.27,0.522,1.044,2.262,0.356,0,0,0,0,0
2023-09-22 08:00:00,-2.247,0.412,1.044,2.236,0.356,0,0,0,0,0
2023-09-22 09:00:00,-3.449,0.273,1.044,2.236,0.356,0,0,0,0,0
2023-09-22 10:00:00,-4.499,0.135,1.017,2.209,0.356,0,0,0,0,0
2023-09-22 11:00:00,-5.11,0.024,1.017,2.209,0.384,0,0,0,0,0
2023-09-22 12:00:00,-4.987,-0.004,0.989,2.209,0.356,0,0,0,0,0
2023-09-22 13:00:00,-6.042,-0.032,0.962,2.209,0.356,0,0,0,0,0
2023-09-22 14:00:00,-6.073,-0.116,0.962,2.182,0.356,0,0,0,0,0
2023-09-22 15:00:00,-6.231,-0.227,0.934,2.182,0.356,0,0,0,0,0
2023-09-22 16:00:00,-6.674,-0.339,0.907,2.182,0.356,0,0,0,0,0
2023-09-22 17:00:00,-5.079,-0.283,0.88,2.155,0.329,0,0,0,0,0
2023-09-22 18:00:00,-3.568,-0.171,0.852,2.155,0.329,0,0,0,0,0
2023-09-22 19:00:00,-2.189,-0.06,0.852,2.155,0.301,0,0,0,0,0
2023-09-22 20:00:00,0.329,0.024,0.825,2.155,0.301,0,0,0,0,0
2023-09-22 21:00:00,2.423,0.051,0.797,2.155,0.273,0,0,0,0,0
2023-09-22 22:00:00,3.538,0.301,0.797,2.155,0.246,0,0,0,0,0
2023-09-22 23:00:00,3.168,0.273,0.77,2.155,0.273,0,0,0,0,0
2023-09-23 00:00:00,4.376,0.495,0.742,2.182,0.246,0,0,0,0,0
2023-09-23 01:00:00,4.037,0.412,0.742,2.182,0.273,0,0,0,0,0
2023-09-23 02:00:00,3.433,0.356,0.715,2.182,0.273,0,0,0,0,0
2023-09-23 03:00:00,2.77,0.246,0.687,2.182,0.273,0,0,0,0,0
2023-09-23 04:00:00,1.778,0.079,0.687,2.155,0.301,0,0,0,0,0
2023-09-23 05:00:00,1.235,0.079,0.66,2.155,0.301,0,0,0,0,0
2023-09-23 06:00:00,1.017,0.079,0.66,2.155,0.273,0,0,0,0,0
2023-09-23 07:00:00,0.77,0.079,0.632,2.128,0.273,0,0,0,0,0
2023-09-23 08:00:00,0.522,0.079,0.632,2.101,0.273,0,0,0,0,0
2023-09-23 09:00:00,0.273,0.079,0.605,2.101,0.273,0,0,0,0,0
2023-09-23 10:00:00,0.246,0.079,0.605,2.101,0.273,0,0,0,0,0
2023-09-23 11:00:00,-0.283,0.079,0.577,2.074,0.273,0,0,0,0,0
2023-09-23 12:00:00,-1.498,0.051,0.577,2.047,0.273,0,0,0,0,0
2023-09-23 13:00:00,-0.93,0.051,0.55,2.047,0.246,0,0,0,0,0
2023-09-23 14:00:00,-1.613,0.079,0.55,2.047,0.273,0,0,0,0,0
2023-09-23 15:00:00,-1.043,0.079,0.55,2.047,0.246,0,0,0,0,0
2023-09-23 16:00:00,-1.842,0.024,0.522,2.021,0.273,0,0,0,0,0
2023-09-23 17:00:00,-1.814,0.024,0.522,1.994,0.246,0,0,0,0,0
2023-09-23 18:00:00,-1.327,0.079,0.522,1.994,0.246,0,0,0,0,0
2023-09-23 19:00:00,-0.367,0.079,0.495,1.994,0.246,0,0,0,0,0
2023-09-23 20:00:00,1.751,0.218,0.495,1.994,0.218,0,0,0,0,0
2023-09-23 21:00:00,2.503,0.439,0.467,1.994,0.19,0,1,0,0,0
2023-09-23 22:00:00,4.454,1.289,0.495,1.994,0.19,0,1,0,0,0
2023-09-23 23:00:00,3.801,0.577,0.467,1.994,0.218,0,1,0,0,0
2023-09-24 00:00:00,5.102,1.561,0.467,1.994,0.19,0,1,0,0,0
2023-09-24 01:00:00,4.532,1.398,0.467,1.994,0.19,0,0,0,0,0
2023-09-24 02:00:00,4.35,1.48,0.467,1.994,0.19,0,0,0,0,0
2023-09-24 03:00:00,4.037,1.534,0.467,1.994,0.19,0,0,0,0,0
2023-09-24 04:00:00,2.797,1.126,0.495,1.994,0.218,0,0,0,0,0
2023-09-24 05:00:00,2.37,0.687,0.495,1.967,0.218,0,0,0,0,0
2023-09-24 06:00:00,1.398,0.412,0.522,1.967,0.218,0,0,0,0,0
2023-09-24 07:00:00,0.962,0.301,0.522,1.94,0.218,0,0,0,0,0
2023-09-24 08:00:00,1.126,0.301,0.522,1.94,0.19,0,0,0,0,0
2023-09-24 09:00:00,0.632,0.273,0.522,1.94,0.19,0,0,0,0,0
2023-09-24 10:00:00,0.577,0.273,0.522,1.913,0.19,0,0,0,0,0
2023-09-24 11:00:00,0.934,0.246,0.495,1.913,0.19,0,0,0,0,0
2023-09-24 12:00:00,-0.367,0.19,0.495,1.913,0.19,0,0,0,0,0
2023-09-24 13:00:00,-1.47,0.135,0.495,1.913,0.218,0,0,0,0,0
2023-09-24 14:00:00,-1.613,0.051,0.495,1.913,0.218,0,0,0,0,0
2023-09-24 15:00:00,-2.742,-0.032,0.467,1.913,0.218,0,0,0,0,0
2023-09-24 16:00:00,-3.153,-0.004,0.467,1.913,0.218,0,0,0,0,0
2023-09-24 17:00:00,-2.45,-0.032,0.467,1.886,0.19,0,0,0,0,0
2023-09-24 18:00:00,-0.199,-0.004,0.439,1.886,0.163,0,0,0,0,0
2023-09-24 19:00:00,2.316,0.024,0.439,1.886,0.135,0,0,0,0,0
2023-09-24 20:00:00,4.063,0.163,0.439,1.886,0.135,0,0,0,0,0
2023-09-24 21:00:00,4.999,0.934,0.439,1.886,0.135,0,0,0,0,0
2023-09-24 22:00:00,5.616,1.507,0.439,1.913,0.107,0,1,0,0,0
2023-09-24 23:00:00,4.011,0.632,0.412,1.886,0.163,0,0,0,0,0
2023-09-25 00:00:00,4.063,0.439,0.412,1.886,0.135,0,1,0,0,0
2023-09-25 01:00:00,4.921,0.989,0.412,1.886,0.135,0,0,0,0,0
2023-09-25 02:00:00,4.298,0.907,0.412,1.886,0.135,0,0,0,0,0
2023-09-25 03:00:00,3.301,0.329,0.412,1.886,0.163,0,0,0,0,0
2023-09-25 04:00:00,1.071,0.19,0.412,1.886,0.163,0,0,0,0,0
2023-09-25 05:00:00,-0.283,0.135,0.412,1.886,0.19,0,0,0,0,0
2023-09-25 06:00:00,-1.413,0.051,0.412,1.859,0.19,0,0,0,0,0
2023-09-25 07:00:00,-3.212,-0.032,0.412,1.859,0.19,0,0,0,0,0
2023-09-25 08:00:00,-4.318,-0.032,0.412,1.859,0.19,0,0,0,0,0
2023-09-25 09:00:00,-4.137,-0.116,0.412,1.859,0.19,0,0,0,0,0
2023-09-25 10:00:00,-4.439,-0.199,0.384,1.859,0.19,0,0,0,0,0
2023-09-25 11:00:00,-5.511,-0.311,0.384,1.859,0.19,0,0,0,0,0
2023-09-25 12:00:00,-4.439,-0.423,0.384,1.859,0.19,0,0,0,0,0
2023-09-25 13:00:00,-6.802,-0.732,0.356,1.859,0.19,0,0,0,0,0
2023-09-25 14:00:00,-4.439,-1.015,0.356,1.859,0.19,0,0,0,0,0
2023-09-25 15:00:00,-2.044,-1.213,0.329,1.832,0.19,0,0,0,0,0
2023-09-25 16:00:00,-0.088,-1.157,0.329,1.832,0.163,0,0,0,0,0
2023-09-25 17:00:00,0.467,-0.817,0.329,1.832,0.135,0,0,0,0,0
2023-09-25 18:00:00,2.637,-0.339,0.301,1.832,0.135,0,0,0,0,0
2023-09-25 19:00:00,3.38,-0.116,0.301,1.832,0.135,0,0,0,0,0
2023-09-25 20:00:00,3.063,-0.032,0.301,1.832,0.107,0,0,0,0,0
2023-09-25 21:00:00,3.932,0.079,0.273,1.832,0.107,0,0,0,0,0
2023-09-25 22:00:00,5.488,0.632,0.273,1.859,0.079,0,0,0,0,0
2023-09-25 23:00:00,5.821,0.742,0.273,1.886,0.079,0,0,0,0,0
2023-09-26 00:00:00,5.642,0.632,0.273,1.886,0.107,0,0,0,0,0
2023-09-26 01:00:00,5.334,0.301,0.246,1.886,0.107,0,0,0,0,0
2023-09-26 02:00:00,4.844,0.107,0.246,1.886,0.107,0,0,0,0,0
2023-09-26 03:00:00,3.801,0.024,0.246,1.886,0.135,0,0,0,0,0
2023-09-26 04:00:00,0.687,-0.032,0.246,1.886,0.135,0,0,0,0,0
2023-09-26 05:00:00,-0.93,-0.032,0.218,1.859,0.163,0,0,0,0,0
2023-09-26 06:00:00,-1.9,-0.088,0.218,1.859,0.163,0,0,0,0,0
2023-09-26 07:00:00,-2.654,-0.143,0.218,1.832,0.163,0,0,0,0,0
2023-09-26 08:00:00,-2.131,-0.423,0.19,1.832,0.135,0,0,0,0,0
2023-09-26 09:00:00,-2.771,-1.043,0.19,1.832,0.135,0,0,0,0,0
2023-09-26 10:00:00,-1.584,-1.299,0.19,1.832,0.135,0,0,0,0,0
2023-09-26 11:00:00,-1.27,-1.327,0.19,1.832,0.135,0,0,0,0,0
2023-09-26 12:00:00,-1.157,-1.384,0.163,1.832,0.135,0,0,0,0,0
2023-09-26 13:00:00,-1.842,-1.527,0.163,1.832,0.135,0,0,0,0,0
2023-09-26 14:00:00,-1.842,-1.67,0.163,1.832,0.135,0,0,0,0,0
2023-09-26 15:00:00,-4.227,-2.015,0.163,1.832,0.163,0,0,0,0,0
2023-09-26 16:00:00,-5.542,-2.305,0.163,1.832,0.163,0,1,0,0,0
2023-09-26 17:00:00,-3.36,-1.242,0.135,1.805,0.135,0,0,0,0,0
2023-09-26 18:00:00,-0.507,-0.704,0.135,1.778,0.107,0,0,0,0,0
2023-09-26 19:00:00,0.55,-0.311,0.135,1.778,0.107,0,0,0,0,0
2023-09-26 20:00:00,1.044,-0.171,0.135,1.778,0.107,0,0,0,0,0
2023-09-26 21:00:00,1.153,-0.088,0.107,1.778,0.079,0,0,0,0,0
2023-09-26 22:00:00,1.371,-0.06,0.107,1.778,0.079,0,0,0,0,0
2023-09-26 23:00:00,1.289,-0.032,0.107,1.778,0.079,0,0,0,0,0
2023-09-27 00:00:00,1.534,-0.032,0.107,1.778,0.079,0,0,0,0,0
2023-09-27 01:00:00,1.48,-0.032,0.107,1.778,0.079,0,0,0,0,0
2023-09-27 02:00:00,1.561,-0.032,0.107,1.778,0.079,0,0,0,0,0
2023-09-27 03:00:00,1.778,-0.004,0.079,1.778,0.079,0,0,0,0,0
2023-09-27 04:00:00,1.697,-0.004,0.079,1.778,0.079,0,0,0,0,0
2023-09-27 05:00:00,1.453,-0.004,0.079,1.751,0.079,0,0,0,0,0
2023-09-27 06:00:00,0.715,-0.032,0.079,1.751,0.079,0,0,0,0,0
2023-09-27 07:00:00,0.687,-0.032,0.079,1.751,0.079,0,0,0,0,0
2023-09-27 08:00:00,0.577,-0.032,0.079,1.751,0.079,0,0,0,0,0
2023-09-27 09:00:00,0.356,-0.032,0.079,1.751,0.079,0,0,0,0,0
2023-09-27 10:00:00,-0.032,-0.032,0.051,1.751,0.079,0,0,0,0,0
2023-09-27 11:00:00,-0.255,-0.06,0.051,1.751,0.079,0,0,0,0,0
2023-09-27 12:00:00,-0.367,-0.088,0.051,1.751,0.079,0,0,0,0,0
2023-09-27 13:00:00,-0.62,-0.088,0.051,1.751,0.079,0,0,0,0,0
2023-09-27 14:00:00,-0.676,-0.143,0.051,1.724,0.079,0,0,0,0,0
2023-09-27 15:00:00,-0.507,-0.143,0.051,1.751,0.079,0,0,0,0,0
2023-09-27 16:00:00,-0.93,-0.171,0.051,1.724,0.079,0,0,0,0,0
2023-09-27 17:00:00,-1.043,-0.171,0.051,1.724,0.079,0,0,0,0,0
2023-09-27 18:00:00,-0.648,-0.116,0.024,1.724,0.079,0,0,0,0,0
2023-09-27 19:00:00,-0.199,-0.088,0.024,1.724,0.079,0,0,0,0,0
2023-09-27 20:00:00,0.218,-0.032,0.024,1.724,0.079,0,0,0,0,0
2023-09-27 21:00:00,0.522,-0.004,0.024,1.724,0.079,0,0,0,0,0
2023-09-27 22:00:00,0.825,-0.004,0.024,1.724,0.079,0,0,0,0,0
2023-09-27 23:00:00,1.208,0.024,0.024,1.724,0.079,0,0,0,0,0
2023-09-28 00:00:00,1.289,0.051,0.024,1.697,0.079,0,0,0,0,0
2023-09-28 01:00:00,1.425,0.051,0.024,1.697,0.051,0,0,0,0,0
2023-09-28 02:00:00,1.126,0.024,0.024,1.697,0.079,0,0,0,0,0
2023-09-28 03:00:00,0.605,-0.004,0.024,1.697,0.079,0,0,0,0,0
2023-09-28 04:00:00,-0.199,-0.004,0.024,1.697,0.079,0,0,0,0,0
2023-09-28 05:00:00,-0.451,-0.004,0.024,1.697,0.079,0,0,0,0,0
2023-09-28 06:00:00,-0.591,-0.004,-0.004,1.697,0.079,0,0,0,0,0
2023-09-28 07:00:00,-1.556,-0.032,-0.004,1.697,0.079,0,0,0,0,0
2023-09-28 08:00:00,-2.771,-0.088,-0.004,1.724,0.079,0,0,0,0,0
2023-09-28 09:00:00,-4.016,-0.255,-0.004,1.697,0.079,0,0,0,0,0
2023-09-28 10:00:00,-5.418,-0.591,-0.004,1.697,0.079,0,0,0,0,0
2023-09-28 11:00:00,-4.137,-0.704,-0.004,1.697,0.079,0,0,0,0,0
2023-09-28 12:00:00,-4.197,-0.817,-0.004,1.697,0.079,0,0,0,0,0
2023-09-28 13:00:00,-4.076,-0.93,-0.004,1.67,0.079,0,0,0,0,0
2023-09-28 14:00:00,-5.172,-1.384,-0.004,1.67,0.079,0,0,0,0,0
2023-09-28 15:00:00,-5.48,-1.699,-0.032,1.67,0.079,0,0,0,0,0
2023-09-28 16:00:00,-5.264,-1.556,-0.004,1.67,0.079,0,0,0,0,0
2023-09-28 17:00:00,-4.682,-1.27,-0.032,1.67,0.079,0,0,0,0,0
2023-09-28 18:00:00,-3.094,-0.789,-0.032,1.643,0.051,0,0,0,0,0
2023-09-28 19:00:00,-1.556,-0.367,-0.032,1.643,0.051,0,0,0,0,0
2023-09-28 20:00:00,1.153,-0.116,-0.032,1.643,-0.004,0,0,0,0,0
2023-09-28 21:00:00,2.903,0.107,-0.032,1.643,-0.004,0,0,0,0,0
2023-09-28 22:00:00,4.792,0.77,-0.004,1.615,-0.004,0,0,0,0,0
2023-09-28 23:00:00,5.102,0.66,-0.032,1.615,-0.004,0,0,0,0,0
2023-09-29 00:00:00,5.128,0.632,-0.032,1.615,0.024,0,0,0,0,0
2023-09-29 01:00:00,5.616,0.384,-0.032,1.643,0.024,0,0,0,0,0
2023-09-29 02:00:00,5.385,0.079,-0.032,1.643,0.024,0,0,0,0,0
2023-09-29 03:00:00,3.248,-0.032,-0.032,1.67,0.024,0,0,0,0,0
2023-09-29 04:00:00,0.329,-0.032,-0.032,1.67,0.079,0,0,0,0,0
2023-09-29 05:00:00,-0.535,-0.06,-0.032,1.67,0.079,0,0,0,0,0
2023-09-29 06:00:00,-0.116,-0.088,-0.032,1.643,0.051,0,0,0,0,0
2023-09-29 07:00:00,-0.76,-0.199,-0.032,1.643,0.051,0,0,0,0,0
2023-09-29 08:00:00,-1.128,-0.676,-0.032,1.643,0.051,0,0,0,0,0
2023-09-29 09:00:00,-2.247,-1.157,-0.032,1.67,0.051,0,0,0,0,0
2023-09-29 10:00:00,-1.641,-1.157,-0.06,1.643,0.051,0,0,0,0,0
2023-09-29 11:00:00,-2.073,-1.157,-0.06,1.643,0.051,0,0,0,0,0
2023-09-29 12:00:00,-2.479,-1.27,-0.06,1.67,0.051,0,0,0,0,0
2023-09-29 13:00:00,-2.742,-1.498,-0.06,1.643,0.051,0,0,0,0,0
2023-09-29 14:00:00,-3.747,-1.727,-0.06,1.67,0.051,0,0,0,0,0
2023-09-29 15:00:00,-4.106,-1.842,-0.06,1.67,0.079,0,0,0,0,0
2023-09-29 16:00:00,-3.986,-1.556,-0.06,1.643,0.051,0,0,0,0,0
2023-09-29 17:00:00,-3.124,-1.27,-0.06,1.643,0.051,0,0,0,0,0
2023-09-29 18:00:00,-1.67,-0.817,-0.06,1.643,0.024,0,0,0,0,0
2023-09-29 19:00:00,-0.116,-0.423,-0.06,1.643,0.024,0,0,0,0,0
2023-09-29 20:00:00,1.534,-0.143,-0.06,1.615,-0.004,0,0,0,0,0
2023-09-29 21:00:00,3.459,0.051,-0.06,1.615,-0.004,0,0,0,0,0
2023-09-29 22:00:00,4.532,0.329,-0.06,1.615,-0.004,0,0,0,0,0
2023-09-29 23:00:00,5.205,0.467,-0.06,1.588,-0.004,0,0,0,0,0
2023-09-30 00:00:00,5.411,0.522,-0.06,1.588,-0.004,0,0,0,0,0
2023-09-30 01:00:00,5.821,0.687,-0.06,1.588,-0.004,0,0,0,0,0
2023-09-30 02:00:00,5.514,0.522,-0.06,1.588,-0.004,0,0,0,0,0
2023-09-30 03:00:00,3.906,-0.032,-0.06,1.615,0.024,0,0,0,0,0
2023-09-30 04:00:00,1.289,-0.032,-0.06,1.615,0.024,0,0,0,0,0
2023-09-30 05:00:00,-2.625,-0.06,-0.088,1.643,0.051,0,0,0,0,0
2023-09-30 06:00:00,-2.742,-0.143,-0.088,1.643,0.051,0,0,0,0,0
2023-09-30 07:00:00,-3.094,-0.283,-0.06,1.643,0.051,0,0,0,0,0
2023-09-30 08:00:00,-3.866,-0.591,-0.088,1.67,0.051,0,0,0,0,0
2023-09-30 09:00:00,-3.657,-1.384,-0.088,1.67,0.051,0,0,0,0,0
2023-09-30 10:00:00,-4.197,-1.814,-0.088,1.67,0.051,0,0,0,0,0
2023-09-30 11:00:00,-4.957,-2.247,-0.088,1.67,0.079,0,0,0,0,0
2023-09-30 12:00:00,-4.499,-2.392,-0.088,1.67,0.051,0,0,0,0,0
2023-09-30 13:00:00,-4.287,-2.305,-0.088,1.67,0.051,0,0,0,0,0
2023-09-30 14:00:00,-5.295,-2.537,-0.088,1.67,0.051,0,0,0,0,0
2023-09-30 15:00:00,-5.049,-2.625,-0.088,1.67,0.051,0,0,0,0,0
2023-09-30 16:00:00,-5.667,-2.83,-0.088,1.67,0.079,0,0,0,0,0
2023-09-30 17:00:00,-5.979,-2.771,-0.088,1.67,0.051,0,0,0,0,0
2023-09-30 18:00:00,-2.131,-2.015,-0.088,1.643,-0.004,0,0,0,0,0
2023-09-30 19:00:00,0.079,-1.213,-0.088,1.643,-0.004,0,0,0,0,0
2023-09-30 20:00:00,3.063,-0.451,-0.088,1.615,-0.032,0,0,0,0,0
2023-09-30 21:00:00,4.063,-0.004,-0.088,1.615,-0.032,0,0,0,0,0
2023-09-30 22:00:00,5.05,0.55,-0.088,1.615,-0.032,0,0,0,0,0
2023-09-30 23:00:00,5.642,0.577,-0.06,1.615,-0.032,0,0,0,0,0
2023-10-01 00:00:00,5.36,0.467,-0.088,1.615,-0.004,0,0,0,0,0
2023-10-01 01:00:00,5.257,0.246,-0.088,1.615,-0.004,0,0,0,0,0
2023-10-01 02:00:00,4.662,0.051,-0.088,1.588,-0.004,0,0,0,0,0
2023-10-01 03:00:00,2.396,-0.06,-0.088,1.615,0.024,0,0,0,0,0
2023-10-01 04:00:00,0.107,-0.116,-0.088,1.643,0.024,0,0,0,0,0
2023-10-01 05:00:00,-1.67,-0.451,-0.088,1.643,0.024,0,0,0,0,0
2023-10-01 06:00:00,-2.044,-1.327,-0.088,1.643,0.024,0,0,0,0,0
2023-10-01 07:00:00,-2.596,-1.842,-0.088,1.643,0.051,0,0,0,0,0
2023-10-01 08:00:00,-3.242,-2.247,-0.088,1.67,0.051,0,0,0,0,0
2023-10-01 09:00:00,-2.305,-2.363,-0.088,1.67,0.024,0,0,0,0,0
2023-10-01 10:00:00,-1.1,-2.392,-0.088,1.67,0.024,0,0,0,0,0
2023-10-01 11:00:00,-2.015,-2.247,-0.088,1.67,0.024,0,0,0,0,0
2023-10-01 12:00:00,-2.712,-2.625,-0.088,1.697,0.051,0,0,0,0,0
2023-10-01 13:00:00,-1.384,-2.537,-0.088,1.67,0.024,0,0,0,0,0
2023-10-01 14:00:00,-3.449,-2.683,-0.088,1.697,0.051,0,0,0,0,0
2023-10-01 15:00:00,-0.704,-1.9,-0.088,1.67,0.024,0,0,0,0,0
2023-10-01 16:00:00,-0.986,-1.785,-0.088,1.67,0.024,0,0,0,0,0
2023-10-01 17:00:00,-1.929,-1.785,-0.116,1.67,0.024,0,0,0,0,0
2023-10-01 18:00:00,-1.128,-1.213,-0.116,1.67,0.024,0,0,0,0,0
2023-10-01 19:00:00,-0.902,-0.817,-0.088,1.643,0.024,0,0,0,0,0
2023-10-01 20:00:00,1.071,-0.451,-0.116,1.643,-0.004,0,0,0,0,0
2023-10-01 21:00:00,2.047,-0.255,-0.088,1.615,-0.004,0,0,0,0,0
2023-10-01 22:00:00,3.009,-0.143,-0.088,1.588,-0.004,0,0,0,0,0
2023-10-01 23:00:00,3.327,-0.032,-0.088,1.561,-0.004,0,0,0,0,0
2023-10-02 00:00:00,2.637,-0.032,-0.116,1.561,-0.004,0,0,0,0,0
2023-10-02 01:00:00,2.664,-0.004,-0.116,1.561,-0.004,0,0,0,0,0
2023-10-02 02:00:00,2.37,-0.004,-0.088,1.561,-0.004,0,0,0,0,0
2023-10-02 03:00:00,1.94,-0.06,-0.088,1.561,-0.004,0,0,0,0,0
2023-10-02 04:00:00,0.88,-0.088,-0.116,1.561,-0.004,0,0,0,0,0
2023-10-02 05:00:00,0.246,-0.088,-0.088,1.588,0.024,0,0,0,0,0
2023-10-02 06:00:00,-0.143,-0.088,-0.116,1.588,0.024,0,0,0,0,0
2023-10-02 07:00:00,-0.648,-0.116,-0.116,1.588,0.024,0,0,0,0,0
2023-10-02 08:00:00,-1.299,-0.116,-0.088,1.615,0.024,0,0,0,0,0
2023-10-02 09:00:00,-1.27,-0.143,-0.088,1.615,0.024,0,0,0,0,0
2023-10-02 10:00:00,-1.785,-0.171,-0.116,1.615,0.024,0,0,0,0,0
2023-10-02 11:00:00,-2.537,-0.311,-0.116,1.615,0.024,0,0,0,0,0
2023-10-02 12:00:00,-3.419,-0.93,-0.116,1.643,0.024,0,0,0,0,0
2023-10-02 13:00:00,-5.202,-1.67,-0.088,1.643,0.051,0,0,0,0,0
2023-10-02 14:00:00,-6.231,-2.189,-0.088,1.67,0.051,0,0,0,0,0
2023-10-02 15:00:00,-7.122,-2.654,-0.088,1.724,0.079,0,0,0,0,0
2023-10-02 16:00:00,-7.608,-3.094,-0.088,1.751,0.079,0,0,0,0,0
2023-10-02 17:00:00,-8.198,-3.301,-0.088,1.751,0.051,0,0,0,0,0
2023-10-02 18:00:00,-5.979,-2.918,-0.088,1.724,0.024,0,0,0,0,0
2023-10-02 19:00:00,-3.627,-2.073,-0.088,1.724,-0.004,0,0,0,0,0
2023-10-02 20:00:00,-1.327,-1.043,-0.088,1.697,-0.032,0,0,0,0,0
2023-10-02 21:00:00,-0.676,-0.423,-0.088,1.67,-0.032,0,0,0,0,0
2023-10-02 22:00:00,-0.255,-0.171,-0.088,1.615,-0.032,0,0,0,0,0
2023-10-02 23:00:00,0.467,-0.116,-0.116,1.615,-0.032,0,0,0,0,0
2023-10-03 00:00:00,0.742,-0.116,-0.116,1.615,-0.032,0,0,0,0,0
2023-10-03 01:00:00,1.235,-0.143,-0.116,1.588,-0.004,0,0,0,0,0
2023-10-03 02:00:00,0.329,-0.255,-0.116,1.588,-0.004,0,0,0,0,0
2023-10-03 03:00:00,-1.1,-0.76,-0.088,1.615,0.024,0,0,0,0,0
2023-10-03 04:00:00,-3.36,-1.556,-0.088,1.643,0.051,0,0,0,0,0
2023-10-03 05:00:00,-4.408,-2.247,-0.088,1.67,0.051,0,0,0,0,0
2023-10-03 06:00:00,-4.865,-2.8,-0.116,1.67,0.051,0,0,0,0,0
2023-10-03 07:00:00,-5.11,-3.124,-0.088,1.697,0.051,0,0,0,0,0
2023-10-03 08:00:00,-5.295,-2.83,-0.116,1.724,0.024,0,0,0,0,0
2023-10-03 09:00:00,-6.168,-3.271,-0.088,1.724,0.051,0,0,0,0,0
2023-10-03 10:00:00,-5.48,-2.888,-0.116,1.697,0.024,0,0,0,0,0
2023-10-03 11:00:00,-5.729,-2.596,-0.116,1.697,0.024,0,0,0,0,0
2023-10-03 12:00:00,-5.388,-2.421,-0.088,1.697,0.024,0,0,0,0,0
2023-10-03 13:00:00,-5.791,-2.596,-0.088,1.697,0.051,0,0,0,0,0
2023-10-03 14:00:00,-5.667,-2.537,-0.088,1.697,0.024,0,0,0,0,0
2023-10-03 15:00:00,-6.262,-2.363,-0.116,1.697,0.024,0,0,0,0,0
2023-10-03 16:00:00,-6.388,-2.421,-0.116,1.724,0.024,0,0,0,0,0
2023-10-03 17:00:00,-7.09,-2.771,-0.116,1.724,0.051,0,0,0,0,0
2023-10-03 18:00:00,-5.698,-2.015,-0.088,1.697,0.024,0,0,0,0,0
2023-10-03 19:00:00,-4.318,-1.299,-0.116,1.697,0.024,0,0,0,0,0
2023-10-03 20:00:00,-3.777,-0.845,-0.116,1.697,-0.004,0,0,0,0,0
2023-10-03 21:00:00,-2.276,-0.367,-0.116,1.67,-0.032,0,0,0,0,0
2023-10-03 22:00:00,-1.185,-0.032,-0.116,1.643,-0.032,0,0,0,0,0
2023-10-03 23:00:00,0.632,0.024,-0.088,1.588,-0.032,0,0,0,0,0
2023-10-04 00:00:00,0.687,-0.088,-0.116,1.561,-0.004,0,0,0,0,0
2023-10-04 01:00:00,0.907,-0.255,-0.088,1.561,-0.004,0,0,0,0,0
2023-10-04 02:00:00,0.135,-0.648,-0.116,1.588,-0.004,0,0,0,0,0
2023-10-04 03:00:00,-1.327,-1.157,-0.088,1.615,0.024,0,0,0,0,0
2023-10-04 04:00:00,-3.124,-1.9,-0.088,1.643,0.051,0,0,0,0,0
2023-10-04 05:00:00,-4.53,-2.392,-0.088,1.67,0.051,0,0,0,0,0
2023-10-04 06:00:00,-5.172,-2.83,-0.088,1.697,0.051,0,0,0,0,0
2023-10-04 07:00:00,-5.511,-3.065,-0.088,1.697,0.051,0,0,0,0,0
2023-10-04 08:00:00,-8.099,-3.657,-0.088,1.724,0.079,0,0,0,0,0
2023-10-04 09:00:00,-10.197,-4.137,-0.088,1.724,0.079,0,0,0,0,0
2023-10-04 10:00:00,-11.076,-4.469,-0.088,1.724,0.079,0,0,0,0,0
2023-10-04 11:00:00,-12.196,-4.743,-0.088,1.724,0.079,0,0,0,0,0
2023-10-04 12:00:00,-11.976,-4.895,-0.088,1.724,0.079,0,0,0,0,0
2023-10-04 13:00:00,-12.233,-4.987,-0.088,1.724,0.079,0,0,0,0,0
2023-10-04 14:00:00,-11.218,-4.257,-0.088,1.697,0.051,0,0,0,0,0
2023-10-04 15:00:00,-9.989,-3.538,-0.088,1.697,0.051,0,0,0,0,0
2023-10-04 16:00:00,-9.337,-3.301,-0.088,1.697,0.051,0,0,0,0,0
2023-10-04 17:00:00,-9.202,-3.035,-0.116,1.697,0.051,0,0,0,0,0
2023-10-04 18:00:00,-6.866,-2.392,-0.088,1.67,0.024,0,0,0,0,0
2023-10-04 19:00:00,-5.018,-1.699,-0.088,1.67,0.024,0,0,0,0,0
2023-10-04 20:00:00,-3.896,-1.157,-0.088,1.67,-0.004,0,0,0,0,0
2023-10-04 21:00:00,-2.771,-0.648,-0.088,1.67,-0.004,0,0,0,0,0
2023-10-04 22:00:00,-1.727,-0.339,-0.116,1.643,-0.032,0,0,0,0,0
2023-10-04 23:00:00,-0.845,-0.143,-0.088,1.67,-0.032,0,0,0,0,0
2023-10-05 00:00:00,-0.591,-0.255,-0.116,1.643,-0.004,0,0,0,0,0
2023-10-05 01:00:00,0.246,-0.367,-0.116,1.67,-0.004,0,0,0,0,0
2023-10-05 02:00:00,-0.76,-0.873,-0.116,1.67,-0.004,0,0,0,0,0
2023-10-05 03:00:00,-3.36,-1.556,-0.088,1.697,0.024,0,0,0,0,0
2023-10-05 04:00:00,-5.729,-2.45,-0.088,1.697,0.051,0,0,0,0,0
2023-10-05 05:00:00,-7.316,-3.035,-0.088,1.697,0.051,0,0,0,0,0
2023-10-05 06:00:00,-7.187,-3.538,-0.088,1.697,0.051,0,0,0,0,0
2023-10-05 07:00:00,-7.673,-3.836,-0.088,1.697,0.051,0,0,0,0,0
2023-10-05 08:00:00,-8.965,-4.046,-0.088,1.697,0.051,0,0,0,0,0
2023-10-05 09:00:00,-9.405,-4.318,-0.088,1.697,0.051,0,0,0,0,0
2023-10-05 10:00:00,-8.43,-4.076,-0.088,1.67,0.051,0,0,0,0,0
2023-10-05 11:00:00,-8.099,-3.956,-0.088,1.67,0.051,0,0,0,0,0
2023-10-05 12:00:00,-8.831,-4.469,-0.088,1.697,0.051,0,0,0,0,0
2023-10-05 13:00:00,-11.183,-4.804,-0.088,1.697,0.079,0,0,0,0,0
2023-10-05 14:00:00,-9.134,-4.895,-0.088,1.697,0.051,0,0,0,0,0
2023-10-05 15:00:00,-7.869,-4.804,-0.088,1.67,0.051,0,0,0,0,0
2023-10-05 16:00:00,-8.231,-4.318,-0.116,1.67,0.051,0,0,0,0,0
2023-10-05 17:00:00,-10.476,-4.804,-0.088,1.697,0.079,1,0,0,0,0
2023-10-05 18:00:00,-7.738,-4.318,-0.116,1.67,0.024,0,0,0,0,0
2023-10-05 19:00:00,-4.076,-3.242,-0.116,1.643,-0.004,0,0,0,0,0
2023-10-05 20:00:00,-1.756,-2.247,-0.088,1.643,-0.032,0,0,0,0,0
2023-10-05 21:00:00,-0.817,-1.213,-0.116,1.643,-0.004,0,0,0,0,0
2023-10-05 22:00:00,0.218,-0.591,-0.116,1.643,-0.032,0,0,0,0,0
2023-10-05 23:00:00,0.687,-0.507,-0.116,1.643,-0.032,0,0,0,0,0
2023-10-06 00:00:00,0.715,-0.845,-0.116,1.643,-0.004,0,0,0,0,0
2023-10-06 01:00:00,-0.143,-1.071,-0.116,1.643,0.024,0,0,0,0,0
2023-10-06 02:00:00,-1.356,-1.441,-0.116,1.643,0.024,0,0,0,0,0
2023-10-06 03:00:00,-2.189,-1.727,-0.116,1.643,0.024,0,0,0,0,0
2023-10-06 04:00:00,-2.8,-2.073,-0.116,1.67,0.024,0,0,0,0,0
2023-10-06 05:00:00,-3.183,-2.305,-0.116,1.643,0.024,0,0,0,0,0
2023-10-06 06:00:00,-3.508,-2.479,-0.088,1.643,0.024,0,0,0,0,0
2023-10-06 07:00:00,-3.956,-2.596,-0.088,1.643,0.024,0,0,0,0,0
2023-10-06 08:00:00,-3.479,-2.566,-0.116,1.643,0.024,0,0,0,0,0
2023-10-06 09:00:00,-3.538,-2.566,-0.116,1.643,0.024,0,0,0,0,0
2023-10-06 10:00:00,-4.076,-2.625,-0.116,1.643,0.024,0,0,0,0,0
2023-10-06 11:00:00,-4.469,-2.8,-0.116,1.643,0.024,0,0,0,0,0
2023-10-06 12:00:00,-4.53,-3.006,-0.116,1.643,0.024,0,0,0,0,0
2023-10-06 13:00:00,-5.326,-3.006,-0.088,1.643,0.024,0,0,0,0,0
2023-10-06 14:00:00,-7.836,-3.36,-0.088,1.67,0.051,0,0,0,0,0
2023-10-06 15:00:00,-8.331,-3.657,-0.088,1.67,0.051,0,0,0,0,0
2023-10-06 16:00:00,-7.804,-3.986,-0.088,1.67,0.051,0,0,0,0,0
2023-10-06 17:00:00,-8.831,-4.016,-0.088,1.67,0.051,0,0,0,0,0
2023-10-06 18:00:00,-9.303,-3.538,-0.116,1.643,0.051,0,0,0,0,0
2023-10-06 19:00:00,-7.575,-3.035,-0.088,1.643,0.024,0,0,0,0,0
2023-10-06 20:00:00,-6.136,-2.742,-0.116,1.643,0.024,0,0,0,0,0
2023-10-06 21:00:00,-5.542,-2.334,-0.116,1.643,0.024,0,0,0,0,0
2023-10-06 22:00:00,-2.771,-1.699,-0.116,1.615,-0.004,0,0,0,0,0
2023-10-06 23:00:00,-1.556,-1.327,-0.116,1.615,-0.004,0,0,0,0,0
2023-10-07 00:00:00,-1.242,-1.1,-0.116,1.615,-0.004,0,0,0,0,0
2023-10-07 01:00:00,-1.242,-1.157,-0.116,1.643,-0.004,0,0,0,0,0
2023-10-07 02:00:00,-2.015,-1.47,-0.116,1.643,0.024,0,0,0,0,0
2023-10-07 03:00:00,-3.508,-2.073,-0.116,1.643,0.024,0,0,0,0,0
2023-10-07 04:00:00,-4.957,-2.83,-0.116,1.67,0.051,0,0,0,0,0
2023-10-07 05:00:00,-6.199,-3.124,-0.088,1.67,0.051,0,0,0,0,0
2023-10-07 06:00:00,-6.898,-3.242,-0.116,1.643,0.051,0,0,0,0,0
2023-10-07 07:00:00,-7.155,-3.419,-0.116,1.643,0.051,0,0,0,0,0
2023-10-07 08:00:00,-8.264,-3.807,-0.088,1.67,0.051,0,0,0,0,0
2023-10-07 09:00:00,-9.405,-4.197,-0.088,1.67,0.079,0,0,0,0,0
2023-10-07 10:00:00,-8.999,-4.137,-0.088,1.643,0.051,0,0,0,0,0
2023-10-07 11:00:00,-8.231,-3.836,-0.116,1.643,0.051,0,0,0,0,0
2023-10-07 12:00:00,-7.543,-3.777,-0.116,1.643,0.051,0,0,0,0,0
2023-10-07 13:00:00,-8.033,-4.046,-0.116,1.643,0.051,0,0,0,0,0
2023-10-07 14:00:00,-8.297,-4.076,-0.116,1.643,0.051,0,0,0,0,0
2023-10-07 15:00:00,-8.831,-4.318,-0.088,1.643,0.051,0,0,0,0,0
2023-10-07 16:00:00,-7.155,-4.257,-0.116,1.643,0.051,0,0,0,0,0
2023-10-07 17:00:00,-7.316,-4.197,-0.116,1.643,0.051,0,0,0,0,0
2023-10-07 18:00:00,-7.706,-3.866,-0.116,1.615,0.024,0,0,0,0,0
2023-10-07 19:00:00,-4.834,-3.124,-0.116,1.615,-0.004,0,0,0,0,0
2023-10-07 20:00:00,-3.598,-2.305,-0.116,1.615,-0.004,0,0,0,0,0
2023-10-07 21:00:00,-2.947,-1.67,-0.116,1.615,-0.004,0,0,0,0,0
2023-10-07 22:00:00,-2.305,-1.27,-0.116,1.615,-0.032,0,0,0,0,0
2023-10-07 23:00:00,-2.305,-1.242,-0.116,1.615,-0.004,0,0,0,0,0
2023-10-08 00:00:00,-2.189,-1.441,-0.116,1.615,-0.004,0,0,0,0,0
2023-10-08 01:00:00,-2.363,-1.67,-0.116,1.615,0.024,0,0,0,0,0
2023-10-08 02:00:00,-3.301,-2.044,-0.116,1.615,0.024,0,0,0,0,0
2023-10-08 03:00:00,-4.773,-2.625,-0.116,1.615,0.024,0,0,0,0,0
2023-10-08 04:00:00,-5.48,-3.065,-0.116,1.615,0.024,0,0,0,0,0
2023-10-08 05:00:00,-6.262,-3.39,-0.116,1.615,0.051,0,0,0,0,0
2023-10-08 06:00:00,-5.823,-3.508,-0.116,1.615,0.024,0,0,0,0,0
2023-10-08 07:00:00,-6.262,-3.657,-0.116,1.615,0.024,0,0,0,0,0
2023-10-08 08:00:00,-6.388,-3.657,-0.116,1.615,0.024,0,0,0,0,0
2023-10-08 09:00:00,-6.483,-3.717,-0.116,1.615,0.024,0,0,0,0,0
2023-10-08 10:00:00,-6.42,-3.807,-0.088,1.615,0.024,0,0,0,0,0
2023-10-08 11:00:00,-6.898,-3.836,-0.116,1.615,0.024,0,0,0,0,0
2023-10-08 12:00:00,-6.357,-3.836,-0.116,1.615,0.024,0,0,0,0,0
2023-10-08 13:00:00,-6.579,-3.777,-0.116,1.615,0.024,0,0,0,0,0
2023-10-08 14:00:00,-6.42,-3.717,-0.116,1.615,0.024,0,0,0,0,0
2023-10-08 15:00:00,-6.294,-3.717,-0.116,1.615,0.024,0,0,0,0,0
2023-10-08 16:00:00,-6.042,-3.598,-0.116,1.615,0.024,0,0,0,0,0
2023-10-08 17:00:00,-5.791,-3.479,-0.116,1.615,0.024,0,0,0,0,0
2023-10-08 18:00:00,-5.48,-3.242,-0.116,1.615,0.024,0,0,0,0,0
2023-10-08 19:00:00,-4.499,-2.859,-0.116,1.588,0.024,0,0,0,0,0
2023-10-08 20:00:00,-3.419,-2.131,-0.116,1.588,-0.004,0,0,0,0,0
2023-10-08 21:00:00,-2.742,-1.498,-0.116,1.588,-0.004,0,0,0,0,0
2023-10-08 22:00:00,-2.771,-1.27,-0.116,1.588,-0.004,0,0,0,0,0
2023-10-08 23:00:00,-2.305,-1.1,-0.116,1.588,-0.004,0,0,0,0,0
2023-10-09 00:00:00,-2.45,-1.1,-0.116,1.588,-0.004,0,0,0,0,0
2023-10-09 01:00:00,-2.8,-1.185,-0.116,1.588,0.024,0,0,0,0,0
2023-10-09 02:00:00,-3.065,-1.327,-0.116,1.588,0.024,0,0,0,0,0
2023-10-09 03:00:00,-3.419,-1.527,-0.116,1.615,0.024,0,0,0,0,0
2023-10-09 04:00:00,-3.657,-1.67,-0.116,1.588,0.024,0,0,0,0,0
2023-10-09 05:00:00,-4.197,-1.727,-0.116,1.588,0.024,0,0,0,0,0
2023-10-09 06:00:00,-4.987,-1.814,-0.116,1.615,0.024,0,0,0,0,0
2023-10-09 07:00:00,-5.079,-1.871,-0.116,1.615,0.024,0,0,0,0,0
2023-10-09 08:00:00,-5.326,-1.929,-0.116,1.588,0.024,0,0,0,0,0
2023-10-09 09:00:00,-5.729,-1.958,-0.116,1.588,0.024,0,0,0,0,0
2023-10-09 10:00:00,-5.698,-1.929,-0.116,1.588,0.024,0,0,0,0,0
2023-10-09 11:00:00,-5.605,-1.871,-0.116,1.588,0.024,0,0,0,0,0
2023-10-09 12:00:00,-5.388,-1.814,-0.116,1.588,0.024,0,0,0,0,0
2023-10-09 13:00:00,-5.357,-1.727,-0.116,1.588,0.024,0,0,0,0,0
2023-10-09 14:00:00,-4.865,-1.67,-0.116,1.588,0.024,0,0,0,0,0
2023-10-09 15:00:00,-4.773,-1.641,-0.116,1.588,0.024,0,0,0,0,0
2023-10-09 16:00:00,-5.326,-1.584,-0.116,1.588,0.024,0,0,0,0,0
2023-10-09 17:00:00,-5.049,-1.498,-0.116,1.588,0.024,0,0,0,0,0
2023-10-09 18:00:00,-4.621,-1.384,-0.116,1.588,0.024,0,0,0,0,0
2023-10-09 19:00:00,-4.257,-1.27,-0.116,1.588,0.024,0,0,0,0,0
2023-10-09 20:00:00,-4.046,-1.157,-0.116,1.588,-0.004,0,0,0,0,0
2023-10-09 21:00:00,-3.807,-1.015,-0.116,1.588,-0.004,0,0,0,0,0
2023-10-09 22:00:00,-2.947,-0.93,-0.116,1.588,-0.004,0,0,0,0,0
2023-10-09 23:00:00,-2.566,-0.873,-0.116,1.588,-0.004,0,0,0,0,0
2023-10-10 00:00:00,-2.015,-0.817,-0.116,1.588,-0.004,0,0,0,0,0
2023-10-10 01:00:00,-1.556,-0.76,-0.116,1.561,-0.004,0,0,0,0,0
2023-10-10 02:00:00,-1.556,-0.76,-0.116,1.588,-0.004,0,0,0,0,0
2023-10-10 03:00:00,-3.242,-0.817,-0.116,1.588,0.024,0,0,0,0,0
2023-10-10 04:00:00,-3.538,-0.873,-0.116,1.588,0.024,0,0,0,0,0
2023-10-10 05:00:00,-3.598,-0.902,-0.116,1.588,0.024,0,0,0,0,0
2023-10-10 06:00:00,-3.836,-0.93,-0.116,1.588,0.024,0,0,0,0,0
2023-10-10 07:00:00,-4.137,-0.958,-0.116,1.588,0.024,0,0,0,0,0
2023-10-10 08:00:00,-4.408,-0.986,-0.116,1.588,0.024,0,0,0,0,0
2023-10-10 09:00:00,-4.987,-1.1,-0.116,1.588,0.024,0,0,0,0,0
2023-10-10 10:00:00,-5.948,-1.27,-0.088,1.588,0.024,0,0,0,0,0
2023-10-10 11:00:00,-5.916,-1.327,-0.116,1.588,0.024,0,0,0,0,0
2023-10-10 12:00:00,-5.823,-1.299,-0.116,1.588,0.024,0,0,0,0,0
2023-10-10 13:00:00,-5.418,-1.242,-0.116,1.588,0.024,0,0,0,0,0
2023-10-10 14:00:00,-5.388,-1.157,-0.116,1.588,0.024,0,0,0,0,0
2023-10-10 15:00:00,-5.511,-1.1,-0.116,1.588,0.024,0,0,0,0,0
2023-10-10 16:00:00,-5.542,-1.043,-0.116,1.588,0.024,0,0,0,0,0
2023-10-10 17:00:00,-5.76,-1.043,-0.116,1.588,0.024,0,0,0,0,0
2023-10-10 18:00:00,-5.326,-0.986,-0.116,1.588,0.024,0,0,0,0,0
2023-10-10 19:00:00,-4.773,-0.902,-0.116,1.561,-0.004,0,0,0,0,0
2023-10-10 20:00:00,-4.318,-0.789,-0.116,1.561,-0.004,0,0,0,0,0
2023-10-10 21:00:00,-3.508,-0.648,-0.116,1.561,-0.004,0,0,0,0,0
2023-10-10 22:00:00,-3.242,-0.563,-0.116,1.561,-0.004,0,0,0,0,0
2023-10-10 23:00:00,-2.976,-0.479,-0.116,1.561,-0.004,0,0,0,0,0
2023-10-11 00:00:00,-3.006,-0.423,-0.116,1.588,-0.004,0,0,0,0,0
2023-10-11 01:00:00,-3.777,-0.423,-0.116,1.588,-0.004,0,0,0,0,0
2023-10-11 02:00:00,-4.439,-0.451,-0.116,1.588,0.024,0,0,0,0,0
2023-10-11 03:00:00,-4.651,-0.507,-0.116,1.588,0.024,0,0,0,0,0
2023-10-11 04:00:00,-4.804,-0.535,-0.116,1.588,0.024,0,0,0,0,0
2023-10-11 05:00:00,-5.233,-0.563,-0.088,1.615,0.024,0,0,0,0,0
2023-10-11 06:00:00,-5.357,-0.591,-0.116,1.588,0.024,0,0,0,0,0
2023-10-11 07:00:00,-5.574,-0.62,-0.116,1.588,0.024,0,0,0,0,0
2023-10-11 08:00:00,-5.979,-0.648,-0.116,1.615,0.024,0,0,0,0,0
2023-10-11 09:00:00,-6.199,-0.648,-0.116,1.615,0.024,0,0,0,0,0
2023-10-11 10:00:00,-6.42,-0.676,-0.116,1.615,0.024,0,0,0,0,0
2023-10-11 11:00:00,-7.155,-0.704,-0.088,1.615,0.024,0,0,0,0,0
2023-10-11 12:00:00,-8.099,-0.789,-0.088,1.615,0.051,0,0,0,0,0
2023-10-11 13:00:00,-8.231,-0.845,-0.116,1.615,0.051,0,0,0,0,0
2023-10-11 14:00:00,-8.597,-0.93,-0.088,1.615,0.051,0,0,0,0,0
2023-10-11 15:00:00,-10.266,-1.043,-0.088,1.643,0.079,1,0,0,0,0
2023-10-11 16:00:00,-10.023,-1.157,-0.088,1.615,0.051,0,0,0,0,0
2023-10-11 17:00:00,-9.61,-1.157,-0.088,1.615,0.051,0,0,0,0,0
2023-10-11 18:00:00,-8.297,-1.128,-0.088,1.588,0.024,0,0,0,0,0
2023-10-11 19:00:00,-7.187,-1.043,-0.116,1.588,0.024,0,0,0,0,0
2023-10-11 20:00:00,-6.452,-0.958,-0.116,1.588,-0.004,0,0,0,0,0
2023-10-11 21:00:00,-5.698,-0.845,-0.116,1.588,-0.004,0,0,0,0,0
2023-10-11 22:00:00,-5.295,-0.76,-0.116,1.588,-0.004,0,0,0,0,0
2023-10-11 23:00:00,-5.264,-0.676,-0.116,1.588,0.024,0,0,0,0,0
2023-10-12 00:00:00,-5.418,-0.648,-0.116,1.588,0.024,0,0,0,0,0
2023-10-12 01:00:00,-5.48,-0.648,-0.116,1.588,0.024,0,0,0,0,0
2023-10-12 02:00:00,-5.667,-0.676,-0.116,1.588,0.024,0,0,0,0,0
2023-10-12 03:00:00,-6.168,-0.704,-0.116,1.588,0.024,0,0,0,0,0
2023-10-12 04:00:00,-6.738,-0.76,-0.088,1.588,0.024,0,0,0,0,0
2023-10-12 05:00:00,-7.968,-0.817,-0.088,1.615,0.051,0,0,0,0,0
2023-10-12 06:00:00,-10.722,-0.986,-0.088,1.615,0.079,0,0,0,0,0
2023-10-12 07:00:00,-13.39,-1.242,-0.088,1.643,0.107,0,0,0,0,0
2023-10-12 08:00:00,-14.707,-1.47,-0.06,1.643,0.107,0,0,0,0,0
2023-10-12 09:00:00,-15.547,-1.67,-0.088,1.643,0.107,0,0,0,0,0
2023-10-12 10:00:00,-15.669,-1.842,-0.088,1.643,0.107,0,0,0,0,0
2023-10-12 11:00:00,-15.184,-1.958,-0.088,1.643,0.079,0,0,0,0,0
2023-10-12 12:00:00,-14.159,-1.958,-0.088,1.615,0.079,0,0,0,0,0
2023-10-12 13:00:00,-15.184,-1.929,-0.088,1.643,0.107,0,0,0,0,0
2023-10-12 14:00:00,-13.965,-2.073,-0.088,1.615,0.079,0,0,0,0,0
2023-10-12 15:00:00,-16.744,-2.189,-0.088,1.643,0.107,0,0,0,0,0
2023-10-12 16:00:00,-16.828,-2.305,-0.088,1.643,0.107,0,0,0,0,0
2023-10-12 17:00:00,-15.547,-2.392,-0.088,1.615,0.079,0,0,0,0,0
2023-10-12 18:00:00,-12.788,-2.305,-0.088,1.588,0.051,0,0,0,0,0
2023-10-12 19:00:00,-11.076,-2.044,-0.088,1.588,0.051,0,0,0,0,0
2023-10-12 20:00:00,-8.831,-1.785,-0.088,1.561,0.024,0,0,0,0,0
2023-10-12 21:00:00,-6.168,-1.527,-0.088,1.561,0.024,0,0,0,0,0
2023-10-12 22:00:00,-5.295,-1.27,-0.116,1.561,0.024,0,0,0,0,0
2023-10-12 23:00:00,-4.743,-1.128,-0.116,1.561,-0.004,0,0,0,0,0
2023-10-13 00:00:00,-4.804,-1.015,-0.116,1.561,0.024,0,0,0,0,0
2023-10-13 01:00:00,-4.499,-0.958,-0.116,1.561,0.024,0,0,0,0,0
2023-10-13 02:00:00,-4.804,-0.958,-0.116,1.561,0.024,0,0,0,0,0
2023-10-13 03:00:00,-4.56,-0.986,-0.116,1.561,0.024,0,0,0,0,0
2023-10-13 04:00:00,-3.777,-0.93,-0.116,1.561,0.024,0,0,0,0,0
2023-10-13 05:00:00,-3.896,-0.902,-0.116,1.561,0.024,0,0,0,0,0
2023-10-13 06:00:00,-3.065,-0.873,-0.088,1.561,0.024,0,0,0,0,0
2023-10-13 07:00:00,-2.742,-0.817,-0.116,1.561,-0.004,0,0,0,0,0
2023-10-13 08:00:00,-2.247,-0.789,-0.116,1.534,-0.004,0,0,0,0,0
2023-10-13 09:00:00,-1.128,-0.76,-0.088,1.534,-0.004,0,0,0,0,0
2023-10-13 10:00:00,-0.93,-0.704,-0.116,1.534,-0.004,0,0,0,0,0
2023-10-13 11:00:00,-0.395,-0.648,-0.116,1.534,-0.004,0,0,0,0,0
2023-10-13 12:00:00,-1.071,-0.648,-0.116,1.534,-0.004,0,0,0,0,0
2023-10-13 13:00:00,-0.311,-0.648,-0.116,1.534,-0.004,0,0,0,0,0
2023-10-13 14:00:00,-0.088,-0.591,-0.116,1.534,-0.004,0,0,0,0,0
2023-10-13 15:00:00,-2.888,-0.591,-0.116,1.534,0.024,0,0,0,0,0
2023-10-13 16:00:00,-3.36,-0.591,-0.116,1.534,0.024,0,0,0,0,0
2023-10-13 17:00:00,-3.301,-0.563,-0.116,1.534,-0.004,0,0,0,0,0
2023-10-13 18:00:00,-3.094,-0.563,-0.116,1.534,-0.004,0,0,0,0,0
2023-10-13 19:00:00,-2.508,-0.535,-0.116,1.507,-0.004,0,0,0,0,0
2023-10-13 20:00:00,-2.218,-0.479,-0.116,1.507,-0.004,0,0,0,0,0
2023-10-13 21:00:00,-0.986,-0.451,-0.088,1.507,-0.004,0,0,0,0,0
2023-10-13 22:00:00,-0.563,-0.423,-0.116,1.507,-0.004,0,0,0,0,0
2023-10-13 23:00:00,-0.143,-0.367,-0.116,1.507,-0.004,0,0,0,0,0
2023-10-14 00:00:00,0.687,-0.339,-0.088,1.507,-0.032,0,0,0,0,0
2023-10-14 01:00:00,0.439,-0.339,-0.116,1.507,-0.004,0,0,0,0,0
2023-10-14 02:00:00,-0.76,-0.367,-0.116,1.507,-0.004,0,0,0,0,0
2023-10-14 03:00:00,-1.67,-0.367,-0.116,1.534,0.024,0,0,0,0,0
2023-10-14 04:00:00,-1.756,-0.367,-0.116,1.507,0.024,0,0,0,0,0
2023-10-14 05:00:00,-1.814,-0.367,-0.116,1.507,-0.004,0,0,0,0,0
2023-10-14 06:00:00,-3.301,-0.451,-0.088,1.534,0.024,0,0,0,0,0
2023-10-14 07:00:00,-4.439,-0.535,-0.088,1.561,0.051,0,0,0,0,0
2023-10-14 08:00:00,-5.233,-0.676,-0.088,1.534,0.051,0,0,0,0,0
2023-10-14 09:00:00,-6.61,-0.789,-0.088,1.561,0.051,0,0,0,0,0
2023-10-14 10:00:00,-7.543,-0.873,-0.088,1.534,0.051,0,0,0,0,0
2023-10-14 11:00:00,-5.542,-0.958,-0.088,1.534,0.024,0,0,0,0,0
2023-10-14 12:00:00,-5.295,-0.986,-0.116,1.534,0.024,0,0,0,0,0
2023-10-14 13:00:00,-4.499,-0.986,-0.116,1.534,0.024,0,0,0,0,0
2023-10-14 14:00:00,-3.598,-0.93,-0.116,1.534,0.024,0,0,0,0,0
2023-10-14 15:00:00,0.107,-0.845,-0.116,1.507,-0.004,0,0,0,0,0
2023-10-14 16:00:00,0.907,-0.732,-0.116,1.507,-0.004,0,0,0,0,0
2023-10-14 17:00:00,2.209,-0.648,-0.088,1.507,-0.004,1,0,0,0,0
2023-10-14 18:00:00,1.317,-0.535,-0.116,1.507,-0.004,0,0,0,0,0
2023-10-14 19:00:00,1.643,-0.479,-0.116,1.507,-0.004,0,0,0,0,0
2023-10-14 20:00:00,2.209,-0.367,-0.088,1.507,-0.032,0,0,0,0,0
2023-10-14 21:00:00,3.116,-0.367,-0.116,1.507,-0.004,0,0,0,0,0
2023-10-14 22:00:00,1.805,-0.311,-0.116,1.507,-0.032,0,0,0,0,0
2023-10-14 23:00:00,2.262,-0.283,-0.116,1.507,-0.032,0,0,0,0,0
2023-10-15 00:00:00,1.153,-0.255,-0.116,1.507,-0.004,0,0,0,0,0
2023-10-15 01:00:00,1.044,-0.255,-0.116,1.507,-0.004,0,0,0,0,0
2023-10-15 02:00:00,0.88,-0.227,-0.116,1.507,-0.004,0,0,0,0,0
2023-10-15 03:00:00,0.632,-0.199,-0.116,1.507,-0.004,0,0,0,0,0
2023-10-15 04:00:00,0.495,-0.199,-0.116,1.48,-0.004,0,0,0,0,0
2023-10-15 05:00:00,0.687,-0.199,-0.088,1.48,-0.004,0,0,0,0,0
2023-10-15 06:00:00,0.962,-0.199,-0.116,1.48,-0.004,0,0,0,0,0
2023-10-15 07:00:00,0.797,-0.171,-0.116,1.48,-0.004,0,0,0,0,0
2023-10-15 08:00:00,1.153,-0.171,-0.116,1.453,-0.004,0,0,0,0,0
2023-10-15 09:00:00,1.18,-0.143,-0.116,1.453,-0.004,0,0,0,0,0
2023-10-15 10:00:00,0.742,-0.143,-0.116,1.453,-0.004,0,0,0,0,0
2023-10-15 11:00:00,0.632,-0.143,-0.116,1.453,-0.004,0,0,0,0,0
2023-10-15 12:00:00,0.66,-0.143,-0.116,1.425,-0.004,0,0,0,0,0
2023-10-15 13:00:00,0.632,-0.116,-0.116,1.398,-0.004,0,0,0,0,0
2023-10-15 14:00:00,0.687,-0.088,-0.116,1.371,-0.004,0,0,0,0,0
2023-10-15 15:00:00,0.412,-0.06,-0.116,1.289,-0.004,0,0,0,0,0
2023-10-15 16:00:00,0.301,-0.06,-0.116,1.262,-0.004,0,0,0,0,0
2023-10-15 17:00:00,0.163,-0.032,-0.116,1.262,-0.004,0,0,0,0,0
2023-10-15 18:00:00,0.051,-0.032,-0.116,1.235,-0.004,0,0,0,0,0
2023-10-15 19:00:00,-0.06,-0.032,-0.116,1.262,-0.004,0,0,0,0,0
2023-10-15 20:00:00,-0.032,-0.032,-0.116,1.289,-0.004,0,0,0,0,0
2023-10-15 21:00:00,0.163,-0.032,-0.116,1.289,-0.004,0,0,0,0,0
2023-10-15 22:00:00,0.024,-0.032,-0.116,1.289,-0.004,0,0,0,0,0
2023-10-15 23:00:00,-0.004,-0.032,-0.116,1.317,-0.004,0,0,0,0,0
2023-10-16 00:00:00,0.079,-0.004,-0.116,1.317,-0.004,0,0,0,0,0
2023-10-16 01:00:00,-0.032,-0.004,-0.116,1.344,-0.004,0,0,0,0,0
2023-10-16 02:00:00,-0.283,-0.004,-0.116,1.344,-0.004,0,0,0,0,0
2023-10-16 03:00:00,-0.902,-0.004,-0.116,1.344,-0.004,0,0,0,0,0
2023-10-16 04:00:00,-1.584,-0.004,-0.116,1.371,-0.004,0,0,0,0,0
2023-10-16 05:00:00,-1.699,-0.004,-0.116,1.371,-0.004,0,0,0,0,0
2023-10-16 06:00:00,-2.131,-0.004,-0.088,1.398,-0.004,0,0,0,0,0
2023-10-16 07:00:00,-2.305,-0.004,-0.116,1.398,0.024,0,0,0,0,0
2023-10-16 08:00:00,-3.094,0.024,-0.116,1.398,0.024,0,0,0,0,0
2023-10-16 09:00:00,-4.56,0.024,-0.116,1.425,0.024,0,0,0,0,0
2023-10-16 10:00:00,-5.264,0.024,-0.088,1.425,0.024,0,0,0,0,0
2023-10-16 11:00:00,-5.698,0.024,-0.116,1.425,0.024,0,0,0,0,0
2023-10-16 12:00:00,-5.667,0.024,-0.116,1.425,0.024,0,0,0,0,0
2023-10-16 13:00:00,-5.388,-0.004,-0.116,1.425,0.024,0,0,0,0,0
2023-10-16 14:00:00,-5.511,-0.004,-0.088,1.453,0.024,0,0,0,0,0
2023-10-16 15:00:00,-4.804,-0.004,-0.116,1.425,0.024,0,0,0,0,0
2023-10-16 16:00:00,-5.698,-0.004,-0.088,1.453,0.024,0,0,0,0,0
2023-10-16 17:00:00,-4.318,-0.004,-0.116,1.453,0.024,0,0,0,0,0
2023-10-16 18:00:00,-3.926,-0.032,-0.116,1.425,0.024,0,0,0,0,0
2023-10-16 19:00:00,-1.556,-0.032,-0.116,1.398,-0.004,0,0,0,0,0
2023-10-16 20:00:00,-0.817,-0.032,-0.116,1.398,-0.004,0,0,0,0,0
2023-10-16 21:00:00,-0.76,-0.032,-0.116,1.371,-0.004,0,0,0,0,0
2023-10-16 22:00:00,0.163,-0.032,-0.116,1.344,-0.004,0,0,0,0,0
2023-10-16 23:00:00,0.439,-0.06,-0.116,1.344,-0.032,0,0,0,0,0
2023-10-17 00:00:00,0.715,-0.06,-0.116,1.317,-0.004,0,0,0,0,0
2023-10-17 01:00:00,0.273,-0.06,-0.116,1.317,-0.004,0,0,0,0,0
2023-10-17 02:00:00,-0.367,-0.088,-0.116,1.344,-0.004,0,0,0,0,0
2023-10-17 03:00:00,-2.16,-0.116,-0.116,1.344,0.024,0,0,0,0,0
2023-10-17 04:00:00,-2.073,-0.199,-0.116,1.344,0.024,0,0,0,0,0
2023-10-17 05:00:00,-1.756,-0.255,-0.116,1.344,0.024,0,0,0,0,0
2023-10-17 06:00:00,-1.785,-0.311,-0.116,1.344,0.024,0,0,0,0,0
2023-10-17 07:00:00,-1.958,-0.367,-0.116,1.344,0.024,0,0,0,0,0
2023-10-17 08:00:00,-2.625,-0.451,-0.116,1.344,0.024,0,0,0,0,0
2023-10-17 09:00:00,-3.627,-0.479,-0.116,1.344,0.024,0,0,0,0,0
2023-10-17 10:00:00,-3.717,-0.535,-0.116,1.344,0.024,0,0,0,0,0
2023-10-17 11:00:00,-3.866,-0.591,-0.116,1.344,0.024,0,0,0,0,0
2023-10-17 12:00:00,-3.153,-0.648,-0.116,1.344,0.024,0,0,0,0,0
2023-10-17 13:00:00,-3.094,-0.676,-0.116,1.344,0.024,0,0,0,0,0
2023-10-17 14:00:00,-3.627,-0.676,-0.116,1.344,0.024,0,0,0,0,0
2023-10-17 15:00:00,-4.408,-0.704,-0.116,1.344,0.024,0,0,0,0,0
2023-10-17 16:00:00,-4.56,-0.732,-0.116,1.344,0.024,0,0,0,0,0
2023-10-17 17:00:00,-4.439,-0.76,-0.116,1.344,0.024,0,0,0,0,0
2023-10-17 18:00:00,-4.834,-0.817,-0.116,1.344,0.024,0,0,0,0,0
2023-10-17 19:00:00,-3.956,-0.873,-0.116,1.344,-0.004,0,0,0,0,0
2023-10-17 20:00:00,-1.929,-0.817,-0.116,1.289,-0.004,0,0,0,0,0
2023-10-17 21:00:00,-1.929,-0.704,-0.116,1.289,-0.004,0,0,0,0,0
2023-10-17 22:00:00,-1.299,-0.591,-0.116,1.262,-0.004,0,0,0,0,0
2023-10-17 23:00:00,-1.27,-0.479,-0.116,1.262,-0.004,0,0,0,0,0
2023-10-18 00:00:00,-1.157,-0.423,-0.116,1.262,-0.004,0,0,0,0,0
2023-10-18 01:00:00,-1.584,-0.367,-0.116,1.262,-0.004,0,0,0,0,0
2023-10-18 02:00:00,-1.842,-0.367,-0.116,1.262,-0.004,0,0,0,0,0
2023-10-18 03:00:00,-2.276,-0.367,-0.116,1.262,-0.004,0,0,0,0,0
2023-10-18 04:00:00,-2.596,-0.367,-0.116,1.262,-0.004,0,0,0,0,0
2023-10-18 05:00:00,-3.094,-0.367,-0.088,1.289,0.024,0,0,0,0,0
2023-10-18 06:00:00,-3.301,-0.423,-0.116,1.289,0.024,0,0,0,0,0
2023-10-18 07:00:00,-3.479,-0.451,-0.116,1.289,0.024,0,0,0,0,0
2023-10-18 08:00:00,-3.568,-0.479,-0.116,1.289,0.024,0,0,0,0,0
2023-10-18 09:00:00,-3.598,-0.479,-0.116,1.289,0.024,0,0,0,0,0
2023-10-18 10:00:00,-3.598,-0.479,-0.116,1.289,0.024,0,0,0,0,0
2023-10-18 11:00:00,-4.076,-0.507,-0.116,1.289,0.024,0,0,0,0,0
2023-10-18 12:00:00,-4.348,-0.535,-0.116,1.289,0.024,0,0,0,0,0
2023-10-18 13:00:00,-4.439,-0.535,-0.116,1.289,0.024,0,0,0,0,0
2023-10-18 14:00:00,-4.439,-0.563,-0.116,1.289,0.024,0,0,0,0,0
2023-10-18 15:00:00,-4.53,-0.591,-0.116,1.289,0.024,0,0,0,0,0
2023-10-18 16:00:00,-4.682,-0.591,-0.116,1.289,0.024,0,0,0,0,0
2023-10-18 17:00:00,-5.264,-0.591,-0.116,1.289,0.024,0,0,0,0,0
2023-10-18 18:00:00,-5.511,-0.62,-0.116,1.289,0.024,0,0,0,0,0
2023-10-18 19:00:00,-5.76,-0.648,-0.116,1.289,0.024,0,0,0,0,0
2023-10-18 20:00:00,-5.76,-0.648,-0.116,1.289,0.024,0,0,0,0,0
2023-10-18 21:00:00,-5.885,-0.648,-0.116,1.289,0.024,0,0,0,0,0
2023-10-18 22:00:00,-5.791,-0.62,-0.116,1.289,0.024,0,0,0,0,0
2023-10-18 23:00:00,-5.885,-0.62,-0.116,1.289,0.024,0,0,0,0,0
2023-10-19 00:00:00,-5.823,-0.62,-0.116,1.289,0.024,0,0,0,0,0
2023-10-19 01:00:00,-6.01,-0.648,-0.116,1.289,0.024,0,0,0,0,0
2023-10-19 02:00:00,-6.01,-0.676,-0.116,1.289,0.024,0,0,0,0,0
2023-10-19 03:00:00,-7.64,-0.76,-0.088,1.317,0.051,0,0,0,0,0
2023-10-19 04:00:00,-8.033,-0.873,-0.088,1.317,0.024,0,0,0,0,0
2023-10-19 05:00:00,-7.575,-0.93,-0.116,1.317,0.024,0,0,0,0,0
2023-10-19 06:00:00,-7.348,-0.958,-0.116,1.317,0.024,0,0,0,0,0
2023-10-19 07:00:00,-8.033,-0.986,-0.088,1.317,0.051,0,0,0,0,0
2023-10-19 08:00:00,-8.099,-1.043,-0.088,1.317,0.024,0,0,0,0,0
2023-10-19 09:00:00,-8.066,-1.043,-0.088,1.317,0.024,0,0,0,0,0
2023-10-19 10:00:00,-8.43,-1.071,-0.088,1.317,0.051,0,0,0,0,0
2023-10-19 11:00:00,-8.264,-1.1,-0.088,1.317,0.024,0,0,0,0,0
2023-10-19 12:00:00,-8.831,-1.1,-0.088,1.317,0.051,0,0,0,0,0
2023-10-19 13:00:00,-8.297,-1.128,-0.088,1.317,0.024,0,0,0,0,0
2023-10-19 14:00:00,-8,-1.128,-0.088,1.317,0.024,0,0,0,0,0
2023-10-19 15:00:00,-7.381,-1.1,-0.088,1.317,0.024,0,0,0,0,0
2023-10-19 16:00:00,-7.64,-1.1,-0.088,1.317,0.024,0,0,0,0,0
2023-10-19 17:00:00,-7.804,-1.071,-0.116,1.317,0.024,0,0,0,0,0
2023-10-19 18:00:00,-8.099,-1.071,-0.088,1.317,0.024,0,0,0,0,0
2023-10-19 19:00:00,-8.397,-1.071,-0.088,1.317,0.024,0,0,0,0,0
2023-10-19 20:00:00,-8.597,-1.043,-0.116,1.317,0.024,0,0,0,0,0
2023-10-19 21:00:00,-8.264,-1.043,-0.116,1.317,0.024,0,0,0,0,0
2023-10-19 22:00:00,-8.165,-1.043,-0.116,1.289,0.024,0,0,0,0,0
2023-10-19 23:00:00,-7.935,-1.015,-0.116,1.289,0.024,0,0,0,0,0
2023-10-20 00:00:00,-7.902,-0.986,-0.116,1.317,0.024,0,0,0,0,0
2023-10-20 01:00:00,-8.099,-0.958,-0.116,1.317,0.024,0,0,0,0,0
2023-10-20 02:00:00,-8.364,-0.958,-0.116,1.317,0.051,0,0,0,0,0
2023-10-20 03:00:00,-8.999,-0.958,-0.116,1.317,0.051,0,0,0,0,0
2023-10-20 04:00:00,-10.441,-0.986,-0.088,1.344,0.051,0,0,0,0,0
2023-10-20 05:00:00,-10.231,-1.043,-0.088,1.344,0.051,0,0,0,0,0
2023-10-20 06:00:00,-10.511,-1.128,-0.088,1.344,0.051,0,0,0,0,0
2023-10-20 07:00:00,-13.239,-1.185,-0.088,1.344,0.079,0,0,0,0,0
2023-10-20 08:00:00,-14.12,-1.327,-0.06,1.371,0.107,0,0,0,0,0
2023-10-20 09:00:00,-16.202,-1.498,-0.06,1.371,0.107,0,0,0,0,0
2023-10-20 10:00:00,-17.338,-1.699,-0.06,1.371,0.107,0,0,0,0,0
2023-10-20 11:00:00,-18.563,-1.871,-0.06,1.398,0.107,0,0,0,0,0
2023-10-20 12:00:00,-18.967,-2.044,-0.06,1.398,0.107,0,0,0,0,0
2023-10-20 13:00:00,-18.563,-2.16,-0.088,1.371,0.107,0,0,0,0,0
2023-10-20 14:00:00,-16.409,-2.16,-0.088,1.371,0.079,0,0,0,0,0
2023-10-20 15:00:00,-15.064,-2.073,-0.088,1.344,0.079,0,0,0,0,0
2023-10-20 16:00:00,-13.126,-1.958,-0.088,1.344,0.051,0,0,0,0,0
2023-10-20 17:00:00,-12.714,-1.871,-0.088,1.344,0.051,0,0,0,0,0
2023-10-20 18:00:00,-11.976,-1.785,-0.088,1.344,0.051,0,0,0,0,0
2023-10-20 19:00:00,-10.792,-1.727,-0.088,1.317,0.051,0,0,0,0,0
2023-10-20 20:00:00,-9.61,-1.641,-0.088,1.317,0.024,0,0,0,0,0
2023-10-20 21:00:00,-9.337,-1.556,-0.116,1.317,0.024,0,0,0,0,0
2023-10-20 22:00:00,-8.597,-1.441,-0.088,1.317,0.024,0,0,0,0,0
2023-10-20 23:00:00,-8.43,-1.356,-0.088,1.317,0.024,0,0,0,0,0
2023-10-21 00:00:00,-8.331,-1.27,-0.088,1.317,0.024,0,0,0,0,0
2023-10-21 01:00:00,-8.597,-1.242,-0.116,1.317,0.024,0,0,0,0,0
2023-10-21 02:00:00,-8.563,-1.213,-0.088,1.317,0.051,0,0,0,0,0
2023-10-21 03:00:00,-8.797,-1.185,-0.088,1.317,0.051,0,0,0,0,0
2023-10-21 04:00:00,-8.932,-1.157,-0.088,1.317,0.051,0,0,0,0,0
2023-10-21 05:00:00,-9.033,-1.157,-0.116,1.317,0.051,0,0,0,0,0
2023-10-21 06:00:00,-9.066,-1.157,-0.116,1.317,0.051,0,0,0,0,0
2023-10-21 07:00:00,-9.371,-1.157,-0.088,1.317,0.051,0,0,0,0,0
2023-10-21 08:00:00,-9.542,-1.157,-0.088,1.317,0.051,0,0,0,0,0
2023-10-21 09:00:00,-9.576,-1.157,-0.116,1.317,0.051,0,0,0,0,0
2023-10-21 10:00:00,-9.473,-1.185,-0.116,1.317,0.051,0,0,0,0,0
2023-10-21 11:00:00,-9.576,-1.185,-0.088,1.317,0.051,0,0,0,0,0
2023-10-21 12:00:00,-9.644,-1.185,-0.088,1.317,0.051,0,0,0,0,0
2023-10-21 13:00:00,-9.885,-1.213,-0.116,1.317,0.051,0,0,0,0,0
2023-10-21 14:00:00,-10.301,-1.213,-0.088,1.317,0.051,0,0,0,0,0
2023-10-21 15:00:00,-10.546,-1.242,-0.088,1.317,0.051,0,0,0,0,0
2023-10-21 16:00:00,-11.076,-1.27,-0.088,1.317,0.051,0,0,0,0,0
2023-10-21 17:00:00,-11.111,-1.327,-0.088,1.317,0.051,0,0,0,0,0
2023-10-21 18:00:00,-11.831,-1.327,-0.088,1.317,0.051,0,0,0,0,0
2023-10-21 19:00:00,-11.076,-1.384,-0.116,1.317,0.024,0,0,0,0,0
2023-10-21 20:00:00,-10.651,-1.384,-0.116,1.289,0.024,0,0,0,0,0
2023-10-21 21:00:00,-9.713,-1.327,-0.088,1.289,0.024,0,0,0,0,0
2023-10-21 22:00:00,-9.371,-1.299,-0.116,1.289,0.024,0,0,0,0,0
2023-10-21 23:00:00,-9.782,-1.27,-0.088,1.289,0.024,0,0,0,0,0
2023-10-22 00:00:00,-9.576,-1.27,-0.116,1.289,0.024,0,0,0,0,0
2023-10-22 01:00:00,-9.508,-1.27,-0.116,1.289,0.024,0,0,0,0,0
2023-10-22 02:00:00,-9.644,-1.242,-0.088,1.289,0.051,0,0,0,0,0
2023-10-22 03:00:00,-9.713,-1.242,-0.088,1.317,0.051,0,0,0,0,0
2023-10-22 04:00:00,-9.851,-1.27,-0.088,1.289,0.051,0,0,0,0,0
2023-10-22 05:00:00,-9.235,-1.27,-0.088,1.289,0.024,0,0,0,0,0
2023-10-22 06:00:00,-8.563,-1.27,-0.088,1.289,0.024,0,0,0,0,0
2023-10-22 07:00:00,-8.53,-1.242,-0.116,1.289,0.024,0,0,0,0,0
2023-10-22 08:00:00,-8.364,-1.213,-0.088,1.289,0.024,0,0,0,0,0
2023-10-22 09:00:00,-8.563,-1.213,-0.088,1.289,0.051,0,0,0,0,0
2023-10-22 10:00:00,-8.563,-1.157,-0.088,1.289,0.024,0,0,0,0,0
2023-10-22 11:00:00,-8.63,-1.157,-0.088,1.289,0.051,0,0,0,0,0
2023-10-22 12:00:00,-8.697,-1.157,-0.116,1.289,0.024,0,0,0,0,0
2023-10-22 13:00:00,-8.597,-1.157,-0.116,1.289,0.024,0,0,0,0,0
2023-10-22 14:00:00,-9.1,-1.128,-0.116,1.289,0.051,0,0,0,0,0
2023-10-22 15:00:00,-9.508,-1.128,-0.116,1.289,0.051,0,0,0,0,0
2023-10-22 16:00:00,-9.066,-1.128,-0.088,1.289,0.051,0,0,0,0,0
2023-10-22 17:00:00,-8.965,-1.128,-0.116,1.262,0.051,0,0,0,0,0
2023-10-22 18:00:00,-9.168,-1.1,-0.116,1.262,0.024,0,0,0,0,0
2023-10-22 19:00:00,-9.303,-1.071,-0.116,1.262,0.024,0,0,0,0,0
2023-10-22 20:00:00,-8.764,-1.043,-0.116,1.235,0.024,0,0,0,0,0
2023-10-22 21:00:00,-8.63,-1.043,-0.116,1.235,0.024,0,0,0,0,0
2023-10-22 22:00:00,-8.563,-1.015,-0.088,1.235,0.024,0,0,0,0,0
2023-10-22 23:00:00,-8.364,-0.986,-0.116,1.235,0.024,0,0,0,0,0
2023-10-23 00:00:00,-8.797,-0.986,-0.116,1.235,0.024,0,0,0,0,0
2023-10-23 01:00:00,-9.066,-0.958,-0.088,1.235,0.024,0,0,0,0,0
2023-10-23 02:00:00,-9.371,-0.958,-0.088,1.235,0.051,0,0,0,0,0
2023-10-23 03:00:00,-9.816,-0.93,-0.088,1.235,0.051,0,0,0,0,0
2023-10-23 04:00:00,-10.127,-0.93,-0.088,1.235,0.051,0,0,0,0,0
2023-10-23 05:00:00,-10.197,-0.958,-0.088,1.235,0.051,0,0,0,0,0
2023-10-23 06:00:00,-10.651,-0.958,-0.088,1.235,0.051,0,0,0,0,0
2023-10-23 07:00:00,-10.934,-0.986,-0.088,1.235,0.051,0,0,0,0,0
2023-10-23 08:00:00,-10.581,-0.986,-0.088,1.235,0.051,0,0,0,0,0
2023-10-23 09:00:00,-9.747,-1.015,-0.116,1.235,0.024,0,0,0,0,0
2023-10-23 10:00:00,-9.303,-1.015,-0.088,1.235,0.051,0,0,0,0,0
2023-10-23 11:00:00,-9.235,-1.015,-0.116,1.235,0.024,0,0,0,0,0
2023-10-23 12:00:00,-9.168,-0.986,-0.116,1.235,0.051,0,0,0,0,0
2023-10-23 13:00:00,-8.898,-0.986,-0.116,1.235,0.024,0,0,0,0,0
2023-10-23 14:00:00,-8.965,-0.986,-0.116,1.208,0.024,0,0,0,0,0
2023-10-23 15:00:00,-8.697,-0.986,-0.116,1.208,0.024,0,0,0,0,0
2023-10-23 16:00:00,-8.663,-0.986,-0.116,1.235,0.024,0,0,0,0,0
2023-10-23 17:00:00,-8.63,-0.958,-0.116,1.208,0.024,0,0,0,0,0
2023-10-23 18:00:00,-8.43,-0.958,-0.116,1.208,0.024,0,0,0,0,0
2023-10-23 19:00:00,-7.543,-0.958,-0.116,1.208,0.024,0,0,0,0,0
2023-10-23 20:00:00,-7.381,-0.93,-0.088,1.208,0.024,0,0,0,0,0
2023-10-23 21:00:00,-7.284,-0.902,-0.116,1.208,0.024,0,0,0,0,0
2023-10-23 22:00:00,-7.026,-0.873,-0.116,1.208,0.024,0,0,0,0,0
2023-10-23 23:00:00,-6.706,-0.873,-0.116,1.18,0.024,0,0,0,0,0
2023-10-24 00:00:00,-6.452,-0.845,-0.116,1.18,0.024,0,0,0,0,0
2023-10-24 01:00:00,-6.61,-0.817,-0.116,1.208,0.024,0,0,0,0,0
2023-10-24 02:00:00,-6.834,-0.817,-0.116,1.208,0.024,0,0,0,0,0
2023-10-24 03:00:00,-6.962,-0.817,-0.116,1.208,0.024,0,0,0,0,0
2023-10-24 04:00:00,-6.866,-0.817,-0.116,1.208,0.024,0,0,0,0,0
2023-10-24 05:00:00,-6.674,-0.789,-0.116,1.208,0.024,0,0,0,0,0
2023-10-24 06:00:00,-6.42,-0.789,-0.116,1.18,0.024,0,0,0,0,0
2023-10-24 07:00:00,-6.42,-0.789,-0.116,1.18,0.024,0,0,0,0,0
2023-10-24 08:00:00,-6.231,-0.76,-0.116,1.18,0.024,0,0,0,0,0
2023-10-24 09:00:00,-6.199,-0.76,-0.116,1.18,0.024,0,0,0,0,0
2023-10-24 10:00:00,-6.105,-0.76,-0.116,1.18,0.024,0,0,0,0,0
2023-10-24 11:00:00,-6.01,-0.732,-0.116,1.18,0.024,0,0,0,0,0
2023-10-24 12:00:00,-5.979,-0.732,-0.116,1.18,0.024,0,0,0,0,0
2023-10-24 13:00:00,-5.542,-0.704,-0.116,1.18,0.024,0,0,0,0,0
2023-10-24 14:00:00,-5.542,-0.704,-0.116,1.18,0.024,0,0,0,0,0
2023-10-24 15:00:00,-5.202,-0.704,-0.116,1.18,0.024,0,0,0,0,0
2023-10-24 16:00:00,-4.804,-0.676,-0.116,1.18,0.024,0,0,0,0,0
2023-10-24 17:00:00,-4.743,-0.676,-0.116,1.18,0.024,0,0,0,0,0
2023-10-24 18:00:00,-4.499,-0.648,-0.116,1.18,0.024,0,0,0,0,0
2023-10-24 19:00:00,-3.777,-0.648,-0.116,1.18,0.024,0,0,0,0,0
2023-10-24 20:00:00,-3.035,-0.62,-0.116,1.18,0.024,0,0,0,0,0
2023-10-24 21:00:00,-2.596,-0.591,-0.116,1.18,-0.004,0,0,0,0,0
2023-10-24 22:00:00,-2.508,-0.563,-0.116,1.18,-0.004,0,0,0,0,0
2023-10-24 23:00:00,-2.421,-0.535,-0.116,1.18,-0.004,0,0,0,0,0
2023-10-25 00:00:00,-2.247,-0.535,-0.116,1.18,-0.004,0,0,0,0,0
2023-10-25 01:00:00,-2.683,-0.479,-0.116,1.18,-0.004,0,0,0,0,0
2023-10-25 02:00:00,-3.065,-0.479,-0.116,1.18,0.024,0,0,0,0,0
2023-10-25 03:00:00,-3.271,-0.479,-0.116,1.18,0.024,0,0,0,0,0
2023-10-25 04:00:00,-3.212,-0.451,-0.116,1.18,0.024,0,0,0,0,0
2023-10-25 05:00:00,-3.419,-0.451,-0.116,1.208,0.024,0,0,0,0,0
2023-10-25 06:00:00,-3.627,-0.451,-0.116,1.208,0.024,0,0,0,0,0
2023-10-25 07:00:00,-4.016,-0.451,-0.116,1.208,0.024,0,0,0,0,0
2023-10-25 08:00:00,-4.046,-0.451,-0.116,1.208,0.024,0,0,0,0,0
2023-10-25 09:00:00,-4.016,-0.451,-0.116,1.208,0.024,0,0,0,0,0
2023-10-25 10:00:00,-4.137,-0.479,-0.116,1.208,0.024,0,0,0,0,0
2023-10-25 11:00:00,-4.804,-0.479,-0.116,1.208,0.024,0,0,0,0,0
2023-10-25 12:00:00,-5.791,-0.479,-0.116,1.208,0.024,0,0,0,0,0
2023-10-25 13:00:00,-6.898,-0.507,-0.088,1.235,0.051,0,0,0,0,0
2023-10-25 14:00:00,-7.316,-0.563,-0.116,1.235,0.024,0,0,0,0,0
2023-10-25 15:00:00,-8.53,-0.591,-0.088,1.235,0.051,0,0,0,0,0
2023-10-25 16:00:00,-9.644,-0.648,-0.088,1.235,0.079,0,0,0,0,0
2023-10-25 17:00:00,-11.577,-0.732,-0.088,1.235,0.079,0,0,0,0,0
2023-10-25 18:00:00,-11.686,-0.817,-0.088,1.235,0.079,0,0,0,0,0
2023-10-25 19:00:00,-11.005,-0.93,-0.116,1.235,0.051,0,0,0,0,0
2023-10-25 20:00:00,-9.202,-0.986,-0.088,1.208,0.024,0,0,0,0,0
2023-10-25 21:00:00,-6.515,-1.015,-0.116,1.18,-0.004,0,0,0,0,0
2023-10-25 22:00:00,-3.538,-0.986,-0.116,1.18,-0.032,0,0,0,0,0
2023-10-25 23:00:00,-1.9,-0.958,-0.116,1.18,-0.004,0,0,0,0,0
2023-10-26 00:00:00,-4.499,-0.93,-0.116,1.18,0.024,0,0,0,0,0
2023-10-26 01:00:00,-6.515,-0.902,-0.088,1.208,0.079,0,0,0,0,0
2023-10-26 02:00:00,-9.235,-0.93,-0.088,1.235,0.079,0,0,0,0,0
2023-10-26 03:00:00,-10.092,-1.015,-0.088,1.235,0.079,0,0,0,0,0
2023-10-26 04:00:00,-10.197,-1.1,-0.088,1.235,0.079,0,0,0,0,0
2023-10-26 05:00:00,-11.218,-1.128,-0.088,1.235,0.079,0,0,0,0,0
2023-10-26 06:00:00,-11.686,-1.185,-0.088,1.235,0.079,0,0,0,0,0
2023-10-26 07:00:00,-11.254,-1.27,-0.088,1.235,0.079,0,0,0,0,0
2023-10-26 08:00:00,-12.528,-1.327,-0.088,1.235,0.079,0,0,0,0,0
2023-10-26 09:00:00,-11.361,-1.384,-0.088,1.235,0.079,0,0,0,0,0
2023-10-26 10:00:00,-11.397,-1.441,-0.088,1.208,0.079,0,0,0,0,0
2023-10-26 11:00:00,-11.04,-1.47,-0.088,1.208,0.079,0,0,0,0,0
2023-10-26 12:00:00,-10.581,-1.498,-0.088,1.208,0.079,0,0,0,0,0
2023-10-26 13:00:00,-10.127,-1.498,-0.088,1.208,0.079,0,0,0,0,0
2023-10-26 14:00:00,-9.508,-1.498,-0.116,1.208,0.079,0,0,0,0,0
2023-10-26 15:00:00,-8.932,-1.47,-0.088,1.18,0.051,0,0,0,0,0
2023-10-26 16:00:00,-8.397,-1.413,-0.088,1.18,0.051,0,0,0,0,0
2023-10-26 17:00:00,-7.804,-1.356,-0.116,1.18,0.051,0,0,0,0,0
2023-10-26 18:00:00,-7.771,-1.27,-0.116,1.18,0.051,0,0,0,0,0
2023-10-26 19:00:00,-7.058,-1.242,-0.116,1.18,0.051,0,0,0,0,0
2023-10-26 20:00:00,-6.294,-1.185,-0.116,1.18,0.024,0,0,0,0,0
2023-10-26 21:00:00,-5.511,-1.1,-0.116,1.18,0.024,0,0,0,0,0
2023-10-26 22:00:00,-4.621,-1.043,-0.116,1.18,0.024,0,0,0,0,0
2023-10-26 23:00:00,-3.183,-0.986,-0.116,1.153,0.024,0,0,0,0,0
2023-10-27 00:00:00,-3.035,-0.93,-0.116,1.153,0.024,0,0,0,0,0
2023-10-27 01:00:00,-3.065,-0.845,-0.116,1.153,0.024,0,0,0,0,0
2023-10-27 02:00:00,-3.956,-0.817,-0.116,1.18,0.051,0,0,0,0,0
2023-10-27 03:00:00,-4.773,-0.76,-0.116,1.18,0.051,0,0,0,0,0
2023-10-27 04:00:00,-4.712,-0.76,-0.116,1.18,0.024,0,0,0,0,0
2023-10-27 05:00:00,-5.172,-0.76,-0.116,1.18,0.051,0,0,0,0,0
2023-10-27 06:00:00,-6.042,-0.76,-0.116,1.18,0.051,0,0,0,0,0
2023-10-27 07:00:00,-7.284,-0.789,-0.116,1.18,0.051,0,0,0,0,0
2023-10-27 08:00:00,-8.497,-0.817,-0.088,1.208,0.079,0,0,0,0,0
2023-10-27 09:00:00,-9.782,-0.902,-0.088,1.208,0.079,0,0,0,0,0
2023-10-27 10:00:00,-10.722,-0.986,-0.088,1.208,0.079,0,0,0,0,0
2023-10-27 11:00:00,-12.751,-1.1,-0.088,1.208,0.107,0,0,0,0,0
2023-10-27 12:00:00,-12.676,-1.213,-0.088,1.208,0.107,0,0,0,0,0
2023-10-27 13:00:00,-14.314,-1.327,-0.088,1.208,0.107,0,0,0,0,0
2023-10-27 14:00:00,-13.05,-1.413,-0.088,1.208,0.079,0,0,0,0,0
2023-10-27 15:00:00,-12.417,-1.47,-0.088,1.208,0.079,0,0,0,0,0
2023-10-27 16:00:00,-11.541,-1.498,-0.088,1.18,0.079,0,0,0,0,0
2023-10-27 17:00:00,-10.722,-1.498,-0.088,1.18,0.079,0,0,0,0,0
2023-10-27 18:00:00,-10.476,-1.47,-0.088,1.18,0.079,0,0,0,0,0
2023-10-27 19:00:00,-11.04,-1.441,-0.088,1.18,0.079,0,0,0,0,0
2023-10-27 20:00:00,-10.722,-1.441,-0.088,1.18,0.079,0,0,0,0,0
2023-10-27 21:00:00,-9.303,-1.441,-0.116,1.18,0.051,0,0,0,0,0
2023-10-27 22:00:00,-7.935,-1.413,-0.116,1.18,0.051,0,0,0,0,0
2023-10-27 23:00:00,-6.706,-1.356,-0.116,1.18,0.051,0,0,0,0,0
2023-10-28 00:00:00,-6.452,-1.27,-0.116,1.18,0.024,0,0,0,0,0
2023-10-28 01:00:00,-7.284,-1.242,-0.116,1.18,0.051,0,0,0,0,0
2023-10-28 02:00:00,-8.165,-1.213,-0.116,1.18,0.079,0,0,0,0,0
2023-10-28 03:00:00,-8.132,-1.242,-0.116,1.18,0.051,0,0,0,0,0
2023-10-28 04:00:00,-6.388,-1.242,-0.116,1.18,0.051,0,0,0,0,0
2023-10-28 05:00:00,-8.033,-1.213,-0.116,1.18,0.051,0,0,0,0,0
2023-10-28 06:00:00,-8.563,-1.213,-0.088,1.18,0.079,0,0,0,0,0
2023-10-28 07:00:00,-7.445,-1.213,-0.116,1.18,0.051,0,0,0,0,0
2023-10-28 08:00:00,-6.994,-1.185,-0.116,1.18,0.051,0,0,0,0,0
2023-10-28 09:00:00,-6.168,-1.157,-0.116,1.18,0.051,0,0,0,0,0
2023-10-28 10:00:00,-5.667,-1.1,-0.116,1.18,0.051,0,0,0,0,0
2023-10-28 11:00:00,-4.773,-1.043,-0.116,1.153,0.024,0,0,0,0,0
2023-10-28 12:00:00,-5.948,-1.015,-0.116,1.18,0.051,0,0,0,0,0
2023-10-28 13:00:00,-6.77,-0.986,-0.116,1.18,0.051,0,0,0,0,0
2023-10-28 14:00:00,-7.284,-0.986,-0.116,1.18,0.051,0,0,0,0,0
2023-10-28 15:00:00,-7.706,-0.986,-0.116,1.18,0.051,0,0,0,0,0
2023-10-28 16:00:00,-7.316,-1.043,-0.116,1.18,0.051,0,0,0,0,0
2023-10-28 17:00:00,-7.026,-1.043,-0.116,1.153,0.051,0,0,0,0,0
2023-10-28 18:00:00,-6.898,-1.071,-0.116,1.18,0.051,0,0,0,0,0
2023-10-28 19:00:00,-6.77,-1.071,-0.116,1.153,0.051,0,0,0,0,0
2023-10-28 20:00:00,-5.574,-1.071,-0.116,1.153,0.024,0,0,0,0,0
2023-10-28 21:00:00,-3.006,-1.043,-0.116,1.126,-0.004,0,0,0,0,0
2023-10-28 22:00:00,-1.071,-0.986,-0.116,1.126,-0.004,0,0,0,0,0
2023-10-28 23:00:00,-1.242,-0.93,-0.116,1.126,0.024,0,0,0,0,0
2023-10-29 00:00:00,-1.584,-0.845,-0.116,1.126,0.024,0,0,0,0,0
2023-10-29 01:00:00,-1.185,-0.789,-0.116,1.126,0.024,0,0,0,0,0
2023-10-29 02:00:00,-2.218,-0.732,-0.116,1.126,0.024,0,0,0,0,0
2023-10-29 03:00:00,-3.065,-0.704,-0.116,1.153,0.024,0,0,0,0,0
2023-10-29 04:00:00,-3.36,-0.676,-0.116,1.126,0.024,0,0,0,0,0
2023-10-29 05:00:00,-4.046,-0.676,-0.116,1.153,0.024,0,0,0,0,0
2023-10-29 06:00:00,-3.717,-0.676,-0.116,1.126,0.024,0,0,0,0,0
2023-10-29 07:00:00,-3.777,-0.676,-0.116,1.126,0.024,0,0,0,0,0
2023-10-29 08:00:00,-3.747,-0.676,-0.116,1.126,0.024,0,0,0,0,0
2023-10-29 09:00:00,-4.743,-0.648,-0.116,1.153,0.024,0,0,0,0,0
2023-10-29 10:00:00,-5.418,-0.676,-0.116,1.153,0.051,0,0,0,0,0
2023-10-29 11:00:00,-6.105,-0.732,-0.116,1.153,0.051,0,0,0,0,0
2023-10-29 12:00:00,-6.579,-0.817,-0.116,1.153,0.051,0,0,0,0,0
2023-10-29 13:00:00,-6.168,-0.873,-0.088,1.153,0.051,0,0,0,0,0
2023-10-29 14:00:00,-7.413,-0.902,-0.116,1.153,0.079,0,0,0,0,0
2023-10-29 15:00:00,-7.284,-0.986,-0.116,1.153,0.051,0,0,0,0,0
2023-10-29 16:00:00,-9.576,-1.015,-0.088,1.18,0.079,0,0,0,0,0
2023-10-29 17:00:00,-8.764,-1.1,-0.116,1.153,0.079,0,0,0,0,0
2023-10-29 18:00:00,-9.235,-1.213,-0.116,1.153,0.079,0,0,0,0,0
2023-10-29 19:00:00,-8.764,-1.27,-0.116,1.153,0.051,0,0,0,0,0
2023-10-29 20:00:00,-7.836,-1.27,-0.116,1.126,0.051,0,0,0,0,0
2023-10-29 21:00:00,-5.729,-1.242,-0.116,1.126,0.024,0,0,0,0,0
2023-10-29 22:00:00,-4.59,-1.185,-0.116,1.126,0.024,0,0,0,0,0
2023-10-29 23:00:00,-3.153,-1.128,-0.116,1.126,0.024,0,0,0,0,0
2023-10-30 00:00:00,-3.419,-1.043,-0.116,1.126,0.024,0,0,0,0,0
2023-10-30 01:00:00,-3.419,-0.958,-0.116,1.126,0.024,0,0,0,0,0
2023-10-30 02:00:00,-3.124,-0.902,-0.116,1.126,0.024,0,0,0,0,0
2023-10-30 03:00:00,-3.242,-0.845,-0.116,1.126,0.024,0,0,0,0,0
2023-10-30 04:00:00,-2.947,-0.817,-0.116,1.099,0.024,0,0,0,0,0
2023-10-30 05:00:00,-2.771,-0.76,-0.116,1.099,0.024,0,0,0,0,0
2023-10-30 06:00:00,-2.189,-0.732,-0.116,1.099,0.024,0,0,0,0,0
2023-10-30 07:00:00,-2.044,-0.676,-0.116,1.099,0.024,0,0,0,0,0
2023-10-30 08:00:00,-1.871,-0.648,-0.116,1.099,0.024,0,0,0,0,0
2023-10-30 09:00:00,-1.842,-0.591,-0.116,1.099,0.024,0,0,0,0,0
2023-10-30 10:00:00,-2.102,-0.591,-0.116,1.099,0.024,0,0,0,0,0
2023-10-30 11:00:00,-2.247,-0.563,-0.116,1.099,0.024,0,0,0,0,0
2023-10-30 12:00:00,-2.334,-0.535,-0.116,1.126,0.024,0,0,0,0,0
2023-10-30 13:00:00,-2.479,-0.507,-0.116,1.099,0.024,0,0,0,0,0
2023-10-30 14:00:00,-2.537,-0.479,-0.116,1.126,0.024,0,0,0,0,0
2023-10-30 15:00:00,-2.363,-0.479,-0.116,1.099,0.024,0,0,0,0,0
2023-10-30 16:00:00,-2.218,-0.451,-0.116,1.099,0.024,0,0,0,0,0
2023-10-30 17:00:00,-2.683,-0.451,-0.116,1.099,0.024,0,0,0,0,0
2023-10-30 18:00:00,-2.947,-0.423,-0.116,1.126,0.024,0,0,0,0,0
2023-10-30 19:00:00,-3.006,-0.423,-0.116,1.126,0.024,0,0,0,0,0
2023-10-30 20:00:00,-1.871,-0.423,-0.116,1.099,0.024,0,0,0,0,0
2023-10-30 21:00:00,-0.873,-0.423,-0.116,1.099,-0.004,0,0,0,0,0
2023-10-30 22:00:00,-0.311,-0.367,-0.116,1.099,-0.004,0,0,0,0,0
2023-10-30 23:00:00,-0.116,-0.367,-0.116,1.099,-0.004,0,0,0,0,0
2023-10-31 00:00:00,-0.116,-0.367,-0.116,1.099,-0.004,0,0,0,0,0
2023-10-31 01:00:00,-1.015,-0.367,-0.116,1.126,0.024,0,0,0,0,0
2023-10-31 02:00:00,-1.356,-0.339,-0.116,1.126,0.024,0,0,0,0,0
2023-10-31 03:00:00,-2.771,-0.339,-0.116,1.126,0.024,0,0,0,0,0
2023-10-31 04:00:00,-3.212,-0.339,-0.116,1.126,0.024,0,0,0,0,0
2023-10-31 05:00:00,-3.124,-0.339,-0.116,1.126,0.024,0,0,0,0,0
2023-10-31 06:00:00,-2.859,-0.367,-0.116,1.126,0.024,0,0,0,0,0
2023-10-31 07:00:00,-1.613,-0.367,-0.116,1.126,0.024,0,0,0,0,0
2023-10-31 08:00:00,-1.727,-0.367,-0.116,1.126,-0.004,0,0,0,0,0
2023-10-31 09:00:00,-1.356,-0.367,-0.116,1.126,-0.004,0,0,0,0,0
2023-10-31 10:00:00,-1.185,-0.367,-0.116,1.126,-0.004,0,0,0,0,0
2023-10-31 11:00:00,-1.498,-0.367,-0.116,1.126,0.024,0,0,0,0,0
2023-10-31 12:00:00,-1.785,-0.367,-0.116,1.126,0.024,0,0,0,0,0
2023-10-31 13:00:00,-1.27,-0.367,-0.116,1.126,0.024,0,0,0,0,0
2023-10-31 14:00:00,-1.27,-0.367,-0.116,1.126,0.024,0,0,0,0,0
2023-10-31 15:00:00,-1.441,-0.367,-0.116,1.126,-0.004,0,0,0,0,0
2023-10-31 16:00:00,-1.327,-0.367,-0.116,1.126,-0.004,0,0,0,0,0
2023-10-31 17:00:00,-1.556,-0.339,-0.116,1.126,-0.004,0,0,0,0,0
2023-10-31 18:00:00,-1.556,-0.339,-0.116,1.126,-0.004,0,0,0,0,0
2023-10-31 19:00:00,-1.441,-0.339,-0.116,1.099,-0.004,0,0,0,0,0
2023-10-31 20:00:00,-1.128,-0.311,-0.116,1.099,-0.004,0,0,0,0,0
2023-10-31 21:00:00,-0.76,-0.311,-0.116,1.099,-0.004,0,0,0,0,0
2023-10-31 22:00:00,-0.143,-0.311,-0.116,1.099,-0.004,0,0,0,0,0
2023-10-31 23:00:00,0.024,-0.311,-0.116,1.099,-0.004,0,0,0,0,0
2023-11-01 00:00:00,-0.06,-0.283,-0.116,1.099,-0.004,0,0,0,0,0
2023-11-01 01:00:00,-0.227,-0.283,-0.116,1.126,-0.004,0,0,0,0,0
2023-11-01 02:00:00,-0.367,-0.255,-0.116,1.099,-0.004,0,0,0,0,0
2023-11-01 03:00:00,-0.648,-0.255,-0.116,1.099,-0.004,0,0,0,0,0
2023-11-01 04:00:00,-0.93,-0.255,-0.116,1.126,-0.004,0,0,0,0,0
2023-11-01 05:00:00,-0.958,-0.255,-0.116,1.126,-0.004,0,0,0,0,0
2023-11-01 06:00:00,-0.93,-0.255,-0.116,1.126,-0.004,0,0,0,0,0
2023-11-01 07:00:00,-1.213,-0.227,-0.116,1.126,-0.004,0,0,0,0,0
2023-11-01 08:00:00,-1.413,-0.227,-0.116,1.126,0.024,0,0,0,0,0
2023-11-01 09:00:00,-1.527,-0.227,-0.116,1.126,-0.004,0,0,0,0,0
2023-11-01 10:00:00,-1.498,-0.227,-0.116,1.126,-0.004,0,0,0,0,0
2023-11-01 11:00:00,-1.498,-0.227,-0.116,1.126,-0.004,0,0,0,0,0
2023-11-01 12:00:00,-1.613,-0.227,-0.116,1.126,-0.004,0,0,0,0,0
2023-11-01 13:00:00,-1.727,-0.227,-0.116,1.126,0.024,0,0,0,0,0
2023-11-01 14:00:00,-1.871,-0.227,-0.116,1.126,0.024,0,0,0,0,0
2023-11-01 15:00:00,-1.986,-0.227,-0.116,1.126,0.024,0,0,0,0,0
2023-11-01 16:00:00,-2.131,-0.227,-0.116,1.126,-0.004,0,0,0,0,0
2023-11-01 17:00:00,-2.189,-0.227,-0.116,1.126,-0.004,0,0,0,0,0
2023-11-01 18:00:00,-2.189,-0.227,-0.116,1.099,-0.004,0,0,0,0,0
2023-11-01 19:00:00,-2.131,-0.227,-0.116,1.126,-0.004,0,0,0,0,0
2023-11-01 20:00:00,-1.842,-0.227,-0.116,1.099,-0.004,0,0,0,0,0
2023-11-01 21:00:00,-1.785,-0.227,-0.116,1.099,-0.004,0,0,0,0,0
2023-11-01 22:00:00,-1.727,-0.227,-0.116,1.099,-0.004,0,0,0,0,0
2023-11-01 23:00:00,-1.67,-0.227,-0.116,1.099,-0.004,0,0,0,0,0
2023-11-02 00:00:00,-2.073,-0.199,-0.116,1.099,-0.004,0,0,0,0,0
2023-11-02 01:00:00,-2.712,-0.199,-0.116,1.126,0.024,0,0,0,0,0
2023-11-02 02:00:00,-3.538,-0.199,-0.116,1.126,0.024,0,0,0,0,0
2023-11-02 03:00:00,-6.168,-0.199,-0.088,1.153,0.051,0,0,0,0,0
2023-11-02 04:00:00,-5.48,-0.199,-0.116,1.126,0.024,0,0,0,0,0
2023-11-02 05:00:00,-4.318,-0.227,-0.116,1.126,0.024,0,0,0,0,0
2023-11-02 06:00:00,-6.294,-0.227,-0.116,1.126,0.024,0,0,0,0,0
2023-11-02 07:00:00,-8.033,-0.227,-0.088,1.153,0.051,0,0,0,0,0
2023-11-02 08:00:00,-10.511,-0.255,-0.088,1.18,0.079,0,0,0,0,0
2023-11-02 09:00:00,-11.976,-0.255,-0.088,1.18,0.079,0,0,0,0,0
2023-11-02 10:00:00,-11.613,-0.311,-0.088,1.18,0.079,0,0,0,0,0
2023-11-02 11:00:00,-9.816,-0.367,-0.088,1.153,0.051,0,0,0,0,0
2023-11-02 12:00:00,-12.528,-0.423,-0.088,1.18,0.079,0,0,0,0,0
2023-11-02 13:00:00,-13.619,-0.479,-0.088,1.18,0.107,0,0,0,0,0
2023-11-02 14:00:00,-13.926,-0.535,-0.088,1.18,0.079,0,0,0,0,0
2023-11-02 15:00:00,-14.589,-0.591,-0.088,1.18,0.107,0,0,0,0,0
2023-11-02 16:00:00,-16.037,-0.676,-0.088,1.18,0.107,0,0,0,0,0
2023-11-02 17:00:00,-15.669,-0.76,-0.088,1.18,0.107,0,0,0,0,0
2023-11-02 18:00:00,-16.119,-0.817,-0.088,1.18,0.107,0,0,0,0,0
2023-11-02 19:00:00,-17.082,-0.902,-0.088,1.18,0.079,0,0,0,0,0
2023-11-02 20:00:00,-14.707,-1.015,-0.088,1.18,0.051,0,0,0,0,0
2023-11-02 21:00:00,-10.792,-1.043,-0.116,1.153,0.024,0,0,0,0,0
2023-11-02 22:00:00,-9.473,-1.1,-0.116,1.126,-0.004,0,0,0,0,0
2023-11-02 23:00:00,-8.53,-1.1,-0.116,1.126,0.024,0,0,0,0,0
2023-11-03 00:00:00,-8.898,-1.1,-0.088,1.153,0.051,0,0,0,0,0
2023-11-03 01:00:00,-11.111,-1.1,-0.088,1.18,0.079,0,0,0,0,0
2023-11-03 02:00:00,-11.867,-1.1,-0.088,1.18,0.079,0,0,0,0,0
2023-11-03 03:00:00,-11.686,-1.128,-0.088,1.18,0.079,0,0,0,0,0
2023-11-03 04:00:00,-12.086,-1.128,-0.088,1.18,0.079,0,0,0,0,0
2023-11-03 05:00:00,-12.565,-1.157,-0.088,1.18,0.079,0,0,0,0,0
2023-11-03 06:00:00,-13.277,-1.157,-0.088,1.18,0.079,0,0,0,0,0
2023-11-03 07:00:00,-13.428,-1.213,-0.088,1.18,0.079,0,0,0,0,0
2023-11-03 08:00:00,-13.315,-1.213,-0.088,1.18,0.079,0,0,0,0,0
2023-11-03 09:00:00,-13.163,-1.27,-0.088,1.18,0.079,0,0,0,0,0
2023-11-03 10:00:00,-11.613,-1.27,-0.088,1.18,0.079,0,0,0,0,0
2023-11-03 11:00:00,-9.851,-1.299,-0.116,1.153,0.051,0,0,0,0,0
2023-11-03 12:00:00,-9.168,-1.327,-0.116,1.153,0.051,0,0,0,0,0
2023-11-03 13:00:00,-9.713,-1.327,-0.116,1.153,0.051,0,0,0,0,0
2023-11-03 14:00:00,-9.782,-1.327,-0.116,1.153,0.051,0,0,0,0,0
2023-11-03 15:00:00,-9.713,-1.327,-0.116,1.153,0.051,0,0,0,0,0
2023-11-03 16:00:00,-9.919,-1.356,-0.116,1.153,0.051,0,0,0,0,0
2023-11-03 17:00:00,-9.473,-1.413,-0.116,1.153,0.051,0,0,0,0,0
2023-11-03 18:00:00,-9.851,-1.441,-0.116,1.153,0.051,0,0,0,0,0
2023-11-03 19:00:00,-9.033,-1.441,-0.116,1.126,0.051,0,0,0,0,0
2023-11-03 20:00:00,-8.597,-1.413,-0.116,1.126,0.051,0,0,0,0,0
2023-11-03 21:00:00,-8.165,-1.413,-0.116,1.126,0.024,0,0,0,0,0
2023-11-03 22:00:00,-7.902,-1.413,-0.116,1.126,0.024,0,0,0,0,0
2023-11-03 23:00:00,-7.902,-1.413,-0.116,1.126,0.024,0,0,0,0,0
2023-11-04 00:00:00,-8.297,-1.384,-0.116,1.126,0.051,0,0,0,0,0
2023-11-04 01:00:00,-8.797,-1.441,-0.116,1.126,0.051,0,0,0,0,0
2023-11-04 02:00:00,-9.371,-1.498,-0.116,1.126,0.051,0,0,0,0,0
2023-11-04 03:00:00,-9.61,-1.498,-0.116,1.153,0.051,0,0,0,0,0
2023-11-04 04:00:00,-10.162,-1.498,-0.088,1.153,0.051,0,0,0,0,0
2023-11-04 05:00:00,-10.686,-1.527,-0.116,1.153,0.051,0,0,0,0,0
2023-11-04 06:00:00,-10.863,-1.584,-0.116,1.153,0.079,0,0,0,0,0
2023-11-04 07:00:00,-11.254,-1.613,-0.116,1.153,0.051,0,0,0,0,0
2023-11-04 08:00:00,-11.183,-1.67,-0.116,1.153,0.051,0,0,0,0,0
2023-11-04 09:00:00,-11.111,-1.641,-0.116,1.126,0.051,0,0,0,0,0
2023-11-04 10:00:00,-11.254,-1.584,-0.116,1.126,0.051,0,0,0,0,0
2023-11-04 11:00:00,-10.969,-1.556,-0.116,1.126,0.051,0,0,0,0,0
2023-11-04 12:00:00,-10.686,-1.613,-0.116,1.126,0.051,0,0,0,0,0
2023-11-04 13:00:00,-10.441,-1.584,-0.116,1.126,0.051,0,0,0,0,0
2023-11-04 14:00:00,-10.511,-1.584,-0.116,1.126,0.051,0,0,0,0,0
2023-11-04 15:00:00,-10.969,-1.584,-0.116,1.126,0.051,0,0,0,0,0
2023-11-04 16:00:00,-10.792,-1.584,-0.116,1.126,0.051,0,0,0,0,0
2023-11-04 17:00:00,-10.757,-1.584,-0.116,1.126,0.051,0,0,0,0,0
2023-11-04 18:00:00,-10.371,-1.613,-0.116,1.126,0.051,0,0,0,0,0
2023-11-04 19:00:00,-9.989,-1.613,-0.116,1.099,0.051,0,0,0,0,0
2023-11-04 20:00:00,-9.851,-1.584,-0.116,1.099,0.051,0,0,0,0,0
2023-11-04 21:00:00,-9.644,-1.556,-0.116,1.099,0.024,0,0,0,0,0
2023-11-04 22:00:00,-10.197,-1.498,-0.116,1.099,0.051,0,0,0,0,0
2023-11-04 23:00:00,-9.989,-1.441,-0.116,1.099,0.051,0,0,0,0,0
2023-11-05 00:00:00,-10.197,-1.441,-0.116,1.099,0.051,0,0,0,0,0
2023-11-05 01:00:00,-10.197,-1.413,-0.116,1.099,0.051,0,0,0,0,0
2023-11-05 02:00:00,-10.546,-1.384,-0.116,1.099,0.051,0,0,0,0,0
2023-11-05 03:00:00,-10.792,-1.384,-0.116,1.099,0.051,0,0,0,0,0
2023-11-05 04:00:00,-11.397,-1.384,-0.116,1.099,0.051,0,0,0,0,0
2023-11-05 05:00:00,-11.218,-1.384,-0.116,1.099,0.051,0,0,0,0,0
2023-11-05 06:00:00,-11.361,-1.384,-0.116,1.099,0.051,0,0,0,0,0
2023-11-05 07:00:00,-10.969,-1.413,-0.116,1.099,0.051,0,0,0,0,0
2023-11-05 08:00:00,-10.757,-1.441,-0.116,1.099,0.051,0,0,0,0,0
2023-11-05 09:00:00,-10.546,-1.441,-0.116,1.099,0.051,0,0,0,0,0
2023-11-05 10:00:00,-10.231,-1.47,-0.116,1.071,0.051,0,0,0,0,0
2023-11-05 11:00:00,-10.127,-1.47,-0.116,1.071,0.051,0,0,0,0,0
2023-11-05 12:00:00,-9.954,-1.47,-0.116,1.071,0.051,0,0,0,0,0
2023-11-05 13:00:00,-9.851,-1.47,-0.116,1.071,0.051,0,0,0,0,0
2023-11-05 14:00:00,-9.168,-1.441,-0.116,1.071,0.051,0,0,0,0,0
2023-11-05 15:00:00,-8.965,-1.441,-0.116,1.071,0.051,0,0,0,0,0
2023-11-05 16:00:00,-8.797,-1.441,-0.116,1.044,0.051,0,0,0,0,0
2023-11-05 17:00:00,-8.831,-1.413,-0.116,1.044,0.024,0,0,0,0,0
2023-11-05 18:00:00,-8.066,-1.413,-0.116,1.044,0.024,0,0,0,0,0
2023-11-05 19:00:00,-7.706,-1.384,-0.116,1.044,0.024,0,0,0,0,0
2023-11-05 20:00:00,-6.802,-1.356,-0.116,1.044,0.024,0,0,0,0,0
2023-11-05 21:00:00,-6.802,-1.384,-0.116,1.044,0.024,0,0,0,0,0
2023-11-05 22:00:00,-7.575,-1.413,-0.116,1.044,0.024,0,0,0,0,0
2023-11-05 23:00:00,-6.61,-1.384,-0.116,1.044,0.024,0,0,0,0,0
2023-11-06 00:00:00,-6.834,-1.356,-0.116,1.017,0.024,0,0,0,0,0
2023-11-06 01:00:00,-7.445,-1.27,-0.116,1.044,0.051,0,0,0,0,0
2023-11-06 02:00:00,-7.673,-1.213,-0.116,1.044,0.024,0,0,0,0,0
2023-11-06 03:00:00,-7.836,-1.157,-0.116,1.044,0.024,0,0,0,0,0
2023-11-06 04:00:00,-7.771,-1.128,-0.116,1.044,0.024,0,0,0,0,0
2023-11-06 05:00:00,-7.836,-1.1,-0.116,1.044,0.051,0,0,0,0,0
2023-11-06 06:00:00,-8,-1.043,-0.116,1.044,0.024,0,0,0,0,0
2023-11-06 07:00:00,-8.397,-1.015,-0.116,1.044,0.024,0,0,0,0,0
2023-11-06 08:00:00,-8.497,-0.986,-0.116,1.044,0.051,0,0,0,0,0
2023-11-06 09:00:00,-8.597,-0.986,-0.116,1.044,0.024,0,0,0,0,0
2023-11-06 10:00:00,-8.831,-0.958,-0.116,1.044,0.051,0,0,0,0,0
2023-11-06 11:00:00,-8.898,-0.93,-0.116,1.044,0.051,0,0,0,0,0
2023-11-06 12:00:00,-9.134,-0.93,-0.116,1.044,0.051,0,0,0,0,0
2023-11-06 13:00:00,-10.301,-0.902,-0.116,1.044,0.051,0,0,0,0,0
2023-11-06 14:00:00,-9.989,-0.873,-0.116,1.044,0.051,0,0,0,0,0
2023-11-06 15:00:00,-9.851,-0.873,-0.116,1.044,0.051,0,0,0,0,0
2023-11-06 16:00:00,-10.023,-0.873,-0.116,1.044,0.051,0,0,0,0,0
2023-11-06 17:00:00,-9.885,-0.845,-0.116,1.044,0.051,0,0,0,0,0
2023-11-06 18:00:00,-9.989,-0.845,-0.116,1.044,0.051,0,0,0,0,0
2023-11-06 19:00:00,-9.644,-0.817,-0.116,1.044,0.051,0,0,0,0,0
2023-11-06 20:00:00,-8.999,-0.817,-0.116,1.044,0.024,0,0,0,0,0
2023-11-06 21:00:00,-8.597,-0.817,-0.116,1.017,0.024,0,0,0,0,0
2023-11-06 22:00:00,-8.231,-0.817,-0.116,1.017,0.024,0,0,0,0,0
2023-11-06 23:00:00,-8.264,-0.789,-0.116,1.017,0.024,0,0,0,0,0
2023-11-07 00:00:00,-8.231,-0.789,-0.116,1.044,0.024,0,0,0,0,0
2023-11-07 01:00:00,-8.563,-0.76,-0.116,1.044,0.024,0,0,0,0,0
2023-11-07 02:00:00,-9.235,-0.76,-0.116,1.044,0.051,0,0,0,0,0
2023-11-07 03:00:00,-10.371,-0.732,-0.116,1.044,0.051,0,0,0,0,0
2023-11-07 04:00:00,-10.546,-0.732,-0.116,1.044,0.051,0,0,0,0,0
2023-11-07 05:00:00,-10.197,-0.732,-0.116,1.044,0.051,0,0,0,0,0
2023-11-07 06:00:00,-10.058,-0.732,-0.116,1.044,0.051,0,0,0,0,0
2023-11-07 07:00:00,-9.954,-0.732,-0.116,1.044,0.051,0,0,0,0,0
2023-11-07 08:00:00,-10.336,-0.732,-0.116,1.044,0.051,0,0,0,0,0
2023-11-07 09:00:00,-10.197,-0.732,-0.116,1.044,0.051,0,0,0,0,0
2023-11-07 10:00:00,-11.254,-0.732,-0.116,1.044,0.079,0,0,0,0,0
2023-11-07 11:00:00,-12.491,-0.732,-0.088,1.071,0.079,0,0,0,0,0
2023-11-07 12:00:00,-16.326,-0.732,-0.088,1.071,0.107,0,0,0,0,0
2023-11-07 13:00:00,-15.104,-0.76,-0.088,1.071,0.107,0,0,0,0,0
2023-11-07 14:00:00,-15.669,-0.817,-0.088,1.071,0.107,0,0,0,0,0
2023-11-07 15:00:00,-15.832,-0.873,-0.088,1.071,0.079,0,0,0,0,0
2023-11-07 16:00:00,-17.77,-0.902,-0.088,1.099,0.107,0,0,0,0,0
2023-11-07 17:00:00,-18.164,-0.958,-0.088,1.099,0.107,0,0,0,0,0
2023-11-07 18:00:00,-20.026,-1.043,-0.088,1.099,0.107,0,0,0,0,0
2023-11-07 19:00:00,-19.654,-1.1,-0.088,1.099,0.107,0,0,0,0,0
2023-11-07 20:00:00,-19.561,-1.185,-0.088,1.099,0.107,0,0,0,0,0
2023-11-07 21:00:00,-16.66,-1.242,-0.088,1.071,0.079,0,0,0,0,0
2023-11-07 22:00:00,-13.696,-1.27,-0.116,1.044,0.051,0,0,0,0,0
2023-11-07 23:00:00,-12.306,-1.27,-0.116,1.044,0.051,0,0,0,0,0
2023-11-08 00:00:00,-11.577,-1.27,-0.116,1.044,0.051,0,0,0,0,0
2023-11-08 01:00:00,-10.898,-1.242,-0.116,1.044,0.051,0,0,0,0,0
2023-11-08 02:00:00,-10.651,-1.213,-0.116,1.044,0.051,0,0,0,0,0
2023-11-08 03:00:00,-10.546,-1.157,-0.116,1.044,0.051,0,0,0,0,0
2023-11-08 04:00:00,-9.303,-1.157,-0.116,1.017,0.051,0,0,0,0,0
2023-11-08 05:00:00,-8.831,-1.1,-0.116,1.044,0.024,0,0,0,0,0
2023-11-08 06:00:00,-9.168,-1.071,-0.116,1.044,0.051,0,0,0,0,0
2023-11-08 07:00:00,-8.697,-1.043,-0.116,1.044,0.051,0,0,0,0,0
2023-11-08 08:00:00,-8.831,-0.986,-0.116,1.044,0.051,0,0,0,0,0
2023-11-08 09:00:00,-10.231,-0.986,-0.088,1.071,0.051,0,0,0,0,0
2023-11-08 10:00:00,-11.04,-0.958,-0.116,1.071,0.079,0,0,0,0,0
2023-11-08 11:00:00,-8.999,-0.958,-0.116,1.044,0.051,0,0,0,0,0
2023-11-08 12:00:00,-9.576,-0.958,-0.116,1.044,0.051,0,0,0,0,0
2023-11-08 13:00:00,-12.013,-0.958,-0.116,1.071,0.079,0,0,0,0,0
2023-11-08 14:00:00,-14.314,-0.958,-0.088,1.071,0.079,1,0,0,0,0
2023-11-08 15:00:00,-6.77,-1.015,-0.116,1.017,0.024,1,0,0,0,0
2023-11-08 16:00:00,-6.61,-1.043,-0.116,1.017,0.024,0,0,0,0,0
2023-11-08 17:00:00,-6.325,-1.043,-0.116,1.017,0.024,0,0,0,0,0
2023-11-08 18:00:00,-5.854,-1.015,-0.116,1.017,0.024,0,0,0,0,0
2023-11-08 19:00:00,-5.605,-1.043,-0.116,1.017,0.024,0,0,0,0,0
2023-11-08 20:00:00,-4.987,-1.043,-0.116,1.017,0.024,0,0,0,0,0
2023-11-08 21:00:00,-4.318,-1.043,-0.116,1.017,0.024,0,0,0,0,0
2023-11-08 22:00:00,-4.499,-1.043,-0.116,1.017,0.024,0,0,0,0,0
2023-11-08 23:00:00,-4.257,-1.1,-0.116,1.017,0.024,0,0,0,0,0
2023-11-09 00:00:00,-4.651,-1.1,-0.116,1.017,0.024,0,0,0,0,0
2023-11-09 01:00:00,-4.227,-1.043,-0.116,1.017,0.024,0,0,0,0,0
2023-11-09 02:00:00,-4.016,-1.015,-0.116,1.017,0.024,0,0,0,0,0
2023-11-09 03:00:00,-4.378,-1.015,-0.116,1.017,0.024,0,0,0,0,0
2023-11-09 04:00:00,-3.717,-1.043,-0.116,1.017,0.024,0,0,0,0,0
2023-11-09 05:00:00,-3.449,-1.043,-0.116,1.017,0.024,0,0,0,0,0
2023-11-09 06:00:00,-3.36,-0.986,-0.116,1.017,-0.004,0,0,0,0,0
2023-11-09 07:00:00,-2.683,-0.958,-0.116,1.017,0.024,0,0,0,0,0
2023-11-09 08:00:00,-2.247,-0.958,-0.116,1.017,-0.004,0,0,0,0,0
2023-11-09 09:00:00,-2.712,-0.986,-0.116,1.017,0.024,0,0,0,0,0
2023-11-09 10:00:00,-2.363,-0.958,-0.116,1.017,-0.004,0,0,0,0,0
2023-11-09 11:00:00,-2.596,-0.93,-0.116,1.017,0.024,0,0,0,0,0
2023-11-09 12:00:00,-2.742,-0.873,-0.116,1.017,-0.004,0,0,0,0,0
2023-11-09 13:00:00,-2.392,-0.873,-0.116,0.989,0.024,0,0,0,0,0
2023-11-09 14:00:00,-1.814,-0.817,-0.116,0.989,-0.004,0,0,0,0,0
2023-11-09 15:00:00,-1.128,-0.817,-0.116,0.989,-0.004,0,0,0,0,0
2023-11-09 16:00:00,-1.9,-0.817,-0.116,1.017,-0.004,0,0,0,0,0
2023-11-09 17:00:00,-1.929,-0.817,-0.116,0.989,-0.004,0,0,0,0,0
2023-11-09 18:00:00,-1.641,-0.789,-0.116,0.989,-0.004,0,0,0,0,0
2023-11-09 19:00:00,-1.67,-0.76,-0.116,1.017,-0.004,0,0,0,0,0
2023-11-09 20:00:00,-2.015,-0.76,-0.116,0.989,-0.004,0,0,0,0,0
2023-11-09 21:00:00,-2.131,-0.732,-0.116,0.989,-0.004,0,0,0,0,0
2023-11-09 22:00:00,-1.958,-0.704,-0.116,0.989,-0.004,0,0,0,0,0
2023-11-09 23:00:00,-2.073,-0.704,-0.116,0.989,-0.004,0,0,0,0,0
2023-11-10 00:00:00,-2.305,-0.732,-0.116,0.989,-0.004,0,0,0,0,0
2023-11-10 01:00:00,-2.189,-0.732,-0.116,0.989,-0.004,0,0,0,0,0
2023-11-10 02:00:00,-2.334,-0.704,-0.116,1.017,-0.004,0,0,0,0,0
2023-11-10 03:00:00,-2.45,-0.676,-0.116,0.989,-0.004,0,0,0,0,0
2023-11-10 04:00:00,-2.102,-0.648,-0.116,0.989,-0.004,0,0,0,0,0
2023-11-10 05:00:00,-2.247,-0.648,-0.116,1.017,-0.004,0,0,0,0,0
2023-11-10 06:00:00,-3.183,-0.62,-0.116,1.017,-0.004,0,0,0,0,0
2023-11-10 07:00:00,-3.598,-0.591,-0.116,1.017,0.024,0,0,0,0,0
2023-11-10 08:00:00,-4.439,-0.591,-0.116,1.017,0.024,0,0,0,0,0
2023-11-10 09:00:00,-4.469,-0.563,-0.116,1.017,0.024,0,0,0,0,0
2023-11-10 10:00:00,-4.53,-0.563,-0.116,1.017,0.024,0,0,0,0,0
2023-11-10 11:00:00,-4.621,-0.535,-0.116,1.017,0.024,0,0,0,0,0
2023-11-10 12:00:00,-4.743,-0.535,-0.116,1.017,0.024,0,0,0,0,0
2023-11-10 13:00:00,-5.48,-0.535,-0.116,1.017,0.024,0,0,0,0,0
2023-11-10 14:00:00,-5.885,-0.535,-0.116,1.017,0.024,0,0,0,0,0
2023-11-10 15:00:00,-6.483,-0.507,-0.116,1.017,0.024,0,0,0,0,0
2023-11-10 16:00:00,-7.187,-0.507,-0.116,1.017,0.024,0,0,0,0,0
2023-11-10 17:00:00,-7.869,-0.535,-0.116,1.044,0.051,0,0,0,0,0
2023-11-10 18:00:00,-7.771,-0.535,-0.116,1.044,0.051,0,0,0,0,0
2023-11-10 19:00:00,-8.63,-0.535,-0.116,1.044,0.051,0,0,0,0,0
2023-11-10 20:00:00,-8.331,-0.563,-0.116,1.044,0.024,0,0,0,0,0
2023-11-10 21:00:00,-8.066,-0.591,-0.116,1.044,0.024,0,0,0,0,0
2023-11-10 22:00:00,-7.219,-0.591,-0.116,1.017,0.024,0,0,0,0,0
2023-11-10 23:00:00,-7.187,-0.62,-0.116,1.044,0.024,0,0,0,0,0
2023-11-11 00:00:00,-8.099,-0.648,-0.116,1.044,0.051,0,0,0,0,0
2023-11-11 01:00:00,-10.092,-0.648,-0.116,1.071,0.079,0,0,0,0,0
2023-11-11 02:00:00,-11.613,-0.676,-0.088,1.071,0.079,0,0,0,0,0
2023-11-11 03:00:00,-12.159,-0.732,-0.116,1.071,0.079,0,0,0,0,0
2023-11-11 04:00:00,-12.639,-0.817,-0.088,1.071,0.079,0,0,0,0,0
2023-11-11 05:00:00,-13.088,-0.873,-0.088,1.071,0.079,0,0,0,0,0
2023-11-11 06:00:00,-15.024,-0.93,-0.088,1.071,0.079,0,0,0,0,0
2023-11-11 07:00:00,-15.144,-0.958,-0.088,1.099,0.107,0,0,0,0,0
2023-11-11 08:00:00,-16.284,-1.043,-0.088,1.099,0.107,0,0,0,0,0
2023-11-11 09:00:00,-16.284,-1.128,-0.088,1.071,0.079,0,0,0,0,0
2023-11-11 10:00:00,-16.16,-1.157,-0.088,1.071,0.079,0,0,0,0,0
2023-11-11 11:00:00,-14.707,-1.185,-0.116,1.071,0.079,0,0,0,0,0
2023-11-11 12:00:00,-13.696,-1.213,-0.116,1.071,0.051,0,0,0,0,0
2023-11-11 13:00:00,-13.466,-1.213,-0.116,1.071,0.051,0,0,0,0,0
2023-11-11 14:00:00,-13.163,-1.213,-0.116,1.071,0.051,0,0,0,0,0
2023-11-11 15:00:00,-12.491,-1.213,-0.116,1.071,0.051,0,0,0,0,0
2023-11-11 16:00:00,-11.976,-1.213,-0.116,1.071,0.051,0,0,0,0,0
2023-11-11 17:00:00,-12.086,-1.185,-0.116,1.071,0.051,0,0,0,0,0
2023-11-11 18:00:00,-11.867,-1.157,-0.116,1.071,0.051,0,0,0,0,0
2023-11-11 19:00:00,-11.469,-1.157,-0.116,1.071,0.051,0,0,0,0,0
2023-11-11 20:00:00,-10.969,-1.128,-0.116,1.071,0.051,0,0,0,0,0
2023-11-11 21:00:00,-10.827,-1.128,-0.116,1.071,0.024,0,0,0,0,0
2023-11-11 22:00:00,-10.336,-1.1,-0.116,1.071,0.024,0,0,0,0,0
2023-11-11 23:00:00,-10.336,-1.071,-0.116,1.044,0.051,0,0,0,0,0
2023-11-12 00:00:00,-10.686,-1.043,-0.116,1.071,0.051,0,0,0,0,0
2023-11-12 01:00:00,-11.505,-1.043,-0.116,1.071,0.051,0,0,0,0,0
2023-11-12 02:00:00,-11.361,-1.043,-0.116,1.071,0.051,0,0,0,0,0
2023-11-12 03:00:00,-11.686,-1.043,-0.116,1.071,0.051,0,0,0,0,0
2023-11-12 04:00:00,-11.361,-1.015,-0.116,1.071,0.051,0,0,0,0,0
2023-11-12 05:00:00,-11.183,-1.015,-0.116,1.071,0.051,0,0,0,0,0
2023-11-12 06:00:00,-12.159,-1.015,-0.116,1.071,0.051,0,0,0,0,0
2023-11-12 07:00:00,-12.013,-1.015,-0.116,1.071,0.051,0,0,0,0,0
2023-11-12 08:00:00,-12.454,-1.015,-0.116,1.071,0.079,0,0,0,0,0
2023-11-12 09:00:00,-12.159,-1.015,-0.116,1.071,0.051,0,0,0,0,0
2023-11-12 10:00:00,-12.788,-1.043,-0.116,1.099,0.079,0,0,0,0,0
2023-11-12 11:00:00,-13.772,-1.043,-0.116,1.099,0.079,0,0,0,0,0
2023-11-12 12:00:00,-15.104,-1.043,-0.088,1.126,0.079,0,0,0,0,0
2023-11-12 13:00:00,-16.243,-1.128,-0.088,1.126,0.107,0,0,0,0,0
2023-11-12 14:00:00,-15.628,-1.185,-0.116,1.099,0.079,0,0,0,0,0
2023-11-12 15:00:00,-15.709,-1.213,-0.116,1.099,0.079,0,0,0,0,0
2023-11-12 16:00:00,-15.305,-1.242,-0.116,1.099,0.079,0,0,0,0,0
2023-11-12 17:00:00,-16.326,-1.242,-0.088,1.126,0.107,0,0,0,0,0
2023-11-12 18:00:00,-16.786,-1.27,-0.088,1.126,0.107,0,0,0,0,0
2023-11-12 19:00:00,-17.597,-1.327,-0.088,1.126,0.107,0,0,0,0,0
2023-11-12 20:00:00,-16.202,-1.413,-0.088,1.126,0.079,0,0,0,0,0
2023-11-12 21:00:00,-12.714,-1.47,-0.116,1.071,0.051,0,0,0,0,0
2023-11-12 22:00:00,-12.343,-1.47,-0.116,1.071,0.051,0,0,0,0,0
2023-11-12 23:00:00,-11.04,-1.47,-0.116,1.099,0.051,0,0,0,0,0
2023-11-13 00:00:00,-11.903,-1.441,-0.116,1.099,0.051,0,0,0,0,0
2023-11-13 01:00:00,-14.12,-1.441,-0.116,1.126,0.079,0,0,0,0,0
2023-11-13 02:00:00,-14.667,-1.441,-0.116,1.126,0.079,0,0,0,0,0
2023-11-13 03:00:00,-15.628,-1.441,-0.088,1.126,0.079,0,0,0,0,0
2023-11-13 04:00:00,-14.432,-1.441,-0.116,1.099,0.051,0,0,0,0,0
2023-11-13 05:00:00,-13.39,-1.47,-0.116,1.099,0.051,0,0,0,0,0
2023-11-13 06:00:00,-12.417,-1.441,-0.116,1.099,0.051,0,0,0,0,0
2023-11-13 07:00:00,-9.747,-1.441,-0.116,1.071,0.051,0,0,0,0,0
2023-11-13 08:00:00,-8.364,-1.384,-0.116,1.071,0.024,0,0,0,0,0
2023-11-13 09:00:00,-7.64,-1.356,-0.116,1.071,0.024,0,0,0,0,0
2023-11-13 10:00:00,-6.483,-1.356,-0.116,1.071,0.024,0,0,0,0,0
2023-11-13 11:00:00,-6.706,-1.356,-0.116,1.071,0.024,0,0,0,0,0
2023-11-13 12:00:00,-7.706,-1.327,-0.116,1.071,0.024,0,0,0,0,0
2023-11-13 13:00:00,-7.51,-1.242,-0.116,1.071,0.024,0,0,0,0,0
2023-11-13 14:00:00,-8.165,-1.185,-0.116,1.071,0.024,0,0,0,0,0
2023-11-13 15:00:00,-8.764,-1.128,-0.116,1.071,0.024,0,0,0,0,0
2023-11-13 16:00:00,-8.831,-1.1,-0.116,1.071,0.024,0,0,0,0,0
2023-11-13 17:00:00,-9.337,-1.043,-0.116,1.071,0.024,0,0,0,0,0
2023-11-13 18:00:00,-9.851,-1.015,-0.116,1.071,0.051,0,0,0,0,0
2023-11-13 19:00:00,-10.371,-0.986,-0.116,1.099,0.051,0,0,0,0,0
2023-11-13 20:00:00,-9.644,-0.958,-0.116,1.071,0.024,0,0,0,0,0
2023-11-13 21:00:00,-8.898,-0.93,-0.116,1.071,0.024,0,0,0,0,0
2023-11-13 22:00:00,-8.331,-0.93,-0.116,1.071,0.024,0,0,0,0,0
2023-11-13 23:00:00,-7.608,-0.902,-0.116,1.071,0.024,0,0,0,0,0
2023-11-14 00:00:00,-7.478,-0.873,-0.116,1.071,0.024,0,0,0,0,0
2023-11-14 01:00:00,-7.543,-0.817,-0.116,1.071,0.024,0,0,0,0,0
2023-11-14 02:00:00,-7.478,-0.817,-0.116,1.071,0.024,0,0,0,0,0
2023-11-14 03:00:00,-7.771,-0.817,-0.116,1.071,0.024,0,0,0,0,0
2023-11-14 04:00:00,-7.738,-0.789,-0.116,1.071,0.024,0,0,0,0,0
2023-11-14 05:00:00,-6.802,-0.76,-0.116,1.071,0.024,0,0,0,0,0
2023-11-14 06:00:00,-6.105,-0.76,-0.116,1.071,0.024,0,0,0,0,0
2023-11-14 07:00:00,-5.729,-0.732,-0.116,1.071,0.024,0,0,0,0,0
2023-11-14 08:00:00,-5.791,-0.704,-0.116,1.071,0.024,0,0,0,0,0
2023-11-14 09:00:00,-6.357,-0.704,-0.116,1.071,0.024,0,0,0,0,0
2023-11-14 10:00:00,-6.042,-0.676,-0.143,1.071,0.024,0,0,0,0,0
2023-11-14 11:00:00,-4.287,-0.676,-0.116,1.071,0.024,0,0,0,0,0
2023-11-14 12:00:00,-4.076,-0.676,-0.116,1.071,0.024,0,0,0,0,0
2023-11-14 13:00:00,-4.197,-0.676,-0.116,1.071,0.024,0,0,0,0,0
2023-11-14 14:00:00,-4.197,-0.648,-0.116,1.071,-0.004,0,0,0,0,0
2023-11-14 15:00:00,-4.197,-0.648,-0.116,1.071,0.024,0,0,0,0,0
2023-11-14 16:00:00,-4.197,-0.648,-0.116,1.071,0.024,0,0,0,0,0
2023-11-14 17:00:00,-4.287,-0.648,-0.116,1.071,0.024,0,0,0,0,0
2023-11-14 18:00:00,-4.378,-0.62,-0.143,1.071,0.024,0,0,0,0,0
2023-11-14 19:00:00,-4.56,-0.591,-0.116,1.071,0.024,0,0,0,0,0
2023-11-14 20:00:00,-4.499,-0.591,-0.116,1.071,-0.004,0,0,0,0,0
2023-11-14 21:00:00,-4.257,-0.591,-0.116,1.071,0.024,0,0,0,0,0
2023-11-14 22:00:00,-4.227,-0.563,-0.116,1.071,-0.004,0,0,0,0,0
2023-11-14 23:00:00,-4.167,-0.563,-0.116,1.071,-0.004,0,0,0,0,0
2023-11-15 00:00:00,-4.227,-0.563,-0.116,1.071,0.024,0,0,0,0,0
2023-11-15 01:00:00,-4.318,-0.563,-0.116,1.071,0.024,0,0,0,0,0
2023-11-15 02:00:00,-4.469,-0.535,-0.116,1.071,0.024,0,0,0,0,0
2023-11-15 03:00:00,-4.53,-0.535,-0.116,1.071,0.024,0,0,0,0,0
2023-11-15 04:00:00,-4.773,-0.535,-0.116,1.071,0.024,0,0,0,0,0
2023-11-15 05:00:00,-5.049,-0.507,-0.116,1.071,0.024,0,0,0,0,0
2023-11-15 06:00:00,-5.449,-0.479,-0.116,1.099,0.024,0,0,0,0,0
2023-11-15 07:00:00,-5.823,-0.479,-0.116,1.071,0.024,0,0,0,0,0
2023-11-15 08:00:00,-6.388,-0.479,-0.116,1.099,0.024,0,0,0,0,0
2023-11-15 09:00:00,-5.574,-0.479,-0.116,1.071,0.024,1,0,0,0,0
2023-11-15 10:00:00,-6.994,-0.451,-0.116,1.099,0.051,0,0,0,0,0
2023-11-15 11:00:00,-7.187,-0.451,-0.116,1.099,0.024,0,0,0,0,0
2023-11-15 12:00:00,-5.979,-0.451,-0.116,1.099,0.024,0,0,0,0,0
2023-11-15 13:00:00,-5.729,-0.451,-0.116,1.071,0.024,0,0,0,0,0
2023-11-15 14:00:00,-6.294,-0.451,-0.116,1.099,0.024,0,0,0,0,0
2023-11-15 15:00:00,-6.073,-0.451,-0.116,1.099,0.024,0,0,0,0,0
2023-11-15 16:00:00,-5.48,-0.451,-0.116,1.099,0.024,0,0,0,0,0
2023-11-15 17:00:00,-5.202,-0.451,-0.116,1.071,0.024,0,0,0,0,0
2023-11-15 18:00:00,-4.987,-0.479,-0.116,1.071,0.024,0,0,0,0,0
2023-11-15 19:00:00,-5.418,-0.479,-0.116,1.071,0.024,0,0,0,0,0
2023-11-15 20:00:00,-5.018,-0.479,-0.116,1.099,0.024,0,0,0,0,0
2023-11-15 21:00:00,-5.264,-0.479,-0.116,1.071,0.024,0,0,0,0,0
2023-11-15 22:00:00,-5.698,-0.479,-0.116,1.071,0.024,0,0,0,0,0
2023-11-15 23:00:00,-6.01,-0.479,-0.116,1.071,0.024,0,0,0,0,0
2023-11-16 00:00:00,-6.199,-0.479,-0.116,1.071,0.024,0,0,0,0,0
2023-11-16 01:00:00,-6.231,-0.451,-0.116,1.071,0.024,0,0,0,0,0
2023-11-16 02:00:00,-5.979,-0.451,-0.116,1.071,0.024,0,0,0,0,0
2023-11-16 03:00:00,-6.231,-0.451,-0.116,1.071,0.024,0,0,0,0,0
2023-11-16 04:00:00,-6.325,-0.423,-0.116,1.071,0.024,0,0,0,0,0
2023-11-16 05:00:00,-6.042,-0.423,-0.116,1.071,0.024,0,0,0,0,0
2023-11-16 06:00:00,-6.294,-0.423,-0.116,1.071,0.024,0,0,0,0,0
2023-11-16 07:00:00,-6.61,-0.423,-0.116,1.071,0.024,0,0,0,0,0
2023-11-16 08:00:00,-7.381,-0.423,-0.116,1.099,0.024,0,0,0,0,0
2023-11-16 09:00:00,-7.284,-0.423,-0.116,1.099,0.024,0,0,0,0,0
2023-11-16 10:00:00,-7.478,-0.367,-0.116,1.099,0.024,0,0,0,0,0
2023-11-16 11:00:00,-7.381,-0.367,-0.116,1.071,0.024,0,0,0,0,0
2023-11-16 12:00:00,-7.381,-0.367,-0.116,1.071,0.024,0,0,0,0,0
2023-11-16 13:00:00,-7.219,-0.367,-0.143,1.099,0.024,0,0,0,0,0
2023-11-16 14:00:00,-7.316,-0.367,-0.116,1.071,0.024,0,0,0,0,0
2023-11-16 15:00:00,-6.93,-0.367,-0.116,1.099,0.024,0,0,0,0,0
2023-11-16 16:00:00,-6.93,-0.367,-0.116,1.071,0.024,0,0,0,0,0
2023-11-16 17:00:00,-6.994,-0.367,-0.116,1.071,0.024,0,0,0,0,0
2023-11-16 18:00:00,-7.316,-0.367,-0.116,1.099,0.024,0,0,0,0,0
2023-11-16 19:00:00,-6.962,-0.367,-0.116,1.071,0.024,0,0,0,0,0
2023-11-16 20:00:00,-6.357,-0.367,-0.116,1.071,0.024,0,0,0,0,0
2023-11-16 21:00:00,-6.388,-0.367,-0.116,1.071,0.024,0,0,0,0,0
2023-11-16 22:00:00,-5.885,-0.367,-0.116,1.071,0.024,0,0,0,0,0
2023-11-16 23:00:00,-5.729,-0.367,-0.116,1.071,0.024,0,0,0,0,0
2023-11-17 00:00:00,-6.042,-0.367,-0.116,1.071,0.024,0,0,0,0,0
2023-11-17 01:00:00,-6.483,-0.367,-0.116,1.071,0.024,0,0,0,0,0
2023-11-17 02:00:00,-7.155,-0.367,-0.116,1.099,0.024,0,0,0,0,0
2023-11-17 03:00:00,-8,-0.339,-0.116,1.099,0.024,0,0,0,0,0
2023-11-17 04:00:00,-9.066,-0.339,-0.116,1.126,0.051,1,0,0,0,0
2023-11-17 05:00:00,-7.706,-0.339,-0.116,1.099,0.024,0,0,0,0,0
2023-11-17 06:00:00,-7.51,-0.339,-0.116,1.099,0.024,0,0,0,0,0
2023-11-17 07:00:00,-7.445,-0.339,-0.116,1.099,0.024,0,0,0,0,0
2023-11-17 08:00:00,-7.575,-0.339,-0.116,1.099,0.024,0,0,0,0,0
2023-11-17 09:00:00,-7.445,-0.339,-0.116,1.099,0.024,0,0,0,0,0
2023-11-17 10:00:00,-7.445,-0.339,-0.116,1.099,0.024,0,0,0,0,0
2023-11-17 11:00:00,-7.51,-0.339,-0.116,1.099,0.024,0,0,0,0,0
2023-11-17 12:00:00,-8.965,-0.339,-0.116,1.099,0.024,0,0,0,0,0
2023-11-17 13:00:00,-9.885,-0.311,-0.116,1.099,0.024,0,0,0,0,0
2023-11-17 14:00:00,-10.616,-0.311,-0.116,1.099,0.024,0,0,0,0,0
2023-11-17 15:00:00,-11.076,-0.311,-0.116,1.126,0.051,0,0,0,0,0
2023-11-17 16:00:00,-11.65,-0.311,-0.116,1.126,0.051,0,0,0,0,0
2023-11-17 17:00:00,-12.196,-0.311,-0.116,1.126,0.051,0,0,0,0,0
2023-11-17 18:00:00,-11.794,-0.311,-0.116,1.126,0.051,0,0,0,0,0
2023-11-17 19:00:00,-12.086,-0.311,-0.116,1.126,0.051,0,0,0,0,0
2023-11-17 20:00:00,-12.528,-0.311,-0.116,1.126,0.051,0,0,0,0,0
2023-11-17 21:00:00,-12.565,-0.311,-0.116,1.126,0.051,0,0,0,0,0
2023-11-17 22:00:00,-12.788,-0.311,-0.116,1.126,0.051,0,0,0,0,0
2023-11-17 23:00:00,-13.619,-0.311,-0.116,1.126,0.051,0,0,0,0,0
2023-11-18 00:00:00,-13.772,-0.283,-0.116,1.126,0.051,0,0,0,0,0
2023-11-18 01:00:00,-14.392,-0.283,-0.116,1.126,0.051,0,0,0,0,0
2023-11-18 02:00:00,-14.707,-0.283,-0.116,1.126,0.079,0,0,0,0,0
2023-11-18 03:00:00,-15.425,-0.283,-0.116,1.153,0.079,0,0,0,0,0
2023-11-18 04:00:00,-15.709,-0.283,-0.116,1.153,0.079,0,0,0,0,0
2023-11-18 05:00:00,-15.913,-0.255,-0.116,1.153,0.079,0,0,0,0,0
2023-11-18 06:00:00,-16.828,-0.255,-0.088,1.153,0.079,0,0,0,0,0
2023-11-18 07:00:00,-17.167,-0.255,-0.088,1.153,0.079,0,0,0,0,0
2023-11-18 08:00:00,-19.469,-0.227,-0.088,1.18,0.107,0,0,0,0,0
2023-11-18 09:00:00,-21.321,-0.199,-0.06,1.208,0.107,0,0,0,0,0
2023-11-18 10:00:00,-20.167,-0.255,-0.088,1.18,0.107,0,0,0,0,0
2023-11-18 11:00:00,-22.067,-0.255,-0.088,1.18,0.107,0,0,0,0,0
2023-11-18 12:00:00,-21.866,-0.227,-0.088,1.18,0.107,0,0,0,0,0
2023-11-18 13:00:00,-23.568,-0.227,-0.06,1.208,0.107,0,0,0,0,0
2023-11-18 14:00:00,-25.157,-0.227,-0.06,1.208,0.135,0,0,0,0,0
2023-11-18 15:00:00,-25.96,-0.227,-0.032,1.235,0.135,0,0,0,0,0
2023-11-18 16:00:00,-27.153,-0.227,-0.032,1.235,0.107,0,0,0,0,0
2023-11-18 17:00:00,-26.91,-0.255,-0.032,1.235,0.135,0,0,0,0,0
2023-11-18 18:00:00,-26.669,-0.283,-0.06,1.208,0.107,0,0,0,0,0
2023-11-18 19:00:00,-26.789,-0.311,-0.06,1.208,0.107,0,0,0,0,0
2023-11-18 20:00:00,-28.404,-0.311,-0.06,1.235,0.107,0,0,0,0,0
2023-11-18 21:00:00,-27.584,-0.311,-0.032,1.235,0.107,0,0,0,0,0
2023-11-18 22:00:00,-25.157,-0.367,-0.06,1.208,0.107,0,0,0,0,0
2023-11-18 23:00:00,-25.786,-0.395,-0.06,1.208,0.107,0,0,0,0,0
2023-11-19 00:00:00,-26.91,-0.395,-0.032,1.235,0.107,0,0,0,0,0
2023-11-19 01:00:00,-27.708,-0.395,-0.032,1.235,0.107,0,0,0,0,0
2023-11-19 02:00:00,-25.384,-0.451,-0.06,1.235,0.107,0,0,0,0,0
2023-11-19 03:00:00,-24.269,-0.507,-0.088,1.208,0.107,0,0,0,0,0
2023-11-19 04:00:00,-23.303,-0.507,-0.088,1.208,0.107,0,0,0,0,0
2023-11-19 05:00:00,-23.728,-0.535,-0.088,1.208,0.107,0,0,0,0,0
2023-11-19 06:00:00,-22.781,-0.535,-0.088,1.18,0.107,0,0,0,0,0
2023-11-19 07:00:00,-22.473,-0.535,-0.088,1.208,0.107,0,0,0,0,0
2023-11-19 08:00:00,-22.016,-0.535,-0.088,1.18,0.107,0,0,0,0,0
2023-11-19 09:00:00,-21.667,-0.535,-0.088,1.18,0.107,0,0,0,0,0
2023-11-19 10:00:00,-22.626,-0.535,-0.088,1.18,0.107,0,0,0,0,0
2023-11-19 11:00:00,-21.716,-0.535,-0.088,1.18,0.107,0,0,0,0,0
2023-11-19 12:00:00,-21.617,-0.535,-0.088,1.18,0.107,0,0,0,0,0
2023-11-19 13:00:00,-21.321,-0.535,-0.088,1.18,0.107,0,0,0,0,0
2023-11-19 14:00:00,-20.451,-0.535,-0.088,1.18,0.107,0,0,0,0,0
2023-11-19 15:00:00,-19.839,-0.535,-0.088,1.18,0.107,0,0,0,0,0
2023-11-19 16:00:00,-19.839,-0.535,-0.088,1.18,0.079,0,0,0,0,0
2023-11-19 17:00:00,-19.654,-0.507,-0.088,1.18,0.079,0,0,0,0,0
2023-11-19 18:00:00,-19.103,-0.507,-0.088,1.18,0.079,0,0,0,0,0
2023-11-19 19:00:00,-18.832,-0.507,-0.088,1.18,0.079,0,0,0,0,0
2023-11-19 20:00:00,-18.296,-0.507,-0.088,1.18,0.079,0,0,0,0,0
2023-11-19 21:00:00,-17.77,-0.507,-0.116,1.153,0.079,0,0,0,0,0
2023-11-19 22:00:00,-17.597,-0.507,-0.088,1.153,0.079,0,0,0,0,0
2023-11-19 23:00:00,-17.21,-0.507,-0.116,1.18,0.051,0,0,0,0,0
2023-11-20 00:00:00,-16.828,-0.507,-0.116,1.153,0.079,0,0,0,0,0
2023-11-20 01:00:00,-16.912,-0.479,-0.116,1.153,0.079,0,0,0,0,0
2023-11-20 02:00:00,-16.702,-0.479,-0.116,1.153,0.079,0,0,0,0,0
2023-11-20 03:00:00,-16.243,-0.479,-0.116,1.153,0.079,0,0,0,0,0
2023-11-20 04:00:00,-15.954,-0.479,-0.116,1.153,0.051,0,0,0,0,0
2023-11-20 05:00:00,-16.16,-0.479,-0.116,1.153,0.079,0,0,0,0,0
2023-11-20 06:00:00,-15.791,-0.479,-0.116,1.153,0.051,0,0,0,0,0
2023-11-20 07:00:00,-15.547,-0.479,-0.116,1.153,0.079,0,0,0,0,0
2023-11-20 08:00:00,-15.425,-0.479,-0.116,1.153,0.051,0,0,0,0,0
2023-11-20 09:00:00,-15.425,-0.479,-0.116,1.153,0.079,0,0,0,0,0
2023-11-20 10:00:00,-14.945,-0.479,-0.116,1.153,0.079,0,0,0,0,0
2023-11-20 11:00:00,-15.184,-0.479,-0.116,1.153,0.051,0,0,0,0,0
2023-11-20 12:00:00,-16.451,-0.451,-0.116,1.153,0.079,0,0,0,0,0
2023-11-20 13:00:00,-14.905,-0.479,-0.116,1.153,0.051,0,0,0,0,0
2023-11-20 14:00:00,-15.345,-0.479,-0.116,1.153,0.051,0,0,0,0,0
2023-11-20 15:00:00,-16.367,-0.451,-0.116,1.153,0.079,0,0,0,0,0
2023-11-20 16:00:00,-17.338,-0.451,-0.116,1.153,0.079,0,0,0,0,0
2023-11-20 17:00:00,-17.944,-0.423,-0.088,1.18,0.079,0,0,0,0,0
2023-11-20 18:00:00,-16.037,-0.451,-0.116,1.18,0.079,0,0,0,0,0
2023-11-20 19:00:00,-16.828,-0.451,-0.116,1.18,0.079,0,0,0,0,0
2023-11-20 20:00:00,-17.683,-0.423,-0.088,1.18,0.079,0,0,0,0,0
2023-11-20 21:00:00,-19.377,-0.423,-0.088,1.18,0.107,0,0,0,0,0
2023-11-20 22:00:00,-18.832,-0.423,-0.116,1.18,0.079,0,0,0,0,0
2023-11-20 23:00:00,-18.032,-0.423,-0.088,1.18,0.079,0,0,0,0,0
2023-11-21 00:00:00,-17.295,-0.423,-0.088,1.18,0.079,0,0,0,0,0
2023-11-21 01:00:00,-18.742,-0.423,-0.088,1.18,0.107,0,0,0,0,0
2023-11-21 02:00:00,-17.597,-0.423,-0.116,1.18,0.079,0,0,0,0,0
2023-11-21 03:00:00,-19.331,-0.423,-0.088,1.18,0.107,0,0,0,0,0
2023-11-21 04:00:00,-18.385,-0.367,-0.088,1.126,0.107,0,0,0,0,0
2023-11-21 05:00:00,-18.076,-0.423,-0.116,1.071,0.079,0,0,0,0,0
2023-11-21 06:00:00,-18.474,-0.423,-0.088,1.099,0.079,0,0,0,0,0
2023-11-21 07:00:00,-15.873,-0.423,-0.088,1.099,0.079,0,0,0,0,0
2023-11-21 08:00:00,-14.042,-0.423,-0.116,0.715,0.051,0,0,0,0,0
2023-11-21 09:00:00,-12.714,-0.451,-0.116,0.218,0.051,0,0,0,0,0
2023-11-21 10:00:00,-12.123,-0.423,-0.116,0.19,0.051,0,0,0,0,0
2023-11-21 11:00:00,-16.997,-0.367,-0.088,0.163,0.107,0,0,0,0,0
2023-11-21 12:00:00,-20.026,-0.367,-0.088,0.19,0.107,0,0,0,0,0
2023-11-21 13:00:00,-21.667,-0.367,-0.088,0.19,0.107,0,0,0,0,0
2023-11-21 14:00:00,-17.944,-0.367,-0.088,0.19,0.107,0,0,0,0,0
2023-11-21 15:00:00,-10.827,-0.451,-0.116,0.135,0.051,1,0,0,0,0
2023-11-21 16:00:00,-10.197,-0.451,-0.116,0.135,0.051,0,0,0,0,0
2023-11-21 17:00:00,-13.315,-0.423,-0.116,0.163,0.079,0,0,0,0,0
2023-11-21 18:00:00,-14.392,-0.423,-0.088,0.163,0.079,0,0,0,0,0
2023-11-21 19:00:00,-14.746,-0.423,-0.088,0.163,0.079,0,0,0,0,0
2023-11-21 20:00:00,-14.707,-0.423,-0.116,0.163,0.079,0,0,0,0,0
2023-11-21 21:00:00,-14.786,-0.423,-0.088,0.163,0.107,0,0,0,0,0
2023-11-21 22:00:00,-8,-0.479,-0.116,0.107,0.024,1,0,0,0,0
2023-11-21 23:00:00,-8.831,-0.451,-0.116,0.135,0.051,0,0,0,0,0
2023-11-22 00:00:00,-13.315,-0.423,-0.088,0.163,0.107,0,0,0,0,0
2023-11-22 01:00:00,-14.353,-0.423,-0.088,0.163,0.107,0,0,0,0,0
2023-11-22 02:00:00,-16.744,-0.367,-0.088,0.163,0.107,0,0,0,0,0
2023-11-22 03:00:00,-18.032,-0.367,-0.088,0.19,0.107,0,0,0,0,0
2023-11-22 04:00:00,-18.832,-0.423,-0.088,0.163,0.107,0,0,0,0,0
2023-11-22 05:00:00,-18.518,-0.423,-0.088,0.163,0.107,0,0,0,0,0
2023-11-22 06:00:00,-18.742,-0.423,-0.088,0.163,0.107,0,0,0,0,0
2023-11-22 07:00:00,-20.356,-0.423,-0.088,0.163,0.107,0,0,0,0,0
2023-11-22 08:00:00,-20.214,-0.423,-0.088,0.163,0.107,0,0,0,0,0
2023-11-22 09:00:00,-22.32,-0.423,-0.088,0.163,0.107,0,0,0,0,0
2023-11-22 10:00:00,-21.866,-0.451,-0.088,0.163,0.107,0,0,0,0,0
2023-11-22 11:00:00,-20.595,-0.451,-0.088,0.163,0.107,0,0,0,0,0
2023-11-22 12:00:00,-19.7,-0.479,-0.088,0.163,0.107,0,0,0,0,0
2023-11-22 13:00:00,-20.738,-0.479,-0.088,0.163,0.107,0,0,0,0,0
2023-11-22 14:00:00,-19.839,-0.507,-0.088,0.163,0.107,0,0,0,0,0
2023-11-22 15:00:00,-21.125,-0.507,-0.088,0.163,0.107,0,0,0,0,0
2023-11-22 16:00:00,-19.24,-0.535,-0.088,0.163,0.107,0,0,0,0,0
2023-11-22 17:00:00,-19.839,-0.535,-0.088,0.163,0.107,0,0,0,0,0
2023-11-22 18:00:00,-18.252,-0.563,-0.088,0.163,0.107,0,0,0,0,0
2023-11-22 19:00:00,-16.87,-0.563,-0.088,0.135,0.079,0,0,0,0,0
2023-11-22 20:00:00,-16.576,-0.563,-0.088,0.163,0.107,0,0,0,0,0
2023-11-22 21:00:00,-15.669,-0.591,-0.088,0.135,0.079,0,0,0,0,0
2023-11-22 22:00:00,-15.547,-0.563,-0.088,0.163,0.079,0,0,0,0,0
2023-11-22 23:00:00,-14.353,-0.591,-0.116,0.135,0.079,0,0,0,0,0
2023-11-23 00:00:00,-12.714,-0.591,-0.116,0.107,0.051,0,0,0,0,0
2023-11-23 01:00:00,-11.94,-0.591,-0.116,0.107,0.051,0,0,0,0,0
2023-11-23 02:00:00,-13.05,-0.563,-0.116,0.135,0.079,0,0,0,0,0
2023-11-23 03:00:00,-9.782,-0.591,-0.116,0.079,0.024,0,0,0,0,0
2023-11-23 04:00:00,-11.076,-0.563,-0.116,0.107,0.051,0,0,0,0,0
2023-11-23 05:00:00,-9.644,-0.563,-0.116,0.079,0.051,0,0,0,0,0
2023-11-23 06:00:00,-6.866,-0.591,-0.116,0.079,0.024,0,0,0,0,0
2023-11-23 07:00:00,-7.869,-0.563,-0.116,0.079,0.024,0,0,0,0,0
2023-11-23 08:00:00,-7.869,-0.563,-0.116,0.079,0.024,0,0,0,0,0
2023-11-23 09:00:00,-7.968,-0.563,-0.116,0.079,0.024,0,0,0,0,0
2023-11-23 10:00:00,-7.51,-0.563,-0.116,0.079,0.024,0,0,0,0,0
2023-11-23 11:00:00,-7.968,-0.563,-0.116,0.079,0.024,0,0,0,0,0
2023-11-23 12:00:00,-7.935,-0.563,-0.116,0.079,0.024,0,0,0,0,0
2023-11-23 13:00:00,-7.804,-0.563,-0.116,0.079,0.024,0,0,0,0,0
2023-11-23 14:00:00,-7.771,-0.563,-0.116,0.079,0.024,0,0,0,0,0
2023-11-23 15:00:00,-7.771,-0.563,-0.116,0.079,0.024,0,0,0,0,0
2023-11-23 16:00:00,-8.297,-0.563,-0.116,0.079,0.051,0,0,0,0,0
2023-11-23 17:00:00,-8.331,-0.563,-0.116,0.079,0.051,0,0,0,0,0
2023-11-23 18:00:00,-8.331,-0.563,-0.116,0.079,0.024,0,0,0,0,0
2023-11-23 19:00:00,-8.066,-0.563,-0.116,0.079,0.024,0,0,0,0,0
2023-11-23 20:00:00,-8.165,-0.563,-0.116,0.079,0.024,0,0,0,0,0
2023-11-23 21:00:00,-7.706,-0.563,-0.116,0.079,0.024,0,0,0,0,0
2023-11-23 22:00:00,-7.187,-0.563,-0.116,0.079,0.024,0,0,0,0,0
2023-11-23 23:00:00,-7.251,-0.563,-0.116,0.079,0.024,0,0,0,0,0
2023-11-24 00:00:00,-7.219,-0.535,-0.116,0.079,0.024,0,0,0,0,0
2023-11-24 01:00:00,-7.478,-0.535,-0.116,0.079,0.024,0,0,0,0,0
2023-11-24 02:00:00,-7.284,-0.535,-0.116,0.079,0.024,0,0,0,0,0
2023-11-24 03:00:00,-7.284,-0.535,-0.116,0.079,0.024,0,0,0,0,0
2023-11-24 04:00:00,-7.251,-0.535,-0.116,0.079,0.024,0,0,0,0,0
2023-11-24 05:00:00,-7.251,-0.535,-0.116,0.079,0.024,0,0,0,0,0
2023-11-24 06:00:00,-7.219,-0.535,-0.116,0.079,0.024,0,0,0,0,0
2023-11-24 07:00:00,-6.738,-0.535,-0.116,0.079,0.024,0,0,0,0,0
2023-11-24 08:00:00,-6.994,-0.535,-0.143,0.079,0.024,0,0,0,0,0
2023-11-24 09:00:00,-6.674,-0.535,-0.116,0.079,0.024,0,0,0,0,0
2023-11-24 10:00:00,-6.706,-0.535,-0.143,0.079,0.024,0,0,0,0,0
2023-11-24 11:00:00,-6.547,-0.507,-0.116,0.079,0.024,0,0,0,0,0
2023-11-24 12:00:00,-7.968,-0.507,-0.116,0.079,0.024,0,0,0,0,0
2023-11-24 13:00:00,-7.316,-0.507,-0.116,0.079,0.024,0,0,0,0,0
2023-11-24 14:00:00,-6.93,-0.507,-0.143,0.079,0.024,0,0,0,0,0
2023-11-24 15:00:00,-5.667,-0.507,-0.143,0.079,0.024,0,0,0,0,0
2023-11-24 16:00:00,-6.898,-0.479,-0.116,0.079,0.024,0,0,0,0,0
2023-11-24 17:00:00,-7.575,-0.479,-0.116,0.079,0.024,0,0,0,0,0
2023-11-24 18:00:00,-5.049,-0.479,-0.116,0.051,0.024,0,0,0,0,0
2023-11-24 19:00:00,-2.83,-0.479,-0.116,0.051,-0.004,0,0,0,0,0
2023-11-24 20:00:00,-2.102,-0.479,-0.116,0.051,-0.004,0,0,0,0,0
2023-11-24 21:00:00,-3.538,-0.479,-0.143,0.079,0.024,0,0,0,0,0
2023-11-24 22:00:00,-5.172,-0.479,-0.116,0.079,-0.004,0,0,0,0,0
2023-11-24 23:00:00,-6.168,-0.451,-0.116,0.079,0.051,0,0,0,0,0
2023-11-25 00:00:00,-8.463,-0.423,-0.116,0.079,0.051,0,0,0,0,0
2023-11-25 01:00:00,-8.597,-0.423,-0.116,0.079,0.051,0,0,0,0,0
2023-11-25 02:00:00,-8.397,-0.451,-0.116,0.079,0.051,0,0,0,0,0
2023-11-25 03:00:00,-8,-0.423,-0.116,0.079,0.051,0,0,0,0,0
2023-11-25 04:00:00,-6.262,-0.451,-0.116,0.079,0.051,0,0,0,0,0
2023-11-25 05:00:00,-8.066,-0.423,-0.116,0.079,0.051,0,0,0,0,0
2023-11-25 06:00:00,-8.497,-0.423,-0.116,0.079,0.051,0,0,0,0,0
2023-11-25 07:00:00,-9.202,-0.423,-0.116,0.079,0.051,0,0,0,0,0
2023-11-25 08:00:00,-10.127,-0.423,-0.116,0.107,0.079,0,0,0,0,0
2023-11-25 09:00:00,-10.546,-0.367,-0.116,0.107,0.051,0,0,0,0,0
2023-11-25 10:00:00,-10.581,-0.423,-0.116,0.079,0.051,0,0,0,0,0
2023-11-25 11:00:00,-12.123,-0.367,-0.116,0.107,0.051,0,0,0,0,0
2023-11-25 12:00:00,-12.491,-0.367,-0.116,0.107,0.079,0,0,0,0,0
2023-11-25 13:00:00,-12.788,-0.367,-0.116,0.107,0.079,0,0,0,0,0
2023-11-25 14:00:00,-15.064,-0.367,-0.116,0.135,0.079,0,0,0,0,0
2023-11-25 15:00:00,-13.965,-0.367,-0.116,0.135,0.079,0,0,0,0,0
2023-11-25 16:00:00,-13.696,-0.367,-0.116,0.135,0.079,0,0,0,0,0
2023-11-25 17:00:00,-16.119,-0.367,-0.116,0.163,0.079,0,0,0,0,0
2023-11-25 18:00:00,-15.024,-0.367,-0.116,0.163,0.079,0,0,0,0,0
2023-11-25 19:00:00,-14.707,-0.423,-0.116,0.163,0.079,0,0,0,0,0
2023-11-25 20:00:00,-14.865,-0.423,-0.116,0.19,0.079,0,0,0,0,0
2023-11-25 21:00:00,-15.425,-0.423,-0.116,0.19,0.079,0,0,0,0,0
2023-11-25 22:00:00,-16.997,-0.423,-0.116,0.19,0.079,0,0,0,0,0
2023-11-25 23:00:00,-13.315,-0.451,-0.116,0.163,0.051,0,0,0,0,0
2023-11-26 00:00:00,-10.058,-0.479,-0.116,0.135,0.024,0,0,0,0,0
2023-11-26 01:00:00,-8.497,-0.479,-0.116,0.135,0.024,0,0,0,0,0
2023-11-26 02:00:00,-8.597,-0.479,-0.143,0.135,0.024,0,0,0,0,0
2023-11-26 03:00:00,-8.198,-0.479,-0.116,0.135,0.024,0,0,0,0,0
2023-11-26 04:00:00,-6.994,-0.479,-0.116,0.135,0.024,0,0,0,0,0
2023-11-26 05:00:00,-7.187,-0.479,-0.143,0.135,0.024,0,0,0,0,0
2023-11-26 06:00:00,-8.497,-0.479,-0.116,0.163,0.051,0,0,0,0,0
2023-11-26 07:00:00,-9.168,-0.479,-0.116,0.163,0.051,0,0,0,0,0
2023-11-26 08:00:00,-10.266,-0.479,-0.116,0.163,0.051,0,0,0,0,0
2023-11-26 09:00:00,-9.747,-0.479,-0.116,0.163,0.051,0,0,0,0,0
2023-11-26 10:00:00,-9.235,-0.479,-0.116,0.135,0.051,0,0,0,0,0
2023-11-26 11:00:00,-9.473,-0.479,-0.116,0.135,0.051,0,0,0,0,0
2023-11-26 12:00:00,-9.371,-0.479,-0.116,0.163,0.051,0,0,0,0,0
2023-11-26 13:00:00,-8.297,-0.479,-0.116,0.135,0.051,0,0,0,0,0
2023-11-26 14:00:00,-6.674,-0.507,-0.116,0.135,0.024,0,0,0,0,0
2023-11-26 15:00:00,-5.11,-0.507,-0.143,0.135,0.024,0,0,0,0,0
2023-11-26 16:00:00,-6.294,-0.507,-0.116,0.135,0.024,0,0,0,0,0
2023-11-26 17:00:00,-7.836,-0.479,-0.116,0.135,0.051,0,0,0,0,0
2023-11-26 18:00:00,-8.63,-0.479,-0.116,0.135,0.051,0,0,0,0,0
2023-11-26 19:00:00,-9.473,-0.479,-0.116,0.135,0.051,0,0,0,0,0
2023-11-26 20:00:00,-8.597,-0.479,-0.116,0.135,0.051,0,0,0,0,0
2023-11-26 21:00:00,-8.831,-0.479,-0.116,0.135,0.024,0,0,0,0,0
2023-11-26 22:00:00,-7.575,-0.507,-0.116,0.107,0.024,0,0,0,0,0
2023-11-26 23:00:00,-8.099,-0.507,-0.116,0.107,0.024,0,0,0,0,0
2023-11-27 00:00:00,-7.673,-0.507,-0.116,0.107,0.024,0,0,0,0,0
2023-11-27 01:00:00,-6.262,-0.507,-0.116,0.107,0.024,0,0,0,0,0
2023-11-27 02:00:00,-6.325,-0.507,-0.143,0.107,0.024,0,0,0,0,0
2023-11-27 03:00:00,-7.026,-0.535,-0.116,0.107,0.024,0,0,0,0,0
2023-11-27 04:00:00,-6.77,-0.535,-0.143,0.107,0.024,0,0,0,0,0
2023-11-27 05:00:00,-6.294,-0.535,-0.116,0.107,0.024,0,0,0,0,0
2023-11-27 06:00:00,-4.957,-0.535,-0.116,0.107,-0.004,0,0,0,0,0
2023-11-27 07:00:00,-4.56,-0.535,-0.143,0.079,0.024,0,0,0,0,0
2023-11-27 08:00:00,-4.257,-0.535,-0.143,0.079,0.024,0,0,0,0,0
2023-11-27 09:00:00,-4.712,-0.535,-0.116,0.079,0.024,0,0,0,0,0
2023-11-27 10:00:00,-4.743,-0.535,-0.116,0.079,-0.004,0,0,0,0,0
2023-11-27 11:00:00,-4.439,-0.535,-0.143,0.079,0.024,0,0,0,0,0
2023-11-27 12:00:00,-4.56,-0.535,-0.143,0.079,0.024,0,0,0,0,0
2023-11-27 13:00:00,-4.439,-0.535,-0.116,0.079,0.024,0,0,0,0,0
2023-11-27 14:00:00,-4.227,-0.535,-0.143,0.079,-0.004,0,0,0,0,0
2023-11-27 15:00:00,-4.439,-0.535,-0.116,0.079,-0.004,0,0,0,0,0
2023-11-27 16:00:00,-4.987,-0.507,-0.143,0.079,0.024,0,0,0,0,0
2023-11-27 17:00:00,-5.11,-0.507,-0.143,0.079,-0.004,0,0,0,0,0
2023-11-27 18:00:00,-5.511,-0.507,-0.143,0.079,0.024,0,0,0,0,0
2023-11-27 19:00:00,-5.542,-0.507,-0.143,0.079,0.024,0,0,0,0,0
2023-11-27 20:00:00,-5.357,-0.507,-0.143,0.079,0.024,0,0,0,0,0
2023-11-27 21:00:00,-5.48,-0.507,-0.143,0.079,0.024,0,0,0,0,0
2023-11-27 22:00:00,-4.926,-0.479,-0.143,0.079,-0.004,0,0,0,0,0
2023-11-27 23:00:00,-5.018,-0.479,-0.143,0.079,0.024,0,0,0,0,0
2023-11-28 00:00:00,-5.357,-0.479,-0.143,0.079,0.024,0,0,0,0,0
2023-11-28 01:00:00,-5.729,-0.479,-0.143,0.079,0.024,0,0,0,0,0
2023-11-28 02:00:00,-5.667,-0.479,-0.143,0.079,-0.004,0,0,0,0,0
2023-11-28 03:00:00,-5.729,-0.479,-0.143,0.079,0.024,0,0,0,0,0
2023-11-28 04:00:00,-5.729,-0.479,-0.116,0.051,-0.004,0,0,0,0,0
2023-11-28 05:00:00,-5.854,-0.479,-0.143,0.051,-0.004,0,0,0,0,0
2023-11-28 06:00:00,-6.199,-0.479,-0.116,0.051,0.024,0,0,0,0,0
2023-11-28 07:00:00,-6.579,-0.451,-0.143,0.079,0.024,0,0,0,0,0
2023-11-28 08:00:00,-6.674,-0.451,-0.143,0.079,0.024,0,0,0,0,0
2023-11-28 09:00:00,-6.642,-0.451,-0.143,0.051,0.024,0,0,0,0,0
2023-11-28 10:00:00,-6.073,-0.451,-0.143,0.051,0.024,0,0,0,0,0
2023-11-28 11:00:00,-6.073,-0.423,-0.143,0.051,0.024,0,0,0,0,0
2023-11-28 12:00:00,-6.388,-0.423,-0.143,0.051,0.024,0,0,0,0,0
2023-11-28 13:00:00,-7.51,-0.423,-0.116,0.079,0.024,0,0,0,0,0
2023-11-28 14:00:00,-7.251,-0.423,-0.116,0.051,0.024,0,0,0,0,0
2023-11-28 15:00:00,-6.738,-0.423,-0.143,0.051,0.024,0,0,0,0,0
2023-11-28 16:00:00,-6.294,-0.423,-0.143,0.051,0.024,0,0,0,0,0
2023-11-28 17:00:00,-5.885,-0.423,-0.143,0.051,0.024,0,0,0,0,0
2023-11-28 18:00:00,-5.388,-0.423,-0.143,0.051,0.024,0,0,0,0,0
2023-11-28 19:00:00,-5.636,-0.423,-0.143,0.051,0.024,0,0,0,0,0
2023-11-28 20:00:00,-5.542,-0.423,-0.143,0.051,0.024,0,0,0,0,0
2023-11-28 21:00:00,-5.079,-0.367,-0.143,0.051,-0.004,0,0,0,0,0
2023-11-28 22:00:00,-4.865,-0.423,-0.143,0.051,0.024,0,0,0,0,0
2023-11-28 23:00:00,-5.729,-0.367,-0.143,0.051,0.024,0,0,0,0,0
2023-11-29 00:00:00,-7.64,-0.367,-0.116,0.079,0.051,0,0,0,0,0
2023-11-29 01:00:00,-7.738,-0.367,-0.116,0.079,0.051,0,0,0,0,0
2023-11-29 02:00:00,-5.916,-0.367,-0.143,0.051,0.024,0,0,0,0,0
2023-11-29 03:00:00,-5.948,-0.367,-0.143,0.051,0.024,0,0,0,0,0
2023-11-29 04:00:00,-6.452,-0.367,-0.143,0.051,0.024,0,0,0,0,0
2023-11-29 05:00:00,-6.515,-0.367,-0.143,0.051,0.024,0,0,0,0,0
2023-11-29 06:00:00,-6.042,-0.367,-0.143,0.051,0.024,0,0,0,0,0
2023-11-29 07:00:00,-3.777,-0.367,-0.143,0.024,-0.004,0,0,0,0,0
2023-11-29 08:00:00,-3.094,-0.367,-0.116,0.024,-0.004,0,0,0,0,0
2023-11-29 09:00:00,-2.508,-0.367,-0.116,0.024,-0.004,0,0,0,0,0
2023-11-29 10:00:00,-3.568,-0.367,-0.143,0.051,-0.004,0,0,0,0,0
2023-11-29 11:00:00,-1.727,-0.367,-0.143,0.024,-0.004,0,0,0,0,0
2023-11-29 12:00:00,-2.363,-0.367,-0.143,0.024,-0.004,0,0,0,0,0
2023-11-29 13:00:00,-2.073,-0.367,-0.143,0.024,-0.004,0,0,0,0,0
2023-11-29 14:00:00,-2.537,-0.367,-0.143,0.024,-0.004,0,0,0,0,0
2023-11-29 15:00:00,-2.015,-0.367,-0.143,0.024,-0.004,0,0,0,0,0
2023-11-29 16:00:00,-1.958,-0.367,-0.143,0.024,-0.004,0,0,0,0,0
2023-11-29 17:00:00,-3.212,-0.367,-0.143,0.024,-0.004,0,0,0,0,0
2023-11-29 18:00:00,-2.947,-0.367,-0.143,0.051,0.024,0,0,0,0,0
2023-11-29 19:00:00,-2.8,-0.367,-0.143,0.024,-0.004,0,0,0,0,0
2023-11-29 20:00:00,-5.542,-0.367,-0.116,0.051,0.024,0,0,0,0,0
2023-11-29 21:00:00,-6.483,-0.367,-0.116,0.079,0.024,0,0,0,0,0
2023-11-29 22:00:00,-6.77,-0.367,-0.143,0.051,0.024,0,0,0,0,0
2023-11-29 23:00:00,-6.898,-0.367,-0.143,0.051,0.024,0,0,0,0,0
2023-11-30 00:00:00,-8,-0.367,-0.116,0.079,0.051,0,0,0,0,0
2023-11-30 01:00:00,-6.93,-0.367,-0.143,0.051,0.024,0,0,0,0,0
2023-11-30 02:00:00,-6.834,-0.367,-0.143,0.051,0.024,0,0,0,0,0
2023-11-30 03:00:00,-7.251,-0.367,-0.143,0.051,0.024,0,0,0,0,0
2023-11-30 04:00:00,-7.608,-0.367,-0.143,0.051,0.024,0,0,0,0,0
2023-11-30 05:00:00,-5.574,-0.367,-0.143,0.051,-0.004,0,0,0,0,0
2023-11-30 06:00:00,-6.42,-0.367,-0.143,0.051,0.024,0,0,0,0,0
2023-11-30 07:00:00,-6.866,-0.367,-0.143,0.051,0.024,0,0,0,0,0
2023-11-30 08:00:00,-5.233,-0.367,-0.143,0.051,0.024,0,0,0,0,0
2023-11-30 09:00:00,-7.122,-0.367,-0.143,0.051,0.024,0,0,0,0,0
2023-11-30 10:00:00,-8.764,-0.339,-0.116,0.079,0.051,0,0,0,0,0
2023-11-30 11:00:00,-10.336,-0.339,-0.116,0.079,0.051,0,0,0,0,0
2023-11-30 12:00:00,-10.757,-0.339,-0.116,0.079,0.051,0,0,0,0,0
2023-11-30 13:00:00,-11.04,-0.339,-0.116,0.079,0.051,0,0,0,0,0
2023-11-30 14:00:00,-8.231,-0.367,-0.116,0.079,0.024,0,0,0,0,0
2023-11-30 15:00:00,-9.989,-0.367,-0.116,0.079,0.051,0,0,0,0,0
2023-11-30 16:00:00,-8.165,-0.367,-0.116,0.051,0.024,0,0,0,0,0
2023-11-30 17:00:00,-5.791,-0.367,-0.143,0.051,0.024,0,0,0,0,0
2023-11-30 18:00:00,-3.33,-0.367,-0.143,0.024,-0.004,1,0,0,0,0
2023-11-30 19:00:00,-6.294,-0.367,-0.143,0.024,0.024,0,0,0,0,0
2023-11-30 20:00:00,-6.515,-0.367,-0.143,0.051,0.024,0,0,0,0,0
2023-11-30 21:00:00,-3.065,-0.367,-0.143,0.024,-0.004,0,0,0,0,0
2023-11-30 22:00:00,-3.301,-0.367,-0.143,0.024,-0.004,0,0,0,0,0
2023-11-30 23:00:00,-2.888,-0.367,-0.143,0.024,-0.004,0,0,0,0,0
2023-12-01 00:00:00,-3.36,-0.367,-0.143,0.024,-0.004,0,0,0,0,0
2023-12-01 01:00:00,-4.016,-0.367,-0.143,0.024,-0.004,0,0,0,0,0
2023-12-01 02:00:00,-4.046,-0.367,-0.143,0.024,-0.004,0,0,0,0,0
2023-12-01 03:00:00,-3.866,-0.423,-0.143,0.024,-0.004,0,0,0,0,0
2023-12-01 04:00:00,-4.712,-0.367,-0.143,0.024,-0.004,0,0,0,0,0
2023-12-01 05:00:00,-5.326,-0.423,-0.143,0.051,0.024,0,0,0,0,0
2023-12-01 06:00:00,-5.418,-0.423,-0.143,0.051,0.024,0,0,0,0,0
2023-12-01 07:00:00,-5.916,-0.367,-0.116,0.051,0.024,0,0,0,0,0
2023-12-01 08:00:00,-6.483,-0.367,-0.143,0.051,0.024,0,0,0,0,0
2023-12-01 09:00:00,-6.738,-0.423,-0.143,0.051,0.024,0,0,0,0,0
2023-12-01 10:00:00,-7.251,-0.367,-0.143,0.051,0.024,0,0,0,0,0
2023-12-01 11:00:00,-7.187,-0.367,-0.143,0.051,0.024,0,0,0,0,0
2023-12-01 12:00:00,-7.869,-0.367,-0.143,0.051,0.024,0,0,0,0,0
2023-12-01 13:00:00,-8.999,-0.367,-0.116,0.079,0.051,0,0,0,0,0
2023-12-01 14:00:00,-10.197,-0.367,-0.116,0.079,0.051,0,0,0,0,0
2023-12-01 15:00:00,-9.851,-0.367,-0.143,0.079,0.051,0,0,0,0,0
2023-12-01 16:00:00,-10.406,-0.367,-0.116,0.079,0.051,0,0,0,0,0
2023-12-01 17:00:00,-10.757,-0.367,-0.116,0.079,0.079,0,0,0,0,0
2023-12-01 18:00:00,-10.827,-0.367,-0.116,0.079,0.079,0,0,0,0,0
2023-12-01 19:00:00,-7.836,-0.367,-0.143,0.079,0.024,0,0,0,0,0
2023-12-01 20:00:00,-8.497,-0.367,-0.116,0.079,0.051,0,0,0,0,0
2023-12-01 21:00:00,-6.962,-0.367,-0.143,0.051,0.024,0,0,0,0,0
2023-12-01 22:00:00,-6.136,-0.423,-0.143,0.024,-0.004,0,0,0,0,0
2023-12-01 23:00:00,-7.673,-0.367,-0.143,0.079,0.051,0,0,0,0,0
2023-12-02 00:00:00,-8.999,-0.367,-0.116,0.079,0.051,0,0,0,0,0
2023-12-02 01:00:00,-9.989,-0.367,-0.116,0.079,0.051,0,0,0,0,0
2023-12-02 02:00:00,-10.266,-0.367,-0.116,0.079,0.051,0,0,0,0,0
2023-12-02 03:00:00,-11.397,-0.367,-0.116,0.079,0.051,0,0,0,0,0
2023-12-02 04:00:00,-11.361,-0.367,-0.116,0.107,0.079,0,0,0,0,0
2023-12-02 05:00:00,-12.714,-0.367,-0.116,0.107,0.079,0,0,0,0,0
2023-12-02 06:00:00,-12.565,-0.367,-0.116,0.107,0.079,0,0,0,0,0
2023-12-02 07:00:00,-13.088,-0.367,-0.116,0.107,0.079,0,0,0,0,0
2023-12-02 08:00:00,-12.863,-0.367,-0.116,0.107,0.079,0,0,0,0,0
2023-12-02 09:00:00,-12.528,-0.367,-0.116,0.079,0.079,0,0,0,0,0
2023-12-02 10:00:00,-12.938,-0.367,-0.116,0.107,0.079,0,0,0,0,0
2023-12-02 11:00:00,-14.314,-0.367,-0.116,0.107,0.079,0,0,0,0,0
2023-12-02 12:00:00,-14.353,-0.367,-0.088,0.107,0.079,0,0,0,0,0
2023-12-02 13:00:00,-14.432,-0.423,-0.088,0.135,0.079,0,0,0,0,0
2023-12-02 14:00:00,-16.87,-0.423,-0.088,0.135,0.079,0,0,0,0,0
2023-12-02 15:00:00,-19.377,-0.423,-0.088,0.135,0.107,0,0,0,0,0
2023-12-02 16:00:00,-18.429,-0.423,-0.116,0.135,0.107,0,0,0,0,0
2023-12-02 17:00:00,-14.707,-0.451,-0.116,0.107,0.051,0,0,0,0,0
2023-12-02 18:00:00,-16.284,-0.479,-0.116,0.107,0.079,0,0,0,0,0
2023-12-02 19:00:00,-16.243,-0.479,-0.116,0.107,0.079,0,0,0,0,0
2023-12-02 20:00:00,-15.587,-0.479,-0.116,0.107,0.079,0,0,0,0,0
2023-12-02 21:00:00,-15.587,-0.479,-0.116,0.135,0.079,0,0,0,0,0
2023-12-02 22:00:00,-13.696,-0.507,-0.116,0.107,0.051,0,0,0,0,0
2023-12-02 23:00:00,-13.926,-0.535,-0.116,0.107,0.051,0,0,0,0,0
2023-12-03 00:00:00,-13.013,-0.535,-0.116,0.107,0.079,0,0,0,0,0
2023-12-03 01:00:00,-12.788,-0.535,-0.116,0.107,0.051,0,0,0,0,0
2023-12-03 02:00:00,-14.984,-0.535,-0.116,0.107,0.079,0,0,0,0,0
2023-12-03 03:00:00,-15.385,-0.535,-0.116,0.135,0.079,0,0,0,0,0
2023-12-03 04:00:00,-14.081,-0.563,-0.116,0.107,0.079,0,0,0,0,0
2023-12-03 05:00:00,-14.197,-0.563,-0.116,0.107,0.079,0,0,0,0,0
2023-12-03 06:00:00,-15.506,-0.563,-0.116,0.135,0.079,0,0,0,0,0
2023-12-03 07:00:00,-12.751,-0.591,-0.116,0.107,0.079,0,0,0,0,0
2023-12-03 08:00:00,-16.87,-0.563,-0.116,0.135,0.079,0,0,0,0,0
2023-12-03 09:00:00,-18.385,-0.591,-0.116,0.135,0.079,0,0,0,0,0
2023-12-03 10:00:00,-17.04,-0.591,-0.116,0.135,0.107,0,0,0,0,0
2023-12-03 11:00:00,-19.933,-0.591,-0.088,0.163,0.107,0,0,0,0,0
2023-12-03 12:00:00,-19.423,-0.591,-0.088,0.135,0.107,0,0,0,0,0
2023-12-03 13:00:00,-19.149,-0.62,-0.088,0.135,0.107,0,0,0,0,0
2023-12-03 14:00:00,-18.34,-0.62,-0.088,0.135,0.107,0,0,0,0,0
2023-12-03 15:00:00,-18.076,-0.648,-0.088,0.135,0.107,0,0,0,0,0
2023-12-03 16:00:00,-18.832,-0.648,-0.088,0.135,0.107,0,0,0,0,0
2023-12-03 17:00:00,-19.793,-0.648,-0.088,0.163,0.107,0,0,0,0,0
2023-12-03 18:00:00,-21.419,-0.648,-0.088,0.163,0.107,0,0,0,0,0
2023-12-03 19:00:00,-21.816,-0.676,-0.088,0.163,0.107,0,0,0,0,0
2023-12-03 20:00:00,-22.371,-0.704,-0.088,0.163,0.107,0,0,0,0,0
2023-12-03 21:00:00,-22.269,-0.704,-0.088,0.163,0.107,0,0,0,0,0
2023-12-03 22:00:00,-21.766,-0.732,-0.088,0.163,0.107,0,0,0,0,0
2023-12-03 23:00:00,-22.422,-0.732,-0.088,0.163,0.107,0,0,0,0,0
2023-12-04 00:00:00,-22.781,-0.76,-0.088,0.163,0.107,0,0,0,0,0
2023-12-04 01:00:00,-23.835,-0.76,-0.088,0.163,0.107,0,0,0,0,0
2023-12-04 02:00:00,-22.626,-0.817,-0.088,0.163,0.107,0,0,0,0,0
2023-12-04 03:00:00,-22.626,-0.817,-0.088,0.163,0.107,0,0,0,0,0
2023-12-04 04:00:00,-23.041,-0.817,-0.088,0.163,0.107,0,0,0,0,0
2023-12-04 05:00:00,-24.323,-0.845,-0.088,0.163,0.107,0,0,0,0,0
2023-12-04 06:00:00,-24.105,-0.845,-0.088,0.163,0.107,0,0,0,0,0
2023-12-04 07:00:00,-24.876,-0.873,-0.088,0.163,0.107,0,0,0,0,0
2023-12-04 08:00:00,-23.462,-0.902,-0.088,0.163,0.107,0,0,0,0,0
2023-12-04 09:00:00,-22.371,-0.93,-0.088,0.163,0.107,0,0,0,0,0
2023-12-04 10:00:00,-22.168,-0.958,-0.088,0.163,0.107,0,0,0,0,0
2023-12-04 11:00:00,-20.98,-0.986,-0.088,0.135,0.107,0,0,0,0,0
2023-12-04 12:00:00,-20.69,-0.986,-0.088,0.135,0.107,0,0,0,0,0
2023-12-04 13:00:00,-20.499,-0.986,-0.088,0.135,0.107,0,0,0,0,0
2023-12-04 14:00:00,-19.746,-0.986,-0.088,0.135,0.107,0,0,0,0,0
2023-12-04 15:00:00,-18.385,-1.015,-0.116,0.135,0.107,0,0,0,0,0
2023-12-04 16:00:00,-20.167,-0.986,-0.088,0.135,0.107,0,0,0,0,0
2023-12-04 17:00:00,-19.7,-1.015,-0.116,0.135,0.107,0,0,0,0,0
2023-12-04 18:00:00,-20.595,-0.986,-0.088,0.135,0.107,0,0,0,0,0
2023-12-04 19:00:00,-21.321,-0.986,-0.088,0.135,0.107,0,0,0,0,0
2023-12-04 20:00:00,-20.595,-1.015,-0.088,0.135,0.107,0,0,0,0,0
2023-12-04 21:00:00,-20.98,-0.986,-0.088,0.135,0.107,0,0,0,0,0
2023-12-04 22:00:00,-20.738,-1.015,-0.088,0.135,0.107,0,0,0,0,0
2023-12-04 23:00:00,-22.168,-1.015,-0.088,0.163,0.107,0,0,0,0,0
2023-12-05 00:00:00,-21.766,-1.015,-0.088,0.163,0.107,0,0,0,0,0
2023-12-05 01:00:00,-22.626,-1.015,-0.088,0.163,0.107,0,0,0,0,0
2023-12-05 02:00:00,-23.041,-1.043,-0.088,0.163,0.107,0,0,0,0,0
2023-12-05 03:00:00,-24.051,-1.015,-0.06,0.163,0.107,0,0,0,0,0
2023-12-05 04:00:00,-23.621,-1.043,-0.088,0.163,0.107,0,0,0,0,0
2023-12-05 05:00:00,-22.989,-1.071,-0.088,0.163,0.107,0,0,0,0,0
2023-12-05 06:00:00,-25.441,-1.071,-0.06,0.163,0.107,0,0,0,0,0
2023-12-05 07:00:00,-26.371,-1.1,-0.088,0.163,0.107,0,0,0,0,0
2023-12-05 08:00:00,-26.371,-1.1,-0.088,0.163,0.107,0,0,0,0,0
2023-12-05 09:00:00,-26.91,-1.1,-0.088,0.163,0.107,0,0,0,0,0
2023-12-05 10:00:00,-26.849,-1.1,-0.06,0.163,0.107,0,0,0,0,0
2023-12-05 11:00:00,-26.849,-1.128,-0.06,0.163,0.107,0,0,0,0,0
2023-12-05 12:00:00,-25.844,-1.157,-0.06,0.163,0.107,0,0,0,0,0
2023-12-05 13:00:00,-25.902,-1.185,-0.06,0.163,0.107,0,0,0,0,0
2023-12-05 14:00:00,-24.488,-1.213,-0.088,0.163,0.107,0,0,0,0,0
2023-12-05 15:00:00,-23.889,-1.242,-0.088,0.135,0.107,0,0,0,0,0
2023-12-05 16:00:00,-24.214,-1.213,-0.088,0.163,0.107,0,0,0,0,0
2023-12-05 17:00:00,-23.889,-1.213,-0.088,0.163,0.107,0,0,0,0,0
2023-12-05 18:00:00,-24.378,-1.213,-0.088,0.163,0.107,0,0,0,0,0
2023-12-05 19:00:00,-23.997,-1.213,-0.088,0.163,0.107,0,0,0,0,0
2023-12-05 20:00:00,-23.943,-1.213,-0.088,0.163,0.107,0,0,0,0,0
2023-12-05 21:00:00,-23.728,-1.213,-0.116,0.163,0.107,0,0,0,0,0
2023-12-05 22:00:00,-23.997,-1.213,-0.088,0.163,0.107,0,0,0,0,0
2023-12-05 23:00:00,-23.409,-1.213,-0.088,0.163,0.107,0,0,0,0,0
2023-12-06 00:00:00,-22.524,-1.242,-0.088,0.163,0.107,0,0,0,0,0
2023-12-06 01:00:00,-21.567,-1.242,-0.116,0.135,0.079,0,0,0,0,0
2023-12-06 02:00:00,-20.404,-1.242,-0.116,0.135,0.079,0,0,0,0,0
2023-12-06 03:00:00,-21.028,-1.242,-0.116,0.135,0.079,0,0,0,0,0
2023-12-06 04:00:00,-20.167,-1.213,-0.116,0.135,0.079,0,0,0,0,0
2023-12-06 05:00:00,-19.793,-1.213,-0.116,0.135,0.079,0,0,0,0,0
2023-12-06 06:00:00,-19.24,-1.213,-0.116,0.135,0.079,0,0,0,0,0
2023-12-06 07:00:00,-19.194,-1.213,-0.116,0.135,0.079,0,0,0,0,0
2023-12-06 08:00:00,-19.149,-1.185,-0.116,0.135,0.079,0,0,0,0,0
2023-12-06 09:00:00,-18.742,-1.185,-0.116,0.135,0.079,0,0,0,0,0
2023-12-06 10:00:00,-18.518,-1.185,-0.116,0.135,0.079,0,0,0,0,0
2023-12-06 11:00:00,-18.607,-1.157,-0.116,0.135,0.079,0,0,0,0,0
2023-12-06 12:00:00,-18.607,-1.157,-0.116,0.135,0.079,0,0,0,0,0
2023-12-06 13:00:00,-18.563,-1.157,-0.116,0.135,0.079,0,0,0,0,0
2023-12-06 14:00:00,-18.34,-1.157,-0.116,0.135,0.079,0,0,0,0,0
2023-12-06 15:00:00,-18.208,-1.157,-0.116,0.135,0.079,0,0,0,0,0
2023-12-06 16:00:00,-18.385,-1.128,-0.116,0.135,0.079,0,0,0,0,0
2023-12-06 17:00:00,-18.563,-1.128,-0.116,0.135,0.079,0,0,0,0,0
2023-12-06 18:00:00,-18.429,-1.1,-0.116,0.135,0.079,0,0,0,0,0
2023-12-06 19:00:00,-17.683,-1.1,-0.116,0.107,0.079,0,0,0,0,0
2023-12-06 20:00:00,-17.295,-1.1,-0.116,0.107,0.079,0,0,0,0,0
2023-12-06 21:00:00,-16.955,-1.1,-0.116,0.107,0.051,0,0,0,0,0
2023-12-06 22:00:00,-17.167,-1.1,-0.116,0.107,0.051,0,0,0,0,0
2023-12-06 23:00:00,-16.828,-1.1,-0.116,0.107,0.051,0,0,0,0,0
2023-12-07 00:00:00,-17.51,-1.071,-0.116,0.107,0.079,0,0,0,0,0
2023-12-07 01:00:00,-17.253,-1.043,-0.116,0.107,0.079,0,0,0,0,0
2023-12-07 02:00:00,-17.64,-1.043,-0.116,0.107,0.079,0,0,0,0,0
2023-12-07 03:00:00,-17.813,-1.043,-0.116,0.107,0.079,0,0,0,0,0
2023-12-07 04:00:00,-17.597,-1.043,-0.116,0.107,0.079,0,0,0,0,0
2023-12-07 05:00:00,-19.012,-1.015,-0.116,0.135,0.079,0,0,0,0,0
2023-12-07 06:00:00,-19.103,-1.015,-0.116,0.135,0.079,0,0,0,0,0
2023-12-07 07:00:00,-18.252,-1.043,-0.116,0.107,0.079,0,0,0,0,0
2023-12-07 08:00:00,-17.683,-1.015,-0.116,0.107,0.051,0,0,0,0,0
2023-12-07 09:00:00,-17.295,-1.015,-0.116,0.107,0.051,0,0,0,0,0
2023-12-07 10:00:00,-16.955,-1.015,-0.143,0.107,0.079,0,0,0,0,0
2023-12-07 11:00:00,-16.576,-1.015,-0.116,0.107,0.051,0,0,0,0,0
2023-12-07 12:00:00,-16.492,-1.015,-0.116,0.107,0.079,0,0,0,0,0
2023-12-07 13:00:00,-16.828,-0.986,-0.143,0.107,0.051,0,0,0,0,0
2023-12-07 14:00:00,-18.563,-0.958,-0.116,0.135,0.107,0,0,0,0,0
2023-12-07 15:00:00,-20.167,-0.93,-0.088,0.163,0.107,0,0,0,0,0
2023-12-07 16:00:00,-18.032,-0.986,-0.116,0.135,0.079,0,0,0,0,0
2023-12-07 17:00:00,-17.944,-0.986,-0.116,0.107,0.051,0,0,0,0,0
2023-12-07 18:00:00,-18.563,-0.986,-0.116,0.135,0.079,0,0,0,0,0
2023-12-07 19:00:00,-17.727,-0.986,-0.116,0.107,0.079,0,0,0,0,0
2023-12-07 20:00:00,-16.618,-0.986,-0.116,0.107,0.079,0,0,0,0,0
2023-12-07 21:00:00,-19.377,-0.986,-0.116,0.135,0.107,0,0,0,0,0
2023-12-07 22:00:00,-17.553,-0.986,-0.116,0.135,0.079,0,0,0,0,0
2023-12-07 23:00:00,-17.338,-0.986,-0.116,0.107,0.079,0,0,0,0,0
2023-12-08 00:00:00,-17.424,-0.986,-0.116,0.107,0.079,0,0,0,0,0
2023-12-08 01:00:00,-19.469,-0.958,-0.116,0.135,0.107,0,0,0,0,0
2023-12-08 02:00:00,-21.37,-0.93,-0.088,0.163,0.107,0,0,0,0,0
2023-12-08 03:00:00,-22.32,-0.93,-0.088,0.163,0.107,0,0,0,0,0
2023-12-08 04:00:00,-22.269,-0.93,-0.088,0.163,0.107,0,0,0,0,0
2023-12-08 05:00:00,-21.37,-0.93,-0.088,0.163,0.107,0,0,0,0,0
2023-12-08 06:00:00,-22.32,-0.93,-0.088,0.163,0.107,0,0,0,0,0
2023-12-08 07:00:00,-24.16,-0.958,-0.088,0.163,0.107,0,0,0,0,0
2023-12-08 08:00:00,-22.937,-0.986,-0.088,0.163,0.107,0,0,0,0,0
2023-12-08 09:00:00,-23.674,-0.986,-0.088,0.163,0.107,0,0,0,0,0
2023-12-08 10:00:00,-21.617,-1.043,-0.088,0.163,0.107,0,0,0,0,0
2023-12-08 11:00:00,-20.026,-1.071,-0.116,0.135,0.107,0,0,0,0,0
2023-12-08 12:00:00,-20.356,-1.071,-0.116,0.135,0.107,0,0,0,0,0
2023-12-08 13:00:00,-19.746,-1.071,-0.116,0.135,0.107,0,0,0,0,0
2023-12-08 14:00:00,-21.028,-1.043,-0.088,0.163,0.107,0,0,0,0,0
2023-12-08 15:00:00,-22.989,-1.043,-0.088,0.163,0.107,0,0,0,0,0
2023-12-08 16:00:00,-22.678,-1.071,-0.088,0.163,0.107,0,0,0,0,0
2023-12-08 17:00:00,-21.667,-1.1,-0.116,0.163,0.107,0,0,0,0,0
2023-12-08 18:00:00,-21.617,-1.1,-0.116,0.135,0.107,0,0,0,0,0
2023-12-08 19:00:00,-21.272,-1.128,-0.116,0.135,0.107,0,0,0,0,0
2023-12-08 20:00:00,-22.937,-1.128,-0.088,0.163,0.107,0,0,0,0,0
2023-12-08 21:00:00,-21.37,-1.157,-0.116,0.135,0.107,0,0,0,0,0
2023-12-08 22:00:00,-21.223,-1.157,-0.116,0.135,0.107,0,0,0,0,0
2023-12-08 23:00:00,-19.194,-1.185,-0.116,0.107,0.079,0,0,0,0,0
2023-12-09 00:00:00,-17.77,-1.185,-0.143,0.107,0.079,0,0,0,0,0
2023-12-09 01:00:00,-17.295,-1.185,-0.116,0.107,0.079,0,0,0,0,0
2023-12-09 02:00:00,-17.64,-1.185,-0.143,0.107,0.079,0,0,0,0,0
2023-12-09 03:00:00,-18.607,-1.157,-0.116,0.107,0.079,0,0,0,0,0
2023-12-09 04:00:00,-18.12,-1.157,-0.143,0.107,0.079,0,0,0,0,0
2023-12-09 05:00:00,-17.727,-1.157,-0.116,0.107,0.079,0,0,0,0,0
2023-12-09 06:00:00,-17.253,-1.157,-0.116,0.107,0.079,0,0,0,0,0
2023-12-09 07:00:00,-17.424,-1.157,-0.143,0.107,0.079,0,0,0,0,0
2023-12-09 08:00:00,-17.21,-1.157,-0.116,0.107,0.051,0,0,0,0,0
2023-12-09 09:00:00,-17.51,-1.157,-0.143,0.107,0.079,0,0,0,0,0
2023-12-09 10:00:00,-17.167,-1.157,-0.143,0.107,0.051,0,0,0,0,0
2023-12-09 11:00:00,-17.04,-1.157,-0.143,0.107,0.079,0,0,0,0,0
2023-12-09 12:00:00,-17.424,-1.128,-0.143,0.107,0.051,0,0,0,0,0
2023-12-09 13:00:00,-17.553,-1.128,-0.116,0.107,0.079,0,0,0,0,0
2023-12-09 14:00:00,-17.988,-1.128,-0.143,0.107,0.079,0,0,0,0,0
2023-12-09 15:00:00,-18.385,-1.1,-0.143,0.107,0.079,0,0,0,0,0
2023-12-09 16:00:00,-19.058,-1.1,-0.116,0.135,0.079,0,0,0,0,0
2023-12-09 17:00:00,-19.607,-1.1,-0.116,0.135,0.079,0,0,0,0,0
2023-12-09 18:00:00,-20.883,-1.071,-0.116,0.135,0.107,0,0,0,0,0
2023-12-09 19:00:00,-21.617,-1.071,-0.116,0.135,0.107,0,0,0,0,0
2023-12-09 20:00:00,-20.835,-1.071,-0.116,0.135,0.079,0,0,0,0,0
2023-12-09 21:00:00,-21.272,-1.071,-0.116,0.135,0.107,0,0,0,0,0
2023-12-09 22:00:00,-21.567,-1.071,-0.116,0.135,0.107,0,0,0,0,0
2023-12-09 23:00:00,-21.469,-1.071,-0.116,0.135,0.107,0,0,0,0,0
2023-12-10 00:00:00,-22.371,-1.071,-0.116,0.135,0.107,0,0,0,0,0
2023-12-10 01:00:00,-22.678,-1.071,-0.088,0.163,0.107,0,0,0,0,0
2023-12-10 02:00:00,-23.674,-1.043,-0.088,0.163,0.107,0,0,0,0,0
2023-12-10 03:00:00,-24.378,-1.071,-0.088,0.163,0.107,0,0,0,0,0
2023-12-10 04:00:00,-23.943,-1.1,-0.116,0.163,0.107,0,0,0,0,0
2023-12-10 05:00:00,-21.816,-1.128,-0.116,0.135,0.107,0,0,0,0,0
2023-12-10 06:00:00,-23.093,-1.128,-0.116,0.135,0.107,0,0,0,0,0
2023-12-10 07:00:00,-23.728,-1.1,-0.116,0.135,0.107,0,0,0,0,0
2023-12-10 08:00:00,-22.885,-1.1,-0.088,0.163,0.107,0,0,0,0,0
2023-12-10 09:00:00,-24.378,-1.1,-0.088,0.163,0.107,0,0,0,0,0
2023-12-10 10:00:00,-25.27,-1.128,-0.088,0.163,0.107,0,0,0,0,0
2023-12-10 11:00:00,-26.019,-1.128,-0.088,0.163,0.107,0,0,0,0,0
2023-12-10 12:00:00,-26.849,-1.157,-0.088,0.163,0.107,0,0,0,0,0
2023-12-10 13:00:00,-27.833,-1.157,-0.06,0.163,0.107,0,0,0,0,0
2023-12-10 14:00:00,-28.598,-1.185,-0.06,0.19,0.107,0,0,0,0,0
2023-12-10 15:00:00,-28.34,-1.213,-0.06,0.163,0.107,0,0,0,0,0
2023-12-10 16:00:00,-28.469,-1.27,-0.06,0.163,0.107,0,0,0,0,0
2023-12-10 17:00:00,-29.52,-1.299,-0.06,0.163,0.107,0,0,0,0,0
2023-12-10 18:00:00,-28.404,-1.356,-0.088,0.163,0.107,0,0,0,0,0
2023-12-10 19:00:00,-28.34,-1.384,-0.088,0.163,0.107,0,0,0,0,0
2023-12-10 20:00:00,-29.121,-1.384,-0.06,0.163,0.107,0,0,0,0,0
2023-12-10 21:00:00,-29.32,-1.413,-0.06,0.19,0.107,0,0,0,0,0
2023-12-10 22:00:00,-29.32,-1.47,-0.06,0.163,0.107,0,0,0,0,0
2023-12-10 23:00:00,-28.923,-1.498,-0.06,0.163,0.107,0,0,0,0,0
2023-12-11 00:00:00,-27.708,-1.527,-0.06,0.163,0.107,0,0,0,0,0
2023-12-11 01:00:00,-28.533,-1.556,-0.06,0.163,0.107,0,0,0,0,0
2023-12-11 02:00:00,-26.729,-1.584,-0.088,0.163,0.107,0,0,0,0,0
2023-12-11 03:00:00,-25.844,-1.584,-0.088,0.163,0.107,0,0,0,0,0
2023-12-11 04:00:00,-24.433,-1.613,-0.088,0.163,0.107,0,0,0,0,0
2023-12-11 05:00:00,-25.327,-1.584,-0.088,0.163,0.107,0,0,0,0,0
2023-12-11 06:00:00,-25.671,-1.584,-0.088,0.163,0.107,0,0,0,0,0
2023-12-11 07:00:00,-24.932,-1.584,-0.088,0.163,0.107,0,0,0,0,0
2023-12-11 08:00:00,-23.515,-1.613,-0.088,0.163,0.107,0,0,0,0,0
2023-12-11 09:00:00,-22.269,-1.613,-0.116,0.135,0.107,0,0,0,0,0
2023-12-11 10:00:00,-21.766,-1.613,-0.116,0.135,0.107,1,0,0,0,0
2023-12-11 11:00:00,-17.167,-1.613,-0.143,0.107,0.079,1,0,0,0,0
2023-12-11 12:00:00,-16.409,-1.584,-0.143,0.107,0.079,0,0,0,0,0
2023-12-11 13:00:00,-15.996,-1.527,-0.143,0.107,0.051,0,0,0,0,0
2023-12-11 14:00:00,-15.264,-1.498,-0.143,0.107,0.051,0,0,0,0,0
2023-12-11 15:00:00,-14.707,-1.47,-0.143,0.107,0.051,0,0,0,0,0
2023-12-11 16:00:00,-13.772,-1.441,-0.143,0.079,0.051,0,0,0,0,0
2023-12-11 17:00:00,-12.9,-1.413,-0.143,0.079,0.051,0,0,0,0,0
2023-12-11 18:00:00,-12.233,-1.384,-0.143,0.079,0.051,0,0,0,0,0
2023-12-11 19:00:00,-11.65,-1.384,-0.143,0.079,0.051,0,0,0,0,0
2023-12-11 20:00:00,-11.397,-1.384,-0.143,0.079,0.051,0,0,0,0,0
2023-12-11 21:00:00,-10.898,-1.384,-0.143,0.079,0.051,0,0,0,0,0
2023-12-11 22:00:00,-10.231,-1.356,-0.143,0.079,0.024,0,0,0,0,0
2023-12-11 23:00:00,-10.127,-1.327,-0.143,0.079,0.024,0,0,0,0,0
2023-12-12 00:00:00,-9.713,-1.299,-0.143,0.079,0.024,0,0,0,0,0
2023-12-12 01:00:00,-9.576,-1.27,-0.143,0.079,0.024,0,0,0,0,0
2023-12-12 02:00:00,-9.713,-1.27,-0.143,0.079,0.024,0,0,0,0,0
2023-12-12 03:00:00,-9.235,-1.242,-0.143,0.079,0.024,0,0,0,0,0
2023-12-12 04:00:00,-9.508,-1.242,-0.143,0.079,0.024,0,0,0,0,0
2023-12-12 05:00:00,-9.473,-1.213,-0.143,0.079,0.024,0,0,0,0,0
2023-12-12 06:00:00,-10.058,-1.213,-0.143,0.079,0.024,0,0,0,0,0
2023-12-12 07:00:00,-10.127,-1.185,-0.143,0.079,0.024,0,0,0,0,0
2023-12-12 08:00:00,-10.266,-1.157,-0.143,0.079,0.024,0,0,0,0,0
2023-12-12 09:00:00,-11.794,-1.157,-0.143,0.079,0.051,0,0,0,0,0
2023-12-12 10:00:00,-12.751,-1.128,-0.143,0.079,0.051,0,0,0,0,0
2023-12-12 11:00:00,-13.657,-1.1,-0.143,0.079,0.051,0,0,0,0,0
2023-12-12 12:00:00,-14.159,-1.1,-0.143,0.079,0.051,0,0,0,0,0
2023-12-12 13:00:00,-14.51,-1.1,-0.143,0.079,0.051,0,0,0,0,0
2023-12-12 14:00:00,-14.628,-1.071,-0.143,0.079,0.051,0,0,0,0,0
2023-12-12 15:00:00,-15.104,-1.043,-0.143,0.107,0.051,0,0,0,0,0
2023-12-12 16:00:00,-15.224,-1.043,-0.143,0.079,0.051,0,0,0,0,0
2023-12-12 17:00:00,-15.345,-1.015,-0.143,0.107,0.051,0,0,0,0,0
2023-12-12 18:00:00,-15.791,-1.015,-0.143,0.107,0.051,0,0,0,0,0
2023-12-12 19:00:00,-15.996,-0.986,-0.143,0.107,0.051,0,0,0,0,0
2023-12-12 20:00:00,-16.037,-0.986,-0.143,0.107,0.051,0,0,0,0,0
2023-12-12 21:00:00,-16.16,-0.986,-0.143,0.107,0.079,0,0,0,0,0
2023-12-12 22:00:00,-15.954,-0.958,-0.143,0.107,0.051,0,0,0,0,0
2023-12-12 23:00:00,-16.119,-0.958,-0.143,0.079,0.051,0,0,0,0,0
2023-12-13 00:00:00,-16.451,-0.93,-0.143,0.107,0.051,0,0,0,0,0
2023-12-13 01:00:00,-16.326,-0.93,-0.143,0.107,0.051,0,0,0,0,0
2023-12-13 02:00:00,-16.534,-0.93,-0.143,0.107,0.079,0,0,0,0,0
2023-12-13 03:00:00,-16.87,-0.902,-0.143,0.107,0.051,0,0,0,0,0
2023-12-13 04:00:00,-17.082,-0.902,-0.143,0.107,0.051,0,0,0,0,0
2023-12-13 05:00:00,-16.492,-0.902,-0.143,0.107,0.079,0,0,0,0,0
2023-12-13 06:00:00,-16.912,-0.902,-0.143,0.107,0.079,0,0,0,0,0
2023-12-13 07:00:00,-16.702,-0.902,-0.143,0.107,0.051,0,0,0,0,0
2023-12-13 08:00:00,-16.078,-0.902,-0.143,0.107,0.051,0,0,0,0,0
2023-12-13 09:00:00,-16.119,-0.873,-0.143,0.079,0.051,0,0,0,0,0
2023-12-13 10:00:00,-16.202,-0.873,-0.143,0.079,0.051,0,0,0,0,0
2023-12-13 11:00:00,-15.996,-0.873,-0.143,0.079,0.051,0,0,0,0,0
2023-12-13 12:00:00,-15.628,-0.873,-0.143,0.079,0.051,0,0,0,0,0
2023-12-13 13:00:00,-15.345,-0.873,-0.143,0.079,0.051,0,0,0,0,0
2023-12-13 14:00:00,-15.305,-0.873,-0.143,0.079,0.051,0,0,0,0,0
2023-12-13 15:00:00,-15.345,-0.873,-0.143,0.079,0.051,0,0,0,0,0
2023-12-13 16:00:00,-15.547,-0.873,-0.143,0.079,0.051,0,0,0,0,0
2023-12-13 17:00:00,-15.669,-0.873,-0.143,0.079,0.051,0,0,0,0,0
2023-12-13 18:00:00,-15.628,-0.873,-0.143,0.079,0.051,0,0,0,0,0
2023-12-13 19:00:00,-15.264,-0.873,-0.143,0.079,0.051,0,0,0,0,0
2023-12-13 20:00:00,-15.506,-0.845,-0.143,0.079,0.051,0,0,0,0,0
2023-12-13 21:00:00,-15.345,-0.845,-0.143,0.079,0.051,0,0,0,0,0
2023-12-13 22:00:00,-15.184,-0.845,-0.143,0.079,0.051,0,0,0,0,0
2023-12-13 23:00:00,-15.385,-0.817,-0.143,0.079,0.051,0,0,0,0,0
2023-12-14 00:00:00,-15.547,-0.817,-0.143,0.079,0.051,0,0,0,0,0
2023-12-14 01:00:00,-15.709,-0.817,-0.143,0.079,0.051,0,0,0,0,0
2023-12-14 02:00:00,-15.913,-0.817,-0.143,0.079,0.051,0,0,0,0,0
2023-12-14 03:00:00,-15.506,-0.817,-0.143,0.079,0.051,0,0,0,0,0
2023-12-14 04:00:00,-15.547,-0.817,-0.143,0.079,0.051,0,0,0,0,0
2023-12-14 05:00:00,-15.024,-0.817,-0.143,0.079,0.051,0,0,0,0,0
2023-12-14 06:00:00,-15.873,-0.817,-0.143,0.079,0.051,0,0,0,0,0
2023-12-14 07:00:00,-15.184,-0.817,-0.143,0.079,0.051,0,0,0,0,0
2023-12-14 08:00:00,-15.75,-0.817,-0.143,0.079,0.051,0,0,0,0,0
2023-12-14 09:00:00,-15.385,-0.789,-0.143,0.079,0.051,0,0,0,0,0
2023-12-14 10:00:00,-15.104,-0.817,-0.143,0.079,0.051,0,0,0,0,0
2023-12-14 11:00:00,-16.409,-0.789,-0.143,0.107,0.051,0,0,0,0,0
2023-12-14 12:00:00,-17.125,-0.789,-0.143,0.107,0.079,0,0,0,0,0
2023-12-14 13:00:00,-17.901,-0.76,-0.143,0.107,0.079,0,0,0,0,0
2023-12-14 14:00:00,-18.385,-0.76,-0.143,0.107,0.079,0,0,0,0,0
2023-12-14 15:00:00,-18.563,-0.76,-0.143,0.107,0.079,0,0,0,0,0
2023-12-14 16:00:00,-18.967,-0.76,-0.143,0.107,0.079,0,0,0,0,0
2023-12-14 17:00:00,-19.7,-0.76,-0.116,0.135,0.107,0,0,0,0,0
2023-12-14 18:00:00,-21.916,-0.704,-0.116,0.135,0.107,0,0,0,0,0
2023-12-14 19:00:00,-21.966,-0.704,-0.116,0.163,0.107,0,0,0,0,0
2023-12-14 20:00:00,-23.145,-0.704,-0.088,0.163,0.107,0,0,0,0,0
2023-12-14 21:00:00,-25.327,-0.676,-0.088,0.163,0.107,0,0,0,0,0
2023-12-14 22:00:00,-25.27,-0.704,-0.088,0.163,0.107,0,0,0,0,0
2023-12-14 23:00:00,-26.371,-0.704,-0.088,0.163,0.107,0,0,0,0,0
2023-12-15 00:00:00,-26.729,-0.704,-0.088,0.163,0.107,0,0,0,0,0
2023-12-15 01:00:00,-26.019,-0.732,-0.088,0.163,0.107,0,0,0,0,0
2023-12-15 02:00:00,-26.371,-0.732,-0.088,0.163,0.107,0,0,0,0,0
2023-12-15 03:00:00,-27.584,-0.76,-0.088,0.163,0.107,0,0,0,0,0
2023-12-15 04:00:00,-27.771,-0.76,-0.088,0.163,0.107,0,0,0,0,0
2023-12-15 05:00:00,-26.431,-0.817,-0.116,0.135,0.107,0,0,0,0,0
2023-12-15 06:00:00,-27.708,-0.817,-0.088,0.163,0.107,0,0,0,0,0
2023-12-15 07:00:00,-26.729,-0.817,-0.088,0.163,0.107,0,0,0,0,0
2023-12-15 08:00:00,-26.136,-0.845,-0.088,0.163,0.107,0,0,0,0,0
2023-12-15 09:00:00,-24.214,-0.873,-0.116,0.135,0.107,0,0,0,0,0
2023-12-15 10:00:00,-25.045,-0.902,-0.116,0.135,0.107,0,0,0,0,0
2023-12-15 11:00:00,-28.276,-0.873,-0.088,0.163,0.107,0,0,0,0,0
2023-12-15 12:00:00,-28.598,-0.873,-0.06,0.163,0.107,0,0,0,0,0
2023-12-15 13:00:00,-28.34,-0.902,-0.06,0.163,0.107,0,0,0,0,0
2023-12-15 14:00:00,-29.79,-0.93,-0.06,0.163,0.107,0,0,0,0,0
2023-12-15 15:00:00,-29.253,-0.93,-0.06,0.163,0.107,0,0,0,0,0
2023-12-15 16:00:00,-28.727,-0.958,-0.06,0.163,0.107,0,0,0,0,0
2023-12-15 17:00:00,-31.045,-0.986,-0.06,0.163,0.107,0,0,0,0,0
2023-12-15 18:00:00,-30.409,-1.015,-0.06,0.163,0.107,0,0,0,0,0
2023-12-15 19:00:00,-28.727,-1.071,-0.06,0.163,0.107,0,0,0,0,0
2023-12-15 20:00:00,-31.92,-1.071,-0.06,0.163,0.051,0,0,0,0,0
2023-12-15 21:00:00,-32.521,-1.1,-0.06,0.163,0.107,0,0,0,0,0
2023-12-15 22:00:00,-30.479,-1.128,-0.06,0.163,0.107,0,0,0,0,0
2023-12-15 23:00:00,-28.086,-1.185,-0.088,0.163,0.107,0,0,0,0,0
2023-12-16 00:00:00,-26.136,-1.213,-0.088,0.163,0.107,0,0,0,0,0
2023-12-16 01:00:00,-23.943,-1.213,-0.088,0.163,0.107,0,0,0,0,0
2023-12-16 02:00:00,-22.32,-1.242,-0.116,0.107,0.107,0,0,0,0,0
2023-12-16 03:00:00,-21.518,-1.242,-0.143,0.107,0.107,0,0,0,0,0
2023-12-16 04:00:00,-20.356,-1.213,-0.143,0.107,0.107,0,0,0,0,0
2023-12-16 05:00:00,-19.7,-1.213,-0.143,0.107,0.079,0,0,0,0,0
2023-12-16 06:00:00,-19.24,-1.185,-0.143,0.107,0.079,0,0,0,0,0
2023-12-16 07:00:00,-18.607,-1.185,-0.143,0.107,0.079,0,0,0,0,0
2023-12-16 08:00:00,-18.563,-1.157,-0.143,0.079,0.079,0,0,0,0,0
2023-12-16 09:00:00,-18.34,-1.157,-0.143,0.079,0.079,0,0,0,0,0
2023-12-16 10:00:00,-18.474,-1.157,-0.143,0.107,0.079,0,0,0,0,0
2023-12-16 11:00:00,-19.469,-1.128,-0.143,0.107,0.079,0,0,0,0,0
2023-12-16 12:00:00,-20.404,-1.1,-0.143,0.107,0.079,0,0,0,0,0
2023-12-16 13:00:00,-21.077,-1.1,-0.143,0.107,0.107,0,0,0,0,0
2023-12-16 14:00:00,-21.617,-1.071,-0.116,0.135,0.107,0,0,0,0,0
2023-12-16 15:00:00,-22.473,-1.071,-0.116,0.135,0.107,0,0,0,0,0
2023-12-16 16:00:00,-22.524,-1.071,-0.143,0.135,0.107,0,0,0,0,0
2023-12-16 17:00:00,-23.728,-1.043,-0.116,0.135,0.107,0,0,0,0,0
2023-12-16 18:00:00,-24.598,-1.043,-0.116,0.135,0.107,0,0,0,0,0
2023-12-16 19:00:00,-24.323,-1.043,-0.088,0.163,0.107,0,0,0,0,0
2023-12-16 20:00:00,-26.55,-1.043,-0.088,0.163,0.107,0,0,0,0,0
2023-12-16 21:00:00,-25.384,-1.043,-0.088,0.135,0.107,0,0,0,0,0
2023-12-16 22:00:00,-23.356,-1.071,-0.116,0.135,0.107,0,0,0,0,0
2023-12-16 23:00:00,-23.093,-1.071,-0.116,0.135,0.107,0,0,0,0,0
2023-12-17 00:00:00,-21.419,-1.071,-0.116,0.135,0.107,0,0,0,0,0
2023-12-17 01:00:00,-20.356,-1.128,-0.143,0.107,0.079,0,0,0,0,0
2023-12-17 02:00:00,-19.012,-1.128,-0.143,0.079,0.079,0,0,0,0,0
2023-12-17 03:00:00,-18.252,-1.1,-0.143,0.079,0.079,0,0,0,0,0
2023-12-17 04:00:00,-18.474,-1.1,-0.143,0.079,0.079,0,0,0,0,0
2023-12-17 05:00:00,-18.742,-1.1,-0.143,0.107,0.079,0,0,0,0,0
2023-12-17 06:00:00,-18.208,-1.071,-0.143,0.107,0.079,0,0,0,0,0
2023-12-17 07:00:00,-17.901,-1.071,-0.143,0.079,0.051,0,0,0,0,0
2023-12-17 08:00:00,-18.563,-1.043,-0.143,0.107,0.079,0,0,0,0,0
2023-12-17 09:00:00,-17.381,-1.043,-0.143,0.079,0.079,0,0,0,0,0
2023-12-17 10:00:00,-16.702,-1.043,-0.143,0.079,0.051,0,0,0,0,0
2023-12-17 11:00:00,-16.326,-1.043,-0.143,0.079,0.051,0,0,0,0,0
2023-12-17 12:00:00,-15.547,-1.043,-0.143,0.079,0.051,0,0,0,0,0
2023-12-17 13:00:00,-16.492,-1.043,-0.143,0.079,0.079,0,0,0,0,0
2023-12-17 14:00:00,-15.954,-1.043,-0.143,0.079,0.051,0,0,0,0,0
2023-12-17 15:00:00,-15.954,-1.043,-0.143,0.079,0.051,0,0,0,0,0
2023-12-17 16:00:00,-15.104,-1.043,-0.143,0.079,0.051,0,0,0,0,0
2023-12-17 17:00:00,-14.628,-1.043,-0.171,0.079,0.051,0,0,0,0,0
2023-12-17 18:00:00,-13.926,-1.043,-0.143,0.079,0.051,0,0,0,0,0
2023-12-17 19:00:00,-10.023,-1.043,-0.143,0.051,0.024,1,0,0,0,0
2023-12-17 20:00:00,-13.657,-1.043,-0.143,0.079,0.051,0,0,0,0,0
2023-12-17 21:00:00,-13.088,-1.043,-0.171,0.079,0.051,0,0,0,0,0
2023-12-17 22:00:00,-12.565,-1.043,-0.171,0.051,0.051,0,0,0,0,0
2023-12-17 23:00:00,-12.417,-1.043,-0.171,0.051,0.051,0,0,0,0,0
2023-12-18 00:00:00,-12.196,-1.043,-0.171,0.079,0.051,0,0,0,0,0
2023-12-18 01:00:00,-12.049,-1.043,-0.171,0.051,0.051,0,0,0,0,0
2023-12-18 02:00:00,-11.613,-1.015,-0.171,0.051,0.024,0,0,0,0,0
2023-12-18 03:00:00,-13.466,-1.015,-0.171,0.051,0.051,0,0,0,0,0
2023-12-18 04:00:00,-14.432,-1.015,-0.171,0.079,0.051,0,0,0,0,0
2023-12-18 05:00:00,-14.51,-1.015,-0.171,0.079,0.051,0,0,0,0,0
2023-12-18 06:00:00,-15.144,-0.986,-0.171,0.079,0.051,0,0,0,0,0
2023-12-18 07:00:00,-17.082,-0.986,-0.143,0.079,0.079,0,0,0,0,0
2023-12-18 08:00:00,-17.51,-0.986,-0.143,0.079,0.079,0,0,0,0,0
2023-12-18 09:00:00,-17.597,-0.958,-0.143,0.079,0.079,0,0,0,0,0
2023-12-18 10:00:00,-16.997,-0.958,-0.143,0.079,0.051,0,0,0,0,0
2023-12-18 11:00:00,-16.828,-0.958,-0.143,0.079,0.051,0,0,0,0,0
2023-12-18 12:00:00,-16.202,-0.958,-0.171,0.079,0.051,0,0,0,0,0
2023-12-18 13:00:00,-15.873,-0.958,-0.171,0.079,0.051,0,0,0,0,0
2023-12-18 14:00:00,-15.709,-0.958,-0.171,0.079,0.051,0,0,0,0,0
2023-12-18 15:00:00,-15.873,-0.93,-0.171,0.079,0.051,0,0,0,0,0
2023-12-18 16:00:00,-15.669,-0.93,-0.171,0.079,0.051,0,0,0,0,0
2023-12-18 17:00:00,-15.832,-0.93,-0.171,0.079,0.051,0,0,0,0,0
2023-12-18 18:00:00,-15.506,-0.93,-0.171,0.079,0.051,0,0,0,0,0
2023-12-18 19:00:00,-15.75,-0.93,-0.143,0.079,0.051,0,0,0,0,0
2023-12-18 20:00:00,-15.832,-0.93,-0.171,0.079,0.051,0,0,0,0,0
2023-12-18 21:00:00,-15.832,-0.902,-0.171,0.079,0.051,0,0,0,0,0
2023-12-18 22:00:00,-16.078,-0.902,-0.171,0.079,0.051,0,0,0,0,0
2023-12-18 23:00:00,-16.997,-0.873,-0.171,0.079,0.051,0,0,0,0,0
2023-12-19 00:00:00,-17.21,-0.873,-0.171,0.079,0.079,0,0,0,0,0
2023-12-19 01:00:00,-18.164,-0.873,-0.171,0.079,0.079,0,0,0,0,0
2023-12-19 02:00:00,-19.012,-0.845,-0.143,0.107,0.079,0,0,0,0,0
2023-12-19 03:00:00,-20.404,-0.845,-0.143,0.107,0.079,0,0,0,0,0
2023-12-19 04:00:00,-21.077,-0.817,-0.143,0.107,0.107,0,0,0,0,0
2023-12-19 05:00:00,-21.518,-0.817,-0.143,0.107,0.107,0,0,0,0,0
2023-12-19 06:00:00,-23.568,-0.817,-0.143,0.135,0.107,0,0,0,0,0
2023-12-19 07:00:00,-25.728,-0.817,-0.116,0.135,0.107,0,0,0,0,0
2023-12-19 08:00:00,-24.16,-0.817,-0.116,0.163,0.107,0,0,0,0,0
2023-12-19 09:00:00,-27.031,-0.817,-0.116,0.163,0.107,0,0,0,0,0
2023-12-19 10:00:00,-27.646,-0.845,-0.116,0.163,0.107,0,0,0,0,0
2023-12-19 11:00:00,-28.276,-0.845,-0.088,0.163,0.107,0,0,0,0,0
2023-12-19 12:00:00,-27.031,-0.902,-0.116,0.163,0.107,0,0,0,0,0
2023-12-19 13:00:00,-26.077,-0.958,-0.116,0.135,0.107,0,0,0,0,0
2023-12-19 14:00:00,-26.97,-0.958,-0.116,0.135,0.107,0,0,0,0,0
2023-12-19 15:00:00,-26.431,-0.986,-0.116,0.163,0.107,0,0,0,0,0
2023-12-19 16:00:00,-27.031,-0.986,-0.116,0.163,0.107,0,0,0,0,0
2023-12-19 17:00:00,-26.849,-1.015,-0.116,0.135,0.107,0,0,0,0,0
2023-12-19 18:00:00,-25.96,-1.043,-0.088,0.163,0.107,0,0,0,0,0
2023-12-19 19:00:00,-29.386,-1.043,-0.088,0.163,0.107,0,0,0,0,0
2023-12-19 20:00:00,-29.52,-1.1,-0.088,0.163,0.107,0,0,0,0,0
2023-12-19 21:00:00,-27.031,-1.1,-0.088,0.163,0.107,0,0,0,0,0
2023-12-19 22:00:00,-26.194,-1.157,-0.116,0.163,0.107,0,0,0,0,0
2023-12-19 23:00:00,-24.654,-1.157,-0.116,0.135,0.107,0,0,0,0,0
2023-12-20 00:00:00,-25.384,-1.157,-0.116,0.135,0.107,0,0,0,0,0
2023-12-20 01:00:00,-24.598,-1.185,-0.116,0.163,0.107,0,0,0,0,0
2023-12-20 02:00:00,-24.543,-1.185,-0.116,0.135,0.107,0,0,0,0,0
2023-12-20 03:00:00,-24.488,-1.213,-0.116,0.135,0.107,0,0,0,0,0
2023-12-20 04:00:00,-24.269,-1.185,-0.116,0.135,0.107,0,0,0,0,0
2023-12-20 05:00:00,-23.568,-1.185,-0.116,0.135,0.107,0,0,0,0,0
2023-12-20 06:00:00,-23.515,-1.185,-0.143,0.135,0.107,0,0,0,0,0
2023-12-20 07:00:00,-23.462,-1.213,-0.143,0.135,0.107,0,0,0,0,0
2023-12-20 08:00:00,-22.678,-1.213,-0.143,0.135,0.107,0,0,0,0,0
2023-12-20 09:00:00,-20.786,-1.213,-0.143,0.107,0.107,0,0,0,0,0
2023-12-20 10:00:00,-20.026,-1.213,-0.143,0.107,0.079,0,0,0,0,0
2023-12-20 11:00:00,-19.285,-1.213,-0.143,0.107,0.079,0,0,0,0,0
2023-12-20 12:00:00,-18.742,-1.185,-0.143,0.107,0.079,0,0,0,0,0
2023-12-20 13:00:00,-17.944,-1.185,-0.171,0.079,0.079,0,0,0,0,0
2023-12-20 14:00:00,-16.786,-1.157,-0.171,0.079,0.051,0,0,0,0,0
2023-12-20 15:00:00,-17.167,-1.128,-0.171,0.079,0.051,0,0,0,0,0
2023-12-20 16:00:00,-16.284,-1.128,-0.171,0.079,0.051,0,0,0,0,0
2023-12-20 17:00:00,-16.119,-1.1,-0.171,0.079,0.051,0,0,0,0,0
2023-12-20 18:00:00,-16.744,-1.1,-0.171,0.079,0.079,0,0,0,0,0
2023-12-20 19:00:00,-15.832,-1.071,-0.171,0.079,0.051,0,0,0,0,0
2023-12-20 20:00:00,-15.064,-1.071,-0.171,0.079,0.051,0,0,0,0,0
2023-12-20 21:00:00,-14.392,-1.043,-0.171,0.079,0.051,0,0,0,0,0
2023-12-20 22:00:00,-13.657,-1.043,-0.171,0.079,0.051,0,0,0,0,0
2023-12-20 23:00:00,-14.081,-1.043,-0.171,0.079,0.051,0,0,0,0,0
2023-12-21 00:00:00,-13.619,-1.015,-0.171,0.079,0.051,0,0,0,0,0
2023-12-21 01:00:00,-13.088,-1.015,-0.171,0.079,0.051,0,0,0,0,0
2023-12-21 02:00:00,-13.163,-0.986,-0.171,0.079,0.051,0,0,0,0,0
2023-12-21 03:00:00,-13.05,-0.986,-0.171,0.079,0.051,0,0,0,0,0
2023-12-21 04:00:00,-12.714,-0.986,-0.171,0.079,0.051,0,0,0,0,0
2023-12-21 05:00:00,-12.269,-0.958,-0.171,0.051,0.051,0,0,0,0,0
2023-12-21 06:00:00,-12.123,-0.958,-0.171,0.051,0.024,0,0,0,0,0
2023-12-21 07:00:00,-11.903,-0.958,-0.171,0.051,0.024,0,0,0,0,0
2023-12-21 08:00:00,-11.613,-0.93,-0.199,0.051,0.051,0,0,0,0,0
2023-12-21 09:00:00,-12.049,-0.93,-0.171,0.051,0.051,0,0,0,0,0
2023-12-21 10:00:00,-12.306,-0.93,-0.199,0.051,0.051,0,0,0,0,0
2023-12-21 11:00:00,-11.976,-0.93,-0.171,0.051,0.051,0,0,0,0,0
2023-12-21 12:00:00,-12.565,-0.902,-0.199,0.051,0.051,0,0,0,0,0
2023-12-21 13:00:00,-13.772,-0.902,-0.199,0.079,0.051,0,0,0,0,0
2023-12-21 14:00:00,-15.791,-0.873,-0.171,0.079,0.051,0,0,0,0,0
2023-12-21 15:00:00,-16.828,-0.873,-0.171,0.079,0.051,0,0,0,0,0
2023-12-21 16:00:00,-17.381,-0.873,-0.171,0.079,0.079,0,0,0,0,0
2023-12-21 17:00:00,-16.409,-0.873,-0.171,0.079,0.051,0,0,0,0,0
2023-12-21 18:00:00,-16.618,-0.873,-0.171,0.079,0.051,0,0,0,0,0
2023-12-21 19:00:00,-16.284,-0.873,-0.171,0.079,0.051,0,0,0,0,0
2023-12-21 20:00:00,-16.367,-0.873,-0.171,0.079,0.051,0,0,0,0,0
2023-12-21 21:00:00,-16.492,-0.873,-0.171,0.079,0.051,0,0,0,0,0
2023-12-21 22:00:00,-15.996,-0.873,-0.171,0.079,0.051,0,0,0,0,0
2023-12-21 23:00:00,-16.243,-0.873,-0.171,0.079,0.051,0,0,0,0,0
2023-12-22 00:00:00,-17.424,-0.845,-0.171,0.079,0.051,0,0,0,0,0
2023-12-22 01:00:00,-16.828,-0.845,-0.171,0.079,0.051,0,0,0,0,0
2023-12-22 02:00:00,-16.202,-0.873,-0.171,0.079,0.051,0,0,0,0,0
2023-12-22 03:00:00,-16.16,-0.873,-0.171,0.079,0.051,0,0,0,0,0
2023-12-22 04:00:00,-17.381,-0.845,-0.171,0.079,0.051,0,0,0,0,0
2023-12-22 05:00:00,-18.697,-0.817,-0.171,0.079,0.079,0,0,0,0,0
2023-12-22 06:00:00,-20.309,-0.817,-0.143,0.107,0.107,0,0,0,0,0
2023-12-22 07:00:00,-22.269,-0.817,-0.143,0.107,0.107,0,0,0,0,0
2023-12-22 08:00:00,-23.356,-0.817,-0.143,0.107,0.107,0,0,0,0,0
2023-12-22 09:00:00,-22.781,-0.845,-0.143,0.107,0.107,0,0,0,0,0
2023-12-22 10:00:00,-21.866,-0.873,-0.143,0.107,0.079,0,0,0,0,0
2023-12-22 11:00:00,-19.933,-0.93,-0.171,0.079,0.079,0,0,0,0,0
2023-12-22 12:00:00,-19.607,-0.93,-0.171,0.107,0.079,0,0,0,0,0
2023-12-22 13:00:00,-18.967,-0.93,-0.171,0.079,0.079,0,0,0,0,0
2023-12-22 14:00:00,-19.149,-0.93,-0.171,0.079,0.079,0,0,0,0,0
2023-12-22 15:00:00,-18.12,-0.93,-0.171,0.079,0.051,0,0,0,0,0
2023-12-22 16:00:00,-18.208,-0.93,-0.171,0.079,0.051,0,0,0,0,0
2023-12-22 17:00:00,-18.12,-0.93,-0.171,0.079,0.051,0,0,0,0,0
2023-12-22 18:00:00,-18.385,-0.93,-0.171,0.079,0.051,0,0,0,0,0
2023-12-22 19:00:00,-18.518,-0.93,-0.171,0.079,0.079,0,0,0,0,0
2023-12-22 20:00:00,-18.922,-0.93,-0.171,0.079,0.051,0,0,0,0,0
2023-12-22 21:00:00,-18.787,-0.93,-0.171,0.079,0.079,0,0,0,0,0
2023-12-22 22:00:00,-18.164,-0.93,-0.171,0.079,0.051,0,0,0,0,0
2023-12-22 23:00:00,-17.901,-0.93,-0.171,0.079,0.051,0,0,0,0,0
2023-12-23 00:00:00,-17.857,-0.93,-0.171,0.079,0.051,0,0,0,0,0
2023-12-23 01:00:00,-20.98,-0.902,-0.171,0.107,0.079,0,0,0,0,0
2023-12-23 02:00:00,-22.678,-0.873,-0.143,0.107,0.107,0,0,0,0,0
2023-12-23 03:00:00,-24.433,-0.873,-0.143,0.135,0.107,0,0,0,0,0
2023-12-23 04:00:00,-24.378,-0.902,-0.143,0.135,0.107,0,0,0,0,0
2023-12-23 05:00:00,-25.327,-0.93,-0.143,0.135,0.107,0,0,0,0,0
2023-12-23 06:00:00,-23.568,-0.986,-0.143,0.135,0.107,0,0,0,0,0
2023-12-23 07:00:00,-19.793,-1.015,-0.143,0.135,0.107,0,0,0,0,0
2023-12-23 08:00:00,-17.167,-1.043,-0.171,0.107,0.079,0,0,0,0,0
2023-12-23 09:00:00,-17.04,-1.043,-0.171,0.079,0.079,0,0,0,0,0
2023-12-23 10:00:00,-16.16,-1.043,-0.171,0.079,0.051,0,0,0,0,0
2023-12-23 11:00:00,-13.201,-1.043,-0.171,0.079,0.051,0,0,0,0,0
2023-12-23 12:00:00,-15.345,-1.015,-0.199,0.079,0.051,0,0,0,0,0
2023-12-23 13:00:00,-14.236,-0.986,-0.199,0.079,0.051,0,0,0,0,0
2023-12-23 14:00:00,-12.676,-0.986,-0.199,0.079,0.051,0,0,0,0,0
2023-12-23 15:00:00,-12.938,-0.986,-0.199,0.079,0.051,0,0,0,0,0
2023-12-23 16:00:00,-13.277,-0.93,-0.171,0.079,0.051,0,0,0,0,0
2023-12-23 17:00:00,-12.751,-0.93,-0.199,0.079,0.051,0,0,0,0,0
2023-12-23 18:00:00,-8.397,-0.93,-0.199,0.051,0.024,0,0,0,0,0
2023-12-23 19:00:00,-6.93,-0.93,-0.199,0.051,0.024,0,0,0,0,0
2023-12-23 20:00:00,-7.187,-0.902,-0.199,0.051,0.024,0,0,0,0,0
2023-12-23 21:00:00,-7.771,-0.902,-0.199,0.051,0.024,0,0,0,0,0
2023-12-23 22:00:00,-6.674,-0.873,-0.199,0.051,0.024,0,0,0,0,0
2023-12-23 23:00:00,-7.869,-0.873,-0.199,0.024,0.024,0,0,0,0,0
2023-12-24 00:00:00,-7.381,-0.845,-0.199,0.051,0.024,0,0,0,0,0
2023-12-24 01:00:00,-7.09,-0.845,-0.199,0.024,0.024,0,0,0,0,0
2023-12-24 02:00:00,-7.316,-0.845,-0.199,0.051,0.024,0,0,0,0,0
2023-12-24 03:00:00,-6.262,-0.817,-0.199,0.024,0.024,0,0,0,0,0
2023-12-24 04:00:00,-7.413,-0.817,-0.199,0.051,0.024,0,0,0,0,0
2023-12-24 05:00:00,-7.09,-0.817,-0.199,0.024,0.024,0,0,0,0,0
2023-12-24 06:00:00,-6.042,-0.817,-0.199,0.051,0.024,0,0,0,0,0
2023-12-24 07:00:00,-6.01,-0.817,-0.199,0.024,0.024,0,0,0,0,0
2023-12-24 08:00:00,-5.979,-0.817,-0.199,0.024,0.024,0,0,0,0,0
2023-12-24 09:00:00,-6.105,-0.817,-0.199,0.024,0.024,0,0,0,0,0
2023-12-24 10:00:00,-5.11,-0.817,-0.199,0.024,0.024,0,0,0,0,0
2023-12-24 11:00:00,-4.895,-0.817,-0.199,0.024,0.024,0,0,0,0,0
2023-12-24 12:00:00,-4.682,-0.817,-0.199,0.024,-0.004,0,0,0,0,0
2023-12-24 13:00:00,-4.834,-0.817,-0.199,0.024,-0.004,0,0,0,0,0
2023-12-24 14:00:00,-5.172,-0.817,-0.199,0.024,-0.004,0,0,0,0,0
2023-12-24 15:00:00,-4.926,-0.817,-0.199,0.024,-0.004,0,0,0,0,0
2023-12-24 16:00:00,-3.896,-0.817,-0.199,0.024,-0.004,0,0,0,0,0
2023-12-24 17:00:00,-3.687,-0.817,-0.199,0.024,-0.004,0,0,0,0,0
2023-12-24 18:00:00,-3.508,-0.817,-0.199,0.024,-0.004,0,0,0,0,0
2023-12-24 19:00:00,-2.625,-0.789,-0.199,0.024,-0.004,0,0,0,0,0
2023-12-24 20:00:00,-2.131,-0.789,-0.199,0.024,-0.004,0,0,0,0,0
2023-12-24 21:00:00,-3.866,-0.789,-0.199,0.024,-0.004,0,0,0,0,0
2023-12-24 22:00:00,-4.56,-0.76,-0.199,0.024,-0.004,0,0,0,0,0
2023-12-24 23:00:00,-4.926,-0.76,-0.199,0.024,-0.004,0,0,0,0,0
2023-12-25 00:00:00,-4.865,-0.76,-0.199,0.024,-0.004,0,0,0,0,0
2023-12-25 01:00:00,-6.105,-0.76,-0.199,0.024,-0.004,0,0,0,0,0
2023-12-25 02:00:00,-6.42,-0.732,-0.199,0.024,0.024,0,0,0,0,0
2023-12-25 03:00:00,-6.706,-0.732,-0.199,0.024,0.024,0,0,0,0,0
2023-12-25 04:00:00,-8.231,-0.732,-0.199,0.024,0.024,0,0,0,0,0
2023-12-25 05:00:00,-9.337,-0.704,-0.199,0.024,0.024,0,0,0,0,0
2023-12-25 06:00:00,-10.127,-0.704,-0.199,0.051,0.024,0,0,0,0,0
2023-12-25 07:00:00,-11.111,-0.704,-0.199,0.051,0.051,0,0,0,0,0
2023-12-25 08:00:00,-11.505,-0.704,-0.199,0.051,0.051,0,0,0,0,0
2023-12-25 09:00:00,-12.491,-0.676,-0.199,0.051,0.051,0,0,0,0,0
2023-12-25 10:00:00,-13.315,-0.676,-0.199,0.051,0.051,0,0,0,0,0
2023-12-25 11:00:00,-14.905,-0.676,-0.199,0.079,0.051,0,0,0,0,0
2023-12-25 12:00:00,-15.345,-0.676,-0.199,0.079,0.051,0,0,0,0,0
2023-12-25 13:00:00,-15.385,-0.676,-0.199,0.079,0.051,0,0,0,0,0
2023-12-25 14:00:00,-15.669,-0.676,-0.199,0.079,0.051,0,0,0,0,0
2023-12-25 15:00:00,-15.669,-0.676,-0.199,0.079,0.051,0,0,0,0,0
2023-12-25 16:00:00,-15.913,-0.676,-0.171,0.079,0.051,0,0,0,0,0
2023-12-25 17:00:00,-15.996,-0.648,-0.199,0.079,0.051,0,0,0,0,0
2023-12-25 18:00:00,-16.243,-0.648,-0.199,0.079,0.051,0,0,0,0,0
2023-12-25 19:00:00,-16.997,-0.648,-0.199,0.079,0.051,0,0,0,0,0
2023-12-25 20:00:00,-17.597,-0.648,-0.171,0.079,0.051,0,0,0,0,0
2023-12-25 21:00:00,-18.474,-0.648,-0.171,0.079,0.079,0,0,0,0,0
2023-12-25 22:00:00,-18.607,-0.648,-0.171,0.079,0.079,0,0,0,0,0
2023-12-25 23:00:00,-17.597,-0.676,-0.171,0.079,0.051,0,0,0,0,0
2023-12-26 00:00:00,-17.467,-0.676,-0.171,0.079,0.051,0,0,0,0,0
2023-12-26 01:00:00,-17.64,-0.704,-0.171,0.079,0.051,0,0,0,0,0
2023-12-26 02:00:00,-17.813,-0.704,-0.199,0.079,0.051,0,0,0,0,0
2023-12-26 03:00:00,-18.296,-0.704,-0.171,0.079,0.051,0,0,0,0,0
2023-12-26 04:00:00,-18.697,-0.704,-0.171,0.079,0.051,0,0,0,0,0
2023-12-26 05:00:00,-18.922,-0.704,-0.171,0.079,0.051,0,0,0,0,0
2023-12-26 06:00:00,-19.194,-0.732,-0.199,0.079,0.079,0,0,0,0,0
2023-12-26 07:00:00,-19.561,-0.732,-0.171,0.107,0.079,0,0,0,0,0
2023-12-26 08:00:00,-19.886,-0.732,-0.171,0.079,0.079,0,0,0,0,0
2023-12-26 09:00:00,-20.026,-0.76,-0.171,0.079,0.079,0,0,0,0,0
2023-12-26 10:00:00,-20.404,-0.76,-0.171,0.079,0.079,0,0,0,0,0
2023-12-26 11:00:00,-20.595,-0.76,-0.171,0.079,0.079,0,0,0,0,0
2023-12-26 12:00:00,-20.883,-0.76,-0.171,0.107,0.079,0,0,0,0,0
2023-12-26 13:00:00,-21.174,-0.789,-0.171,0.107,0.079,0,0,0,0,0
2023-12-26 14:00:00,-21.567,-0.789,-0.171,0.107,0.079,0,0,0,0,0
2023-12-26 15:00:00,-22.067,-0.789,-0.171,0.107,0.107,0,0,0,0,0
2023-12-26 16:00:00,-22.989,-0.817,-0.171,0.107,0.107,0,0,0,0,0
2023-12-26 17:00:00,-23.356,-0.817,-0.171,0.107,0.107,0,0,0,0,0
2023-12-26 18:00:00,-23.409,-0.817,-0.171,0.107,0.079,0,0,0,0,0
2023-12-26 19:00:00,-23.943,-0.845,-0.143,0.107,0.107,0,0,0,0,0
2023-12-26 20:00:00,-24.488,-0.873,-0.143,0.107,0.107,0,0,0,0,0
2023-12-26 21:00:00,-26.371,-0.873,-0.143,0.135,0.107,0,0,0,0,0
2023-12-26 22:00:00,-27.646,-0.873,-0.143,0.163,0.107,0,0,0,0,0
2023-12-26 23:00:00,-29.722,-0.93,-0.116,0.163,0.107,0,0,0,0,0
2023-12-27 00:00:00,-30.902,-1.015,-0.116,0.163,0.107,0,0,0,0,0
2023-12-27 01:00:00,-32.369,-1.1,-0.088,0.163,0.107,0,0,0,0,0
2023-12-27 02:00:00,-32.906,-1.213,-0.088,0.163,0.051,0,0,0,0,0
2023-12-27 03:00:00,-32.751,-1.299,-0.088,0.163,0.051,0,0,0,0,0
2023-12-27 04:00:00,-33.774,-1.413,-0.088,0.163,0.051,0,0,0,0,0
2023-12-27 05:00:00,-32.983,-1.556,-0.088,0.163,0.051,0,0,0,0,0
2023-12-27 06:00:00,-33.534,-1.641,-0.088,0.163,0.051,0,0,0,0,0
2023-12-27 07:00:00,-30.201,-1.756,-0.088,0.163,0.107,0,0,0,0,0
2023-12-27 08:00:00,-29.655,-1.842,-0.116,0.163,0.107,0,0,0,0,0
2023-12-27 09:00:00,-29.187,-1.842,-0.116,0.163,0.107,0,0,0,0,0
2023-12-27 10:00:00,-32.828,-1.842,-0.116,0.163,0.051,0,0,0,0,0
2023-12-27 11:00:00,-29.587,-1.9,-0.116,0.163,0.107,0,0,0,0,0
2023-12-27 12:00:00,-33.061,-1.871,-0.116,0.163,0.051,0,0,0,0,0
2023-12-27 13:00:00,-32.674,-1.9,-0.088,0.163,0.051,0,0,0,0,0
2023-12-27 14:00:00,-32.521,-1.958,-0.088,0.163,0.051,0,0,0,0,0
2023-12-27 15:00:00,-32.521,-2.015,-0.088,0.163,0.107,0,0,0,0,0
2023-12-27 16:00:00,-31.551,-2.102,-0.116,0.163,0.107,0,0,0,0,0
2023-12-27 17:00:00,-31.994,-2.131,-0.116,0.163,0.051,0,0,0,0,0
2023-12-27 18:00:00,-31.188,-2.131,-0.116,0.163,0.051,0,0,0,0,0
2023-12-27 19:00:00,-30.831,-2.16,-0.116,0.163,0.107,0,0,0,0,0
2023-12-27 20:00:00,-30.201,-2.16,-0.116,0.163,0.051,0,0,0,0,0
2023-12-27 21:00:00,-29.655,-2.16,-0.116,0.163,0.107,0,0,0,0,0
2023-12-27 22:00:00,-28.858,-2.16,-0.116,0.163,0.107,0,0,0,0,0
2023-12-27 23:00:00,-28.662,-2.16,-0.143,0.163,0.107,0,0,0,0,0
2023-12-28 00:00:00,-28.989,-2.16,-0.143,0.163,0.107,0,0,0,0,0
2023-12-28 01:00:00,-27.092,-2.16,-0.143,0.163,0.107,0,0,0,0,0
2023-12-28 02:00:00,-23.25,-2.189,-0.143,0.135,0.107,0,0,0,0,0
2023-12-28 03:00:00,-23.943,-2.131,-0.143,0.135,0.107,0,0,0,0,0
2023-12-28 04:00:00,-25.441,-2.102,-0.143,0.135,0.107,0,0,0,0,0
2023-12-28 05:00:00,-23.674,-2.073,-0.143,0.135,0.107,0,0,0,0,0
2023-12-28 06:00:00,-22.422,-2.015,-0.171,0.135,0.107,0,0,0,0,0
2023-12-28 07:00:00,-19.331,-1.986,-0.171,0.135,0.107,0,0,0,0,0
2023-12-28 08:00:00,-19.377,-1.958,-0.171,0.135,0.107,0,0,0,0,0
2023-12-28 09:00:00,-22.067,-1.929,-0.199,0.107,0.107,0,0,0,0,0
2023-12-28 10:00:00,-21.028,-1.871,-0.171,0.135,0.107,0,0,0,0,0
2023-12-28 11:00:00,-23.093,-1.814,-0.171,0.135,0.107,0,0,0,0,0
2023-12-28 12:00:00,-21.766,-1.842,-0.171,0.107,0.107,0,0,0,0,0
2023-12-28 13:00:00,-18.967,-1.814,-0.199,0.107,0.079,0,0,0,0,0
2023-12-28 14:00:00,-20.69,-1.814,-0.199,0.107,0.107,0,0,0,0,0
2023-12-28 15:00:00,-22.422,-1.727,-0.171,0.135,0.107,0,0,0,0,0
2023-12-28 16:00:00,-22.937,-1.727,-0.171,0.135,0.107,0,0,0,0,0
2023-12-28 17:00:00,-21.816,-1.727,-0.171,0.135,0.107,0,0,0,0,0
2023-12-28 18:00:00,-23.674,-1.727,-0.199,0.135,0.107,0,0,0,0,0
2023-12-28 19:00:00,-23.303,-1.699,-0.171,0.135,0.107,0,0,0,0,0
2023-12-28 20:00:00,-24.988,-1.699,-0.171,0.135,0.107,0,0,0,0,0
2023-12-28 21:00:00,-25.844,-1.727,-0.171,0.135,0.107,0,0,0,0,0
2023-12-28 22:00:00,-26.253,-1.727,-0.171,0.135,0.107,0,0,0,0,0
2023-12-28 23:00:00,-27.522,-1.756,-0.143,0.163,0.107,0,0,0,0,0
2023-12-29 00:00:00,-25.327,-1.814,-0.171,0.163,0.107,0,0,0,0,0
2023-12-29 01:00:00,-28.858,-1.842,-0.171,0.135,0.107,0,0,0,0,0
2023-12-29 02:00:00,-28.727,-1.871,-0.143,0.163,0.107,0,0,0,0,0
2023-12-29 03:00:00,-28.662,-1.929,-0.171,0.135,0.107,0,0,0,0,0
2023-12-29 04:00:00,-28.533,-1.958,-0.143,0.163,0.107,0,0,0,0,0
2023-12-29 05:00:00,-27.959,-1.986,-0.143,0.163,0.107,0,0,0,0,0
2023-12-29 06:00:00,-28.469,-2.015,-0.143,0.163,0.107,0,0,0,0,0
2023-12-29 07:00:00,-28.598,-2.044,-0.143,0.163,0.107,0,0,0,0,0
2023-12-29 08:00:00,-29.253,-2.102,-0.171,0.163,0.107,0,0,0,0,0
2023-12-29 09:00:00,-29.722,-2.102,-0.143,0.163,0.107,0,0,0,0,0
2023-12-29 10:00:00,-28.923,-2.16,-0.143,0.163,0.107,0,0,0,0,0
2023-12-29 11:00:00,-30.063,-2.189,-0.143,0.163,0.107,0,0,0,0,0
2023-12-29 12:00:00,-29.187,-2.218,-0.171,0.163,0.107,0,0,0,0,0
2023-12-29 13:00:00,-28.213,-2.218,-0.171,0.163,0.107,0,0,0,0,0
2023-12-29 14:00:00,-28.533,-2.218,-0.171,0.135,0.107,0,0,0,0,0
2023-12-29 15:00:00,-28.598,-2.218,-0.171,0.163,0.107,0,0,0,0,0
2023-12-29 16:00:00,-28.598,-2.218,-0.171,0.163,0.107,0,0,0,0,0
2023-12-29 17:00:00,-28.34,-2.218,-0.171,0.163,0.107,0,0,0,0,0
2023-12-29 18:00:00,-29.655,-2.247,-0.171,0.163,0.051,0,0,0,0,0
2023-12-29 19:00:00,-29.253,-2.276,-0.171,0.163,0.051,0,0,0,0,0
2023-12-29 20:00:00,-29.655,-2.305,-0.171,0.163,0.051,0,0,0,0,0
2023-12-29 21:00:00,-30.27,-2.334,-0.171,0.163,0.107,0,0,0,0,0
2023-12-29 22:00:00,-29.927,-2.363,-0.171,0.163,0.107,0,0,0,0,0
2023-12-29 23:00:00,-28.792,-2.363,-0.171,0.163,0.107,0,0,0,0,0
2023-12-30 00:00:00,-28.469,-2.392,-0.171,0.163,0.107,0,0,0,0,0
2023-12-30 01:00:00,-29.52,-2.392,-0.171,0.163,0.107,0,0,0,0,0
2023-12-30 02:00:00,-29.927,-2.392,-0.171,0.163,0.107,0,0,0,0,0
2023-12-30 03:00:00,-28.858,-2.421,-0.171,0.163,0.107,0,0,0,0,0
2023-12-30 04:00:00,-29.995,-2.421,-0.171,0.163,0.107,0,0,0,0,0
2023-12-30 05:00:00,-30.479,-2.45,-0.171,0.163,0.107,0,0,0,0,0
2023-12-30 06:00:00,-27.646,-2.479,-0.171,0.163,0.107,0,0,0,0,0
2023-12-30 07:00:00,-29.655,-2.479,-0.171,0.163,0.107,0,0,0,0,0
2023-12-30 08:00:00,-30.619,-2.479,-0.171,0.163,0.107,0,0,0,0,0
2023-12-30 09:00:00,-30.27,-2.479,-0.171,0.163,0.107,0,0,0,0,0
2023-12-30 10:00:00,-29.655,-2.479,-0.199,0.163,0.107,0,0,0,0,0
2023-12-30 11:00:00,-30.34,-2.479,-0.199,0.163,0.107,0,0,0,0,0
2023-12-30 12:00:00,-27.153,-2.508,-0.199,0.163,0.107,0,0,0,0,0
2023-12-30 13:00:00,-25.844,-2.479,-0.227,0.135,0.107,0,0,0,0,0
2023-12-30 14:00:00,-24.269,-2.45,-0.227,0.135,0.107,0,0,0,0,0
2023-12-30 15:00:00,-24.433,-2.363,-0.227,0.135,0.107,0,0,0,0,0
2023-12-30 16:00:00,-21.518,-2.305,-0.255,0.107,0.107,0,0,0,0,0
2023-12-30 17:00:00,-20.883,-2.247,-0.255,0.107,0.079,0,0,0,0,0
2023-12-30 18:00:00,-19.561,-2.189,-0.255,0.107,0.079,0,0,0,0,0
2023-12-30 19:00:00,-18.474,-2.102,-0.255,0.107,0.079,0,0,0,0,0
2023-12-30 20:00:00,-17.295,-2.044,-0.255,0.079,0.079,0,0,0,0,0
2023-12-30 21:00:00,-14.081,-1.958,-0.283,0.079,0.079,0,0,0,0,0
2023-12-30 22:00:00,-12.123,-1.9,-0.255,0.079,0.051,0,0,0,0,0
2023-12-30 23:00:00,-8.63,-1.842,-0.283,0.079,0.051,0,0,0,0,0
2023-12-31 00:00:00,-6.898,-1.842,-0.283,0.051,0.024,0,0,0,0,0
2023-12-31 01:00:00,-7.187,-1.785,-0.283,0.051,0.024,0,0,0,0,0
2023-12-31 02:00:00,-7.251,-1.727,-0.283,0.024,0.024,0,0,0,0,0
2023-12-31 03:00:00,-7.251,-1.67,-0.283,0.051,0.024,0,0,0,0,0
2023-12-31 04:00:00,-7.381,-1.613,-0.283,0.024,0.024,0,0,0,0,0
2023-12-31 05:00:00,-7.058,-1.584,-0.283,0.051,0.024,0,0,0,0,0
2023-12-31 06:00:00,-7.706,-1.556,-0.283,0.024,0.024,0,0,0,0,0
2023-12-31 07:00:00,-10.092,-1.498,-0.283,0.051,0.024,0,0,0,0,0
2023-12-31 08:00:00,-11.65,-1.47,-0.283,0.051,0.051,0,0,0,0,0
2023-12-31 09:00:00,-13.201,-1.441,-0.283,0.079,0.051,0,0,0,0,0
2023-12-31 10:00:00,-12.233,-1.413,-0.283,0.079,0.051,0,0,0,0,0
2023-12-31 11:00:00,-12.454,-1.384,-0.283,0.079,0.051,0,0,0,0,0
2023-12-31 12:00:00,-13.619,-1.384,-0.283,0.079,0.051,0,0,0,0,0
2023-12-31 13:00:00,-16.451,-1.327,-0.255,0.107,0.079,0,0,0,0,0
2023-12-31 14:00:00,-17.944,-1.327,-0.255,0.107,0.107,0,0,0,0,0
2023-12-31 15:00:00,-19.607,-1.327,-0.255,0.107,0.107,0,0,0,0,0
2023-12-31 16:00:00,-19.149,-1.356,-0.255,0.107,0.107,0,0,0,0,0
2023-12-31 17:00:00,-19.103,-1.384,-0.255,0.135,0.107,0,0,0,0,0
2023-12-31 18:00:00,-20.595,-1.384,-0.255,0.135,0.107,0,0,0,0,0
2023-12-31 19:00:00,-22.218,-1.413,-0.255,0.135,0.107,0,0,0,0,0
2023-12-31 20:00:00,-22.473,-1.441,-0.255,0.135,0.107,0,0,0,0,0
2023-12-31 21:00:00,-24.105,-1.47,-0.255,0.135,0.107,0,0,0,0,0
2023-12-31 22:00:00,-21.667,-1.498,-0.255,0.135,0.107,0,0,0,0,0
2023-12-31 23:00:00,-22.678,-1.527,-0.255,0.135,0.107,0,0,0,0,0
2024-01-01 00:00:00,-24.269,-1.556,-0.255,0.135,0.107,0,0,0,0,0
2024-01-01 01:00:00,-23.041,-1.613,-0.255,0.135,0.107,0,0,0,0,0
2024-01-01 02:00:00,-23.997,-1.613,-0.255,0.135,0.107,0,0,0,0,0
2024-01-01 03:00:00,-24.269,-1.641,-0.255,0.135,0.107,0,0,0,0,0
2024-01-01 04:00:00,-22.524,-1.67,-0.255,0.135,0.107,0,0,0,0,0
2024-01-01 05:00:00,-21.077,-1.67,-0.255,0.135,0.107,0,0,0,0,0
2024-01-01 06:00:00,-23.835,-1.699,-0.255,0.135,0.107,0,0,0,0,0
2024-01-01 07:00:00,-22.678,-1.699,-0.255,0.107,0.107,0,0,0,0,0
2024-01-01 08:00:00,-21.716,-1.727,-0.255,0.107,0.107,0,0,0,0,0
2024-01-01 09:00:00,-21.321,-1.699,-0.255,0.107,0.107,0,0,0,0,0
2024-01-01 10:00:00,-21.469,-1.67,-0.255,0.107,0.107,0,0,0,0,0
2024-01-01 11:00:00,-21.077,-1.67,-0.255,0.107,0.107,0,0,0,0,0
2024-01-01 12:00:00,-21.617,-1.699,-0.255,0.107,0.107,0,0,0,0,0
2024-01-01 13:00:00,-20.451,-1.699,-0.255,0.135,0.107,0,0,0,0,0
2024-01-01 14:00:00,-19.515,-1.727,-0.255,0.107,0.107,0,0,0,0,0
2024-01-01 15:00:00,-19.793,-1.699,-0.283,0.107,0.107,0,0,0,0,0
2024-01-01 16:00:00,-21.716,-1.699,-0.255,0.135,0.107,0,0,0,0,0
2024-01-01 17:00:00,-20.835,-1.727,-0.255,0.135,0.107,0,0,0,0,0
2024-01-01 18:00:00,-20.026,-1.727,-0.255,0.135,0.107,0,0,0,0,0
2024-01-01 19:00:00,-20.167,-1.727,-0.255,0.135,0.107,0,0,0,0,0
2024-01-01 20:00:00,-22.575,-1.727,-0.255,0.135,0.107,0,0,0,0,0
2024-01-01 21:00:00,-20.404,-1.727,-0.255,0.107,0.107,0,0,0,0,0
2024-01-01 22:00:00,-20.98,-1.727,-0.255,0.135,0.107,0,0,0,0,0
2024-01-01 23:00:00,-20.262,-1.727,-0.283,0.107,0.107,0,0,0,0,0
2024-01-02 00:00:00,-21.419,-1.727,-0.283,0.107,0.107,0,0,0,0,0
2024-01-02 01:00:00,-20.786,-1.727,-0.283,0.107,0.079,0,0,0,0,0
2024-01-02 02:00:00,-21.567,-1.727,-0.283,0.107,0.107,0,0,0,0,0
2024-01-02 03:00:00,-21.077,-1.727,-0.283,0.107,0.107,0,0,0,0,0
2024-01-02 04:00:00,-21.518,-1.727,-0.283,0.107,0.107,0,0,0,0,0
2024-01-02 05:00:00,-21.37,-1.727,-0.283,0.135,0.107,0,0,0,0,0
2024-01-02 06:00:00,-23.093,-1.756,-0.255,0.135,0.107,0,0,0,0,0
2024-01-02 07:00:00,-18.922,-1.756,-0.283,0.107,0.107,0,0,0,0,0
2024-01-02 08:00:00,-18.922,-1.756,-0.283,0.107,0.107,0,0,0,0,0
2024-01-02 09:00:00,-17.597,-1.727,-0.283,0.107,0.079,0,0,0,0,0
2024-01-02 10:00:00,-17.424,-1.727,-0.283,0.107,0.107,0,0,0,0,0
2024-01-02 11:00:00,-18.208,-1.67,-0.283,0.107,0.107,0,0,0,0,0
2024-01-02 12:00:00,-18.12,-1.67,-0.283,0.107,0.107,0,0,0,0,0
2024-01-02 13:00:00,-19.103,-1.641,-0.283,0.107,0.107,0,0,0,0,0
2024-01-02 14:00:00,-18.832,-1.613,-0.311,0.107,0.079,0,0,0,0,0
2024-01-02 15:00:00,-18.252,-1.613,-0.283,0.107,0.107,0,0,0,0,0
2024-01-02 16:00:00,-18.296,-1.613,-0.311,0.107,0.079,0,0,0,0,0
2024-01-02 17:00:00,-18.877,-1.613,-0.283,0.107,0.079,0,0,0,0,0
2024-01-02 18:00:00,-20.309,-1.613,-0.283,0.107,0.107,0,0,0,0,0
2024-01-02 19:00:00,-17.51,-1.641,-0.311,0.107,0.079,0,0,0,0,0
2024-01-02 20:00:00,-18.34,-1.613,-0.311,0.107,0.079,0,0,0,0,0
2024-01-02 21:00:00,-14.628,-1.613,-0.311,0.079,0.051,0,0,0,0,0
2024-01-02 22:00:00,-14.628,-1.613,-0.311,0.079,0.051,0,0,0,0,0
2024-01-02 23:00:00,-13.965,-1.613,-0.311,0.079,0.051,0,0,0,0,0
2024-01-03 00:00:00,-13.543,-1.613,-0.311,0.079,0.051,0,0,0,0,0
2024-01-03 01:00:00,-13.965,-1.613,-0.311,0.079,0.051,0,0,0,0,0
2024-01-03 02:00:00,-14.12,-1.584,-0.311,0.079,0.051,0,0,0,0,0
2024-01-03 03:00:00,-13.734,-1.584,-0.311,0.079,0.051,0,0,0,0,0
2024-01-03 04:00:00,-13.543,-1.556,-0.311,0.079,0.051,0,0,0,0,0
2024-01-03 05:00:00,-14.004,-1.556,-0.311,0.079,0.051,0,0,0,0,0
2024-01-03 06:00:00,-13.39,-1.556,-0.311,0.079,0.051,0,0,0,0,0
2024-01-03 07:00:00,-12.975,-1.556,-0.311,0.079,0.051,0,0,0,0,0
2024-01-03 08:00:00,-13.581,-1.527,-0.311,0.079,0.051,0,0,0,0,0
2024-01-03 09:00:00,-13.315,-1.527,-0.311,0.079,0.051,0,0,0,0,0
2024-01-03 10:00:00,-13.619,-1.527,-0.311,0.079,0.051,0,0,0,0,0
2024-01-03 11:00:00,-13.39,-1.556,-0.311,0.079,0.051,0,0,0,0,0
2024-01-03 12:00:00,-13.619,-1.556,-0.311,0.079,0.051,0,0,0,0,0
2024-01-03 13:00:00,-13.965,-1.556,-0.311,0.079,0.051,0,0,0,0,0
2024-01-03 14:00:00,-14.51,-1.556,-0.339,0.079,0.051,0,0,0,0,0
2024-01-03 15:00:00,-14.707,-1.584,-0.311,0.079,0.051,0,0,0,0,0
2024-01-03 16:00:00,-14.549,-1.584,-0.311,0.079,0.051,0,0,0,0,0
2024-01-03 17:00:00,-14.51,-1.584,-0.311,0.079,0.051,0,0,0,0,0
2024-01-03 18:00:00,-15.873,-1.641,-0.311,0.079,0.051,0,0,0,0,0
2024-01-03 19:00:00,-15.466,-1.641,-0.311,0.079,0.051,0,0,0,0,0
2024-01-03 20:00:00,-15.75,-1.641,-0.311,0.079,0.051,0,0,0,0,0
2024-01-03 21:00:00,-15.104,-1.699,-0.311,0.079,0.051,0,0,0,0,0
2024-01-03 22:00:00,-14.865,-1.699,-0.311,0.079,0.051,0,0,0,0,0
2024-01-03 23:00:00,-14.275,-1.727,-0.311,0.079,0.051,0,0,0,0,0
2024-01-04 00:00:00,-12.863,-1.699,-0.339,0.079,0.051,0,0,0,0,0
2024-01-04 01:00:00,-14.432,-1.641,-0.311,0.079,0.051,0,0,0,0,0
2024-01-04 02:00:00,-14.746,-1.641,-0.311,0.079,0.051,0,0,0,0,0
2024-01-04 03:00:00,-13.619,-1.613,-0.339,0.079,0.051,0,0,0,0,0
2024-01-04 04:00:00,-13.772,-1.613,-0.339,0.079,0.051,0,0,0,0,0
2024-01-04 05:00:00,-14.314,-1.613,-0.339,0.079,0.051,0,0,0,0,0
2024-01-04 06:00:00,-14.667,-1.67,-0.339,0.079,0.051,0,0,0,0,0
2024-01-04 07:00:00,-14.392,-1.756,-0.311,0.079,0.051,0,0,0,0,0
2024-01-04 08:00:00,-14.786,-1.814,-0.339,0.079,0.051,0,0,0,0,0
2024-01-04 09:00:00,-14.826,-1.871,-0.339,0.079,0.051,0,0,0,0,0
2024-01-04 10:00:00,-14.984,-2.015,-0.339,0.079,0.051,0,0,0,0,0
2024-01-04 11:00:00,-14.984,-2.073,-0.311,0.079,0.051,0,0,0,0,0
2024-01-04 12:00:00,-14.628,-2.015,-0.339,0.079,0.051,0,0,0,0,0
2024-01-04 13:00:00,-14.667,-2.015,-0.339,0.079,0.051,0,0,0,0,0
2024-01-04 14:00:00,-15.305,-2.073,-0.311,0.079,0.051,0,0,0,0,0
2024-01-04 15:00:00,-14.51,-2.16,-0.339,0.079,0.051,0,0,0,0,0
2024-01-04 16:00:00,-15.628,-2.189,-0.339,0.079,0.051,0,0,0,0,0
2024-01-04 17:00:00,-14.549,-2.305,-0.339,0.079,0.051,0,0,0,0,0
2024-01-04 18:00:00,-15.506,-2.363,-0.339,0.079,0.051,0,0,0,0,0
2024-01-04 19:00:00,-15.305,-2.392,-0.339,0.079,0.051,0,0,0,0,0
2024-01-04 20:00:00,-14.549,-2.305,-0.339,0.051,0.051,0,0,0,0,0
2024-01-04 21:00:00,-14.549,-2.247,-0.339,0.079,0.051,0,0,0,0,0
2024-01-04 22:00:00,-14.589,-2.189,-0.339,0.079,0.051,0,0,0,0,0
2024-01-04 23:00:00,-14.392,-2.102,-0.339,0.079,0.051,0,0,0,0,0
2024-01-05 00:00:00,-13.849,-2.189,-0.339,0.051,0.051,0,0,0,0,0
2024-01-05 01:00:00,-13.734,-2.189,-0.339,0.051,0.051,0,0,0,0,0
2024-01-05 02:00:00,-13.811,-2.16,-0.339,0.051,0.051,0,0,0,0,0
2024-01-05 03:00:00,-13.39,-2.247,-0.339,0.051,0.051,0,0,0,0,0
2024-01-05 04:00:00,-13.657,-2.479,-0.339,0.079,0.051,0,0,0,0,0
2024-01-05 05:00:00,-13.619,-2.537,-0.339,0.051,0.051,0,0,0,0,0
2024-01-05 06:00:00,-13.581,-2.537,-0.339,0.079,0.051,0,0,0,0,0
2024-01-05 07:00:00,-13.657,-2.508,-0.339,0.051,0.051,0,0,0,0,0
2024-01-05 08:00:00,-13.849,-2.479,-0.339,0.051,0.051,0,0,0,0,0
2024-01-05 09:00:00,-13.734,-2.334,-0.367,0.079,0.051,0,0,0,0,0
2024-01-05 10:00:00,-14.549,-2.16,-0.367,0.079,0.051,0,0,0,0,0
2024-01-05 11:00:00,-14.707,-2.015,-0.367,0.079,0.051,0,0,0,0,0
2024-01-05 12:00:00,-14.549,-1.958,-0.367,0.051,0.051,0,0,0,0,0
2024-01-05 13:00:00,-14.589,-1.9,-0.367,0.079,0.051,0,0,0,0,0
2024-01-05 14:00:00,-14.432,-1.842,-0.367,0.079,0.051,0,0,0,0,0
2024-01-05 15:00:00,-14.197,-1.785,-0.367,0.051,0.051,0,0,0,0,0
2024-01-05 16:00:00,-14.12,-1.727,-0.367,0.079,0.051,0,0,0,0,0
2024-01-05 17:00:00,-14.159,-1.67,-0.367,0.051,0.051,0,0,0,0,0
2024-01-05 18:00:00,-13.926,-1.641,-0.367,0.051,0.051,0,0,0,0,0
2024-01-05 19:00:00,-14.786,-1.613,-0.367,0.079,0.051,0,0,0,0,0
2024-01-05 20:00:00,-14.945,-1.527,-0.339,0.079,0.079,0,0,0,0,0
2024-01-05 21:00:00,-17.51,-1.498,-0.339,0.107,0.079,0,0,0,0,0
2024-01-05 22:00:00,-18.697,-1.498,-0.339,0.107,0.079,0,0,0,0,0
2024-01-05 23:00:00,-19.24,-1.527,-0.339,0.107,0.079,0,0,0,0,0
2024-01-06 00:00:00,-19.793,-1.556,-0.339,0.107,0.079,0,0,0,0,0
2024-01-06 01:00:00,-20.12,-1.584,-0.339,0.107,0.079,0,0,0,0,0
2024-01-06 02:00:00,-20.073,-1.613,-0.339,0.107,0.079,0,0,0,0,0
2024-01-06 03:00:00,-19.515,-1.613,-0.339,0.107,0.079,0,0,0,0,0
2024-01-06 04:00:00,-19.058,-1.641,-0.339,0.107,0.107,0,0,0,0,0
2024-01-06 05:00:00,-18.34,-1.67,-0.339,0.079,0.051,0,0,0,0,0
2024-01-06 06:00:00,-18.787,-1.641,-0.339,0.079,0.079,0,0,0,0,0
2024-01-06 07:00:00,-18.252,-1.641,-0.367,0.079,0.051,0,0,0,0,0
2024-01-06 08:00:00,-18.208,-1.613,-0.339,0.079,0.051,0,0,0,0,0
2024-01-06 09:00:00,-17.424,-1.613,-0.367,0.079,0.051,0,0,0,0,0
2024-01-06 10:00:00,-17.553,-1.584,-0.367,0.079,0.079,0,0,0,0,0
2024-01-06 11:00:00,-17.424,-1.556,-0.367,0.079,0.051,0,0,0,0,0
2024-01-06 12:00:00,-16.744,-1.556,-0.367,0.079,0.051,0,0,0,0,0
2024-01-06 13:00:00,-18.652,-1.498,-0.339,0.107,0.079,0,0,0,0,0
2024-01-06 14:00:00,-18.12,-1.527,-0.339,0.079,0.079,0,0,0,0,0
2024-01-06 15:00:00,-18.032,-1.556,-0.367,0.079,0.051,0,0,0,0,0
2024-01-06 16:00:00,-18.697,-1.556,-0.367,0.079,0.051,0,0,0,0,0
2024-01-06 17:00:00,-17.125,-1.527,-0.367,0.079,0.051,0,0,0,0,0
2024-01-06 18:00:00,-17.338,-1.527,-0.367,0.079,0.051,0,0,0,0,0
2024-01-06 19:00:00,-16.87,-1.498,-0.367,0.079,0.051,0,0,0,0,0
2024-01-06 20:00:00,-16.828,-1.498,-0.367,0.079,0.051,0,0,0,0,0
2024-01-06 21:00:00,-16.912,-1.498,-0.367,0.079,0.051,0,0,0,0,0
2024-01-06 22:00:00,-18.429,-1.441,-0.339,0.107,0.079,0,0,0,0,0
2024-01-06 23:00:00,-20.98,-1.441,-0.339,0.107,0.107,0,0,0,0,0
2024-01-07 00:00:00,-20.98,-1.498,-0.339,0.107,0.107,0,0,0,0,0
2024-01-07 01:00:00,-21.419,-1.556,-0.339,0.107,0.107,0,0,0,0,0
2024-01-07 02:00:00,-23.356,-1.613,-0.311,0.135,0.107,0,0,0,0,0
2024-01-07 03:00:00,-22.269,-1.67,-0.311,0.135,0.107,0,0,0,0,0
2024-01-07 04:00:00,-23.041,-1.756,-0.311,0.135,0.107,0,0,0,0,0
2024-01-07 05:00:00,-14.826,-1.9,-0.367,0.079,0.051,1,0,0,0,0
2024-01-07 06:00:00,-18.877,-1.842,-0.367,0.079,0.079,0,0,0,0,0
2024-01-07 07:00:00,-19.377,-1.785,-0.339,0.107,0.107,0,0,0,0,0
2024-01-07 08:00:00,-20.404,-1.785,-0.339,0.107,0.079,0,0,0,0,0
2024-01-07 09:00:00,-20.738,-1.756,-0.339,0.107,0.107,0,0,0,0,0
2024-01-07 10:00:00,-18.34,-1.814,-0.367,0.079,0.051,0,0,0,0,0
2024-01-07 11:00:00,-19.103,-1.814,-0.367,0.107,0.079,0,0,0,0,0
2024-01-07 12:00:00,-18.474,-1.814,-0.367,0.079,0.051,0,0,0,0,0
2024-01-07 13:00:00,-13.657,-1.814,-0.367,0.051,0.051,0,0,0,0,0
2024-01-07 14:00:00,-14.826,-1.785,-0.367,0.079,0.051,0,0,0,0,0
2024-01-07 15:00:00,-12.714,-1.785,-0.367,0.051,0.051,0,0,0,0,0
2024-01-07 16:00:00,-11.04,-1.727,-0.367,0.051,0.051,0,0,0,0,0
2024-01-07 17:00:00,-9.782,-1.699,-0.367,0.051,0.024,0,0,0,0,0
2024-01-07 18:00:00,-9.269,-1.67,-0.367,0.024,0.024,0,0,0,0,0
2024-01-07 19:00:00,-8.73,-1.584,-0.367,0.024,0.024,0,0,0,0,0
2024-01-07 20:00:00,-8.63,-1.556,-0.367,0.024,0.024,0,0,0,0,0
2024-01-07 21:00:00,-8.297,-1.527,-0.367,0.024,0.024,0,0,0,0,0
2024-01-07 22:00:00,-10.092,-1.47,-0.367,0.051,0.051,0,0,0,0,0
2024-01-07 23:00:00,-11.326,-1.441,-0.367,0.051,0.051,0,0,0,0,0
2024-01-08 00:00:00,-10.406,-1.384,-0.367,0.051,0.024,0,0,0,0,0
2024-01-08 01:00:00,-9.919,-1.384,-0.367,0.051,0.024,0,0,0,0,0
2024-01-08 02:00:00,-10.511,-1.356,-0.367,0.051,0.051,0,0,0,0,0
2024-01-08 03:00:00,-10.546,-1.327,-0.367,0.051,0.024,0,0,0,0,0
2024-01-08 04:00:00,-10.371,-1.27,-0.367,0.051,0.051,0,0,0,0,0
2024-01-08 05:00:00,-10.546,-1.27,-0.367,0.051,0.024,0,0,0,0,0
2024-01-08 06:00:00,-10.511,-1.27,-0.367,0.051,0.024,0,0,0,0,0
2024-01-08 07:00:00,-10.651,-1.242,-0.367,0.051,0.024,0,0,0,0,0
2024-01-08 08:00:00,-10.827,-1.242,-0.367,0.051,0.024,0,0,0,0,0
2024-01-08 09:00:00,-11.04,-1.213,-0.367,0.024,0.024,0,0,0,0,0
2024-01-08 10:00:00,-11.111,-1.213,-0.367,0.051,0.024,0,0,0,0,0
2024-01-08 11:00:00,-11.758,-1.185,-0.367,0.051,0.051,0,0,0,0,0
2024-01-08 12:00:00,-12.825,-1.157,-0.367,0.051,0.051,0,0,0,0,0
2024-01-08 13:00:00,-12.528,-1.157,-0.367,0.051,0.051,0,0,0,0,0
2024-01-08 14:00:00,-11.433,-1.157,-0.367,0.051,0.024,0,0,0,0,0
2024-01-08 15:00:00,-10.476,-1.157,-0.367,0.051,0.024,0,0,0,0,0
2024-01-08 16:00:00,-11.183,-1.157,-0.367,0.051,0.024,0,0,0,0,0
2024-01-08 17:00:00,-10.827,-1.157,-0.367,0.024,0.024,0,0,0,0,0
2024-01-08 18:00:00,-10.686,-1.157,-0.367,0.024,0.024,0,0,0,0,0
2024-01-08 19:00:00,-10.546,-1.128,-0.367,0.024,0.024,0,0,0,0,0
2024-01-08 20:00:00,-10.162,-1.128,-0.367,0.024,0.024,0,0,0,0,0
2024-01-08 21:00:00,-10.336,-1.1,-0.367,0.024,0.024,0,0,0,0,0
2024-01-08 22:00:00,-10.336,-1.1,-0.367,0.024,0.024,0,0,0,0,0
2024-01-08 23:00:00,-10.969,-1.1,-0.367,0.051,0.024,0,0,0,0,0
2024-01-09 00:00:00,-11.65,-1.071,-0.367,0.051,0.051,0,0,0,0,0
2024-01-09 01:00:00,-12.086,-1.071,-0.367,0.051,0.024,0,0,0,0,0
2024-01-09 02:00:00,-12.417,-1.043,-0.367,0.051,0.051,0,0,0,0,0
2024-01-09 03:00:00,-14.197,-1.015,-0.367,0.079,0.051,0,0,0,0,0
2024-01-09 04:00:00,-14.432,-1.043,-0.367,0.079,0.051,0,0,0,0,0
2024-01-09 05:00:00,-15.913,-1.015,-0.367,0.079,0.051,0,0,0,0,0
2024-01-09 06:00:00,-17.683,-0.986,-0.339,0.107,0.079,0,0,0,0,0
2024-01-09 07:00:00,-17.727,-1.015,-0.367,0.079,0.051,0,0,0,0,0
2024-01-09 08:00:00,-17.381,-1.043,-0.367,0.079,0.051,0,0,0,0,0
2024-01-09 09:00:00,-16.955,-1.043,-0.367,0.079,0.051,0,0,0,0,0
2024-01-09 10:00:00,-15.996,-1.043,-0.367,0.051,0.051,0,0,0,0,0
2024-01-09 11:00:00,-15.104,-1.043,-0.367,0.051,0.051,0,0,0,0,0
2024-01-09 12:00:00,-14.667,-1.043,-0.367,0.051,0.051,0,0,0,0,0
2024-01-09 13:00:00,-14.786,-1.043,-0.367,0.051,0.051,0,0,0,0,0
2024-01-09 14:00:00,-15.709,-1.043,-0.367,0.079,0.051,0,0,0,0,0
2024-01-09 15:00:00,-16.955,-1.043,-0.339,0.079,0.079,0,0,0,0,0
2024-01-09 16:00:00,-16.66,-1.043,-0.367,0.079,0.051,0,0,0,0,0
2024-01-09 17:00:00,-16.16,-1.043,-0.367,0.079,0.051,0,0,0,0,0
2024-01-09 18:00:00,-16.702,-1.043,-0.339,0.079,0.051,0,0,0,0,0
2024-01-09 19:00:00,-15.628,-1.043,-0.367,0.051,0.051,0,0,0,0,0
2024-01-09 20:00:00,-15.224,-1.043,-0.367,0.051,0.051,0,0,0,0,0
2024-01-09 21:00:00,-15.345,-1.043,-0.367,0.051,0.051,0,0,0,0,0
2024-01-09 22:00:00,-15.024,-1.043,-0.367,0.051,0.051,0,0,0,0,0
2024-01-09 23:00:00,-16.16,-1.043,-0.339,0.079,0.051,0,0,0,0,0
2024-01-10 00:00:00,-19.469,-0.986,-0.311,0.107,0.107,0,0,0,0,0
2024-01-10 01:00:00,-22.269,-1.015,-0.311,0.107,0.107,0,0,0,0,0
2024-01-10 02:00:00,-23.145,-1.071,-0.311,0.135,0.107,0,0,0,0,0
2024-01-10 03:00:00,-22.885,-1.157,-0.311,0.135,0.107,0,0,0,0,0
2024-01-10 04:00:00,-21.667,-1.27,-0.339,0.107,0.107,0,0,0,0,0
2024-01-10 05:00:00,-23.515,-1.299,-0.311,0.135,0.107,0,0,0,0,0
2024-01-10 06:00:00,-23.303,-1.384,-0.311,0.107,0.107,0,0,0,0,0
2024-01-10 07:00:00,-26.312,-1.413,-0.283,0.135,0.107,0,0,0,0,0
2024-01-10 08:00:00,-26.253,-1.47,-0.283,0.135,0.107,0,0,0,0,0
2024-01-10 09:00:00,-26.49,-1.556,-0.283,0.135,0.107,0,0,0,0,0
2024-01-10 10:00:00,-25.101,-1.67,-0.311,0.135,0.107,0,0,0,0,0
2024-01-10 11:00:00,-26.431,-1.727,-0.283,0.135,0.107,0,0,0,0,0
2024-01-10 12:00:00,-26.849,-1.785,-0.283,0.135,0.107,0,0,0,0,0
2024-01-10 13:00:00,-26.669,-1.871,-0.283,0.135,0.107,0,0,0,0,0
2024-01-10 14:00:00,-26.253,-1.958,-0.283,0.163,0.107,0,0,0,0,0
2024-01-10 15:00:00,-27.46,-2.015,-0.311,0.163,0.107,0,0,0,0,0
2024-01-10 16:00:00,-27.092,-2.102,-0.311,0.135,0.107,0,0,0,0,0
2024-01-10 17:00:00,-27.092,-2.16,-0.311,0.163,0.051,0,0,0,0,0
2024-01-10 18:00:00,-25.671,-2.218,-0.311,0.135,0.107,0,0,0,0,0
2024-01-10 19:00:00,-25.96,-2.247,-0.311,0.135,0.051,0,0,0,0,0
2024-01-10 20:00:00,-25.844,-2.305,-0.311,0.135,0.107,0,0,0,0,0
2024-01-10 21:00:00,-24.488,-2.334,-0.339,0.107,0.107,0,0,0,0,0
2024-01-10 22:00:00,-24.323,-2.305,-0.311,0.135,0.107,0,0,0,0,0
2024-01-10 23:00:00,-23.462,-2.334,-0.339,0.135,0.107,0,0,0,0,0
2024-01-11 00:00:00,-23.041,-2.305,-0.339,0.135,0.107,0,0,0,0,0
2024-01-11 01:00:00,-22.833,-2.276,-0.339,0.135,0.107,0,0,0,0,0
2024-01-11 02:00:00,-23.515,-2.276,-0.339,0.135,0.107,0,0,0,0,0
2024-01-11 03:00:00,-23.041,-2.276,-0.339,0.135,0.107,0,0,0,0,0
2024-01-11 04:00:00,-22.626,-2.305,-0.367,0.135,0.107,0,0,0,0,0
2024-01-11 05:00:00,-22.32,-2.305,-0.367,0.107,0.107,0,0,0,0,0
2024-01-11 06:00:00,-21.866,-2.305,-0.367,0.107,0.107,0,0,0,0,0
2024-01-11 07:00:00,-20.835,-2.276,-0.367,0.107,0.107,0,0,0,0,0
2024-01-11 08:00:00,-21.272,-2.218,-0.367,0.107,0.107,0,0,0,0,0
2024-01-11 09:00:00,-20.595,-2.189,-0.367,0.107,0.107,0,0,0,0,0
2024-01-11 10:00:00,-20.835,-2.189,-0.367,0.107,0.107,0,0,0,0,0
2024-01-11 11:00:00,-20.214,-2.189,-0.367,0.107,0.107,0,0,0,0,0
2024-01-11 12:00:00,-19.285,-2.16,-0.367,0.107,0.107,0,0,0,0,0
2024-01-11 13:00:00,-19.285,-2.131,-0.367,0.107,0.079,0,0,0,0,0
2024-01-11 14:00:00,-18.832,-2.102,-0.367,0.107,0.107,0,0,0,0,0
2024-01-11 15:00:00,-18.607,-2.073,-0.367,0.107,0.079,0,0,0,0,0
2024-01-11 16:00:00,-15.75,-2.073,-0.367,0.079,0.079,0,0,0,0,0
2024-01-11 17:00:00,-15.345,-2.073,-0.423,0.079,0.051,0,0,0,0,0
2024-01-11 18:00:00,-13.696,-2.044,-0.423,0.051,0.051,0,0,0,0,0
2024-01-11 19:00:00,-15.547,-1.986,-0.395,0.079,0.051,0,0,0,0,0
2024-01-11 20:00:00,-16.451,-1.986,-0.423,0.079,0.051,0,0,0,0,0
2024-01-11 21:00:00,-17.082,-1.958,-0.423,0.079,0.051,0,0,0,0,0
2024-01-11 22:00:00,-16.744,-1.9,-0.423,0.079,0.051,0,0,0,0,0
2024-01-11 23:00:00,-16.367,-1.9,-0.423,0.079,0.079,0,0,0,0,0
2024-01-12 00:00:00,-14.275,-1.871,-0.423,0.079,0.051,0,0,0,0,0
2024-01-12 01:00:00,-16.576,-1.842,-0.423,0.079,0.079,0,0,0,0,0
2024-01-12 02:00:00,-17.338,-1.785,-0.423,0.079,0.079,0,0,0,0,0
2024-01-12 03:00:00,-17.467,-1.756,-0.423,0.107,0.079,0,0,0,0,0
2024-01-12 04:00:00,-16.243,-1.756,-0.423,0.079,0.051,0,0,0,0,0
2024-01-12 05:00:00,-16.078,-1.727,-0.423,0.079,0.051,0,0,0,0,0
2024-01-12 06:00:00,-16.492,-1.699,-0.423,0.079,0.079,0,0,0,0,0
2024-01-12 07:00:00,-15.547,-1.727,-0.423,0.079,0.051,0,0,0,0,0
2024-01-12 08:00:00,-15.709,-1.727,-0.423,0.079,0.051,0,0,0,0,0
2024-01-12 09:00:00,-15.587,-1.756,-0.423,0.079,0.051,0,0,0,0,0
2024-01-12 10:00:00,-17.21,-1.699,-0.423,0.079,0.079,0,0,0,0,0
2024-01-12 11:00:00,-18.429,-1.67,-0.423,0.079,0.079,0,0,0,0,0
2024-01-12 12:00:00,-18.563,-1.67,-0.423,0.107,0.079,0,0,0,0,0
2024-01-12 13:00:00,-18.832,-1.67,-0.423,0.107,0.079,0,0,0,0,0
2024-01-12 14:00:00,-18.563,-1.699,-0.423,0.107,0.079,0,0,0,0,0
2024-01-12 15:00:00,-17.683,-1.727,-0.423,0.079,0.079,0,0,0,0,0
2024-01-12 16:00:00,-17.167,-1.727,-0.423,0.079,0.051,0,0,0,0,0
2024-01-12 17:00:00,-17.944,-1.699,-0.423,0.079,0.079,0,0,0,0,0
2024-01-12 18:00:00,-18.697,-1.67,-0.423,0.107,0.079,0,0,0,0,0
2024-01-12 19:00:00,-18.518,-1.699,-0.423,0.107,0.079,0,0,0,0,0
2024-01-12 20:00:00,-20.642,-1.727,-0.423,0.107,0.079,0,0,0,0,0
2024-01-12 21:00:00,-20.026,-1.756,-0.423,0.107,0.079,0,0,0,0,0
2024-01-12 22:00:00,-19.469,-1.785,-0.423,0.107,0.079,0,0,0,0,0
2024-01-12 23:00:00,-18.832,-1.814,-0.423,0.107,0.079,0,0,0,0,0
2024-01-13 00:00:00,-18.518,-1.814,-0.423,0.079,0.079,0,0,0,0,0
2024-01-13 01:00:00,-17.727,-1.814,-0.423,0.079,0.051,0,0,0,0,0
2024-01-13 02:00:00,-17.338,-1.814,-0.451,0.079,0.051,0,0,0,0,0
2024-01-13 03:00:00,-16.786,-1.785,-0.423,0.079,0.051,0,0,0,0,0
2024-01-13 04:00:00,-17.988,-1.727,-0.423,0.107,0.079,0,0,0,0,0
2024-01-13 05:00:00,-17.683,-1.756,-0.423,0.079,0.051,0,0,0,0,0
2024-01-13 06:00:00,-16.997,-1.756,-0.423,0.079,0.051,0,0,0,0,0
2024-01-13 07:00:00,-16.87,-1.785,-0.451,0.079,0.051,0,0,0,0,0
2024-01-13 08:00:00,-14.905,-1.756,-0.451,0.051,0.051,0,0,0,0,0
2024-01-13 09:00:00,-14.197,-1.727,-0.451,0.051,0.051,0,0,0,0,0
2024-01-13 10:00:00,-13.657,-1.67,-0.451,0.051,0.051,0,0,0,0,0
2024-01-13 11:00:00,-14.667,-1.641,-0.451,0.051,0.051,0,0,0,0,0
2024-01-13 12:00:00,-13.926,-1.613,-0.451,0.051,0.024,0,0,0,0,0
2024-01-13 13:00:00,-13.581,-1.584,-0.451,0.051,0.051,0,0,0,0,0
2024-01-13 14:00:00,-15.024,-1.556,-0.451,0.079,0.051,0,0,0,0,0
2024-01-13 15:00:00,-15.709,-1.556,-0.423,0.079,0.079,0,0,0,0,0
2024-01-13 16:00:00,-17.683,-1.556,-0.423,0.107,0.079,0,0,0,0,0
2024-01-13 17:00:00,-19.331,-1.584,-0.423,0.107,0.107,0,0,0,0,0
2024-01-13 18:00:00,-18.607,-1.67,-0.451,0.079,0.051,0,0,0,0,0
2024-01-13 19:00:00,-15.506,-1.699,-0.451,0.079,0.051,0,0,0,0,0
2024-01-13 20:00:00,-16.451,-1.727,-0.451,0.079,0.051,0,0,0,0,0
2024-01-13 21:00:00,-15.547,-1.727,-0.451,0.051,0.051,0,0,0,0,0
2024-01-13 22:00:00,-16.037,-1.727,-0.451,0.079,0.051,0,0,0,0,0
2024-01-13 23:00:00,-16.955,-1.699,-0.451,0.079,0.079,0,0,0,0,0
2024-01-14 00:00:00,-18.076,-1.727,-0.451,0.079,0.051,0,0,0,0,0
2024-01-14 01:00:00,-21.667,-1.699,-0.423,0.107,0.107,0,0,0,0,0
2024-01-14 02:00:00,-22.269,-1.756,-0.367,0.135,0.107,0,0,0,0,0
2024-01-14 03:00:00,-23.568,-1.9,-0.423,0.135,0.107,0,0,0,0,0
2024-01-14 04:00:00,-25.441,-1.986,-0.367,0.135,0.107,0,0,0,0,0
2024-01-14 05:00:00,-25.786,-2.102,-0.367,0.135,0.107,0,0,0,0,0
2024-01-14 06:00:00,-27.092,-2.247,-0.367,0.135,0.107,0,0,0,0,0
2024-01-14 07:00:00,-29.121,-2.363,-0.367,0.163,0.107,0,0,0,0,0
2024-01-14 08:00:00,-26.49,-2.508,-0.395,0.135,0.107,0,0,0,0,0
2024-01-14 09:00:00,-28.923,-2.625,-0.367,0.163,0.107,0,0,0,0,0
2024-01-14 10:00:00,-27.708,-2.742,-0.395,0.135,0.107,0,0,0,0,0
2024-01-14 11:00:00,-26.729,-2.83,-0.423,0.107,0.107,0,0,0,0,0
2024-01-14 12:00:00,-23.781,-2.8,-0.423,0.107,0.079,0,0,0,0,0
2024-01-14 13:00:00,-22.885,-2.712,-0.451,0.107,0.079,0,0,0,0,0
2024-01-14 14:00:00,-23.303,-2.654,-0.451,0.107,0.079,0,0,0,0,0
2024-01-14 15:00:00,-23.568,-2.596,-0.451,0.107,0.079,0,0,0,0,0
2024-01-14 16:00:00,-23.621,-2.537,-0.451,0.107,0.079,0,0,0,0,0
2024-01-14 17:00:00,-23.356,-2.508,-0.451,0.107,0.079,0,0,0,0,0
2024-01-14 18:00:00,-23.621,-2.45,-0.451,0.107,0.079,0,0,0,0,0
2024-01-14 19:00:00,-23.409,-2.392,-0.451,0.107,0.079,0,0,0,0,0
2024-01-14 20:00:00,-23.145,-2.363,-0.479,0.107,0.079,0,0,0,0,0
2024-01-14 21:00:00,-23.781,-2.305,-0.479,0.107,0.079,0,0,0,0,0
2024-01-14 22:00:00,-22.678,-2.334,-0.479,0.107,0.079,0,0,0,0,0
2024-01-14 23:00:00,-22.833,-2.276,-0.479,0.107,0.079,0,0,0,0,0
2024-01-15 00:00:00,-23.041,-2.247,-0.479,0.107,0.079,0,0,0,0,0
2024-01-15 01:00:00,-21.966,-2.247,-0.479,0.079,0.079,0,0,0,0,0
2024-01-15 02:00:00,-21.667,-2.247,-0.479,0.079,0.079,0,0,0,0,0
2024-01-15 03:00:00,-21.028,-2.189,-0.479,0.079,0.079,0,0,0,0,0
2024-01-15 04:00:00,-20.69,-2.189,-0.479,0.079,0.051,0,0,0,0,0
2024-01-15 05:00:00,-20.499,-2.189,-0.479,0.079,0.051,0,0,0,0,0
2024-01-15 06:00:00,-20.026,-2.189,-0.507,0.079,0.079,0,0,0,0,0
2024-01-15 07:00:00,-19.746,-2.189,-0.507,0.079,0.051,0,0,0,0,0
2024-01-15 08:00:00,-19.654,-2.189,-0.507,0.079,0.051,0,0,0,0,0
2024-01-15 09:00:00,-19.561,-2.131,-0.507,0.079,0.051,0,0,0,0,0
2024-01-15 10:00:00,-19.654,-2.131,-0.507,0.079,0.051,0,0,0,0,0
2024-01-15 11:00:00,-21.077,-2.073,-0.479,0.079,0.079,0,0,0,0,0
2024-01-15 12:00:00,-20.738,-2.073,-0.507,0.079,0.079,0,0,0,0,0
2024-01-15 13:00:00,-20.595,-2.073,-0.507,0.079,0.051,0,0,0,0,0
2024-01-15 14:00:00,-19.979,-2.073,-0.507,0.079,0.079,0,0,0,0,0
2024-01-15 15:00:00,-19.561,-2.044,-0.507,0.079,0.051,0,0,0,0,0
2024-01-15 16:00:00,-19.012,-2.044,-0.507,0.079,0.051,0,0,0,0,0
2024-01-15 17:00:00,-20.262,-1.986,-0.507,0.079,0.079,0,0,0,0,0
2024-01-15 18:00:00,-19.469,-2.015,-0.507,0.079,0.051,0,0,0,0,0
2024-01-15 19:00:00,-18.563,-1.986,-0.535,0.079,0.051,0,0,0,0,0
2024-01-15 20:00:00,-16.702,-1.958,-0.507,0.079,0.051,0,0,0,0,0
2024-01-15 21:00:00,-16.702,-1.958,-0.535,0.079,0.051,0,0,0,0,0
2024-01-15 22:00:00,-16.202,-1.9,-0.535,0.051,0.051,0,0,0,0,0
2024-01-15 23:00:00,-15.996,-1.871,-0.535,0.051,0.051,0,0,0,0,0
2024-01-16 00:00:00,-15.506,-1.842,-0.535,0.051,0.051,0,0,0,0,0
2024-01-16 01:00:00,-15.385,-1.814,-0.535,0.051,0.051,0,0,0,0,0
2024-01-16 02:00:00,-15.587,-1.756,-0.535,0.051,0.051,0,0,0,0,0
2024-01-16 03:00:00,-14.984,-1.727,-0.535,0.051,0.051,0,0,0,0,0
2024-01-16 04:00:00,-14.197,-1.699,-0.535,0.051,0.051,0,0,0,0,0
2024-01-16 05:00:00,-14.353,-1.67,-0.535,0.051,0.051,0,0,0,0,0
2024-01-16 06:00:00,-14.042,-1.641,-0.535,0.051,0.051,0,0,0,0,0
2024-01-16 07:00:00,-13.466,-1.613,-0.535,0.051,0.051,0,0,0,0,0
2024-01-16 08:00:00,-12.639,-1.584,-0.535,0.051,0.024,0,0,0,0,0
2024-01-16 09:00:00,-12.196,-1.556,-0.507,0.051,0.024,0,0,0,0,0
2024-01-16 10:00:00,-11.65,-1.556,-0.535,0.024,0.024,0,0,0,0,0
2024-01-16 11:00:00,-9.782,-1.527,-0.535,0.024,0.024,0,0,0,0,0
2024-01-16 12:00:00,-9.337,-1.498,-0.535,0.024,0.024,0,0,0,0,0
2024-01-16 13:00:00,-9.439,-1.47,-0.535,0.024,0.024,0,0,0,0,0
2024-01-16 14:00:00,-8.663,-1.441,-0.535,0.024,0.024,0,0,0,0,0
2024-01-16 15:00:00,-7.316,-1.413,-0.507,0.024,0.024,0,0,0,0,0
2024-01-16 16:00:00,-6.802,-1.384,-0.535,0.024,0.024,0,0,0,0,0
2024-01-16 17:00:00,-7.058,-1.384,-0.535,0.024,0.024,0,0,0,0,0
2024-01-16 18:00:00,-5.357,-1.356,-0.507,0.024,-0.004,0,0,0,0,0
2024-01-16 19:00:00,-5.729,-1.327,-0.507,0.024,0.024,0,0,0,0,0
2024-01-16 20:00:00,-5.979,-1.327,-0.507,0.024,-0.004,0,0,0,0,0
2024-01-16 21:00:00,-6.994,-1.327,-0.507,0.024,-0.004,0,0,0,0,0
2024-01-16 22:00:00,-8.497,-1.327,-0.507,0.024,0.024,0,0,0,0,0
2024-01-16 23:00:00,-8.898,-1.327,-0.507,0.024,0.024,0,0,0,0,0
2024-01-17 00:00:00,-8.898,-1.27,-0.507,0.024,0.024,0,0,0,0,0
2024-01-17 01:00:00,-8.697,-1.27,-0.507,0.024,0.024,0,0,0,0,0
2024-01-17 02:00:00,-8.066,-1.27,-0.507,0.024,0.024,0,0,0,0,0
2024-01-17 03:00:00,-8.364,-1.27,-0.507,0.024,0.024,0,0,0,0,0
2024-01-17 04:00:00,-9.033,-1.27,-0.507,0.024,0.024,0,0,0,0,0
2024-01-17 05:00:00,-10.792,-1.27,-0.507,0.024,0.024,0,0,0,0,0
2024-01-17 06:00:00,-11.147,-1.242,-0.507,0.024,0.024,0,0,0,0,0
2024-01-17 07:00:00,-10.969,-1.213,-0.507,0.024,0.024,0,0,0,0,0
2024-01-17 08:00:00,-10.934,-1.213,-0.507,0.024,0.024,0,0,0,0,0
2024-01-17 09:00:00,-11.686,-1.213,-0.479,0.024,0.024,0,0,0,0,0
2024-01-17 10:00:00,-12.123,-1.185,-0.479,0.024,0.024,0,0,0,0,0
2024-01-17 11:00:00,-12.676,-1.185,-0.479,0.024,0.024,0,0,0,0,0
2024-01-17 12:00:00,-12.975,-1.185,-0.479,0.024,0.024,0,0,0,0,0
2024-01-17 13:00:00,-13.849,-1.157,-0.479,0.051,0.051,0,0,0,0,0
2024-01-17 14:00:00,-15.264,-1.157,-0.479,0.051,0.051,0,0,0,0,0
2024-01-17 15:00:00,-15.184,-1.157,-0.479,0.051,0.051,0,0,0,0,0
2024-01-17 16:00:00,-16.66,-1.128,-0.479,0.051,0.051,0,0,0,0,0
2024-01-17 17:00:00,-17.727,-1.1,-0.479,0.051,0.051,0,0,0,0,0
2024-01-17 18:00:00,-18.208,-1.1,-0.451,0.079,0.079,0,0,0,0,0
2024-01-17 19:00:00,-19.149,-1.1,-0.451,0.079,0.051,0,0,0,0,0
2024-01-17 20:00:00,-19.561,-1.1,-0.451,0.079,0.079,0,0,0,0,0
2024-01-17 21:00:00,-17.338,-1.128,-0.479,0.079,0.051,0,0,0,0,0
2024-01-17 22:00:00,-17.901,-1.157,-0.479,0.079,0.051,0,0,0,0,0
2024-01-17 23:00:00,-17.77,-1.157,-0.451,0.079,0.079,0,0,0,0,0
2024-01-18 00:00:00,-18.12,-1.128,-0.451,0.079,0.079,0,0,0,0,0
2024-01-18 01:00:00,-20.356,-1.128,-0.451,0.107,0.107,0,0,0,0,0
2024-01-18 02:00:00,-22.218,-1.157,-0.423,0.107,0.107,0,0,0,0,0
2024-01-18 03:00:00,-23.462,-1.213,-0.423,0.107,0.107,0,0,0,0,0
2024-01-18 04:00:00,-24.765,-1.242,-0.423,0.107,0.107,0,0,0,0,0
2024-01-18 05:00:00,-24.709,-1.299,-0.423,0.107,0.107,0,0,0,0,0
2024-01-18 06:00:00,-23.041,-1.384,-0.451,0.107,0.107,0,0,0,0,0
2024-01-18 07:00:00,-21.028,-1.441,-0.451,0.079,0.079,0,0,0,0,0
2024-01-18 08:00:00,-19.331,-1.441,-0.451,0.079,0.051,0,0,0,0,0
2024-01-18 09:00:00,-16.451,-1.441,-0.451,0.079,0.051,0,0,0,0,0
2024-01-18 10:00:00,-19.377,-1.413,-0.451,0.079,0.051,0,0,0,0,0
2024-01-18 11:00:00,-21.567,-1.384,-0.451,0.107,0.079,0,0,0,0,0
2024-01-18 12:00:00,-22.32,-1.384,-0.451,0.107,0.079,0,0,0,0,0
2024-01-18 13:00:00,-22.32,-1.413,-0.451,0.107,0.107,0,0,0,0,0
2024-01-18 14:00:00,-23.621,-1.441,-0.451,0.107,0.107,0,0,0,0,0
2024-01-18 15:00:00,-21.567,-1.441,-0.451,0.107,0.079,0,0,0,0,0
2024-01-18 16:00:00,-22.067,-1.47,-0.451,0.079,0.079,0,0,0,0,0
2024-01-18 17:00:00,-21.567,-1.47,-0.451,0.107,0.079,0,0,0,0,0
2024-01-18 18:00:00,-21.077,-1.498,-0.451,0.079,0.079,0,0,0,0,0
2024-01-18 19:00:00,-22.067,-1.498,-0.451,0.107,0.079,0,0,0,0,0
2024-01-18 20:00:00,-21.816,-1.498,-0.451,0.079,0.079,0,0,0,0,0
2024-01-18 21:00:00,-21.272,-1.527,-0.451,0.079,0.051,0,0,0,0,0
2024-01-18 22:00:00,-21.518,-1.527,-0.479,0.079,0.051,0,0,0,0,0
2024-01-18 23:00:00,-20.883,-1.556,-0.479,0.079,0.051,0,0,0,0,0
2024-01-19 00:00:00,-18.967,-1.584,-0.479,0.079,0.051,0,0,0,0,0
2024-01-19 01:00:00,-17.727,-1.556,-0.479,0.079,0.051,0,0,0,0,0
2024-01-19 02:00:00,-18.34,-1.556,-0.479,0.079,0.051,0,0,0,0,0
2024-01-19 03:00:00,-17.857,-1.527,-0.479,0.079,0.051,0,0,0,0,0
2024-01-19 04:00:00,-16.955,-1.498,-0.479,0.051,0.051,0,0,0,0,0
2024-01-19 05:00:00,-16.16,-1.498,-0.479,0.051,0.051,0,0,0,0,0
2024-01-19 06:00:00,-19.423,-1.441,-0.479,0.079,0.079,0,0,0,0,0
2024-01-19 07:00:00,-21.816,-1.413,-0.479,0.107,0.051,0,0,0,0,0
2024-01-19 08:00:00,-22.473,-1.441,-0.479,0.107,0.079,0,0,0,0,0
2024-01-19 09:00:00,-21.866,-1.441,-0.451,0.107,0.079,0,0,0,0,0
2024-01-19 10:00:00,-23.093,-1.47,-0.451,0.107,0.107,0,0,0,0,0
2024-01-19 11:00:00,-22.678,-1.498,-0.451,0.107,0.107,0,0,0,0,0
2024-01-19 12:00:00,-21.567,-1.556,-0.479,0.107,0.079,0,0,0,0,0
2024-01-19 13:00:00,-22.626,-1.584,-0.479,0.079,0.051,0,0,0,0,0
2024-01-19 14:00:00,-23.674,-1.584,-0.451,0.107,0.107,0,0,0,0,0
2024-01-19 15:00:00,-23.462,-1.613,-0.451,0.107,0.051,0,0,0,0,0
2024-01-19 16:00:00,-24.821,-1.641,-0.451,0.107,0.107,0,0,0,0,0
2024-01-19 17:00:00,-25.327,-1.67,-0.451,0.107,0.107,0,0,0,0,0
2024-01-19 18:00:00,-23.781,-1.727,-0.451,0.107,0.107,0,0,0,0,0
2024-01-19 19:00:00,-22.885,-1.785,-0.479,0.079,0.079,0,0,0,0,0
2024-01-19 20:00:00,-23.515,-1.785,-0.479,0.107,0.079,0,0,0,0,0
2024-01-19 21:00:00,-23.568,-1.785,-0.479,0.107,0.079,0,0,0,0,0
2024-01-19 22:00:00,-22.371,-1.814,-0.479,0.079,0.079,0,0,0,0,0
2024-01-19 23:00:00,-20.499,-1.842,-0.479,0.079,0.051,0,0,0,0,0
2024-01-20 00:00:00,-22.937,-1.785,-0.479,0.107,0.079,0,0,0,0,0
2024-01-20 01:00:00,-23.621,-1.756,-0.479,0.107,0.079,0,0,0,0,0
2024-01-20 02:00:00,-26.136,-1.756,-0.451,0.107,0.107,0,0,0,0,0
2024-01-20 03:00:00,-27.833,-1.814,-0.451,0.135,0.107,0,0,0,0,0
2024-01-20 04:00:00,-28.858,-1.871,-0.451,0.135,0.107,0,0,0,0,0
2024-01-20 05:00:00,-29.121,-1.958,-0.423,0.163,0.107,0,0,0,0,0
2024-01-20 06:00:00,-29.722,-2.044,-0.451,0.135,0.107,0,0,0,0,0
2024-01-20 07:00:00,-30.902,-2.16,-0.451,0.163,0.051,0,0,0,0,0
2024-01-20 08:00:00,-30.902,-2.276,-0.451,0.135,0.051,0,0,0,0,0
2024-01-20 09:00:00,-31.698,-2.363,-0.423,0.135,0.051,0,0,0,0,0
2024-01-20 10:00:00,-32.219,-2.479,-0.423,0.163,0.051,0,0,0,0,0
2024-01-20 11:00:00,-31.405,-2.566,-0.451,0.135,0.051,0,0,0,0,0
2024-01-20 12:00:00,-32.445,-2.683,-0.451,0.135,0.107,0,0,0,0,0
2024-01-20 13:00:00,-23.621,-2.771,-0.507,0.107,0.107,1,0,0,0,0
2024-01-20 14:00:00,-23.145,-2.683,-0.479,0.135,0.107,0,0,0,0,0
2024-01-20 15:00:00,-22.729,-2.596,-0.479,0.135,0.107,0,0,0,0,0
2024-01-20 16:00:00,-25.327,-2.537,-0.507,0.107,0.051,0,0,0,0,0
2024-01-20 17:00:00,-24.269,-2.479,-0.507,0.107,0.051,0,0,0,0,0
2024-01-20 18:00:00,-22.833,-2.479,-0.507,0.107,0.107,0,0,0,0,0
2024-01-20 19:00:00,-23.409,-2.45,-0.507,0.135,0.107,0,0,0,0,0
2024-01-20 20:00:00,-23.568,-2.421,-0.507,0.135,0.107,0,0,0,0,0
2024-01-20 21:00:00,-24.988,-2.421,-0.507,0.135,0.107,0,0,0,0,0
2024-01-20 22:00:00,-23.889,-2.421,-0.507,0.107,0.051,0,0,0,0,0
2024-01-20 23:00:00,-25.214,-2.479,-0.507,0.135,0.051,0,0,0,0,0
2024-01-21 00:00:00,-26.194,-2.479,-0.507,0.135,0.051,0,0,0,0,0
2024-01-21 01:00:00,-29.121,-2.508,-0.507,0.135,0.051,0,0,0,0,0
2024-01-21 02:00:00,-29.927,-2.596,-0.507,0.135,0.051,0,0,0,0,0
2024-01-21 03:00:00,-28.989,-2.654,-0.479,0.135,0.051,0,0,0,0,0
2024-01-21 04:00:00,-30.619,-2.742,-0.479,0.135,0.051,0,0,0,0,0
2024-01-21 05:00:00,-33.218,-2.83,-0.479,0.163,0.051,0,0,0,0,0
2024-01-21 06:00:00,-30.201,-2.918,-0.479,0.163,0.051,0,0,0,0,0
2024-01-21 07:00:00,-32.069,-3.035,-0.479,0.163,0.051,0,0,0,0,0
2024-01-21 08:00:00,-31.478,-3.124,-0.479,0.163,0.051,0,0,0,0,0
2024-01-21 09:00:00,-31.92,-3.183,-0.479,0.163,0.051,0,0,0,0,0
2024-01-21 10:00:00,-30.479,-3.271,-0.507,0.163,0.051,0,0,0,0,0
2024-01-21 11:00:00,-32.069,-3.271,-0.507,0.135,0.051,0,0,0,0,0
2024-01-21 12:00:00,-31.772,-3.33,-0.507,0.163,0.051,0,0,0,0,0
2024-01-21 13:00:00,-30.619,-3.33,-0.507,0.163,0.051,0,0,0,0,0
2024-01-21 14:00:00,-31.478,-3.39,-0.535,0.163,0.051,0,0,0,0,0
2024-01-21 15:00:00,-29.79,-3.419,-0.535,0.135,0.051,0,0,0,0,0
2024-01-21 16:00:00,-31.624,-3.419,-0.535,0.135,0.051,0,0,0,0,0
2024-01-21 17:00:00,-31.045,-3.449,-0.535,0.163,0.051,0,0,0,0,0
2024-01-21 18:00:00,-31.624,-3.508,-0.535,0.135,0.051,0,0,0,0,0
2024-01-21 19:00:00,-31.333,-3.508,-0.535,0.135,0.051,0,0,0,0,0
2024-01-21 20:00:00,-31.551,-3.538,-0.563,0.163,0.051,0,0,0,0,0
2024-01-21 21:00:00,-30.619,-3.568,-0.563,0.135,0.051,0,0,0,0,0
2024-01-21 22:00:00,-27.833,-3.627,-0.591,0.135,0.051,0,0,0,0,0
2024-01-21 23:00:00,-26.431,-3.568,-0.591,0.135,0.051,0,0,0,0,0
2024-01-22 00:00:00,-28.086,-3.538,-0.591,0.135,0.051,0,0,0,0,0
2024-01-22 01:00:00,-30.27,-3.508,-0.591,0.135,0.051,0,0,0,0,0
2024-01-22 02:00:00,-31.405,-3.538,-0.591,0.135,0.051,0,0,0,0,0
2024-01-22 03:00:00,-31.92,-3.568,-0.591,0.135,0.051,0,0,0,0,0
2024-01-22 04:00:00,-33.454,-3.627,-0.591,0.163,0.051,0,0,0,0,0
2024-01-22 05:00:00,-34.427,-3.717,-0.591,0.163,0.051,0,0,0,0,0
2024-01-22 06:00:00,-33.614,-3.807,-0.591,0.163,0.051,0,0,0,0,0
2024-01-22 07:00:00,-34.593,-3.866,-0.591,0.163,0.051,0,0,0,0,0
2024-01-22 08:00:00,-34.845,-3.926,-0.591,0.163,0.051,0,0,0,0,0
2024-01-22 09:00:00,-35.015,-4.016,-0.591,0.163,0.051,0,0,0,0,0
2024-01-22 10:00:00,-35.357,-4.106,-0.591,0.163,0.051,0,0,0,0,0
2024-01-22 11:00:00,-35.531,-4.167,-0.62,0.163,0.051,0,0,0,0,0
2024-01-22 12:00:00,-35.444,-4.227,-0.62,0.163,0.051,0,0,0,0,0
2024-01-22 13:00:00,-35.97,-4.287,-0.62,0.163,0.051,0,0,0,0,0
2024-01-22 14:00:00,-35.444,-4.348,-0.62,0.163,0.051,0,0,0,0,0
2024-01-22 15:00:00,-35.97,-4.378,-0.648,0.135,0.051,0,0,0,0,0
2024-01-22 16:00:00,-36.418,-4.439,-0.648,0.135,0.051,0,0,0,0,0
2024-01-22 17:00:00,-34.93,-4.469,-0.648,0.135,0.051,0,0,0,0,0
2024-01-22 18:00:00,-37.249,-4.53,-0.648,0.163,0.051,0,0,0,0,0
2024-01-22 19:00:00,-36.509,-4.59,-0.676,0.135,0.051,0,0,0,0,0
2024-01-22 20:00:00,-36.328,-4.621,-0.676,0.135,0.051,0,0,0,0,0
2024-01-22 21:00:00,-36.148,-4.651,-0.676,0.135,0.051,0,0,0,0,0
2024-01-22 22:00:00,-32.069,-4.712,-0.732,0.163,0.051,0,0,0,0,0
2024-01-22 23:00:00,-32.369,-4.682,-0.732,0.135,0.051,0,0,0,0,0
2024-01-23 00:00:00,-32.983,-4.621,-0.732,0.135,0.051,0,0,0,0,0
2024-01-23 01:00:00,-35.444,-4.59,-0.732,0.135,0.051,0,0,0,0,0
2024-01-23 02:00:00,-34.761,-4.59,-0.732,0.163,0.051,0,0,0,0,0
2024-01-23 03:00:00,-34.761,-4.621,-0.76,0.163,0.051,0,0,0,0,0
2024-01-23 04:00:00,-35.444,-4.621,-0.76,0.163,0.051,0,0,0,0,0
2024-01-23 05:00:00,-34.93,-4.651,-0.76,0.163,0.051,0,0,0,0,0
2024-01-23 06:00:00,-34.262,-4.651,-0.789,0.135,0.051,0,0,0,0,0
2024-01-23 07:00:00,-34.427,-4.651,-0.789,0.135,0.051,0,0,0,0,0
2024-01-23 08:00:00,-34.593,-4.651,-0.789,0.135,0.051,0,0,0,0,0
2024-01-23 09:00:00,-33.218,-4.651,-0.817,0.163,0.107,0,0,0,0,0
2024-01-23 10:00:00,-31.994,-4.59,-0.845,0.135,0.107,0,0,0,0,0
2024-01-23 11:00:00,-30.063,-4.53,-0.873,0.135,0.107,0,0,0,0,0
2024-01-23 12:00:00,-29.587,-4.408,-0.873,0.135,0.107,0,0,0,0,0
2024-01-23 13:00:00,-28.469,-4.318,-0.873,0.107,0.107,0,0,0,0,0
2024-01-23 14:00:00,-27.896,-4.197,-0.902,0.107,0.107,0,0,0,0,0
2024-01-23 15:00:00,-27.275,-4.106,-0.902,0.107,0.107,0,0,0,0,0
2024-01-23 16:00:00,-27.214,-4.016,-0.902,0.107,0.107,0,0,0,0,0
2024-01-23 17:00:00,-27.092,-3.926,-0.93,0.107,0.107,0,0,0,0,0
2024-01-23 18:00:00,-29.453,-3.807,-0.873,0.135,0.051,0,0,0,0,0
2024-01-23 19:00:00,-29.655,-3.807,-0.902,0.135,0.107,0,0,0,0,0
2024-01-23 20:00:00,-29.121,-3.807,-0.902,0.135,0.107,0,0,0,0,0
2024-01-23 21:00:00,-29.386,-3.807,-0.902,0.135,0.051,0,0,0,0,0
2024-01-23 22:00:00,-29.253,-3.777,-0.902,0.135,0.107,0,0,0,0,0
2024-01-23 23:00:00,-28.727,-3.777,-0.902,0.135,0.051,0,0,0,0,0
2024-01-24 00:00:00,-29.52,-3.747,-0.902,0.135,0.051,0,0,0,0,0
2024-01-24 01:00:00,-31.92,-3.747,-0.873,0.135,0.051,0,0,0,0,0
2024-01-24 02:00:00,-33.454,-3.807,-0.873,0.163,0.051,0,0,0,0,0
2024-01-24 03:00:00,-34.93,-3.896,-0.845,0.135,0.051,0,0,0,0,0
2024-01-24 04:00:00,-36.148,-4.016,-0.845,0.163,0.051,0,0,0,0,0
2024-01-24 05:00:00,-37.061,-4.167,-0.845,0.135,0.051,0,0,0,0,0
2024-01-24 06:00:00,-37.249,-4.318,-0.845,0.135,0.051,0,0,0,0,0
2024-01-24 07:00:00,-37.249,-4.469,-0.845,0.135,0.051,0,0,0,0,0
2024-01-24 08:00:00,-38.015,-4.59,-0.845,0.135,0.051,0,0,0,0,0
2024-01-24 09:00:00,-37.343,-4.712,-0.873,0.163,0.051,0,0,0,0,0
2024-01-24 10:00:00,-35.271,-4.773,-0.902,0.135,0.051,0,0,0,0,0
2024-01-24 11:00:00,-35.531,-4.743,-0.902,0.163,0.051,0,0,0,0,0
2024-01-24 12:00:00,-35.444,-4.712,-0.902,0.135,0.051,0,0,0,0,0
2024-01-24 13:00:00,-35.271,-4.682,-0.93,0.163,0.051,0,0,0,0,0
2024-01-24 14:00:00,-35.97,-4.712,-0.902,0.163,0.051,0,0,0,0,0
2024-01-24 15:00:00,-35.444,-4.712,-0.93,0.163,0.051,0,0,0,0,0
2024-01-24 16:00:00,-35.618,-4.712,-0.93,0.163,0.051,0,0,0,0,0
2024-01-24 17:00:00,-35.793,-4.743,-0.93,0.163,0.051,0,0,0,0,0
2024-01-24 18:00:00,-36.328,-4.773,-0.93,0.163,0.051,0,0,0,0,0
2024-01-24 19:00:00,-37.061,-4.834,-0.958,0.163,0.051,0,0,0,0,0
2024-01-24 20:00:00,-37.061,-4.834,-0.93,0.135,0.051,0,0,0,0,0
2024-01-24 21:00:00,-36.148,-4.865,-0.958,0.135,0.051,0,0,0,0,0
2024-01-24 22:00:00,-35.531,-4.926,-0.958,0.135,0.051,0,0,0,0,0
2024-01-24 23:00:00,-35.271,-4.957,-0.986,0.135,0.051,0,0,0,0,0
2024-01-25 00:00:00,-36.238,-4.987,-0.958,0.135,0.051,0,0,0,0,0
2024-01-25 01:00:00,-36.876,-5.018,-0.986,0.135,0.051,0,0,0,0,0
2024-01-25 02:00:00,-36.783,-5.079,-0.986,0.135,0.051,0,0,0,0,0
2024-01-25 03:00:00,-36.148,-5.11,-1.015,0.163,0.051,0,0,0,0,0
2024-01-25 04:00:00,-35.881,-5.079,-1.015,0.163,0.051,0,0,0,0,0
2024-01-25 05:00:00,-37.628,-5.079,-1.015,0.135,0.051,0,0,0,0,0
2024-01-25 06:00:00,-38.408,-5.079,-0.986,0.135,0.051,0,0,0,0,0
2024-01-25 07:00:00,-39.012,-5.202,-1.015,0.135,0.051,0,0,0,0,0
2024-01-25 08:00:00,-40.059,-5.264,-0.986,0.135,0.051,1,0,0,0,0
2024-01-25 09:00:00,-40.492,-5.388,-1.015,0.135,0.024,1,0,0,0,0
2024-01-25 10:00:00,-40.712,-5.511,-1.015,0.135,0.024,1,0,0,0,0
2024-01-25 11:00:00,-40.935,-5.636,-1.015,0.107,0.024,1,0,0,0,0
2024-01-25 12:00:00,-41.618,-5.76,-1.043,0.107,0.024,1,0,0,0,0
2024-01-25 13:00:00,-41.967,-5.885,-1.043,0.107,0.024,1,0,0,0,0
2024-01-25 14:00:00,-42.323,-6.01,-1.043,0.107,-0.004,1,0,0,0,0
2024-01-25 15:00:00,-41.85,-6.073,-1.071,0.107,-0.004,1,0,0,0,0
2024-01-25 16:00:00,-41.85,-6.136,-1.071,0.107,-0.004,1,0,0,0,0
2024-01-25 17:00:00,-42.085,-6.231,-1.071,0.107,-0.004,1,0,0,0,0
2024-01-25 18:00:00,-41.618,-6.325,-1.1,0.107,-0.004,1,0,0,0,0
2024-01-25 19:00:00,-42.085,-6.357,-1.1,0.107,-0.004,1,0,0,0,0
2024-01-25 20:00:00,-41.502,-6.388,-1.128,0.107,-0.004,1,0,0,0,0
2024-01-25 21:00:00,-40.602,-6.452,-1.157,0.107,0.051,1,0,0,0,0
2024-01-25 22:00:00,-38.015,-6.483,-1.185,0.135,0.051,0,0,0,0,0
2024-01-25 23:00:00,-37.343,-6.42,-1.213,0.135,0.051,0,0,0,0,0
2024-01-26 00:00:00,-38.015,-6.357,-1.213,0.107,0.024,0,0,0,0,0
2024-01-26 01:00:00,-39.845,-6.357,-1.213,0.107,-0.004,0,0,0,0,0
2024-01-26 02:00:00,-41.388,-6.388,-1.213,0.107,-0.004,1,0,0,0,0
2024-01-26 03:00:00,-41.85,-6.452,-1.213,0.107,-0.004,1,0,0,0,0
2024-01-26 04:00:00,-41.85,-6.579,-1.242,0.107,-0.004,1,0,0,0,0
2024-01-26 05:00:00,-41.85,-6.61,-1.242,0.107,-0.004,1,0,0,0,0
2024-01-26 06:00:00,-42.085,-6.642,-1.242,0.107,-0.004,1,0,0,0,0
2024-01-26 07:00:00,-42.564,-6.706,-1.27,0.107,-0.004,1,0,0,0,0
2024-01-26 08:00:00,-42.808,-6.834,-1.299,0.107,-0.004,1,0,0,0,0
2024-01-26 09:00:00,-43.304,-6.866,-1.299,0.107,-0.004,1,0,0,0,0
2024-01-26 10:00:00,-43.304,-6.962,-1.299,0.107,-0.004,1,0,0,0,0
2024-01-26 11:00:00,-43.557,-6.994,-1.299,0.107,-0.004,1,0,0,0,0
2024-01-26 12:00:00,-43.813,-7.09,-1.327,0.107,-0.004,1,0,0,0,0
2024-01-26 13:00:00,-44.335,-7.09,-1.327,0.107,-0.004,1,0,0,0,0
2024-01-26 14:00:00,-44.335,-7.219,-1.356,0.107,-0.004,1,0,0,0,0
2024-01-26 15:00:00,-43.942,-7.251,-1.384,0.107,-0.004,1,0,0,0,0
2024-01-26 16:00:00,-44.335,-7.348,-1.384,0.107,-0.004,1,0,0,0,0
2024-01-26 17:00:00,-44.335,-7.348,-1.413,0.107,-0.004,1,0,0,0,0
2024-01-26 18:00:00,-44.335,-7.413,-1.413,0.107,-0.004,1,0,0,0,0
2024-01-26 19:00:00,-45.007,-7.478,-1.441,0.107,-0.004,1,0,0,0,0
2024-01-26 20:00:00,-45.007,-7.543,-1.441,0.107,-0.004,1,0,0,0,0
2024-01-26 21:00:00,-42.564,-7.543,-1.498,0.107,0.024,1,0,0,0,0
2024-01-26 22:00:00,-40.492,-7.543,-1.527,0.135,0.051,1,0,0,0,0
2024-01-26 23:00:00,-40.166,-7.445,-1.527,0.135,0.024,1,0,0,0,0
2024-01-27 00:00:00,-41.388,-7.348,-1.527,0.107,-0.004,1,0,0,0,0
2024-01-27 01:00:00,-42.808,-7.348,-1.527,0.107,-0.004,1,0,0,0,0
2024-01-27 02:00:00,-43.054,-7.348,-1.556,0.107,-0.004,1,0,0,0,0
2024-01-27 03:00:00,-44.468,-7.413,-1.556,0.107,-0.004,1,0,0,0,0
2024-01-27 04:00:00,-44.871,-7.478,-1.556,0.107,-0.004,1,0,0,0,0
2024-01-27 05:00:00,-44.601,-7.608,-1.584,0.107,-0.004,1,0,0,0,0
2024-01-27 06:00:00,-44.335,-7.608,-1.584,0.051,-0.004,1,0,0,0,0
2024-01-27 07:00:00,-45.007,-7.673,-1.613,0.107,-0.004,1,0,0,0,0
2024-01-27 08:00:00,-45.007,-7.738,-1.613,0.051,-0.004,1,0,0,0,0
2024-01-27 09:00:00,-45.988,-7.771,-1.641,0.051,-0.004,1,0,0,0,0
2024-01-27 10:00:00,-44.871,-7.869,-1.641,0.051,-0.032,1,0,0,0,0
2024-01-27 11:00:00,-44.871,-7.869,-1.641,0.051,-0.032,1,0,0,0,0
2024-01-27 12:00:00,-46.133,-7.902,-1.67,0.051,-0.032,1,0,0,0,0
2024-01-27 13:00:00,-45.144,-7.935,-1.699,0.051,-0.032,1,0,0,0,0
2024-01-27 14:00:00,-45.988,-8,-1.699,0.051,-0.032,1,0,0,0,0
2024-01-27 15:00:00,-45.422,-8.132,-1.699,0.051,-0.032,1,0,0,0,0
2024-01-27 16:00:00,-46.572,-8.132,-1.727,0.051,-0.032,1,0,0,0,0
2024-01-27 17:00:00,-47.173,-8.132,-1.756,0.051,-0.032,1,0,0,0,0
2024-01-27 18:00:00,-45.703,-8.198,-1.756,0.051,-0.032,1,0,0,0,0
2024-01-27 19:00:00,-47.481,-8.264,-1.756,0.051,-0.032,1,0,0,0,0
2024-01-27 20:00:00,-46.572,-8.331,-1.785,0.051,-0.032,1,0,0,0,0
2024-01-27 21:00:00,-44.601,-8.331,-1.842,0.107,0.024,1,0,0,0,0
2024-01-27 22:00:00,-43.054,-8.264,-1.842,0.107,0.024,1,0,0,0,0
2024-01-27 23:00:00,-41.85,-8.165,-1.871,0.107,0.024,1,0,0,0,0
2024-01-28 00:00:00,-42.323,-8.132,-1.871,0.107,-0.004,1,0,0,0,0
2024-01-28 01:00:00,-44.335,-8.132,-1.871,0.051,-0.004,1,0,0,0,0
2024-01-28 02:00:00,-45.422,-8.132,-1.871,0.051,-0.004,1,0,0,0,0
2024-01-28 03:00:00,-45.988,-8.132,-1.871,0.051,-0.032,1,0,0,0,0
2024-01-28 04:00:00,-45.988,-8.198,-1.9,0.051,-0.032,1,0,0,0,0
2024-01-28 05:00:00,-46.278,-8.264,-1.9,0.051,-0.032,1,0,0,0,0
2024-01-28 06:00:00,-46.278,-8.331,-1.929,0.051,-0.032,1,0,0,0,0
2024-01-28 07:00:00,-45.988,-8.397,-1.929,0.051,-0.032,1,0,0,0,0
2024-01-28 08:00:00,-46.87,-8.397,-1.958,0.051,-0.06,1,0,0,0,0
2024-01-28 09:00:00,-46.87,-8.463,-1.986,0.051,-0.06,1,0,0,0,0
2024-01-28 10:00:00,-46.572,-8.463,-1.986,0.051,-0.032,1,0,0,0,0
2024-01-28 11:00:00,-45.988,-8.53,-1.986,0.051,-0.06,1,0,0,0,0
2024-01-28 12:00:00,-45.988,-8.463,-2.015,0.051,-0.032,1,0,0,0,0
2024-01-28 13:00:00,-46.572,-8.53,-2.015,0.051,-0.06,1,0,0,0,0
2024-01-28 14:00:00,-45.422,-8.53,-2.044,0.051,-0.032,1,0,0,0,0
2024-01-28 15:00:00,-45.422,-8.53,-2.044,0.051,-0.032,1,0,0,0,0
2024-01-28 16:00:00,-45.422,-8.53,-2.073,0.051,-0.032,1,0,0,0,0
2024-01-28 17:00:00,-45.703,-8.53,-2.073,0.051,-0.032,1,0,0,0,0
2024-01-28 18:00:00,-44.871,-8.53,-2.102,0.051,-0.032,1,0,0,0,0
2024-01-28 19:00:00,-45.422,-8.53,-2.102,0.051,-0.032,1,0,0,0,0
2024-01-28 20:00:00,-44.335,-8.53,-2.131,0.051,-0.004,1,0,0,0,0
2024-01-28 21:00:00,-42.323,-8.43,-2.16,0.107,0.051,1,0,0,0,0
2024-01-28 22:00:00,-38.607,-8.297,-2.189,0.107,0.051,0,0,0,0,0
2024-01-28 23:00:00,-39.217,-8.132,-2.189,0.107,0.051,0,0,0,0,0
2024-01-29 00:00:00,-39.424,-8,-2.189,0.051,0.051,0,0,0,0,0
2024-01-29 01:00:00,-40.492,-7.869,-2.189,0.051,0.024,1,0,0,0,0
2024-01-29 02:00:00,-40.935,-7.804,-2.189,0.051,0.024,1,0,0,0,0
2024-01-29 03:00:00,-38.21,-7.771,-2.218,0.107,0.051,0,0,0,0,0
2024-01-29 04:00:00,-38.015,-7.608,-2.218,0.107,0.051,0,0,0,0,0
2024-01-29 05:00:00,-36.328,-7.51,-2.247,0.107,0.051,0,0,0,0,0
2024-01-29 06:00:00,-34.427,-7.348,-2.276,0.107,0.107,0,0,0,0,0
2024-01-29 07:00:00,-32.294,-7.187,-2.276,0.107,0.107,0,0,0,0,0
2024-01-29 08:00:00,-31.551,-6.994,-2.276,0.107,0.107,0,0,0,0,0
2024-01-29 09:00:00,-31.045,-6.834,-2.276,0.079,0.107,0,0,0,0,0
2024-01-29 10:00:00,-31.333,-6.674,-2.276,0.051,0.107,0,0,0,0,0
2024-01-29 11:00:00,-30.76,-6.547,-2.276,0.051,0.107,0,0,0,0,0
2024-01-29 12:00:00,-30.132,-6.388,-2.276,0.051,0.107,0,0,0,0,0
2024-01-29 13:00:00,-29.121,-6.262,-2.247,0.051,0.107,0,0,0,0,0
2024-01-29 14:00:00,-28.792,-6.105,-2.247,0.051,0.107,0,0,0,0,0
2024-01-29 15:00:00,-28.086,-5.979,-2.247,0.051,0.107,0,0,0,0,0
2024-01-29 16:00:00,-28.086,-5.885,-2.247,0.051,0.107,0,0,0,0,0
2024-01-29 17:00:00,-27.337,-5.76,-2.218,0.051,0.107,0,0,0,0,0
2024-01-29 18:00:00,-26.609,-5.667,-2.189,0.051,0.107,0,0,0,0,0
2024-01-29 19:00:00,-26.789,-5.542,-2.189,0.051,0.107,0,0,0,0,0
2024-01-29 20:00:00,-26.312,-5.449,-2.189,0.051,0.107,0,0,0,0,0
2024-01-29 21:00:00,-25.27,-5.357,-2.189,0.024,0.107,0,0,0,0,0
2024-01-29 22:00:00,-24.488,-5.264,-2.16,0.024,0.107,0,0,0,0,0
2024-01-29 23:00:00,-23.835,-5.172,-2.16,0.024,0.107,0,0,0,0,0
2024-01-30 00:00:00,-23.356,-5.11,-2.16,-0.004,0.079,0,0,0,0,0
2024-01-30 01:00:00,-23.356,-5.018,-2.131,0.024,0.079,0,0,0,0,0
2024-01-30 02:00:00,-23.356,-4.926,-2.131,-0.004,0.079,0,0,0,0,0
2024-01-30 03:00:00,-23.145,-4.865,-2.102,-0.004,0.079,0,0,0,0,0
2024-01-30 04:00:00,-22.626,-4.773,-2.102,-0.004,0.079,0,0,0,0,0
2024-01-30 05:00:00,-22.729,-4.712,-2.073,-0.004,0.079,0,0,0,0,0
2024-01-30 06:00:00,-22.729,-4.651,-2.073,-0.004,0.051,0,0,0,0,0
2024-01-30 07:00:00,-23.041,-4.621,-2.044,-0.004,0.079,0,0,0,0,0
2024-01-30 08:00:00,-23.997,-4.56,-2.044,-0.004,0.051,0,0,0,0,0
2024-01-30 09:00:00,-24.543,-4.499,-2.015,-0.032,0.079,0,0,0,0,0
2024-01-30 10:00:00,-24.543,-4.469,-2.015,-0.032,0.051,0,0,0,0,0
2024-01-30 11:00:00,-24.654,-4.439,-1.986,-0.032,0.079,0,0,0,0,0
2024-01-30 12:00:00,-24.765,-4.378,-1.986,-0.032,0.051,0,0,0,0,0
2024-01-30 13:00:00,-28.086,-4.318,-1.958,-0.004,0.107,0,0,0,0,0
2024-01-30 14:00:00,-26.49,-4.318,-1.929,-0.032,0.107,0,0,0,0,0
2024-01-30 15:00:00,-26.019,-4.318,-1.929,-0.032,0.107,0,0,0,0,0
2024-01-30 16:00:00,-26.609,-4.318,-1.929,-0.032,0.079,0,0,0,0,0
2024-01-30 17:00:00,-29.52,-4.227,-1.9,-0.004,0.051,0,0,0,0,0
2024-01-30 18:00:00,-31.772,-4.227,-1.871,-0.004,0.051,0,0,0,0,0
2024-01-30 19:00:00,-33.139,-4.257,-1.842,-0.004,0.051,0,0,0,0,0
2024-01-30 20:00:00,-32.598,-4.348,-1.814,-0.004,0.051,0,0,0,0,0
2024-01-30 21:00:00,-30.34,-4.408,-1.814,-0.004,0.051,0,0,0,0,0
2024-01-30 22:00:00,-30.201,-4.469,-1.814,-0.004,0.051,0,0,0,0,0
2024-01-30 23:00:00,-29.52,-4.499,-1.814,-0.032,0.051,0,0,0,0,0
2024-01-31 00:00:00,-30.619,-4.499,-1.814,-0.032,0.051,0,0,0,0,0
2024-01-31 01:00:00,-32.598,-4.499,-1.814,-0.032,0.051,0,0,0,0,0
2024-01-31 02:00:00,-34.51,-4.53,-1.785,-0.004,0.051,0,0,0,0,0
2024-01-31 03:00:00,-34.51,-4.59,-1.785,-0.004,0.051,0,0,0,0,0
2024-01-31 04:00:00,-35.1,-4.651,-1.785,-0.004,0.051,0,0,0,0,0
2024-01-31 05:00:00,-36.876,-4.712,-1.756,-0.004,0.051,0,0,0,0,0
2024-01-31 06:00:00,-37.438,-4.773,-1.727,-0.004,0.051,0,0,0,0,0
2024-01-31 07:00:00,-38.408,-4.895,-1.727,-0.032,0.051,0,0,0,0,0
2024-01-31 08:00:00,-39.012,-5.018,-1.727,-0.06,0.051,0,0,0,0,0
2024-01-31 09:00:00,-38.607,-5.11,-1.727,-0.06,0.051,0,0,0,0,0
2024-01-31 10:00:00,-39.012,-5.202,-1.756,-0.06,0.051,0,0,0,0,0
2024-01-31 11:00:00,-39.634,-5.295,-1.727,-0.06,0.051,0,0,0,0,0
2024-01-31 12:00:00,-39.845,-5.388,-1.727,-0.06,0.024,0,0,0,0,0
2024-01-31 13:00:00,-40.492,-5.48,-1.756,-0.06,0.024,1,0,0,0,0
2024-01-31 14:00:00,-40.935,-5.574,-1.756,-0.06,0.024,1,0,0,0,0
2024-01-31 15:00:00,-41.16,-5.698,-1.756,-0.06,0.024,1,0,0,0,0
2024-01-31 16:00:00,-42.323,-5.823,-1.756,-0.06,-0.004,1,0,0,0,0
2024-01-31 17:00:00,-42.323,-5.885,-1.756,-0.06,-0.004,1,0,0,0,0
2024-01-31 18:00:00,-42.808,-6.073,-1.785,-0.06,-0.004,1,0,0,0,0
2024-01-31 19:00:00,-43.304,-6.136,-1.785,-0.06,-0.004,1,0,0,0,0
2024-01-31 20:00:00,-42.323,-6.199,-1.814,-0.088,-0.004,1,0,0,0,0
2024-01-31 21:00:00,-39.739,-6.262,-1.842,-0.06,0.024,0,0,0,0,0
2024-01-31 22:00:00,-36.968,-6.294,-1.842,-0.06,0.051,0,0,0,0,0
2024-01-31 23:00:00,-36.783,-6.262,-1.871,-0.06,0.024,0,0,0,0,0
2024-02-01 00:00:00,-38.015,-6.231,-1.871,-0.088,0.024,0,0,0,0,0
2024-02-01 01:00:00,-40.492,-6.262,-1.871,-0.088,-0.004,1,0,0,0,0
2024-02-01 02:00:00,-41.16,-6.325,-1.9,-0.116,-0.004,1,0,0,0,0
2024-02-01 03:00:00,-42.085,-6.357,-1.871,-0.116,-0.004,1,0,0,0,0
2024-02-01 04:00:00,-43.054,-6.452,-1.9,-0.116,-0.004,1,0,0,0,0
2024-02-01 05:00:00,-42.931,-6.515,-1.9,-0.116,-0.004,1,0,0,0,0
2024-02-01 06:00:00,-43.304,-6.579,-1.929,-0.116,-0.004,1,0,0,0,0
2024-02-01 07:00:00,-42.564,-6.674,-1.929,-0.116,-0.004,1,0,0,0,0
2024-02-01 08:00:00,-43.813,-6.706,-1.929,-0.116,-0.004,1,0,0,0,0
2024-02-01 09:00:00,-43.304,-6.77,-1.958,-0.116,-0.004,1,0,0,0,0
2024-02-01 10:00:00,-43.054,-6.834,-1.986,-0.116,-0.004,1,0,0,0,0
2024-02-01 11:00:00,-43.43,-6.898,-1.986,-0.116,-0.004,1,0,0,0,0
2024-02-01 12:00:00,-42.931,-6.898,-1.986,-0.116,-0.004,1,0,0,0,0
2024-02-01 13:00:00,-41.618,-6.898,-2.044,-0.116,0.051,1,0,0,0,0
2024-02-01 14:00:00,-41.16,-6.834,-2.044,-0.116,0.051,1,0,0,0,0
2024-02-01 15:00:00,-40.712,-6.834,-2.073,-0.116,0.051,1,0,0,0,0
2024-02-01 16:00:00,-38.809,-6.77,-2.073,-0.116,0.051,0,0,0,0,0
2024-02-01 17:00:00,-38.607,-6.674,-2.102,-0.116,0.051,0,0,0,0,0
2024-02-01 18:00:00,-37.343,-6.579,-2.131,-0.116,0.051,0,0,0,0,0
2024-02-01 19:00:00,-38.21,-6.483,-2.131,-0.116,0.051,0,0,0,0,0
2024-02-01 20:00:00,-38.015,-6.452,-2.131,-0.116,0.051,0,0,0,0,0
2024-02-01 21:00:00,-36.876,-6.452,-2.131,-0.116,0.051,0,0,0,0,0
2024-02-01 22:00:00,-35.444,-6.357,-2.16,-0.116,0.051,0,0,0,0,0
2024-02-01 23:00:00,-34.93,-6.262,-2.16,-0.116,0.051,0,0,0,0,0
2024-02-02 00:00:00,-34.593,-6.168,-2.16,-0.143,0.051,0,0,0,0,0
2024-02-02 01:00:00,-35.444,-6.073,-2.16,-0.143,0.051,0,0,0,0,0
2024-02-02 02:00:00,-38.112,-6.073,-2.131,-0.171,0.051,0,0,0,0,0
2024-02-02 03:00:00,-40.059,-6.105,-2.102,-0.171,0.051,1,0,0,0,0
2024-02-02 04:00:00,-41.16,-6.199,-2.102,-0.171,-0.004,1,0,0,0,0
2024-02-02 05:00:00,-42.808,-6.325,-2.102,-0.171,-0.004,1,0,0,0,0
2024-02-02 06:00:00,-43.43,-6.452,-2.073,-0.171,-0.004,1,0,0,0,0
2024-02-02 07:00:00,-43.304,-6.579,-2.102,-0.171,-0.004,1,0,0,0,0
2024-02-02 08:00:00,-44.335,-6.706,-2.102,-0.199,-0.004,1,0,0,0,0
2024-02-02 09:00:00,-43.557,-6.834,-2.102,-0.199,-0.004,1,0,0,0,0
2024-02-02 10:00:00,-44.335,-6.898,-2.102,-0.199,-0.004,1,0,0,0,0
2024-02-02 11:00:00,-43.813,-6.994,-2.131,-0.227,-0.004,1,0,0,0,0
2024-02-02 12:00:00,-44.335,-7.09,-2.131,-0.227,-0.004,1,0,0,0,0
2024-02-02 13:00:00,-44.335,-7.155,-2.16,-0.227,-0.004,1,0,0,0,0
2024-02-02 14:00:00,-44.335,-7.219,-2.16,-0.227,-0.004,1,0,0,0,0
2024-02-02 15:00:00,-44.601,-7.284,-2.16,-0.227,-0.004,1,0,0,0,0
2024-02-02 16:00:00,-44.335,-7.348,-2.189,-0.227,-0.004,1,0,0,0,0
2024-02-02 17:00:00,-43.942,-7.381,-2.218,-0.227,-0.004,1,0,0,0,0
2024-02-02 18:00:00,-43.557,-7.413,-2.218,-0.227,-0.004,1,0,0,0,0
2024-02-02 19:00:00,-43.813,-7.413,-2.218,-0.227,-0.004,1,0,0,0,0
2024-02-02 20:00:00,-42.808,-7.478,-2.247,-0.227,-0.004,1,0,0,0,0
2024-02-02 21:00:00,-39.845,-7.478,-2.276,-0.227,-0.004,0,0,0,0,0
2024-02-02 22:00:00,-38.015,-7.445,-2.305,-0.227,0.051,0,0,0,0,0
2024-02-02 23:00:00,-37.628,-7.348,-2.334,-0.227,0.051,0,0,0,0,0
2024-02-03 00:00:00,-38.21,-7.219,-2.305,-0.227,0.024,0,0,0,0,0
2024-02-03 01:00:00,-39.424,-7.219,-2.334,-0.255,-0.004,0,0,0,0,0
2024-02-03 02:00:00,-41.85,-7.219,-2.305,-0.283,-0.004,1,0,0,0,0
2024-02-03 03:00:00,-42.085,-7.251,-2.334,-0.283,-0.004,1,0,0,0,0
2024-02-03 04:00:00,-42.323,-7.284,-2.334,-0.283,-0.004,1,0,0,0,0
2024-02-03 05:00:00,-43.813,-7.348,-2.334,-0.283,-0.004,1,0,0,0,0
2024-02-03 06:00:00,-43.557,-7.413,-2.334,-0.283,-0.004,1,0,0,0,0
2024-02-03 07:00:00,-42.564,-7.478,-2.334,-0.283,-0.004,1,0,0,0,0
2024-02-03 08:00:00,-43.557,-7.478,-2.363,-0.283,-0.004,1,0,0,0,0
2024-02-03 09:00:00,-42.443,-7.543,-2.363,-0.283,-0.004,1,0,0,0,0
2024-02-03 10:00:00,-43.304,-7.608,-2.363,-0.311,-0.004,1,0,0,0,0
2024-02-03 11:00:00,-43.304,-7.608,-2.392,-0.311,-0.004,1,0,0,0,0
2024-02-03 12:00:00,-43.557,-7.608,-2.392,-0.311,-0.004,1,0,0,0,0
2024-02-03 13:00:00,-43.942,-7.673,-2.392,-0.395,-0.004,1,0,0,0,0
2024-02-03 14:00:00,-43.304,-7.673,-2.421,-0.395,-0.004,1,0,0,0,0
2024-02-03 15:00:00,-44.335,-7.738,-2.421,-0.395,-0.004,1,0,0,0,0
2024-02-03 16:00:00,-44.335,-7.738,-2.45,-0.395,-0.004,1,0,0,0,0
2024-02-03 17:00:00,-44.335,-7.804,-2.45,-0.395,-0.004,1,0,0,0,0
2024-02-03 18:00:00,-43.557,-7.804,-2.45,-0.395,-0.004,1,0,0,0,0
2024-02-03 19:00:00,-43.557,-7.804,-2.479,-0.395,-0.004,1,0,0,0,0
2024-02-03 20:00:00,-41.85,-7.804,-2.479,-0.395,-0.004,1,0,0,0,0
2024-02-03 21:00:00,-39.012,-7.738,-2.508,-0.395,0.051,0,0,0,0,0
2024-02-03 22:00:00,-37.249,-7.673,-2.537,-0.395,0.051,0,0,0,0,0
2024-02-03 23:00:00,-37.533,-7.608,-2.566,-0.395,0.051,0,0,0,0,0
2024-02-04 00:00:00,-37.533,-7.478,-2.566,-0.395,0.051,0,0,0,0,0
2024-02-04 01:00:00,-38.607,-7.348,-2.566,-0.395,0.051,0,0,0,0,0
2024-02-04 02:00:00,-40.492,-7.348,-2.537,-0.395,0.024,1,0,0,0,0
2024-02-04 03:00:00,-40.935,-7.348,-2.537,-0.395,-0.004,1,0,0,0,0
2024-02-04 04:00:00,-40.935,-7.348,-2.537,-0.395,0.024,1,0,0,0,0
2024-02-04 05:00:00,-41.618,-7.348,-2.537,-0.395,-0.004,1,0,0,0,0
2024-02-04 06:00:00,-40.059,-7.348,-2.566,-0.395,0.024,1,0,0,0,0
2024-02-04 07:00:00,-40.712,-7.381,-2.566,-0.395,-0.004,1,0,0,0,0
2024-02-04 08:00:00,-40.274,-7.348,-2.566,-0.395,0.024,1,0,0,0,0
2024-02-04 09:00:00,-38.809,-7.348,-2.566,-0.395,0.051,0,0,0,0,0
2024-02-04 10:00:00,-39.114,-7.284,-2.596,-0.395,0.051,0,0,0,0,0
2024-02-04 11:00:00,-38.015,-7.219,-2.596,-0.395,0.051,0,0,0,0,0
2024-02-04 12:00:00,-36.783,-7.155,-2.596,-0.395,0.051,0,0,0,0,0
2024-02-04 13:00:00,-33.936,-7.09,-2.596,-0.395,0.051,0,0,0,0,0
2024-02-04 14:00:00,-33.614,-6.994,-2.625,-0.395,0.051,0,0,0,0,0
2024-02-04 15:00:00,-34.593,-6.898,-2.625,-0.395,0.051,0,0,0,0,0
2024-02-04 16:00:00,-34.427,-6.834,-2.625,-0.423,0.051,0,0,0,0,0
2024-02-04 17:00:00,-33.936,-6.77,-2.625,-0.423,0.051,0,0,0,0,0
2024-02-04 18:00:00,-32.828,-6.674,-2.625,-0.423,0.051,0,0,0,0,0
2024-02-04 19:00:00,-34.677,-6.642,-2.596,-0.451,0.051,0,0,0,0,0
2024-02-04 20:00:00,-31.405,-6.579,-2.596,-0.451,0.051,0,0,0,0,0
2024-02-04 21:00:00,-28.989,-6.515,-2.625,-0.451,0.051,0,0,0,0,0
2024-02-04 22:00:00,-25.327,-6.42,-2.654,-0.451,0.107,0,0,0,0,0
2024-02-04 23:00:00,-25.441,-6.294,-2.654,-0.451,0.107,0,0,0,0,0
2024-02-05 00:00:00,-23.515,-6.168,-2.654,-0.479,0.107,0,0,0,0,0
2024-02-05 01:00:00,-25.556,-5.979,-2.625,-0.479,0.051,0,0,0,0,0
2024-02-05 02:00:00,-24.543,-5.916,-2.625,-0.479,0.107,0,0,0,0,0
2024-02-05 03:00:00,-21.766,-5.791,-2.625,-0.507,0.107,0,0,0,0,0
2024-02-05 04:00:00,-21.174,-5.667,-2.625,-0.507,0.079,0,0,0,0,0
2024-02-05 05:00:00,-20.786,-5.542,-2.625,-0.507,0.079,0,0,0,0,0
2024-02-05 06:00:00,-20.167,-5.449,-2.596,-0.535,0.079,0,0,0,0,0
2024-02-05 07:00:00,-19.607,-5.326,-2.596,-0.535,0.051,0,0,0,0,0
2024-02-05 08:00:00,-18.967,-5.233,-2.566,-0.535,0.051,0,0,0,0,0
2024-02-05 09:00:00,-19.103,-5.141,-2.566,-0.535,0.051,0,0,0,0,0
2024-02-05 10:00:00,-19.423,-5.049,-2.537,-0.535,0.079,0,0,0,0,0
2024-02-05 11:00:00,-18.967,-4.987,-2.537,-0.563,0.051,0,0,0,0,0
2024-02-05 12:00:00,-18.296,-4.895,-2.508,-0.563,0.051,0,0,0,0,0
2024-02-05 13:00:00,-18.076,-4.804,-2.508,-0.563,0.051,0,0,0,0,0
2024-02-05 14:00:00,-17.51,-4.743,-2.479,-0.563,0.051,0,0,0,0,0
2024-02-05 15:00:00,-17.295,-4.682,-2.479,-0.591,0.051,0,0,0,0,0
2024-02-05 16:00:00,-17.167,-4.59,-2.45,-0.563,0.051,0,0,0,0,0
2024-02-05 17:00:00,-17.167,-4.53,-2.421,-0.591,0.051,0,0,0,0,0
2024-02-05 18:00:00,-20.786,-4.439,-2.421,-0.563,0.051,0,0,0,0,0
2024-02-05 19:00:00,-19.194,-4.408,-2.392,-0.563,0.051,0,0,0,0,0
2024-02-05 20:00:00,-19.469,-4.378,-2.392,-0.563,0.051,0,0,0,0,0
2024-02-05 21:00:00,-18.208,-4.318,-2.363,-0.563,0.051,0,0,0,0,0
2024-02-05 22:00:00,-18.164,-4.287,-2.363,-0.563,0.051,0,0,0,0,0
2024-02-05 23:00:00,-16.618,-4.257,-2.334,-0.591,0.051,0,0,0,0,0
2024-02-06 00:00:00,-16.786,-4.197,-2.305,-0.591,0.051,0,0,0,0,0
2024-02-06 01:00:00,-18.296,-4.167,-2.305,-0.591,0.051,0,0,0,0,0
2024-02-06 02:00:00,-19.561,-4.076,-2.276,-0.563,0.051,0,0,0,0,0
2024-02-06 03:00:00,-21.37,-4.076,-2.276,-0.563,0.051,0,0,0,0,0
2024-02-06 04:00:00,-21.617,-4.046,-2.247,-0.563,0.079,0,0,0,0,0
2024-02-06 05:00:00,-22.473,-4.016,-2.218,-0.563,0.051,0,0,0,0,0
2024-02-06 06:00:00,-22.422,-4.016,-2.189,-0.563,0.051,0,0,0,0,0
2024-02-06 07:00:00,-23.462,-4.016,-2.189,-0.563,0.051,0,0,0,0,0
2024-02-06 08:00:00,-23.674,-4.016,-2.189,-0.563,0.079,0,0,0,0,0
2024-02-06 09:00:00,-25.101,-4.016,-2.16,-0.535,0.107,0,0,0,0,0
2024-02-06 10:00:00,-26.253,-4.016,-2.16,-0.535,0.051,0,0,0,0,0
2024-02-06 11:00:00,-25.728,-4.046,-2.131,-0.535,0.107,0,0,0,0,0
2024-02-06 12:00:00,-25.101,-4.046,-2.131,-0.535,0.051,0,0,0,0,0
2024-02-06 13:00:00,-24.433,-4.076,-2.131,-0.535,0.079,0,0,0,0,0
2024-02-06 14:00:00,-24.821,-4.076,-2.131,-0.563,0.051,0,0,0,0,0
2024-02-06 15:00:00,-24.051,-4.046,-2.131,-0.563,0.051,0,0,0,0,0
2024-02-06 16:00:00,-24.433,-4.016,-2.102,-0.535,0.107,0,0,0,0,0
2024-02-06 17:00:00,-23.515,-3.986,-2.102,-0.535,0.107,0,0,0,0,0
2024-02-06 18:00:00,-21.966,-3.986,-2.102,-0.563,0.051,0,0,0,0,0
2024-02-06 19:00:00,-19.561,-3.956,-2.102,-0.563,0.051,0,0,0,0,0
2024-02-06 20:00:00,-19.149,-3.896,-2.073,-0.591,0.051,0,0,0,0,0
2024-02-06 21:00:00,-18.429,-3.836,-2.073,-0.591,0.051,0,0,0,0,0
2024-02-06 22:00:00,-16.576,-3.777,-2.073,-0.591,0.051,0,0,0,0,0
2024-02-06 23:00:00,-15.425,-3.717,-2.073,-0.591,0.051,0,0,0,0,0
2024-02-07 00:00:00,-14.984,-3.657,-2.073,-0.591,0.051,0,0,0,0,0
2024-02-07 01:00:00,-14.865,-3.598,-2.073,-0.591,0.051,0,0,0,0,0
2024-02-07 02:00:00,-14.984,-3.538,-2.044,-0.591,0.051,0,0,0,0,0
2024-02-07 03:00:00,-15.75,-3.508,-2.044,-0.591,0.051,0,0,0,0,0
2024-02-07 04:00:00,-18.518,-3.449,-2.015,-0.563,0.051,0,0,0,0,0
2024-02-07 05:00:00,-19.103,-3.419,-2.015,-0.563,0.051,0,0,0,0,0
2024-02-07 06:00:00,-20.404,-3.39,-1.986,-0.563,0.051,0,0,0,0,0
2024-02-07 07:00:00,-18.967,-3.39,-1.986,-0.563,0.051,0,0,0,0,0
2024-02-07 08:00:00,-17.167,-3.39,-1.986,-0.563,0.051,0,0,0,0,0
2024-02-07 09:00:00,-16.409,-3.36,-1.958,-0.591,0.051,0,0,0,0,0
2024-02-07 10:00:00,-17.04,-3.33,-1.958,-0.563,0.051,0,0,0,0,0
2024-02-07 11:00:00,-16.997,-3.301,-1.958,-0.591,0.051,0,0,0,0,0
2024-02-07 12:00:00,-17.125,-3.271,-1.929,-0.563,0.051,0,0,0,0,0
2024-02-07 13:00:00,-16.576,-3.242,-1.929,-0.563,0.051,0,0,0,0,0
2024-02-07 14:00:00,-14.236,-3.242,-1.929,-0.591,0.051,0,0,0,0,0
2024-02-07 15:00:00,-14.392,-3.183,-1.929,-0.591,0.051,0,0,0,0,0
2024-02-07 16:00:00,-15.873,-3.124,-1.9,-0.591,0.051,0,0,0,0,0
2024-02-07 17:00:00,-16.243,-3.124,-1.9,-0.591,0.051,0,0,0,0,0
2024-02-07 18:00:00,-16.284,-3.094,-1.9,-0.563,0.051,0,0,0,0,0
2024-02-07 19:00:00,-15.305,-3.065,-1.871,-0.591,0.051,0,0,0,0,0
2024-02-07 20:00:00,-14.707,-3.065,-1.871,-0.591,0.051,0,0,0,0,0
2024-02-07 21:00:00,-11.505,-3.035,-1.871,-0.591,0.051,0,0,0,0,0
2024-02-07 22:00:00,-10.792,-3.006,-1.842,-0.591,0.024,0,0,0,0,0
2024-02-07 23:00:00,-10.476,-2.947,-1.842,-0.591,0.024,0,0,0,0,0
2024-02-08 00:00:00,-11.254,-2.918,-1.842,-0.591,0.024,0,0,0,0,0
2024-02-08 01:00:00,-12.714,-2.888,-1.842,-0.591,0.024,0,0,0,0,0
2024-02-08 02:00:00,-14.945,-2.859,-1.814,-0.591,0.051,0,0,0,0,0
2024-02-08 03:00:00,-15.832,-2.83,-1.814,-0.591,0.051,0,0,0,0,0
2024-02-08 04:00:00,-16.702,-2.83,-1.785,-0.563,0.051,0,0,0,0,0
2024-02-08 05:00:00,-16.702,-2.8,-1.785,-0.591,0.051,0,0,0,0,0
2024-02-08 06:00:00,-17.51,-2.771,-1.785,-0.563,0.051,0,0,0,0,0
2024-02-08 07:00:00,-18.076,-2.771,-1.756,-0.563,0.051,0,0,0,0,0
2024-02-08 08:00:00,-18.832,-2.771,-1.756,-0.563,0.051,0,0,0,0,0
2024-02-08 09:00:00,-19.886,-2.771,-1.727,-0.535,0.051,0,0,0,0,0
2024-02-08 10:00:00,-18.563,-2.771,-1.727,-0.563,0.051,0,0,0,0,0
2024-02-08 11:00:00,-17.944,-2.8,-1.727,-0.535,0.051,0,0,0,0,0
2024-02-08 12:00:00,-17.64,-2.8,-1.727,-0.563,0.051,0,0,0,0,0
2024-02-08 13:00:00,-19.058,-2.8,-1.727,-0.535,0.051,0,0,0,0,0
2024-02-08 14:00:00,-17.21,-2.8,-1.727,-0.535,0.051,0,0,0,0,0
2024-02-08 15:00:00,-14.984,-2.8,-1.727,-0.563,0.051,0,0,0,0,0
2024-02-08 16:00:00,-17.253,-2.8,-1.727,-0.563,0.051,0,0,0,0,0
2024-02-08 17:00:00,-18.607,-2.771,-1.699,-0.563,0.051,0,0,0,0,0
2024-02-08 18:00:00,-17.553,-2.771,-1.699,-0.563,0.051,0,0,0,0,0
2024-02-08 19:00:00,-17.338,-2.771,-1.699,-0.563,0.051,0,0,0,0,0
2024-02-08 20:00:00,-16.786,-2.742,-1.699,-0.563,0.051,0,0,0,0,0
2024-02-08 21:00:00,-16.451,-2.742,-1.67,-0.563,0.051,0,0,0,0,0
2024-02-08 22:00:00,-15.345,-2.712,-1.67,-0.563,0.051,0,0,0,0,0
2024-02-08 23:00:00,-13.543,-2.712,-1.67,-0.563,0.024,0,0,0,0,0
2024-02-09 00:00:00,-11.218,-2.654,-1.67,-0.563,0.024,0,0,0,0,0
2024-02-09 01:00:00,-12.825,-2.625,-1.67,-0.563,0.024,0,0,0,0,0
2024-02-09 02:00:00,-15.184,-2.596,-1.67,-0.563,0.051,0,0,0,0,0
2024-02-09 03:00:00,-14.275,-2.566,-1.641,-0.535,0.051,0,0,0,0,0
2024-02-09 04:00:00,-14.628,-2.537,-1.641,-0.563,0.051,0,0,0,0,0
2024-02-09 05:00:00,-12.233,-2.537,-1.641,-0.563,0.024,0,0,0,0,0
2024-02-09 06:00:00,-15.425,-2.537,-1.641,-0.563,0.051,0,0,0,0,0
2024-02-09 07:00:00,-14.549,-2.537,-1.613,-0.563,0.024,0,0,0,0,0
2024-02-09 08:00:00,-12.343,-2.508,-1.613,-0.563,0.051,0,0,0,0,0
2024-02-09 09:00:00,-14.159,-2.479,-1.613,-0.563,0.051,0,0,0,0,0
2024-02-09 10:00:00,-15.547,-2.479,-1.613,-0.563,0.024,0,0,0,0,0
2024-02-09 11:00:00,-14.471,-2.45,-1.613,-0.563,0.051,0,0,0,0,0
2024-02-09 12:00:00,-14.826,-2.421,-1.613,-0.563,0.024,0,0,0,0,0
2024-02-09 13:00:00,-13.619,-2.421,-1.584,-0.535,0.051,0,0,0,0,0
2024-02-09 14:00:00,-13.013,-2.421,-1.584,-0.563,0.024,0,0,0,0,0
2024-02-09 15:00:00,-14.786,-2.421,-1.584,-0.563,0.051,0,0,0,0,0
2024-02-09 16:00:00,-16.119,-2.392,-1.584,-0.563,0.051,0,0,0,0,0
2024-02-09 17:00:00,-13.277,-2.392,-1.556,-0.563,0.024,0,0,0,0,0
2024-02-09 18:00:00,-13.772,-2.363,-1.556,-0.563,0.024,0,0,0,0,0
2024-02-09 19:00:00,-12.825,-2.363,-1.556,-0.563,0.024,0,0,0,0,0
2024-02-09 20:00:00,-12.454,-2.363,-1.556,-0.563,0.024,0,0,0,0,0
2024-02-09 21:00:00,-6.42,-2.334,-1.556,-0.563,0.024,1,0,0,0,0
2024-02-09 22:00:00,-8.63,-2.305,-1.556,-0.563,-0.004,0,0,0,0,0
2024-02-09 23:00:00,-9.168,-2.305,-1.556,-0.563,-0.004,0,0,0,0,0
2024-02-10 00:00:00,-11.005,-2.276,-1.556,-0.563,-0.004,0,0,0,0,0
2024-02-10 01:00:00,-11.505,-2.247,-1.527,-0.563,-0.004,0,0,0,0,0
2024-02-10 02:00:00,-10.441,-2.247,-1.527,-0.563,-0.004,0,0,0,0,0
2024-02-10 03:00:00,-12.38,-2.218,-1.527,-0.563,-0.004,0,0,0,0,0
2024-02-10 04:00:00,-11.469,-2.189,-1.527,-0.563,-0.004,0,0,0,0,0
2024-02-10 05:00:00,-11.686,-2.189,-1.498,-0.563,-0.004,0,0,0,0,0
2024-02-10 06:00:00,-10.441,-2.189,-1.498,-0.563,-0.004,0,0,0,0,0
2024-02-10 07:00:00,-9.644,-2.189,-1.498,-0.563,-0.004,0,0,0,0,0
2024-02-10 08:00:00,-9.713,-2.189,-1.498,-0.563,-0.004,0,0,0,0,0
2024-02-10 09:00:00,-9.542,-2.16,-1.498,-0.563,-0.004,0,0,0,0,0
2024-02-10 10:00:00,-9.782,-2.16,-1.498,-0.563,-0.004,0,0,0,0,0
2024-02-10 11:00:00,-10.651,-2.131,-1.498,-0.563,-0.004,0,0,0,0,0
2024-02-10 12:00:00,-10.406,-2.131,-1.47,-0.563,-0.004,0,0,0,0,0
2024-02-10 13:00:00,-9.989,-2.131,-1.47,-0.563,-0.004,0,0,0,0,0
2024-02-10 14:00:00,-10.757,-2.131,-1.47,-0.563,-0.004,0,0,0,0,0
2024-02-10 15:00:00,-10.231,-2.102,-1.47,-0.563,-0.004,0,0,0,0,0
2024-02-10 16:00:00,-10.686,-2.102,-1.47,-0.563,-0.004,0,0,0,0,0
2024-02-10 17:00:00,-11.505,-2.102,-1.441,-0.563,-0.004,0,0,0,0,0
2024-02-10 18:00:00,-11.613,-2.073,-1.441,-0.563,-0.004,0,0,0,0,0
2024-02-10 19:00:00,-10.757,-2.073,-1.441,-0.563,-0.004,0,0,0,0,0
2024-02-10 20:00:00,-8.965,-2.073,-1.441,-0.563,-0.004,0,0,0,0,0
2024-02-10 21:00:00,-6.547,-2.073,-1.441,-0.563,-0.004,0,0,0,0,0
2024-02-10 22:00:00,-6.579,-2.073,-1.441,-0.563,-0.004,0,0,0,0,0
2024-02-10 23:00:00,-5.885,-2.044,-1.441,-0.563,-0.032,0,0,0,0,0
2024-02-11 00:00:00,-6.105,-2.044,-1.413,-0.563,-0.004,0,0,0,0,0
2024-02-11 01:00:00,-6.294,-2.044,-1.413,-0.563,-0.032,0,0,0,0,0
2024-02-11 02:00:00,-6.994,-2.044,-1.413,-0.563,-0.032,0,0,0,0,0
2024-02-11 03:00:00,-7.51,-2.015,-1.413,-0.563,-0.032,0,0,0,0,0
2024-02-11 04:00:00,-7.575,-2.015,-1.413,-0.563,-0.032,0,0,0,0,0
2024-02-11 05:00:00,-7.575,-2.015,-1.413,-0.535,-0.032,0,0,0,0,0
2024-02-11 06:00:00,-7.187,-2.015,-1.384,-0.563,-0.032,0,0,0,0,0
2024-02-11 07:00:00,-5.948,-1.986,-1.384,-0.563,-0.032,0,0,0,0,0
2024-02-11 08:00:00,-6.834,-1.986,-1.384,-0.563,-0.032,0,0,0,0,0
2024-02-11 09:00:00,-6.294,-1.986,-1.384,-0.563,-0.032,0,0,0,0,0
2024-02-11 10:00:00,-6.515,-1.958,-1.384,-0.563,-0.032,0,0,0,0,0
2024-02-11 11:00:00,-9.989,-1.958,-1.384,-0.563,-0.004,0,0,0,0,0
2024-02-11 12:00:00,-10.757,-1.958,-1.384,-0.535,-0.004,0,0,0,0,0
2024-02-11 13:00:00,-9.919,-1.958,-1.384,-0.535,-0.032,0,0,0,0,0
2024-02-11 14:00:00,-8.264,-1.958,-1.384,-0.535,-0.032,0,0,0,0,0
2024-02-11 15:00:00,-10.197,-1.958,-1.384,-0.535,-0.004,0,0,0,0,0
2024-02-11 16:00:00,-11.111,-1.929,-1.356,-0.535,-0.004,0,0,0,0,0
2024-02-11 17:00:00,-11.577,-1.929,-1.356,-0.535,-0.004,0,0,0,0,0
2024-02-11 18:00:00,-10.827,-1.929,-1.356,-0.535,-0.032,0,0,0,0,0
2024-02-11 19:00:00,-9.542,-1.9,-1.356,-0.535,-0.032,0,0,0,0,0
2024-02-11 20:00:00,-8.198,-1.9,-1.356,-0.535,-0.032,0,0,0,0,0
2024-02-11 21:00:00,-7.187,-1.9,-1.356,-0.563,-0.032,0,0,0,0,0
2024-02-11 22:00:00,-5.388,-1.9,-1.356,-0.563,-0.032,0,0,0,0,0
2024-02-11 23:00:00,-5.11,-1.871,-1.327,-0.535,-0.032,0,0,0,0,0
2024-02-12 00:00:00,-4.865,-1.871,-1.327,-0.535,-0.032,0,0,0,0,0
2024-02-12 01:00:00,-4.987,-1.842,-1.327,-0.535,-0.032,0,0,0,0,0
2024-02-12 02:00:00,-5.233,-1.842,-1.327,-0.535,-0.032,0,0,0,0,0
2024-02-12 03:00:00,-5.449,-1.842,-1.327,-0.535,-0.032,0,0,0,0,0
2024-02-12 04:00:00,-5.542,-1.842,-1.327,-0.535,-0.032,0,0,0,0,0
2024-02-12 05:00:00,-5.791,-1.842,-1.327,-0.535,-0.032,0,0,0,0,0
2024-02-12 06:00:00,-6.231,-1.814,-1.327,-0.535,-0.032,0,0,0,0,0
2024-02-12 07:00:00,-6.42,-1.814,-1.299,-0.535,-0.032,0,0,0,0,0
2024-02-12 08:00:00,-7.026,-1.814,-1.299,-0.535,-0.032,0,0,0,0,0
2024-02-12 09:00:00,-7.316,-1.814,-1.299,-0.535,-0.032,0,0,0,0,0
2024-02-12 10:00:00,-7.122,-1.785,-1.299,-0.535,-0.032,0,0,0,0,0
2024-02-12 11:00:00,-7.575,-1.785,-1.299,-0.535,-0.032,0,0,0,0,0
2024-02-12 12:00:00,-8.463,-1.785,-1.27,-0.535,-0.032,0,0,0,0,0
2024-02-12 13:00:00,-9.134,-1.785,-1.27,-0.535,-0.032,0,0,0,0,0
2024-02-12 14:00:00,-10.898,-1.756,-1.27,-0.535,-0.032,0,0,0,0,0
2024-02-12 15:00:00,-11.254,-1.756,-1.27,-0.535,-0.032,0,0,0,0,0
2024-02-12 16:00:00,-12.491,-1.727,-1.27,-0.535,-0.004,0,0,0,0,0
2024-02-12 17:00:00,-13.466,-1.727,-1.27,-0.507,-0.004,0,0,0,0,0
2024-02-12 18:00:00,-14.549,-1.727,-1.27,-0.507,0.024,1,0,0,0,0
2024-02-12 19:00:00,-10.371,-1.727,-1.27,-0.507,-0.004,0,0,0,0,0
2024-02-12 20:00:00,-9.371,-1.727,-1.27,-0.535,-0.004,0,0,0,0,0
2024-02-12 21:00:00,-7.968,-1.727,-1.27,-0.535,-0.032,0,0,0,0,0
2024-02-12 22:00:00,-7.251,-1.727,-1.242,-0.535,-0.032,0,0,0,0,0
2024-02-12 23:00:00,-6.515,-1.727,-1.242,-0.535,-0.032,0,0,0,0,0
2024-02-13 00:00:00,-7.187,-1.699,-1.242,-0.535,-0.032,0,0,0,0,0
2024-02-13 01:00:00,-7.738,-1.699,-1.242,-0.535,-0.032,0,0,0,0,0
2024-02-13 02:00:00,-8.43,-1.699,-1.242,-0.535,-0.032,0,0,0,0,0
2024-02-13 03:00:00,-6.77,-1.67,-1.242,-0.507,-0.032,0,0,0,0,0
2024-02-13 04:00:00,-7.64,-1.67,-1.242,-0.507,-0.004,0,0,0,0,0
2024-02-13 05:00:00,-5.823,-1.67,-1.242,-0.535,-0.032,0,0,0,0,0
2024-02-13 06:00:00,-3.926,-1.67,-1.213,-0.535,-0.032,0,0,0,0,0
2024-02-13 07:00:00,-2.859,-1.67,-1.213,-0.535,-0.032,0,0,0,0,0
2024-02-13 08:00:00,-3.33,-1.67,-1.213,-0.535,-0.032,0,0,0,0,0
2024-02-13 09:00:00,-2.363,-1.641,-1.213,-0.535,-0.032,0,0,0,0,0
2024-02-13 10:00:00,-1.785,-1.641,-1.213,-0.535,-0.032,0,0,0,0,0
2024-02-13 11:00:00,-2.16,-1.641,-1.213,-0.535,-0.032,0,0,0,0,0
2024-02-13 12:00:00,-3.212,-1.613,-1.213,-0.535,-0.032,0,0,0,0,0
2024-02-13 13:00:00,-3.065,-1.613,-1.213,-0.535,-0.032,0,0,0,0,0
2024-02-13 14:00:00,-2.044,-1.613,-1.213,-0.535,-0.032,0,0,0,0,0
2024-02-13 15:00:00,-3.508,-1.613,-1.213,-0.535,-0.032,0,0,0,0,0
2024-02-13 16:00:00,-4.621,-1.613,-1.213,-0.507,-0.032,0,0,0,0,0
2024-02-13 17:00:00,-4.987,-1.584,-1.185,-0.535,-0.032,0,0,0,0,0
2024-02-13 18:00:00,-3.065,-1.584,-1.185,-0.507,-0.032,0,0,0,0,0
2024-02-13 19:00:00,-2.83,-1.584,-1.185,-0.507,-0.032,0,0,0,0,0
2024-02-13 20:00:00,-4.651,-1.584,-1.185,-0.507,-0.032,0,0,0,0,0
2024-02-13 21:00:00,-1.756,-1.556,-1.185,-0.507,-0.06,0,0,0,0,0
2024-02-13 22:00:00,-2.102,-1.556,-1.185,-0.507,-0.032,0,0,0,0,0
2024-02-13 23:00:00,-2.888,-1.556,-1.185,-0.507,-0.06,0,0,0,0,0
2024-02-14 00:00:00,-1.441,-1.556,-1.185,-0.507,-0.06,0,0,0,0,0
2024-02-14 01:00:00,-3.271,-1.556,-1.157,-0.507,-0.032,0,0,0,0,0
2024-02-14 02:00:00,-1.584,-1.527,-1.157,-0.507,-0.06,0,0,0,0,0
2024-02-14 03:00:00,1.044,-1.527,-1.157,-0.507,-0.06,0,0,0,0,0
2024-02-14 04:00:00,1.371,-1.527,-1.157,-0.507,-0.06,0,0,0,0,0
2024-02-14 05:00:00,1.751,-1.527,-1.157,-0.535,-0.06,0,0,0,0,0
2024-02-14 06:00:00,-0.06,-1.527,-1.157,-0.535,-0.06,0,0,0,0,0
2024-02-14 07:00:00,1.615,-1.527,-1.157,-0.507,-0.06,0,0,0,0,0
2024-02-14 08:00:00,0.024,-1.498,-1.157,-0.507,-0.06,0,0,0,0,0
2024-02-14 09:00:00,-0.227,-1.498,-1.157,-0.507,-0.06,0,0,0,0,0
2024-02-14 10:00:00,-0.902,-1.498,-1.157,-0.507,-0.06,0,0,0,0,0
2024-02-14 11:00:00,2.396,-1.498,-1.157,-0.507,-0.06,0,0,0,0,0
2024-02-14 12:00:00,-0.227,-1.498,-1.157,-0.507,-0.06,0,0,0,0,0
2024-02-14 13:00:00,-0.845,-1.498,-1.128,-0.507,-0.06,0,0,0,0,0
2024-02-14 14:00:00,-1.527,-1.498,-1.128,-0.507,-0.06,0,0,0,0,0
2024-02-14 15:00:00,-1.556,-1.47,-1.128,-0.507,-0.06,0,0,0,0,0
2024-02-14 16:00:00,-1.641,-1.47,-1.128,-0.507,-0.06,0,0,0,0,0
2024-02-14 17:00:00,-1.785,-1.47,-1.128,-0.507,-0.06,0,0,0,0,0
2024-02-14 18:00:00,-2.189,-1.441,-1.128,-0.507,-0.06,0,0,0,0,0
2024-02-14 19:00:00,-2.073,-1.441,-1.128,-0.507,-0.06,0,0,0,0,0
2024-02-14 20:00:00,-1.584,-1.441,-1.128,-0.507,-0.06,0,0,0,0,0
2024-02-14 21:00:00,-1.356,-1.441,-1.128,-0.507,-0.06,0,0,0,0,0
2024-02-14 22:00:00,-0.873,-1.441,-1.128,-0.507,-0.06,0,0,0,0,0
2024-02-14 23:00:00,-0.704,-1.441,-1.1,-0.507,-0.06,0,0,0,0,0
2024-02-15 00:00:00,0.024,-1.441,-1.1,-0.507,-0.088,0,0,0,0,0
2024-02-15 01:00:00,-0.648,-1.413,-1.1,-0.507,-0.06,0,0,0,0,0
2024-02-15 02:00:00,-0.789,-1.413,-1.1,-0.507,-0.06,0,0,0,0,0
2024-02-15 03:00:00,-2.625,-1.413,-1.1,-0.479,-0.06,0,0,0,0,0
2024-02-15 04:00:00,-4.167,-1.384,-1.1,-0.479,-0.06,0,0,0,0,0
2024-02-15 05:00:00,-3.419,-1.384,-1.1,-0.479,-0.032,0,0,0,0,0
2024-02-15 06:00:00,-2.479,-1.384,-1.1,-0.479,-0.06,0,0,0,0,0
2024-02-15 07:00:00,-2.392,-1.384,-1.1,-0.479,-0.032,0,0,0,0,0
2024-02-15 08:00:00,-5.018,-1.384,-1.1,-0.479,-0.032,0,0,0,0,0
2024-02-15 09:00:00,-4.378,-1.356,-1.071,-0.479,-0.032,0,0,0,0,0
2024-02-15 10:00:00,-5.885,-1.356,-1.071,-0.479,-0.032,0,0,0,0,0
2024-02-15 11:00:00,-5.76,-1.356,-1.071,-0.479,-0.032,0,0,0,0,0
2024-02-15 12:00:00,-6.388,-1.356,-1.071,-0.479,-0.032,0,0,0,0,0
2024-02-15 13:00:00,-6.77,-1.327,-1.071,-0.479,-0.032,0,0,0,0,0
2024-02-15 14:00:00,-5.418,-1.327,-1.071,-0.479,-0.032,0,0,0,0,0
2024-02-15 15:00:00,-7.543,-1.327,-1.071,-0.479,-0.032,0,0,0,0,0
2024-02-15 16:00:00,-7.381,-1.327,-1.043,-0.479,-0.032,0,0,0,0,0
2024-02-15 17:00:00,-6.802,-1.327,-1.043,-0.479,-0.032,0,0,0,0,0
2024-02-15 18:00:00,-7.187,-1.327,-1.071,-0.479,-0.032,0,0,0,0,0
2024-02-15 19:00:00,-6.042,-1.327,-1.043,-0.451,-0.032,0,0,0,0,0
2024-02-15 20:00:00,-4.197,-1.327,-1.043,-0.479,-0.06,0,0,0,0,0
2024-02-15 21:00:00,-1.958,-1.327,-1.043,-0.479,-0.06,0,0,0,0,0
2024-02-15 22:00:00,-0.648,-1.327,-1.043,-0.479,-0.06,0,0,0,0,0
2024-02-15 23:00:00,-1.299,-1.299,-1.043,-0.479,-0.06,0,0,0,0,0
2024-02-16 00:00:00,-2.218,-1.27,-1.043,-0.479,-0.06,0,0,0,0,0
2024-02-16 01:00:00,-3.065,-1.27,-1.043,-0.479,-0.06,0,0,0,0,0
2024-02-16 02:00:00,-5.11,-1.27,-1.043,-0.479,-0.06,0,0,0,0,0
2024-02-16 03:00:00,-6.262,-1.27,-1.043,-0.479,-0.032,0,0,0,0,0
2024-02-16 04:00:00,-7.738,-1.27,-1.043,-0.479,-0.032,0,0,0,0,0
2024-02-16 05:00:00,-7.316,-1.27,-1.043,-0.451,-0.06,0,0,0,0,0
2024-02-16 06:00:00,-6.168,-1.27,-1.015,-0.479,-0.06,0,0,0,0,0
2024-02-16 07:00:00,-8.165,-1.242,-1.015,-0.479,-0.032,0,0,0,0,0
2024-02-16 08:00:00,-6.231,-1.242,-1.015,-0.451,-0.032,0,0,0,0,0
2024-02-16 09:00:00,-6.357,-1.242,-1.015,-0.451,-0.032,0,0,0,0,0
2024-02-16 10:00:00,-6.61,-1.242,-1.015,-0.451,-0.032,0,0,0,0,0
2024-02-16 11:00:00,-7.026,-1.242,-1.015,-0.451,-0.032,0,0,0,0,0
2024-02-16 12:00:00,-6.547,-1.242,-1.015,-0.451,-0.032,0,0,0,0,0
2024-02-16 13:00:00,-6.42,-1.242,-1.015,-0.451,-0.032,0,0,0,0,0
2024-02-16 14:00:00,-5.172,-1.242,-1.015,-0.451,-0.06,0,0,0,0,0
2024-02-16 15:00:00,-7.771,-1.213,-1.015,-0.451,-0.032,0,0,0,0,0
2024-02-16 16:00:00,-7.64,-1.213,-0.986,-0.451,-0.032,0,0,0,0,0
2024-02-16 17:00:00,-6.105,-1.213,-1.015,-0.451,-0.032,0,0,0,0,0
2024-02-16 18:00:00,-4.926,-1.213,-0.986,-0.451,-0.032,0,0,0,0,0
2024-02-16 19:00:00,-7.058,-1.213,-0.986,-0.451,-0.032,0,0,0,0,0
2024-02-16 20:00:00,-3.065,-1.213,-1.015,-0.451,-0.06,0,0,0,0,0
2024-02-16 21:00:00,-1.185,-1.213,-0.986,-0.479,-0.06,0,0,0,0,0
2024-02-16 22:00:00,-0.563,-1.213,-0.986,-0.479,-0.088,0,0,0,0,0
2024-02-16 23:00:00,0.024,-1.213,-0.986,-0.479,-0.06,0,0,0,0,0
2024-02-17 00:00:00,0.163,-1.213,-0.986,-0.451,-0.06,0,0,0,0,0
2024-02-17 01:00:00,-1.071,-1.213,-0.986,-0.451,-0.06,0,0,0,0,0
2024-02-17 02:00:00,-3.717,-1.185,-0.986,-0.451,-0.06,0,0,0,0,0
2024-02-17 03:00:00,-6.294,-1.213,-0.986,-0.451,-0.06,0,0,0,0,0
2024-02-17 04:00:00,-7.836,-1.185,-0.986,-0.451,-0.032,0,0,0,0,0
2024-02-17 05:00:00,-8.597,-1.185,-0.986,-0.423,-0.032,0,0,0,0,0
2024-02-17 06:00:00,-10.162,-1.157,-0.958,-0.423,-0.032,0,0,0,0,0
2024-02-17 07:00:00,-11.111,-1.157,-0.958,-0.423,-0.032,0,0,0,0,0
2024-02-17 08:00:00,-11.65,-1.157,-0.958,-0.423,-0.004,0,0,0,0,0
2024-02-17 09:00:00,-11.469,-1.157,-0.958,-0.395,-0.004,0,0,0,0,0
2024-02-17 10:00:00,-13.505,-1.157,-0.958,-0.395,-0.004,0,0,0,0,0
2024-02-17 11:00:00,-11.831,-1.185,-0.958,-0.395,-0.004,0,0,0,0,0
2024-02-17 12:00:00,-11.831,-1.213,-0.958,-0.395,-0.004,0,0,0,0,0
2024-02-17 13:00:00,-12.269,-1.213,-0.93,-0.395,-0.004,0,0,0,0,0
2024-02-17 14:00:00,-12.123,-1.27,-0.93,-0.395,-0.004,0,0,0,0,0
2024-02-17 15:00:00,-14.51,-1.27,-0.93,-0.395,-0.004,0,0,0,0,0
2024-02-17 16:00:00,-16.66,-1.27,-0.93,-0.367,-0.004,0,0,0,0,0
2024-02-17 17:00:00,-16.66,-1.327,-0.93,-0.367,-0.004,0,0,0,0,0
2024-02-17 18:00:00,-16.828,-1.384,-0.93,-0.367,0.024,0,0,0,0,0
2024-02-17 19:00:00,-13.772,-1.413,-0.93,-0.367,-0.004,0,0,0,0,0
2024-02-17 20:00:00,-10.722,-1.47,-0.93,-0.395,-0.032,0,0,0,0,0
2024-02-17 21:00:00,-7.058,-1.47,-0.958,-0.423,-0.032,0,0,0,0,0
2024-02-17 22:00:00,-6.547,-1.47,-0.958,-0.423,-0.06,0,0,0,0,0
2024-02-17 23:00:00,-7.187,-1.441,-0.958,-0.423,-0.06,0,0,0,0,0
2024-02-18 00:00:00,-7.575,-1.413,-0.958,-0.423,-0.032,0,0,0,0,0
2024-02-18 01:00:00,-9.508,-1.384,-0.958,-0.395,-0.032,0,0,0,0,0
2024-02-18 02:00:00,-12.454,-1.356,-0.958,-0.395,-0.004,0,0,0,0,0
2024-02-18 03:00:00,-14.042,-1.384,-0.93,-0.395,-0.004,0,0,0,0,0
2024-02-18 04:00:00,-14.905,-1.384,-0.93,-0.367,-0.004,0,0,0,0,0
2024-02-18 05:00:00,-14.12,-1.413,-0.958,-0.395,-0.032,0,0,0,0,0
2024-02-18 06:00:00,-13.428,-1.441,-0.958,-0.395,-0.032,0,0,0,0,0
2024-02-18 07:00:00,-12.565,-1.441,-0.958,-0.395,-0.032,0,0,0,0,0
2024-02-18 08:00:00,-12.714,-1.441,-0.958,-0.423,-0.032,0,0,0,0,0
2024-02-18 09:00:00,-12.196,-1.441,-0.958,-0.423,-0.032,0,0,0,0,0
2024-02-18 10:00:00,-12.38,-1.441,-0.958,-0.423,-0.032,0,0,0,0,0
2024-02-18 11:00:00,-13.39,-1.441,-0.958,-0.395,-0.032,0,0,0,0,0
2024-02-18 12:00:00,-14.197,-1.441,-0.958,-0.395,-0.032,0,0,0,0,0
2024-02-18 13:00:00,-15.669,-1.441,-0.958,-0.367,-0.004,0,0,0,0,0
2024-02-18 14:00:00,-15.709,-1.441,-0.93,-0.367,-0.004,0,0,0,0,0
2024-02-18 15:00:00,-14.786,-1.498,-0.958,-0.395,-0.032,0,0,0,0,0
2024-02-18 16:00:00,-14.392,-1.498,-0.958,-0.395,-0.032,0,0,0,0,0
2024-02-18 17:00:00,-14.667,-1.498,-0.958,-0.395,-0.032,0,0,0,0,0
2024-02-18 18:00:00,-13.543,-1.527,-0.958,-0.395,-0.032,0,0,0,0,0
2024-02-18 19:00:00,-12.049,-1.556,-0.958,-0.423,-0.032,0,0,0,0,0
2024-02-18 20:00:00,-10.546,-1.556,-0.958,-0.423,-0.06,0,0,0,0,0
2024-02-18 21:00:00,-9.508,-1.527,-0.958,-0.423,-0.06,0,0,0,0,0
2024-02-18 22:00:00,-8.932,-1.498,-0.986,-0.423,-0.06,0,0,0,0,0
2024-02-18 23:00:00,-8.999,-1.498,-0.986,-0.423,-0.06,0,0,0,0,0
2024-02-19 00:00:00,-8.831,-1.498,-0.986,-0.423,-0.06,0,0,0,0,0
2024-02-19 01:00:00,-9.134,-1.47,-0.986,-0.423,-0.06,0,0,0,0,0
2024-02-19 02:00:00,-9.473,-1.47,-0.986,-0.423,-0.06,0,0,0,0,0
2024-02-19 03:00:00,-10.336,-1.441,-0.986,-0.423,-0.06,0,0,0,0,0
2024-02-19 04:00:00,-10.511,-1.441,-0.958,-0.423,-0.06,0,0,0,0,0
2024-02-19 05:00:00,-10.757,-1.441,-0.986,-0.423,-0.06,0,0,0,0,0
2024-02-19 06:00:00,-10.827,-1.441,-0.986,-0.423,-0.06,0,0,0,0,0
2024-02-19 07:00:00,-10.898,-1.441,-0.986,-0.423,-0.06,0,0,0,0,0
2024-02-19 08:00:00,-10.616,-1.441,-0.986,-0.423,-0.06,0,0,0,0,0
2024-02-19 09:00:00,-10.827,-1.441,-0.986,-0.423,-0.06,0,0,0,0,0
2024-02-19 10:00:00,-11.04,-1.441,-0.986,-0.423,-0.06,0,0,0,0,0
2024-02-19 11:00:00,-11.076,-1.441,-0.986,-0.423,-0.06,0,0,0,0,0
2024-02-19 12:00:00,-11.218,-1.441,-0.986,-0.423,-0.06,0,0,0,0,0
2024-02-19 13:00:00,-11.397,-1.441,-0.986,-0.423,-0.06,0,0,0,0,0
2024-02-19 14:00:00,-10.686,-1.441,-0.986,-0.423,-0.06,0,0,0,0,0
2024-02-19 15:00:00,-10.686,-1.441,-0.986,-0.423,-0.06,0,0,0,0,0
2024-02-19 16:00:00,-10.898,-1.441,-0.986,-0.423,-0.06,0,0,0,0,0
2024-02-19 17:00:00,-10.757,-1.441,-0.958,-0.423,-0.06,0,0,0,0,0
2024-02-19 18:00:00,-10.792,-1.441,-0.986,-0.423,-0.06,0,0,0,0,0
2024-02-19 19:00:00,-10.546,-1.441,-0.986,-0.423,-0.06,0,0,0,0,0
2024-02-19 20:00:00,-9.919,-1.441,-0.986,-0.423,-0.06,0,0,0,0,0
2024-02-19 21:00:00,-8.999,-1.441,-0.986,-0.423,-0.06,0,0,0,0,0
2024-02-19 22:00:00,-8.63,-1.441,-0.986,-0.423,-0.06,0,0,0,0,0
2024-02-19 23:00:00,-8.43,-1.413,-0.986,-0.423,-0.06,0,0,0,0,0
2024-02-20 00:00:00,-7.968,-1.441,-0.986,-0.423,-0.088,0,0,0,0,0
2024-02-20 01:00:00,-8.43,-1.413,-0.986,-0.423,-0.06,0,0,0,0,0
2024-02-20 02:00:00,-8.663,-1.413,-0.986,-0.423,-0.06,0,0,0,0,0
2024-02-20 03:00:00,-9.508,-1.413,-0.958,-0.423,-0.06,0,0,0,0,0
2024-02-20 04:00:00,-9.405,-1.441,-0.986,-0.423,-0.06,0,0,0,0,0
2024-02-20 05:00:00,-9.371,-1.441,-0.986,-0.423,-0.06,0,0,0,0,0
2024-02-20 06:00:00,-9.168,-1.441,-0.986,-0.423,-0.06,0,0,0,0,0
2024-02-20 07:00:00,-9.508,-1.441,-0.958,-0.423,-0.06,0,0,0,0,0
2024-02-20 08:00:00,-8.463,-1.441,-0.958,-0.423,-0.06,0,0,0,0,0
2024-02-20 09:00:00,-8.63,-1.441,-0.986,-0.423,-0.06,0,0,0,0,0
2024-02-20 10:00:00,-9.235,-1.441,-0.986,-0.423,-0.06,0,0,0,0,0
2024-02-20 11:00:00,-9.371,-1.413,-0.986,-0.423,-0.06,0,0,0,0,0
2024-02-20 12:00:00,-9.269,-1.384,-0.986,-0.423,-0.06,0,0,0,0,0
2024-02-20 13:00:00,-7.445,-1.384,-0.986,-0.423,-0.088,0,0,0,0,0
2024-02-20 14:00:00,-7.413,-1.384,-0.958,-0.423,-0.088,0,0,0,0,0
2024-02-20 15:00:00,-7.706,-1.413,-0.986,-0.423,-0.088,0,0,0,0,0
2024-02-20 16:00:00,-8.563,-1.413,-0.986,-0.423,-0.06,0,0,0,0,0
2024-02-20 17:00:00,-8.264,-1.413,-0.958,-0.423,-0.06,0,0,0,0,0
2024-02-20 18:00:00,-7.968,-1.413,-0.958,-0.423,-0.088,0,0,0,0,0
2024-02-20 19:00:00,-7.445,-1.384,-0.958,-0.423,-0.088,0,0,0,0,0
2024-02-20 20:00:00,-5.605,-1.413,-0.986,-0.423,-0.088,0,0,0,0,0
2024-02-20 21:00:00,-5.574,-1.384,-0.958,-0.423,-0.088,0,0,0,0,0
2024-02-20 22:00:00,-5.11,-1.384,-0.958,-0.423,-0.088,0,0,0,0,0
2024-02-20 23:00:00,-4.773,-1.384,-0.958,-0.423,-0.088,0,0,0,0,0
2024-02-21 00:00:00,-4.318,-1.384,-0.958,-0.423,-0.088,0,0,0,0,0
2024-02-21 01:00:00,-4.865,-1.384,-0.958,-0.451,-0.088,0,0,0,0,0
2024-02-21 02:00:00,-5.233,-1.356,-0.958,-0.423,-0.088,0,0,0,0,0
2024-02-21 03:00:00,-5.916,-1.327,-0.958,-0.423,-0.088,0,0,0,0,0
2024-02-21 04:00:00,-6.294,-1.327,-0.958,-0.423,-0.088,0,0,0,0,0
2024-02-21 05:00:00,-4.318,-1.327,-0.958,-0.451,-0.088,0,0,0,0,0
2024-02-21 06:00:00,-3.747,-1.299,-0.958,-0.423,-0.088,0,0,0,0,0
2024-02-21 07:00:00,-3.538,-1.299,-0.958,-0.451,-0.088,0,0,0,0,0
2024-02-21 08:00:00,-3.926,-1.27,-0.958,-0.451,-0.088,0,0,0,0,0
2024-02-21 09:00:00,-4.621,-1.27,-0.958,-0.451,-0.088,0,0,0,0,0
2024-02-21 10:00:00,-4.773,-1.27,-0.958,-0.423,-0.088,0,0,0,0,0
2024-02-21 11:00:00,-4.53,-1.27,-0.958,-0.451,-0.116,0,0,0,0,0
2024-02-21 12:00:00,-2.83,-1.27,-0.958,-0.451,-0.088,0,0,0,0,0
2024-02-21 13:00:00,-2.421,-1.27,-0.958,-0.451,-0.116,0,0,0,0,0
2024-02-21 14:00:00,-3.183,-1.27,-0.958,-0.451,-0.116,0,0,0,0,0
2024-02-21 15:00:00,-4.137,-1.242,-0.958,-0.451,-0.116,0,0,0,0,0
2024-02-21 16:00:00,-5.295,-1.242,-0.958,-0.451,-0.088,0,0,0,0,0
2024-02-21 17:00:00,-5.418,-1.242,-0.958,-0.451,-0.088,0,0,0,0,0
2024-02-21 18:00:00,-6.294,-1.242,-0.958,-0.423,-0.088,0,0,0,0,0
2024-02-21 19:00:00,-5.948,-1.242,-0.958,-0.451,-0.116,0,0,0,0,0
2024-02-21 20:00:00,-5.729,-1.213,-0.958,-0.451,-0.088,0,0,0,0,0
2024-02-21 21:00:00,-5.511,-1.213,-0.958,-0.451,-0.088,0,0,0,0,0
2024-02-21 22:00:00,-5.388,-1.213,-0.958,-0.423,-0.088,0,0,0,0,0
2024-02-21 23:00:00,-5.172,-1.213,-0.93,-0.423,-0.116,0,0,0,0,0
2024-02-22 00:00:00,-4.957,-1.213,-0.93,-0.451,-0.088,0,0,0,0,0
2024-02-22 01:00:00,-5.729,-1.185,-0.93,-0.451,-0.088,0,0,0,0,0
2024-02-22 02:00:00,-6.42,-1.185,-0.93,-0.423,-0.088,0,0,0,0,0
2024-02-22 03:00:00,-8.898,-1.185,-0.93,-0.423,-0.088,1,0,0,0,0
2024-02-22 04:00:00,-7.771,-1.157,-0.93,-0.423,-0.088,0,0,0,0,0
2024-02-22 05:00:00,-8.331,-1.157,-0.93,-0.423,-0.088,0,0,0,0,0
2024-02-22 06:00:00,-9.1,-1.157,-0.93,-0.423,-0.088,0,0,0,0,0
2024-02-22 07:00:00,-9.033,-1.157,-0.93,-0.423,-0.088,0,0,0,0,0
2024-02-22 08:00:00,-9.371,-1.157,-0.93,-0.423,-0.088,0,0,0,0,0
2024-02-22 09:00:00,-9.269,-1.157,-0.93,-0.423,-0.088,0,0,0,0,0
2024-02-22 10:00:00,-9.033,-1.157,-0.93,-0.423,-0.088,0,0,0,0,0
2024-02-22 11:00:00,-8.797,-1.157,-0.93,-0.423,-0.088,0,0,0,0,0
2024-02-22 12:00:00,-8.364,-1.157,-0.93,-0.423,-0.088,0,0,0,0,0
2024-02-22 13:00:00,-8.932,-1.157,-0.93,-0.423,-0.088,0,0,0,0,0
2024-02-22 14:00:00,-9.168,-1.157,-0.93,-0.423,-0.088,0,0,0,0,0
2024-02-22 15:00:00,-9.644,-1.157,-0.93,-0.423,-0.088,0,0,0,0,0
2024-02-22 16:00:00,-10.092,-1.157,-0.93,-0.423,-0.088,0,0,0,0,0
2024-02-22 17:00:00,-9.679,-1.157,-0.93,-0.423,-0.088,0,0,0,0,0
2024-02-22 18:00:00,-9.885,-1.157,-0.93,-0.423,-0.088,0,0,0,0,0
2024-02-22 19:00:00,-8.697,-1.157,-0.93,-0.423,-0.088,0,0,0,0,0
2024-02-22 20:00:00,-7.575,-1.157,-0.93,-0.423,-0.088,0,0,0,0,0
2024-02-22 21:00:00,-6.579,-1.157,-0.93,-0.423,-0.088,0,0,0,0,0
2024-02-22 22:00:00,-5.542,-1.157,-0.93,-0.423,-0.088,0,0,0,0,0
2024-02-22 23:00:00,-5.172,-1.128,-0.93,-0.423,-0.088,0,0,0,0,0
2024-02-23 00:00:00,-6.388,-1.128,-0.902,-0.423,-0.088,0,0,0,0,0
2024-02-23 01:00:00,-6.61,-1.128,-0.902,-0.423,-0.088,0,0,0,0,0
2024-02-23 02:00:00,-7.836,-1.128,-0.93,-0.423,-0.116,0,0,0,0,0
2024-02-23 03:00:00,-8.63,-1.128,-0.902,-0.423,-0.088,0,0,0,0,0
2024-02-23 04:00:00,-8.597,-1.128,-0.902,-0.423,-0.088,0,0,0,0,0
2024-02-23 05:00:00,-8.864,-1.1,-0.902,-0.423,-0.088,0,0,0,0,0
2024-02-23 06:00:00,-8.764,-1.1,-0.902,-0.423,-0.088,0,0,0,0,0
2024-02-23 07:00:00,-9.405,-1.1,-0.902,-0.423,-0.088,0,0,0,0,0
2024-02-23 08:00:00,-8.965,-1.1,-0.902,-0.423,-0.088,0,0,0,0,0
2024-02-23 09:00:00,-9.851,-1.1,-0.902,-0.423,-0.088,0,0,0,0,0
2024-02-23 10:00:00,-8.831,-1.1,-0.902,-0.423,-0.088,0,0,0,0,0
2024-02-23 11:00:00,-8.331,-1.1,-0.902,-0.423,-0.088,0,0,0,0,0
2024-02-23 12:00:00,-7.804,-1.1,-0.902,-0.423,-0.088,0,0,0,0,0
2024-02-23 13:00:00,-7.543,-1.1,-0.902,-0.423,-0.088,0,0,0,0,0
2024-02-23 14:00:00,-7.51,-1.1,-0.902,-0.423,-0.088,0,0,0,0,0
2024-02-23 15:00:00,-7.284,-1.1,-0.902,-0.423,-0.088,0,0,0,0,0
2024-02-23 16:00:00,-7.543,-1.1,-0.902,-0.423,-0.088,0,0,0,0,0
2024-02-23 17:00:00,-7.608,-1.1,-0.902,-0.423,-0.088,0,0,0,0,0
2024-02-23 18:00:00,-7.543,-1.1,-0.902,-0.423,-0.088,0,0,0,0,0
2024-02-23 19:00:00,-7.348,-1.071,-0.902,-0.423,-0.116,0,0,0,0,0
2024-02-23 20:00:00,-6.866,-1.071,-0.902,-0.423,-0.088,0,0,0,0,0
2024-02-23 21:00:00,-6.706,-1.071,-0.902,-0.423,-0.116,0,0,0,0,0
2024-02-23 22:00:00,-6.294,-1.071,-0.902,-0.423,-0.116,0,0,0,0,0
2024-02-23 23:00:00,-6.231,-1.071,-0.873,-0.423,-0.116,0,0,0,0,0
2024-02-24 00:00:00,-6.579,-1.071,-0.873,-0.423,-0.116,0,0,0,0,0
2024-02-24 01:00:00,-6.802,-1.071,-0.873,-0.423,-0.116,0,0,0,0,0
2024-02-24 02:00:00,-6.898,-1.071,-0.873,-0.423,-0.116,0,0,0,0,0
2024-02-24 03:00:00,-7.478,-1.071,-0.873,-0.423,-0.088,0,0,0,0,0
2024-02-24 04:00:00,-7.64,-1.043,-0.873,-0.423,-0.116,0,0,0,0,0
2024-02-24 05:00:00,-7.836,-1.043,-0.873,-0.423,-0.116,0,0,0,0,0
2024-02-24 06:00:00,-8.066,-1.043,-0.873,-0.423,-0.116,0,0,0,0,0
2024-02-24 07:00:00,-8.364,-1.043,-0.873,-0.423,-0.088,0,0,0,0,0
2024-02-24 08:00:00,-9.168,-1.043,-0.873,-0.423,-0.088,0,0,0,0,0
2024-02-24 09:00:00,-9.919,-1.043,-0.873,-0.423,-0.088,0,0,0,0,0
2024-02-24 10:00:00,-10.441,-1.043,-0.873,-0.423,-0.088,0,0,0,0,0
2024-02-24 11:00:00,-10.757,-1.043,-0.873,-0.395,-0.088,0,0,0,0,0
2024-02-24 12:00:00,-11.722,-1.043,-0.873,-0.395,-0.088,0,0,0,0,0
2024-02-24 13:00:00,-12.491,-1.043,-0.873,-0.395,-0.088,0,0,0,0,0
2024-02-24 14:00:00,-12.9,-1.043,-0.873,-0.395,-0.088,0,0,0,0,0
2024-02-24 15:00:00,-14.081,-1.043,-0.873,-0.367,-0.06,0,0,0,0,0
2024-02-24 16:00:00,-15.385,-1.043,-0.845,-0.367,-0.06,0,0,0,0,0
2024-02-24 17:00:00,-14.826,-1.071,-0.873,-0.367,-0.06,0,0,0,0,0
2024-02-24 18:00:00,-15.064,-1.1,-0.845,-0.367,-0.06,0,0,0,0,0
2024-02-24 19:00:00,-13.772,-1.128,-0.845,-0.367,-0.06,0,0,0,0,0
2024-02-24 20:00:00,-12.454,-1.157,-0.873,-0.395,-0.088,0,0,0,0,0
2024-02-24 21:00:00,-11.758,-1.185,-0.873,-0.395,-0.088,0,0,0,0,0
2024-02-24 22:00:00,-11.433,-1.213,-0.873,-0.395,-0.088,0,0,0,0,0
2024-02-24 23:00:00,-12.159,-1.213,-0.873,-0.395,-0.088,0,0,0,0,0
2024-02-25 00:00:00,-14.707,-1.185,-0.845,-0.367,-0.06,0,0,0,0,0
2024-02-25 01:00:00,-13.849,-1.213,-0.845,-0.367,-0.06,0,0,0,0,0
2024-02-25 02:00:00,-14.081,-1.213,-0.845,-0.367,-0.088,0,0,0,0,0
2024-02-25 03:00:00,-15.224,-1.213,-0.873,-0.367,-0.06,0,0,0,0,0
2024-02-25 04:00:00,-15.587,-1.213,-0.845,-0.367,-0.06,0,0,0,0,0
2024-02-25 05:00:00,-15.628,-1.242,-0.845,-0.367,-0.06,0,0,0,0,0
2024-02-25 06:00:00,-16.202,-1.242,-0.845,-0.367,-0.06,0,0,0,0,0
2024-02-25 07:00:00,-15.996,-1.27,-0.845,-0.367,-0.06,0,0,0,0,0
2024-02-25 08:00:00,-18.164,-1.27,-0.845,-0.339,-0.032,0,0,0,0,0
2024-02-25 09:00:00,-18.742,-1.299,-0.817,-0.339,-0.032,0,0,0,0,0
2024-02-25 10:00:00,-19.607,-1.384,-0.817,-0.311,-0.032,0,0,0,0,0
2024-02-25 11:00:00,-18.296,-1.441,-0.845,-0.339,-0.032,0,0,0,0,0
2024-02-25 12:00:00,-18.296,-1.498,-0.845,-0.339,-0.032,0,0,0,0,0
2024-02-25 13:00:00,-17.553,-1.527,-0.845,-0.367,-0.06,0,0,0,0,0
2024-02-25 14:00:00,-16.87,-1.556,-0.873,-0.367,-0.06,0,0,0,0,0
2024-02-25 15:00:00,-16.744,-1.556,-0.845,-0.367,-0.06,0,0,0,0,0
2024-02-25 16:00:00,-16.618,-1.556,-0.873,-0.367,-0.06,0,0,0,0,0
2024-02-25 17:00:00,-16.409,-1.556,-0.873,-0.367,-0.06,0,0,0,0,0
2024-02-25 18:00:00,-16.078,-1.556,-0.873,-0.367,-0.06,0,0,0,0,0
2024-02-25 19:00:00,-15.791,-1.556,-0.873,-0.367,-0.06,0,0,0,0,0
2024-02-25 20:00:00,-15.184,-1.556,-0.873,-0.367,-0.06,0,0,0,0,0
2024-02-25 21:00:00,-14.865,-1.556,-0.873,-0.367,-0.088,0,0,0,0,0
2024-02-25 22:00:00,-14.236,-1.584,-0.873,-0.367,-0.088,0,0,0,0,0
2024-02-25 23:00:00,-14.275,-1.584,-0.902,-0.367,-0.06,0,0,0,0,0
2024-02-26 00:00:00,-14.392,-1.584,-0.902,-0.367,-0.088,0,0,0,0,0
2024-02-26 01:00:00,-14.746,-1.584,-0.873,-0.367,-0.088,0,0,0,0,0
2024-02-26 02:00:00,-15.709,-1.584,-0.902,-0.367,-0.06,0,0,0,0,0
2024-02-26 03:00:00,-16.492,-1.584,-0.873,-0.367,-0.06,0,0,0,0,0
2024-02-26 04:00:00,-16.997,-1.584,-0.902,-0.367,-0.06,0,0,0,0,0
2024-02-26 05:00:00,-17.424,-1.613,-0.902,-0.367,-0.06,0,0,0,0,0
2024-02-26 06:00:00,-17.944,-1.613,-0.902,-0.367,-0.06,0,0,0,0,0
2024-02-26 07:00:00,-18.385,-1.641,-0.902,-0.339,-0.06,0,0,0,0,0
2024-02-26 08:00:00,-18.922,-1.67,-0.902,-0.339,-0.06,0,0,0,0,0
2024-02-26 09:00:00,-20.12,-1.67,-0.902,-0.339,-0.032,0,0,0,0,0
2024-02-26 10:00:00,-19.933,-1.727,-0.902,-0.339,-0.06,0,0,0,0,0
2024-02-26 11:00:00,-19.149,-1.785,-0.902,-0.367,-0.06,0,0,0,0,0
2024-02-26 12:00:00,-19.607,-1.814,-0.902,-0.339,-0.06,0,0,0,0,0
2024-02-26 13:00:00,-20.69,-1.814,-0.902,-0.339,-0.032,0,0,0,0,0
2024-02-26 14:00:00,-22.218,-1.842,-0.873,-0.311,-0.004,0,0,0,0,0
2024-02-26 15:00:00,-21.077,-1.958,-0.873,-0.311,-0.004,0,0,0,0,0
2024-02-26 16:00:00,-23.674,-2.044,-0.873,-0.311,-0.004,0,0,0,0,0
2024-02-26 17:00:00,-24.378,-2.131,-0.873,-0.311,-0.004,0,0,0,0,0
2024-02-26 18:00:00,-24.378,-2.247,-0.873,-0.283,-0.004,0,0,0,0,0
2024-02-26 19:00:00,-20.786,-2.392,-0.902,-0.339,-0.032,0,0,0,0,0
2024-02-26 20:00:00,-18.474,-2.421,-0.93,-0.339,-0.06,0,0,0,0,0
2024-02-26 21:00:00,-17.082,-2.45,-0.93,-0.367,-0.06,0,0,0,0,0
2024-02-26 22:00:00,-15.873,-2.421,-0.958,-0.367,-0.06,0,0,0,0,0
2024-02-26 23:00:00,-15.385,-2.392,-0.958,-0.367,-0.06,0,0,0,0,0
2024-02-27 00:00:00,-15.104,-2.363,-0.986,-0.367,-0.06,0,0,0,0,0
2024-02-27 01:00:00,-16.534,-2.305,-0.986,-0.367,-0.06,0,0,0,0,0
2024-02-27 02:00:00,-17.727,-2.276,-0.958,-0.339,-0.032,0,0,0,0,0
2024-02-27 03:00:00,-20.738,-2.305,-0.958,-0.311,-0.032,0,0,0,0,0
2024-02-27 04:00:00,-23.462,-2.421,-0.93,-0.311,-0.004,0,0,0,0,0
2024-02-27 05:00:00,-24.709,-2.537,-0.93,-0.283,-0.032,0,0,0,0,0
2024-02-27 06:00:00,-26.194,-2.683,-0.93,-0.283,-0.004,0,0,0,0,0
2024-02-27 07:00:00,-27.896,-2.859,-0.93,-0.283,-0.032,0,0,0,0,0
2024-02-27 08:00:00,-29.121,-3.006,-0.93,-0.283,-0.032,0,0,0,0,0
2024-02-27 09:00:00,-28.727,-3.183,-0.93,-0.283,-0.032,0,0,0,0,0
2024-02-27 10:00:00,-31.478,-3.36,-0.93,-0.283,-0.06,0,0,0,0,0
2024-02-27 11:00:00,-32.294,-3.568,-0.958,-0.283,-0.06,0,0,0,0,0
2024-02-27 12:00:00,-31.698,-3.717,-0.958,-0.283,-0.06,0,0,0,0,0
2024-02-27 13:00:00,-31.551,-3.866,-0.986,-0.283,-0.06,0,0,0,0,0
2024-02-27 14:00:00,-32.219,-4.016,-0.986,-0.283,-0.06,0,0,0,0,0
2024-02-27 15:00:00,-32.069,-4.167,-0.986,-0.283,-0.06,0,0,0,0,0
2024-02-27 16:00:00,-32.983,-4.287,-1.015,-0.283,-0.06,0,0,0,0,0
2024-02-27 17:00:00,-33.454,-4.439,-1.043,-0.283,-0.06,0,0,0,0,0
2024-02-27 18:00:00,-34.262,-4.53,-1.071,-0.311,-0.06,0,0,0,0,0
2024-02-27 19:00:00,-29.655,-4.651,-1.128,-0.311,-0.032,0,0,0,0,0
2024-02-27 20:00:00,-26.312,-4.651,-1.157,-0.339,-0.032,0,0,0,0,0
2024-02-27 21:00:00,-22.833,-4.56,-1.213,-0.367,-0.032,0,0,0,0,0
2024-02-27 22:00:00,-21.272,-4.408,-1.242,-0.367,-0.032,0,0,0,0,0
2024-02-27 23:00:00,-21.028,-4.257,-1.27,-0.395,-0.06,0,0,0,0,0
2024-02-28 00:00:00,-19.933,-4.137,-1.27,-0.395,-0.06,0,0,0,0,0
2024-02-28 01:00:00,-20.262,-4.016,-1.27,-0.395,-0.06,0,0,0,0,0
2024-02-28 02:00:00,-22.269,-3.926,-1.299,-0.395,-0.032,0,0,0,0,0
2024-02-28 03:00:00,-25.214,-3.926,-1.27,-0.395,-0.032,0,0,0,0,0
2024-02-28 04:00:00,-27.584,-4.016,-1.27,-0.395,-0.06,0,0,0,0,0
2024-02-28 05:00:00,-30.409,-4.137,-1.27,-0.395,-0.06,0,0,0,0,0
2024-02-28 06:00:00,-31.478,-4.318,-1.27,-0.395,-0.06,0,0,0,0,0
2024-02-28 07:00:00,-32.674,-4.469,-1.299,-0.395,-0.06,0,0,0,0,0
2024-02-28 08:00:00,-33.139,-4.651,-1.299,-0.395,-0.06,0,0,0,0,0
2024-02-28 09:00:00,-33.139,-4.773,-1.299,-0.395,-0.06,0,0,0,0,0
2024-02-28 10:00:00,-33.936,-4.926,-1.327,-0.395,-0.06,0,0,0,0,0
2024-02-28 11:00:00,-34.427,-5.079,-1.356,-0.395,-0.06,0,0,0,0,0
2024-02-28 12:00:00,-34.593,-5.202,-1.356,-0.395,-0.06,0,0,0,0,0
2024-02-28 13:00:00,-34.017,-5.326,-1.384,-0.395,-0.06,0,0,0,0,0
2024-02-28 14:00:00,-35.793,-5.449,-1.413,-0.395,-0.06,0,0,0,0,0
2024-02-28 15:00:00,-35.1,-5.574,-1.441,-0.395,-0.06,0,0,0,0,0
2024-02-28 16:00:00,-35.444,-5.667,-1.441,-0.395,-0.06,0,0,0,0,0
2024-02-28 17:00:00,-34.761,-5.791,-1.47,-0.395,-0.06,0,0,0,0,0
2024-02-28 18:00:00,-34.761,-5.885,-1.498,-0.395,-0.06,0,0,0,0,0
2024-02-28 19:00:00,-30.201,-5.979,-1.584,-0.395,-0.06,0,0,0,0,0
2024-02-28 20:00:00,-27.708,-5.948,-1.641,-0.423,-0.032,0,0,0,0,0
2024-02-28 21:00:00,-24.821,-5.791,-1.67,-0.451,-0.032,0,0,0,0,0
2024-02-28 22:00:00,-22.989,-5.605,-1.727,-0.479,-0.06,0,0,0,0,0
2024-02-28 23:00:00,-22.885,-5.418,-1.727,-0.451,-0.06,0,0,0,0,0
2024-02-29 00:00:00,-22.168,-5.233,-1.756,-0.479,-0.06,0,0,0,0,0
2024-02-29 01:00:00,-22.885,-5.141,-1.785,-0.451,-0.06,0,0,0,0,0
2024-02-29 02:00:00,-24.214,-5.049,-1.785,-0.451,-0.06,0,0,0,0,0
2024-02-29 03:00:00,-27.46,-5.018,-1.756,-0.451,-0.06,0,0,0,0,0
2024-02-29 04:00:00,-30.831,-5.079,-1.756,-0.451,-0.06,0,0,0,0,0
2024-02-29 05:00:00,-32.219,-5.202,-1.756,-0.451,-0.06,0,0,0,0,0
2024-02-29 06:00:00,-34.098,-5.388,-1.756,-0.451,-0.06,0,0,0,0,0
2024-02-29 07:00:00,-34.761,-5.605,-1.756,-0.479,-0.06,0,0,0,0,0
2024-02-29 08:00:00,-35.1,-5.76,-1.756,-0.479,-0.06,0,0,0,0,0
2024-02-29 09:00:00,-36.148,-5.948,-1.785,-0.479,-0.06,0,0,0,0,0
2024-02-29 10:00:00,-36.328,-6.105,-1.814,-0.507,-0.088,0,0,0,0,0
2024-02-29 11:00:00,-36.691,-6.262,-1.814,-0.507,-0.088,0,0,0,0,0
2024-02-29 12:00:00,-36.876,-6.388,-1.842,-0.507,-0.088,0,0,0,0,0
2024-02-29 13:00:00,-37.249,-6.515,-1.871,-0.507,-0.088,0,0,0,0,0
2024-02-29 14:00:00,-38.112,-6.642,-1.9,-0.507,-0.088,0,0,0,0,0
2024-02-29 15:00:00,-37.438,-6.77,-1.929,-0.535,-0.088,0,0,0,0,0
2024-02-29 16:00:00,-38.015,-6.898,-1.958,-0.535,-0.116,0,0,0,0,0
2024-02-29 17:00:00,-38.015,-6.962,-1.986,-0.563,-0.116,0,0,0,0,0
2024-02-29 18:00:00,-37.438,-7.09,-2.015,-0.563,-0.116,0,0,0,0,0
2024-02-29 19:00:00,-34.427,-7.187,-2.073,-0.563,-0.06,0,0,0,0,0
2024-02-29 20:00:00,-30.76,-7.155,-2.131,-0.563,-0.06,0,0,0,0,0
2024-02-29 21:00:00,-28.404,-6.994,-2.189,-0.591,-0.06,0,0,0,0,0
2024-02-29 22:00:00,-26.849,-6.802,-2.247,-0.591,-0.06,0,0,0,0,0
2024-02-29 23:00:00,-26.136,-6.579,-2.247,-0.62,-0.06,0,0,0,0,0
2024-03-01 00:00:00,-25.613,-6.357,-2.276,-0.62,-0.06,0,0,0,0,0
2024-03-01 01:00:00,-25.613,-6.231,-2.276,-0.62,-0.06,0,0,0,0,0
2024-03-01 02:00:00,-26.312,-6.136,-2.276,-0.62,-0.06,0,0,0,0,0
2024-03-01 03:00:00,-29.655,-6.105,-2.247,-0.62,-0.06,0,0,0,0,0
2024-03-01 04:00:00,-31.92,-6.199,-2.247,-0.62,-0.06,0,0,0,0,0
2024-03-01 05:00:00,-34.593,-6.325,-2.247,-0.62,-0.06,0,0,0,0,0
2024-03-01 06:00:00,-35.97,-6.515,-2.247,-0.62,-0.088,0,0,0,0,0
2024-03-01 07:00:00,-36.509,-6.706,-2.247,-0.648,-0.088,0,0,0,0,0
2024-03-01 08:00:00,-37.249,-6.898,-2.276,-0.676,-0.116,0,0,0,0,0
2024-03-01 09:00:00,-37.533,-7.09,-2.305,-0.676,-0.116,0,0,0,0,0
2024-03-01 10:00:00,-38.015,-7.219,-2.334,-0.676,-0.116,0,0,0,0,0
2024-03-01 11:00:00,-38.015,-7.348,-2.334,-0.676,-0.116,0,0,0,0,0
2024-03-01 12:00:00,-38.015,-7.413,-2.363,-0.704,-0.116,0,0,0,0,0
2024-03-01 13:00:00,-38.508,-7.543,-2.392,-0.732,-0.116,0,0,0,0,0
2024-03-01 14:00:00,-39.012,-7.64,-2.421,-0.732,-0.116,0,0,0,0,0
2024-03-01 15:00:00,-38.809,-7.738,-2.45,-0.732,-0.116,0,0,0,0,0
2024-03-01 16:00:00,-39.012,-7.869,-2.45,-0.732,-0.116,0,0,0,0,0
2024-03-01 17:00:00,-39.012,-7.935,-2.479,-0.732,-0.116,0,0,0,0,0
2024-03-01 18:00:00,-38.607,-8.033,-2.537,-0.732,-0.116,0,0,0,0,0
2024-03-01 19:00:00,-34.845,-8.066,-2.596,-0.732,-0.06,0,0,0,0,0
2024-03-01 20:00:00,-31.045,-7.968,-2.654,-0.76,-0.06,0,0,0,0,0
2024-03-01 21:00:00,-28.34,-7.771,-2.712,-0.789,-0.06,0,0,0,0,0
2024-03-01 22:00:00,-25.214,-7.51,-2.742,-0.817,-0.06,0,0,0,0,0
2024-03-01 23:00:00,-25.498,-7.251,-2.771,-0.817,-0.06,0,0,0,0,0
2024-03-02 00:00:00,-24.323,-7.026,-2.771,-0.845,-0.06,0,0,0,0,0
2024-03-02 01:00:00,-24.709,-6.866,-2.771,-0.845,-0.06,0,0,0,0,0
2024-03-02 02:00:00,-24.821,-6.706,-2.771,-0.845,-0.06,0,0,0,0,0
2024-03-02 03:00:00,-27.833,-6.642,-2.742,-0.845,-0.06,0,0,0,0,0
2024-03-02 04:00:00,-29.79,-6.674,-2.742,-0.845,-0.06,0,0,0,0,0
2024-03-02 05:00:00,-32.828,-6.77,-2.712,-0.845,-0.06,0,0,0,0,0
2024-03-02 06:00:00,-32.674,-6.898,-2.712,-0.845,-0.088,0,0,0,0,0
2024-03-02 07:00:00,-34.427,-7.026,-2.712,-0.873,-0.088,0,0,0,0,0
2024-03-02 08:00:00,-34.427,-7.155,-2.742,-0.873,-0.088,0,0,0,0,0
2024-03-02 09:00:00,-35.185,-7.284,-2.742,-0.902,-0.116,0,0,0,0,0
2024-03-02 10:00:00,-35.793,-7.348,-2.771,-0.902,-0.116,0,0,0,0,0
2024-03-02 11:00:00,-35.185,-7.478,-2.771,-0.902,-0.116,0,0,0,0,0
2024-03-02 12:00:00,-34.93,-7.51,-2.8,-0.902,-0.116,0,0,0,0,0
2024-03-02 13:00:00,-36.148,-7.608,-2.8,-0.958,-0.116,0,0,0,0,0
2024-03-02 14:00:00,-34.593,-7.64,-2.83,-0.958,-0.116,0,0,0,0,0
2024-03-02 15:00:00,-35.1,-7.673,-2.859,-0.958,-0.116,0,0,0,0,0
2024-03-02 16:00:00,-35.531,-7.673,-2.859,-0.958,-0.116,0,0,0,0,0
2024-03-02 17:00:00,-35.1,-7.738,-2.888,-0.958,-0.116,0,0,0,0,0
2024-03-02 18:00:00,-33.774,-7.771,-2.888,-0.958,-0.116,0,0,0,0,0
2024-03-02 19:00:00,-29.927,-7.738,-2.947,-0.986,-0.06,0,0,0,0,0
2024-03-02 20:00:00,-26.312,-7.64,-3.006,-1.043,-0.088,0,0,0,0,0
2024-03-02 21:00:00,-24.051,-7.413,-3.065,-1.043,-0.088,0,0,0,0,0
2024-03-02 22:00:00,-21.518,-7.155,-3.065,-1.071,-0.088,0,0,0,0,0
2024-03-02 23:00:00,-19.285,-6.93,-3.065,-1.1,-0.088,0,0,0,0,0
2024-03-03 00:00:00,-17.381,-6.674,-3.094,-1.1,-0.116,0,0,0,0,0
2024-03-03 01:00:00,-16.997,-6.483,-3.094,-1.1,-0.116,0,0,0,0,0
2024-03-03 02:00:00,-18.697,-6.294,-3.065,-1.1,-0.088,0,0,0,0,0
2024-03-03 03:00:00,-22.168,-6.168,-3.035,-1.1,-0.116,0,0,0,0,0
2024-03-03 04:00:00,-25.671,-6.105,-3.006,-1.1,-0.116,0,0,0,0,0
2024-03-03 05:00:00,-26.312,-6.136,-3.006,-1.1,-0.116,0,0,0,0,0
2024-03-03 06:00:00,-25.101,-6.168,-3.006,-1.128,-0.116,0,0,0,0,0
2024-03-03 07:00:00,-25.327,-6.199,-3.006,-1.128,-0.116,0,0,0,0,0
2024-03-03 08:00:00,-26.019,-6.231,-3.006,-1.128,-0.116,0,0,0,0,0
2024-03-03 09:00:00,-23.356,-6.231,-3.006,-1.128,-0.088,0,0,0,0,0
2024-03-03 10:00:00,-25.441,-6.199,-3.006,-1.157,-0.116,0,0,0,0,0
2024-03-03 11:00:00,-23.462,-6.168,-3.006,-1.157,-0.116,0,0,0,0,0
2024-03-03 12:00:00,-22.833,-6.042,-3.035,-1.185,-0.116,0,0,0,0,0
2024-03-03 13:00:00,-22.473,-5.948,-3.006,-1.185,-0.116,0,0,0,0,0
2024-03-03 14:00:00,-22.833,-5.916,-3.006,-1.185,-0.116,0,0,0,0,0
2024-03-03 15:00:00,-22.371,-5.854,-3.006,-1.185,-0.116,0,0,0,0,0
2024-03-03 16:00:00,-21.966,-5.791,-3.006,-1.185,-0.116,0,0,0,0,0
2024-03-03 17:00:00,-21.223,-5.76,-3.006,-1.213,-0.116,0,0,0,0,0
2024-03-03 18:00:00,-20.356,-5.667,-3.006,-1.213,-0.116,0,0,0,0,0
2024-03-03 19:00:00,-17.338,-5.636,-3.006,-1.242,-0.143,0,0,0,0,0
2024-03-03 20:00:00,-15.628,-5.542,-3.006,-1.27,-0.171,0,0,0,0,0
2024-03-03 21:00:00,-14.945,-5.449,-3.006,-1.27,-0.171,0,0,0,0,0
2024-03-03 22:00:00,-14.275,-5.357,-3.006,-1.299,-0.171,0,0,0,0,0
2024-03-03 23:00:00,-14.004,-5.264,-3.006,-1.299,-0.171,0,0,0,0,0
2024-03-04 00:00:00,-14.471,-5.202,-2.976,-1.299,-0.199,0,0,0,0,0
2024-03-04 01:00:00,-14.314,-5.11,-2.976,-1.299,-0.171,0,0,0,0,0
2024-03-04 02:00:00,-13.849,-5.049,-2.976,-1.299,-0.199,0,0,0,0,0
2024-03-04 03:00:00,-15.104,-4.957,-2.947,-1.299,-0.171,0,0,0,0,0
2024-03-04 04:00:00,-15.264,-4.865,-2.947,-1.299,-0.199,0,0,0,0,0
2024-03-04 05:00:00,-15.628,-4.804,-2.918,-1.327,-0.199,0,0,0,0,0
2024-03-04 06:00:00,-15.75,-4.773,-2.918,-1.327,-0.199,0,0,0,0,0
2024-03-04 07:00:00,-15.996,-4.712,-2.888,-1.327,-0.199,0,0,0,0,0
2024-03-04 08:00:00,-15.954,-4.682,-2.888,-1.327,-0.199,0,0,0,0,0
2024-03-04 09:00:00,-15.669,-4.621,-2.888,-1.327,-0.199,0,0,0,0,0
2024-03-04 10:00:00,-15.709,-4.621,-2.859,-1.327,-0.227,0,0,0,0,0
2024-03-04 11:00:00,-15.75,-4.56,-2.859,-1.327,-0.227,0,0,0,0,0
2024-03-04 12:00:00,-15.873,-4.499,-2.83,-1.327,-0.227,0,0,0,0,0
2024-03-04 13:00:00,-15.832,-4.469,-2.83,-1.327,-0.227,0,0,0,0,0
2024-03-04 14:00:00,-15.791,-4.439,-2.83,-1.327,-0.227,0,0,0,0,0
2024-03-04 15:00:00,-16.492,-4.408,-2.8,-1.327,-0.227,0,0,0,0,0
2024-03-04 16:00:00,-16.451,-4.378,-2.771,-1.327,-0.227,0,0,0,0,0
2024-03-04 17:00:00,-15.996,-4.378,-2.771,-1.327,-0.227,0,0,0,0,0
2024-03-04 18:00:00,-14.905,-4.318,-2.771,-1.327,-0.227,0,0,0,0,0
2024-03-04 19:00:00,-13.772,-4.318,-2.771,-1.327,-0.255,0,0,0,0,0
2024-03-04 20:00:00,-12.639,-4.257,-2.742,-1.327,-0.255,0,0,0,0,0
2024-03-04 21:00:00,-11.397,-4.197,-2.742,-1.356,-0.255,0,0,0,0,0
2024-03-04 22:00:00,-10.863,-4.167,-2.712,-1.356,-0.283,0,0,0,0,0
2024-03-04 23:00:00,-10.231,-4.137,-2.712,-1.356,-0.283,0,0,0,0,0
2024-03-05 00:00:00,-9.576,-4.076,-2.712,-1.356,-0.283,0,0,0,0,0
2024-03-05 01:00:00,-9.303,-4.016,-2.683,-1.356,-0.283,0,0,0,0,0
2024-03-05 02:00:00,-10.406,-3.986,-2.654,-1.356,-0.283,0,0,0,0,0
2024-03-05 03:00:00,-10.934,-3.956,-2.654,-1.356,-0.283,0,0,0,0,0
2024-03-05 04:00:00,-11.04,-3.896,-2.654,-1.327,-0.283,0,0,0,0,0
2024-03-05 05:00:00,-11.005,-3.896,-2.654,-1.356,-0.283,0,0,0,0,0
2024-03-05 06:00:00,-11.326,-3.836,-2.625,-1.327,-0.283,0,0,0,0,0
2024-03-05 07:00:00,-12.049,-3.836,-2.596,-1.327,-0.283,0,0,0,0,0
2024-03-05 08:00:00,-11.94,-3.807,-2.596,-1.327,-0.311,0,0,0,0,0
2024-03-05 09:00:00,-11.505,-3.777,-2.596,-1.327,-0.311,0,0,0,0,0
2024-03-05 10:00:00,-12.049,-3.777,-2.566,-1.327,-0.311,0,0,0,0,0
2024-03-05 11:00:00,-11.867,-3.777,-2.566,-1.327,-0.311,0,0,0,0,0
2024-03-05 12:00:00,-12.38,-3.717,-2.537,-1.327,-0.311,0,0,0,0,0
2024-03-05 13:00:00,-12.863,-3.717,-2.537,-1.327,-0.311,0,0,0,0,0
2024-03-05 14:00:00,-13.126,-3.687,-2.537,-1.327,-0.311,0,0,0,0,0
2024-03-05 15:00:00,-12.863,-3.657,-2.508,-1.327,-0.311,0,0,0,0,0
2024-03-05 16:00:00,-13.619,-3.627,-2.508,-1.327,-0.311,0,0,0,0,0
2024-03-05 17:00:00,-14.275,-3.598,-2.479,-1.327,-0.311,0,0,0,0,0
2024-03-05 18:00:00,-13.849,-3.598,-2.479,-1.299,-0.311,0,0,0,0,0
2024-03-05 19:00:00,-12.9,-3.598,-2.479,-1.299,-0.311,0,0,0,0,0
2024-03-05 20:00:00,-12.38,-3.568,-2.45,-1.299,-0.339,0,0,0,0,0
2024-03-05 21:00:00,-11.505,-3.538,-2.45,-1.299,-0.339,0,0,0,0,0
2024-03-05 22:00:00,-10.371,-3.538,-2.45,-1.327,-0.339,0,0,0,0,0
2024-03-05 23:00:00,-10.058,-3.508,-2.421,-1.299,-0.339,0,0,0,0,0
2024-03-06 00:00:00,-9.989,-3.479,-2.421,-1.299,-0.339,0,0,0,0,0
2024-03-06 01:00:00,-10.441,-3.449,-2.421,-1.299,-0.339,0,0,0,0,0
2024-03-06 02:00:00,-11.04,-3.419,-2.392,-1.27,-0.339,0,0,0,0,0
2024-03-06 03:00:00,-13.05,-3.36,-2.392,-1.27,-0.339,0,0,0,0,0
2024-03-06 04:00:00,-13.696,-3.36,-2.392,-1.27,-0.339,0,0,0,0,0
2024-03-06 05:00:00,-14.004,-3.33,-2.363,-1.27,-0.339,0,0,0,0,0
2024-03-06 06:00:00,-14.865,-3.33,-2.363,-1.27,-0.339,0,0,0,0,0
2024-03-06 07:00:00,-15.832,-3.36,-2.334,-1.27,-0.339,0,0,0,0,0
2024-03-06 08:00:00,-16.744,-3.36,-2.334,-1.242,-0.339,0,0,0,0,0
2024-03-06 09:00:00,-19.103,-3.36,-2.305,-1.213,-0.311,0,0,0,0,0
2024-03-06 10:00:00,-19.24,-3.39,-2.305,-1.213,-0.311,0,0,0,0,0
2024-03-06 11:00:00,-20.786,-3.449,-2.276,-1.185,-0.311,0,0,0,0,0
2024-03-06 12:00:00,-20.786,-3.508,-2.276,-1.185,-0.311,0,0,0,0,0
2024-03-06 13:00:00,-22.833,-3.598,-2.247,-1.185,-0.283,0,0,0,0,0
2024-03-06 14:00:00,-21.816,-3.657,-2.247,-1.185,-0.311,0,0,0,0,0
2024-03-06 15:00:00,-22.575,-3.717,-2.247,-1.185,-0.283,0,0,0,0,0
2024-03-06 16:00:00,-21.966,-3.807,-2.247,-1.185,-0.311,0,0,0,0,0
2024-03-06 17:00:00,-22.117,-3.866,-2.247,-1.185,-0.311,0,0,0,0,0
2024-03-06 18:00:00,-18.787,-3.896,-2.247,-1.185,-0.311,0,0,0,0,0
2024-03-06 19:00:00,-15.104,-3.896,-2.276,-1.213,-0.339,0,0,0,0,0
2024-03-06 20:00:00,-12.565,-3.836,-2.276,-1.213,-0.367,0,0,0,0,0
2024-03-06 21:00:00,-12.788,-3.747,-2.276,-1.213,-0.367,0,0,0,0,0
2024-03-06 22:00:00,-12.196,-3.657,-2.276,-1.213,-0.367,0,0,0,0,0
2024-03-06 23:00:00,-11.326,-3.598,-2.276,-1.242,-0.395,0,0,0,0,0
2024-03-07 00:00:00,-11.326,-3.538,-2.276,-1.242,-0.395,0,0,0,0,0
2024-03-07 01:00:00,-12.528,-3.508,-2.276,-1.213,-0.395,0,0,0,0,0
2024-03-07 02:00:00,-11.722,-3.479,-2.247,-1.213,-0.395,0,0,0,0,0
2024-03-07 03:00:00,-13.772,-3.419,-2.247,-1.213,-0.395,0,0,0,0,0
2024-03-07 04:00:00,-17.467,-3.36,-2.247,-1.185,-0.339,0,0,0,0,0
2024-03-07 05:00:00,-18.652,-3.419,-2.218,-1.185,-0.339,0,0,0,0,0
2024-03-07 06:00:00,-18.697,-3.449,-2.189,-1.157,-0.339,0,0,0,0,0
2024-03-07 07:00:00,-19.746,-3.538,-2.189,-1.157,-0.395,0,0,0,0,0
2024-03-07 08:00:00,-20.499,-3.598,-2.189,-1.157,-0.395,0,0,0,0,0
2024-03-07 09:00:00,-19.933,-3.657,-2.189,-1.157,-0.395,0,0,0,0,0
2024-03-07 10:00:00,-21.223,-3.747,-2.189,-1.157,-0.395,0,0,0,0,0
2024-03-07 11:00:00,-22.371,-3.836,-2.189,-1.128,-0.395,0,0,0,0,0
2024-03-07 12:00:00,-22.833,-3.896,-2.189,-1.128,-0.395,0,0,0,0,0
2024-03-07 13:00:00,-23.621,-3.956,-2.16,-1.128,-0.395,0,0,0,0,0
2024-03-07 14:00:00,-22.833,-4.046,-2.189,-1.128,-0.395,0,0,0,0,0
2024-03-07 15:00:00,-22.885,-4.076,-2.189,-1.128,-0.395,0,0,0,0,0
2024-03-07 16:00:00,-22.067,-4.106,-2.189,-1.128,-0.395,0,0,0,0,0
2024-03-07 17:00:00,-22.937,-4.167,-2.189,-1.128,-0.395,0,0,0,0,0
2024-03-07 18:00:00,-20.69,-4.257,-2.189,-1.128,-0.395,0,0,0,0,0
2024-03-07 19:00:00,-17.04,-4.257,-2.218,-1.157,-0.395,0,0,0,0,0
2024-03-07 20:00:00,-16.828,-4.197,-2.247,-1.157,-0.395,0,0,0,0,0
2024-03-07 21:00:00,-13.315,-4.137,-2.247,-1.185,-0.395,0,0,0,0,0
2024-03-07 22:00:00,-11.903,-4.016,-2.276,-1.213,-0.395,0,0,0,0,0
2024-03-07 23:00:00,-12.269,-3.896,-2.276,-1.213,-0.395,0,0,0,0,0
2024-03-08 00:00:00,-11.505,-3.807,-2.276,-1.213,-0.395,0,0,0,0,0
2024-03-08 01:00:00,-11.469,-3.747,-2.276,-1.213,-0.395,0,0,0,0,0
2024-03-08 02:00:00,-12.565,-3.687,-2.276,-1.213,-0.395,0,0,0,0,0
2024-03-08 03:00:00,-14.786,-3.598,-2.247,-1.185,-0.395,0,0,0,0,0
2024-03-08 04:00:00,-18.12,-3.598,-2.218,-1.157,-0.395,0,0,0,0,0
2024-03-08 05:00:00,-18.208,-3.627,-2.247,-1.157,-0.395,0,0,0,0,0
2024-03-08 06:00:00,-19.058,-3.657,-2.218,-1.157,-0.395,0,0,0,0,0
2024-03-08 07:00:00,-21.866,-3.717,-2.189,-1.128,-0.395,0,0,0,0,0
2024-03-08 08:00:00,-22.168,-3.836,-2.189,-1.128,-0.395,0,0,0,0,0
2024-03-08 09:00:00,-24.269,-3.956,-2.189,-1.128,-0.395,0,0,0,0,0
2024-03-08 10:00:00,-24.214,-4.106,-2.189,-1.128,-0.395,0,0,0,0,0
2024-03-08 11:00:00,-23.997,-4.227,-2.189,-1.128,-0.395,0,0,0,0,0
2024-03-08 12:00:00,-24.488,-4.318,-2.189,-1.128,-0.395,0,0,0,0,0
2024-03-08 13:00:00,-24.932,-4.408,-2.189,-1.128,-0.395,0,0,0,0,0
2024-03-08 14:00:00,-25.613,-4.499,-2.189,-1.128,-0.395,0,0,0,0,0
2024-03-08 15:00:00,-24.543,-4.59,-2.218,-1.128,-0.395,0,0,0,0,0
2024-03-08 16:00:00,-25.728,-4.651,-2.218,-1.128,-0.395,0,0,0,0,0
2024-03-08 17:00:00,-26.136,-4.743,-2.218,-1.128,-0.395,0,0,0,0,0
2024-03-08 18:00:00,-22.729,-4.834,-2.247,-1.128,-0.395,0,0,0,0,0
2024-03-08 19:00:00,-18.922,-4.865,-2.305,-1.157,-0.395,0,0,0,0,0
2024-03-08 20:00:00,-17.51,-4.773,-2.305,-1.185,-0.395,0,0,0,0,0
2024-03-08 21:00:00,-15.832,-4.651,-2.334,-1.213,-0.395,0,0,0,0,0
2024-03-08 22:00:00,-14.471,-4.499,-2.334,-1.213,-0.423,0,0,0,0,0
2024-03-08 23:00:00,-13.277,-4.348,-2.363,-1.213,-0.423,0,0,0,0,0
2024-03-09 00:00:00,-13.619,-4.227,-2.363,-1.213,-0.423,0,0,0,0,0
2024-03-09 01:00:00,-13.811,-4.137,-2.363,-1.213,-0.423,0,0,0,0,0
2024-03-09 02:00:00,-14.12,-4.046,-2.363,-1.213,-0.423,0,0,0,0,0
2024-03-09 03:00:00,-17.51,-4.016,-2.334,-1.185,-0.395,0,0,0,0,0
2024-03-09 04:00:00,-20.786,-4.046,-2.305,-1.157,-0.395,0,0,0,0,0
2024-03-09 05:00:00,-22.269,-4.167,-2.305,-1.157,-0.395,0,0,0,0,0
2024-03-09 06:00:00,-23.409,-4.318,-2.305,-1.157,-0.395,0,0,0,0,0
2024-03-09 07:00:00,-23.568,-4.499,-2.305,-1.157,-0.395,0,0,0,0,0
2024-03-09 08:00:00,-24.378,-4.56,-2.305,-1.157,-0.395,0,0,0,0,0
2024-03-09 09:00:00,-24.932,-4.682,-2.305,-1.185,-0.395,0,0,0,0,0
2024-03-09 10:00:00,-25.671,-4.804,-2.305,-1.185,-0.395,0,0,0,0,0
2024-03-09 11:00:00,-26.49,-4.926,-2.305,-1.157,-0.395,0,0,0,0,0
2024-03-09 12:00:00,-26.431,-5.018,-2.334,-1.185,-0.395,0,0,0,0,0
2024-03-09 13:00:00,-28.149,-5.079,-2.305,-1.157,-0.395,0,0,0,0,0
2024-03-09 14:00:00,-27.959,-5.233,-2.334,-1.157,-0.395,0,0,0,0,0
2024-03-09 15:00:00,-27.771,-5.357,-2.334,-1.157,-0.395,0,0,0,0,0
2024-03-09 16:00:00,-28.276,-5.418,-2.363,-1.185,-0.395,0,0,0,0,0
2024-03-09 17:00:00,-29.121,-5.449,-2.363,-1.185,-0.395,1,0,0,0,0
2024-03-09 18:00:00,-26.019,-5.605,-2.421,-1.185,-0.395,0,0,0,0,0
2024-03-09 19:00:00,-21.37,-5.574,-2.45,-1.213,-0.395,0,0,0,0,0
2024-03-09 20:00:00,-18.967,-5.511,-2.479,-1.242,-0.423,0,0,0,0,0
2024-03-09 21:00:00,-17.21,-5.357,-2.508,-1.27,-0.423,0,0,0,0,0
2024-03-09 22:00:00,-15.75,-5.141,-2.537,-1.27,-0.451,0,0,0,0,0
2024-03-09 23:00:00,-15.305,-4.987,-2.537,-1.27,-0.451,0,0,0,0,0
2024-03-10 00:00:00,-14.865,-4.895,-2.537,-1.27,-0.451,0,0,0,0,0
2024-03-10 01:00:00,-15.264,-4.804,-2.537,-1.27,-0.451,0,0,0,0,0
2024-03-10 02:00:00,-16.409,-4.682,-2.537,-1.27,-0.423,0,0,0,0,0
2024-03-10 03:00:00,-19.103,-4.59,-2.537,-1.242,-0.423,0,0,0,0,0
2024-03-10 04:00:00,-22.269,-4.56,-2.508,-1.242,-0.423,0,0,0,0,0
2024-03-10 05:00:00,-23.25,-4.621,-2.508,-1.242,-0.423,0,0,0,0,0
2024-03-10 06:00:00,-24.821,-4.773,-2.479,-1.213,-0.423,0,0,0,0,0
2024-03-10 07:00:00,-26.253,-4.987,-2.479,-1.242,-0.423,0,0,0,0,0
2024-03-10 08:00:00,-28.34,-5.172,-2.45,-1.242,-0.423,0,0,0,0,0
2024-03-10 09:00:00,-27.959,-5.388,-2.479,-1.242,-0.423,0,0,0,0,0
2024-03-10 10:00:00,-28.469,-5.574,-2.479,-1.242,-0.451,0,0,0,0,0
2024-03-10 11:00:00,-30.619,-5.729,-2.479,-1.242,-0.451,0,0,0,0,0
2024-03-10 12:00:00,-29.995,-5.948,-2.479,-1.242,-0.451,0,0,0,0,0
2024-03-10 13:00:00,-30.063,-6.073,-2.508,-1.242,-0.451,0,0,0,0,0
2024-03-10 14:00:00,-29.722,-6.199,-2.537,-1.242,-0.451,0,0,0,0,0
2024-03-10 15:00:00,-29.79,-6.325,-2.537,-1.242,-0.451,0,0,0,0,0
2024-03-10 16:00:00,-30.619,-6.388,-2.566,-1.242,-0.451,0,0,0,0,0
2024-03-10 17:00:00,-29.32,-6.452,-2.596,-1.299,-0.451,0,0,0,0,0
2024-03-10 18:00:00,-25.214,-6.515,-2.654,-1.299,-0.451,0,0,0,0,0
2024-03-10 19:00:00,-21.174,-6.357,-2.712,-1.299,-0.451,0,0,0,0,0
2024-03-10 20:00:00,-20.309,-6.105,-2.742,-1.327,-0.451,0,0,0,0,0
2024-03-10 21:00:00,-19.058,-5.916,-2.771,-1.327,-0.479,0,0,0,0,0
2024-03-10 22:00:00,-18.12,-5.791,-2.771,-1.356,-0.479,0,0,0,0,0
2024-03-10 23:00:00,-18.252,-5.605,-2.8,-1.356,-0.479,0,0,0,0,0
2024-03-11 00:00:00,-18.34,-5.511,-2.8,-1.356,-0.479,0,0,0,0,0
2024-03-11 01:00:00,-18.563,-5.357,-2.8,-1.356,-0.479,0,0,0,0,0
2024-03-11 02:00:00,-19.331,-5.295,-2.8,-1.356,-0.479,0,0,0,0,0
2024-03-11 03:00:00,-20.404,-5.264,-2.771,-1.356,-0.479,0,0,0,0,0
2024-03-11 04:00:00,-21.716,-5.202,-2.771,-1.356,-0.479,0,0,0,0,0
2024-03-11 05:00:00,-21.567,-5.202,-2.771,-1.356,-0.479,0,0,0,0,0
2024-03-11 06:00:00,-21.816,-5.172,-2.771,-1.356,-0.479,0,0,0,0,0
2024-03-11 07:00:00,-24.932,-5.233,-2.771,-1.356,-0.451,0,0,0,0,0
2024-03-11 08:00:00,-26.194,-5.357,-2.742,-1.356,-0.451,0,0,0,0,0
2024-03-11 09:00:00,-26.49,-5.511,-2.742,-1.356,-0.451,0,0,0,0,0
2024-03-11 10:00:00,-26.077,-5.605,-2.771,-1.356,-0.451,0,0,0,0,0
2024-03-11 11:00:00,-25.786,-5.636,-2.771,-1.356,-0.479,0,0,0,0,0
2024-03-11 12:00:00,-25.498,-5.636,-2.771,-1.356,-0.451,0,0,0,0,0
2024-03-11 13:00:00,-24.378,-5.667,-2.8,-1.384,-0.479,0,0,0,0,0
2024-03-11 14:00:00,-25.214,-5.636,-2.8,-1.384,-0.479,0,0,0,0,0
2024-03-11 15:00:00,-24.598,-5.636,-2.8,-1.413,-0.507,0,0,0,0,0
2024-03-11 16:00:00,-24.105,-5.605,-2.83,-1.413,-0.507,0,0,0,0,0
2024-03-11 17:00:00,-22.678,-5.542,-2.83,-1.413,-0.507,0,0,0,0,0
2024-03-11 18:00:00,-22.32,-5.511,-2.83,-1.413,-0.507,0,0,0,0,0
2024-03-11 19:00:00,-21.174,-5.48,-2.859,-1.441,-0.507,0,0,0,0,0
2024-03-11 20:00:00,-19.746,-5.418,-2.859,-1.441,-0.507,0,0,0,0,0
2024-03-11 21:00:00,-18.742,-5.357,-2.859,-1.441,-0.535,0,0,0,0,0
2024-03-11 22:00:00,-16.828,-5.264,-2.859,-1.47,-0.535,0,0,0,0,0
2024-03-11 23:00:00,-17.295,-5.172,-2.859,-1.47,-0.535,0,0,0,0,0
2024-03-12 00:00:00,-17.64,-5.11,-2.859,-1.47,-0.535,0,0,0,0,0
2024-03-12 01:00:00,-17.467,-5.049,-2.859,-1.47,-0.535,0,0,0,0,0
2024-03-12 02:00:00,-17.683,-4.957,-2.859,-1.47,-0.535,0,0,0,0,0
2024-03-12 03:00:00,-18.607,-4.895,-2.859,-1.47,-0.535,0,0,0,0,0
2024-03-12 04:00:00,-19.886,-4.834,-2.83,-1.47,-0.535,0,0,0,0,0
2024-03-12 05:00:00,-21.272,-4.804,-2.83,-1.47,-0.535,0,0,0,0,0
2024-03-12 06:00:00,-22.937,-4.865,-2.8,-1.441,-0.507,0,0,0,0,0
2024-03-12 07:00:00,-23.889,-4.957,-2.771,-1.441,-0.507,0,0,0,0,0
2024-03-12 08:00:00,-24.654,-5.11,-2.771,-1.441,-0.535,0,0,0,0,0
2024-03-12 09:00:00,-26.431,-5.233,-2.771,-1.441,-0.535,0,0,0,0,0
2024-03-12 10:00:00,-26.669,-5.326,-2.771,-1.441,-0.535,0,0,0,0,0
2024-03-12 11:00:00,-25.327,-5.388,-2.8,-1.47,-0.535,0,0,0,0,0
2024-03-12 12:00:00,-23.781,-5.388,-2.8,-1.47,-0.535,0,0,0,0,0
2024-03-12 13:00:00,-23.889,-5.357,-2.8,-1.47,-0.563,0,0,0,0,0
2024-03-12 14:00:00,-23.145,-5.326,-2.83,-1.47,-0.563,0,0,0,0,0
2024-03-12 15:00:00,-23.145,-5.295,-2.83,-1.47,-0.563,0,0,0,0,0
2024-03-12 16:00:00,-22.678,-5.264,-2.83,-1.47,-0.563,0,0,0,0,0
2024-03-12 17:00:00,-21.223,-5.233,-2.83,-1.498,-0.563,0,0,0,0,0
2024-03-12 18:00:00,-19.515,-5.172,-2.83,-1.498,-0.563,0,0,0,0,0
2024-03-12 19:00:00,-19.469,-5.172,-2.83,-1.498,-0.563,0,0,0,0,0
2024-03-12 20:00:00,-18.652,-5.233,-2.83,-1.498,-0.591,0,0,0,0,0
2024-03-12 21:00:00,-17.295,-5.172,-2.859,-1.527,-0.591,0,0,0,0,0
2024-03-12 22:00:00,-15.506,-5.049,-2.859,-1.556,-0.62,0,0,0,0,0
2024-03-12 23:00:00,-14.707,-5.018,-2.859,-1.556,-0.62,0,0,0,0,0
2024-03-13 00:00:00,-14.197,-4.957,-2.859,-1.556,-0.62,0,0,0,0,0
2024-03-13 01:00:00,-14.549,-4.895,-2.83,-1.527,-0.591,0,0,0,0,0
2024-03-13 02:00:00,-15.024,-4.804,-2.83,-1.527,-0.591,0,0,0,0,0
2024-03-13 03:00:00,-16.744,-4.743,-2.83,-1.527,-0.591,0,0,0,0,0
2024-03-13 04:00:00,-20.642,-4.743,-2.8,-1.498,-0.591,0,0,0,0,0
2024-03-13 05:00:00,-22.781,-4.804,-2.771,-1.498,-0.563,0,0,0,0,0
2024-03-13 06:00:00,-25.045,-4.957,-2.771,-1.47,-0.563,0,0,0,0,0
2024-03-13 07:00:00,-25.498,-5.11,-2.742,-1.47,-0.563,0,0,0,0,0
2024-03-13 08:00:00,-26.669,-5.295,-2.771,-1.47,-0.563,0,0,0,0,0
2024-03-13 09:00:00,-26.019,-5.357,-2.771,-1.47,-0.591,0,0,0,0,0
2024-03-13 10:00:00,-26.194,-5.449,-2.771,-1.47,-0.563,0,0,0,0,0
2024-03-13 11:00:00,-27.398,-5.542,-2.742,-1.47,-0.563,0,0,0,0,0
2024-03-13 12:00:00,-26.55,-5.667,-2.8,-1.498,-0.591,0,0,0,0,0
2024-03-13 13:00:00,-25.157,-5.667,-2.8,-1.498,-0.62,0,0,0,0,0
2024-03-13 14:00:00,-24.105,-5.636,-2.83,-1.498,-0.62,0,0,0,0,0
2024-03-13 15:00:00,-22.937,-5.542,-2.83,-1.527,-0.62,0,0,0,0,0
2024-03-13 16:00:00,-22.422,-5.511,-2.859,-1.527,-0.62,0,0,0,0,0
2024-03-13 17:00:00,-21.966,-5.418,-2.859,-1.527,-0.62,0,0,0,0,0
2024-03-13 18:00:00,-20.12,-5.357,-2.859,-1.527,-0.62,0,0,0,0,0
2024-03-13 19:00:00,-18.429,-5.295,-2.888,-1.556,-0.62,0,0,0,0,0
2024-03-13 20:00:00,-16.326,-5.202,-2.888,-1.556,-0.648,0,0,0,0,0
2024-03-13 21:00:00,-15.832,-5.11,-2.888,-1.584,-0.648,0,0,0,0,0
2024-03-13 22:00:00,-15.064,-5.018,-2.888,-1.584,-0.648,0,0,0,0,0
2024-03-13 23:00:00,-14.826,-4.926,-2.888,-1.584,-0.676,0,0,0,0,0
2024-03-14 00:00:00,-14.589,-4.834,-2.888,-1.584,-0.676,0,0,0,0,0
2024-03-14 01:00:00,-14.945,-4.743,-2.888,-1.584,-0.676,0,0,0,0,0
2024-03-14 02:00:00,-15.104,-4.682,-2.859,-1.584,-0.676,0,0,0,0,0
2024-03-14 03:00:00,-15.628,-4.621,-2.859,-1.584,-0.676,0,0,0,0,0
2024-03-14 04:00:00,-16.284,-4.56,-2.859,-1.584,-0.648,0,0,0,0,0
2024-03-14 05:00:00,-16.87,-4.53,-2.83,-1.584,-0.648,0,0,0,0,0
2024-03-14 06:00:00,-17.424,-4.499,-2.83,-1.556,-0.648,0,0,0,0,0
2024-03-14 07:00:00,-17.988,-4.499,-2.83,-1.584,-0.676,0,0,0,0,0
2024-03-14 08:00:00,-17.683,-4.499,-2.83,-1.584,-0.676,0,0,0,0,0
2024-03-14 09:00:00,-18.164,-4.499,-2.8,-1.584,-0.676,0,0,0,0,0
2024-03-14 10:00:00,-18.697,-4.499,-2.8,-1.556,-0.648,0,0,0,0,0
2024-03-14 11:00:00,-18.652,-4.499,-2.8,-1.556,-0.676,0,0,0,0,0
2024-03-14 12:00:00,-18.652,-4.499,-2.771,-1.584,-0.676,0,0,0,0,0
2024-03-14 13:00:00,-18.742,-4.499,-2.771,-1.584,-0.676,0,0,0,0,0
2024-03-14 14:00:00,-19.24,-4.499,-2.771,-1.556,-0.676,0,0,0,0,0
2024-03-14 15:00:00,-19.7,-4.53,-2.771,-1.556,-0.676,0,0,0,0,0
2024-03-14 16:00:00,-20.073,-4.56,-2.771,-1.556,-0.676,0,0,0,0,0
2024-03-14 17:00:00,-19.561,-4.56,-2.742,-1.556,-0.676,0,0,0,0,0
2024-03-14 18:00:00,-18.652,-4.59,-2.771,-1.584,-0.676,0,0,0,0,0
2024-03-14 19:00:00,-17.597,-4.56,-2.771,-1.584,-0.704,0,0,0,0,0
2024-03-14 20:00:00,-16.492,-4.56,-2.771,-1.584,-0.704,0,0,0,0,0
2024-03-14 21:00:00,-15.466,-4.53,-2.771,-1.584,-0.704,0,0,0,0,0
2024-03-14 22:00:00,-15.144,-4.469,-2.742,-1.584,-0.704,0,0,0,0,0
2024-03-14 23:00:00,-14.707,-4.408,-2.742,-1.584,-0.704,0,0,0,0,0
2024-03-15 00:00:00,-14.707,-4.348,-2.742,-1.584,-0.704,0,0,0,0,0
2024-03-15 01:00:00,-15.024,-4.318,-2.742,-1.584,-0.704,0,0,0,0,0
2024-03-15 02:00:00,-15.587,-4.257,-2.742,-1.584,-0.704,0,0,0,0,0
2024-03-15 03:00:00,-16.326,-4.227,-2.712,-1.584,-0.704,0,0,0,0,0
2024-03-15 04:00:00,-17.727,-4.227,-2.712,-1.556,-0.676,0,0,0,0,0
2024-03-15 05:00:00,-18.832,-4.257,-2.712,-1.556,-0.676,0,0,0,0,0
2024-03-15 06:00:00,-19.607,-4.318,-2.683,-1.556,-0.676,0,0,0,0,0
2024-03-15 07:00:00,-20.931,-4.378,-2.654,-1.527,-0.676,0,0,0,0,0
2024-03-15 08:00:00,-21.567,-4.469,-2.654,-1.527,-0.676,0,0,0,0,0
2024-03-15 09:00:00,-22.781,-4.56,-2.654,-1.527,-0.676,0,0,0,0,0
2024-03-15 10:00:00,-23.041,-4.651,-2.654,-1.527,-0.676,0,0,0,0,0
2024-03-15 11:00:00,-24.488,-4.743,-2.625,-1.498,-0.676,0,0,0,0,0
2024-03-15 12:00:00,-25.556,-4.926,-2.625,-1.498,-0.676,0,0,0,0,0
2024-03-15 13:00:00,-26.431,-5.11,-2.625,-1.498,-0.676,0,0,0,0,0
2024-03-15 14:00:00,-27.833,-5.326,-2.625,-1.47,-0.676,0,0,0,0,0
2024-03-15 15:00:00,-28.727,-5.511,-2.625,-1.47,-0.676,0,0,0,0,0
2024-03-15 16:00:00,-30.201,-5.729,-2.625,-1.47,-0.676,0,0,0,0,0
2024-03-15 17:00:00,-25.384,-5.885,-2.654,-1.47,-0.676,0,0,0,0,0
2024-03-15 18:00:00,-23.093,-5.979,-2.712,-1.498,-0.676,0,0,0,0,0
2024-03-15 19:00:00,-19.746,-5.979,-2.742,-1.556,-0.704,0,0,0,0,0
2024-03-15 20:00:00,-17.338,-5.76,-2.771,-1.556,-0.732,0,0,0,0,0
2024-03-15 21:00:00,-16.618,-5.605,-2.8,-1.584,-0.732,0,0,0,0,0
2024-03-15 22:00:00,-15.104,-5.418,-2.83,-1.584,-0.76,0,0,0,0,0
2024-03-15 23:00:00,-14.984,-5.233,-2.83,-1.584,-0.732,0,0,0,0,0
2024-03-16 00:00:00,-14.081,-5.079,-2.83,-1.584,-0.732,0,0,0,0,0
2024-03-16 01:00:00,-14.432,-4.987,-2.83,-1.584,-0.732,0,0,0,0,0
2024-03-16 02:00:00,-15.425,-4.895,-2.83,-1.584,-0.732,0,0,0,0,0
2024-03-16 03:00:00,-17.082,-4.773,-2.83,-1.584,-0.732,0,0,0,0,0
2024-03-16 04:00:00,-20.214,-4.773,-2.8,-1.556,-0.732,0,0,0,0,0
2024-03-16 05:00:00,-21.567,-4.804,-2.771,-1.527,-0.732,0,0,0,0,0
2024-03-16 06:00:00,-23.462,-4.987,-2.771,-1.527,-0.704,0,0,0,0,0
2024-03-16 07:00:00,-24.932,-5.202,-2.742,-1.527,-0.732,0,0,0,0,0
2024-03-16 08:00:00,-25.214,-5.418,-2.742,-1.527,-0.732,0,0,0,0,0
2024-03-16 09:00:00,-25.498,-5.574,-2.771,-1.527,-0.732,0,0,0,0,0
2024-03-16 10:00:00,-26.371,-5.729,-2.742,-1.527,-0.732,0,0,0,0,0
2024-03-16 11:00:00,-25.671,-5.916,-2.771,-1.527,-0.704,0,0,0,0,0
2024-03-16 12:00:00,-27.708,-6.073,-2.771,-1.527,-0.732,0,0,0,0,0
2024-03-16 13:00:00,-27.584,-6.199,-2.8,-1.527,-0.732,0,0,0,0,0
2024-03-16 14:00:00,-27.337,-6.325,-2.8,-1.527,-0.732,0,0,0,0,0
2024-03-16 15:00:00,-28.923,-6.452,-2.8,-1.527,-0.732,0,0,0,0,0
2024-03-16 16:00:00,-30.132,-6.579,-2.83,-1.527,-0.732,0,0,0,0,0
2024-03-16 17:00:00,-28.213,-6.738,-2.859,-1.527,-0.732,0,0,0,0,0
2024-03-16 18:00:00,-23.462,-6.802,-2.918,-1.556,-0.732,0,0,0,0,0
2024-03-16 19:00:00,-20.026,-6.706,-2.976,-1.584,-0.732,0,0,0,0,0
2024-03-16 20:00:00,-14.786,-6.483,-3.006,-1.641,-0.76,1,0,0,0,0
2024-03-16 21:00:00,-14.081,-6.168,-3.035,-1.641,-0.789,0,0,0,0,0
2024-03-16 22:00:00,-13.163,-5.916,-3.065,-1.67,-0.789,0,0,0,0,0
2024-03-16 23:00:00,-13.39,-5.667,-3.065,-1.67,-0.789,0,0,0,0,0
2024-03-17 00:00:00,-13.657,-5.511,-3.065,-1.67,-0.789,0,0,0,0,0
2024-03-17 01:00:00,-13.163,-5.388,-3.065,-1.67,-0.789,0,0,0,0,0
2024-03-17 02:00:00,-13.315,-5.295,-3.065,-1.67,-0.789,0,0,0,0,0
2024-03-17 03:00:00,-13.696,-5.172,-3.065,-1.67,-0.789,0,0,0,0,0
2024-03-17 04:00:00,-13.811,-5.079,-3.065,-1.67,-0.789,0,0,0,0,0
2024-03-17 05:00:00,-14.081,-5.018,-3.065,-1.699,-0.789,0,0,0,0,0
2024-03-17 06:00:00,-14.197,-4.987,-3.035,-1.699,-0.789,0,0,0,0,0
2024-03-17 07:00:00,-14.314,-4.895,-3.035,-1.699,-0.789,0,0,0,0,0
2024-03-17 08:00:00,-14.275,-4.865,-3.035,-1.699,-0.789,0,0,0,0,0
2024-03-17 09:00:00,-14.236,-4.804,-3.006,-1.699,-0.789,0,0,0,0,0
2024-03-17 10:00:00,-14.353,-4.804,-3.006,-1.699,-0.817,0,0,0,0,0
2024-03-17 11:00:00,-14.628,-4.743,-3.006,-1.699,-0.817,0,0,0,0,0
2024-03-17 12:00:00,-15.104,-4.651,-3.006,-1.699,-0.817,0,0,0,0,0
2024-03-17 13:00:00,-15.305,-4.59,-2.976,-1.727,-0.817,0,0,0,0,0
2024-03-17 14:00:00,-15.144,-4.56,-2.976,-1.699,-0.817,0,0,0,0,0
2024-03-17 15:00:00,-15.385,-4.499,-2.947,-1.727,-0.817,0,0,0,0,0
2024-03-17 16:00:00,-16.037,-4.469,-2.947,-1.699,-0.817,0,0,0,0,0
2024-03-17 17:00:00,-15.024,-4.439,-2.947,-1.727,-0.817,0,0,0,0,0
2024-03-17 18:00:00,-13.888,-4.439,-2.947,-1.727,-0.817,0,0,0,0,0
2024-03-17 19:00:00,-13.581,-4.408,-2.947,-1.727,-0.817,0,0,0,0,0
2024-03-17 20:00:00,-13.543,-4.378,-2.918,-1.727,-0.845,0,0,0,0,0
2024-03-17 21:00:00,-12.676,-4.348,-2.918,-1.727,-0.845,0,0,0,0,0
2024-03-17 22:00:00,-11.541,-4.318,-2.888,-1.727,-0.845,0,0,0,0,0
2024-03-17 23:00:00,-10.686,-4.287,-2.888,-1.727,-0.845,0,0,0,0,0
2024-03-18 00:00:00,-11.722,-4.257,-2.888,-1.727,-0.845,0,0,0,0,0
2024-03-18 01:00:00,-11.505,-4.197,-2.888,-1.727,-0.845,0,0,0,0,0
2024-03-18 02:00:00,-11.686,-4.167,-2.859,-1.727,-0.845,0,0,0,0,0
2024-03-18 03:00:00,-11.686,-4.076,-2.859,-1.727,-0.845,0,0,0,0,0
2024-03-18 04:00:00,-11.831,-4.076,-2.83,-1.727,-0.845,0,0,0,0,0
2024-03-18 05:00:00,-12.863,-4.046,-2.83,-1.727,-0.845,0,0,0,0,0
2024-03-18 06:00:00,-13.657,-4.016,-2.83,-1.727,-0.845,0,0,0,0,0
2024-03-18 07:00:00,-14.826,-4.016,-2.8,-1.699,-0.845,0,0,0,0,0
2024-03-18 08:00:00,-13.581,-4.016,-2.8,-1.727,-0.873,0,0,0,0,0
2024-03-18 09:00:00,-13.05,-4.016,-2.8,-1.727,-0.873,0,0,0,0,0
2024-03-18 10:00:00,-13.428,-3.956,-2.771,-1.727,-0.873,0,0,0,0,0
2024-03-18 11:00:00,-13.696,-3.956,-2.771,-1.699,-0.873,0,0,0,0,0
2024-03-18 12:00:00,-14.197,-3.956,-2.771,-1.699,-0.873,0,0,0,0,0
2024-03-18 13:00:00,-14.667,-3.926,-2.742,-1.699,-0.873,0,0,0,0,0
2024-03-18 14:00:00,-14.549,-3.926,-2.742,-1.699,-0.873,0,0,0,0,0
2024-03-18 15:00:00,-14.589,-3.896,-2.742,-1.699,-0.873,0,0,0,0,0
2024-03-18 16:00:00,-14.589,-3.866,-2.712,-1.699,-0.873,0,0,0,0,0
2024-03-18 17:00:00,-14.353,-3.836,-2.712,-1.699,-0.873,0,0,0,0,0
2024-03-18 18:00:00,-13.696,-3.836,-2.712,-1.67,-0.873,0,0,0,0,0
2024-03-18 19:00:00,-12.863,-3.836,-2.712,-1.67,-0.873,0,0,0,0,0
2024-03-18 20:00:00,-11.867,-3.777,-2.683,-1.67,-0.873,0,0,0,0,0
2024-03-18 21:00:00,-11.397,-3.747,-2.683,-1.67,-0.873,0,0,0,0,0
2024-03-18 22:00:00,-9.713,-3.747,-2.654,-1.699,-0.902,0,0,0,0,0
2024-03-18 23:00:00,-9.851,-3.717,-2.654,-1.699,-0.902,0,0,0,0,0
2024-03-19 00:00:00,-10.266,-3.657,-2.654,-1.67,-0.873,0,0,0,0,0
2024-03-19 01:00:00,-9.851,-3.657,-2.654,-1.67,-0.902,0,0,0,0,0
2024-03-19 02:00:00,-10.792,-3.627,-2.625,-1.67,-0.873,0,0,0,0,0
2024-03-19 03:00:00,-11.903,-3.598,-2.625,-1.641,-0.873,0,0,0,0,0
2024-03-19 04:00:00,-15.75,-3.657,-2.596,-1.613,-0.845,0,0,0,0,0
2024-03-19 05:00:00,-20.12,-3.747,-2.566,-1.584,-0.845,0,0,0,0,0
2024-03-19 06:00:00,-20.12,-3.896,-2.566,-1.584,-0.845,0,0,0,0,0
2024-03-19 07:00:00,-20.356,-4.016,-2.566,-1.584,-0.845,0,0,0,0,0
2024-03-19 08:00:00,-19.561,-4.137,-2.537,-1.584,-0.845,0,0,0,0,0
2024-03-19 09:00:00,-20.547,-4.227,-2.566,-1.584,-0.845,0,0,0,0,0
2024-03-19 10:00:00,-18.877,-4.318,-2.566,-1.584,-0.845,0,0,0,0,0
2024-03-19 11:00:00,-18.652,-4.348,-2.566,-1.584,-0.845,0,0,0,0,0
2024-03-19 12:00:00,-18.296,-4.348,-2.566,-1.584,-0.845,0,0,0,0,0
2024-03-19 13:00:00,-16.828,-4.318,-2.566,-1.584,-0.845,0,0,0,0,0
2024-03-19 14:00:00,-15.996,-4.318,-2.596,-1.613,-0.845,0,0,0,0,0
2024-03-19 15:00:00,-15.184,-4.287,-2.596,-1.613,-0.873,0,0,0,0,0
2024-03-19 16:00:00,-14.432,-4.257,-2.596,-1.613,-0.873,0,0,0,0,0
2024-03-19 17:00:00,-12.751,-4.197,-2.596,-1.613,-0.873,0,0,0,0,0
2024-03-19 18:00:00,-11.758,-4.137,-2.596,-1.613,-0.902,0,0,0,0,0
2024-03-19 19:00:00,-10.266,-4.046,-2.596,-1.613,-0.902,0,0,0,0,0
2024-03-19 20:00:00,-8.663,-3.986,-2.596,-1.613,-0.902,0,0,0,0,0
2024-03-19 21:00:00,-7.187,-3.896,-2.596,-1.641,-0.902,0,0,0,0,0
2024-03-19 22:00:00,-5.542,-3.807,-2.596,-1.613,-0.902,0,0,0,0,0
2024-03-19 23:00:00,-6.105,-3.717,-2.596,-1.641,-0.902,0,0,0,0,0
2024-03-20 00:00:00,-5.049,-3.657,-2.596,-1.641,-0.902,0,0,0,0,0
2024-03-20 01:00:00,-6.452,-3.598,-2.566,-1.613,-0.902,0,0,0,0,0
2024-03-20 02:00:00,-7.122,-3.538,-2.566,-1.613,-0.902,0,0,0,0,0
2024-03-20 03:00:00,-8.066,-3.508,-2.566,-1.613,-0.902,0,0,0,0,0
2024-03-20 04:00:00,-8.864,-3.479,-2.537,-1.613,-0.902,0,0,0,0,0
2024-03-20 05:00:00,-9.816,-3.479,-2.537,-1.613,-0.902,0,0,0,0,0
2024-03-20 06:00:00,-9.371,-3.479,-2.537,-1.613,-0.902,0,0,0,0,0
2024-03-20 07:00:00,-9.033,-3.479,-2.508,-1.613,-0.902,0,0,0,0,0
2024-03-20 08:00:00,-9.576,-3.479,-2.508,-1.613,-0.902,0,0,0,0,0
2024-03-20 09:00:00,-9.303,-3.479,-2.508,-1.613,-0.902,0,0,0,0,0
2024-03-20 10:00:00,-9.1,-3.508,-2.508,-1.613,-0.902,0,0,0,0,0
2024-03-20 11:00:00,-9.542,-3.538,-2.479,-1.613,-0.902,0,0,0,0,0
2024-03-20 12:00:00,-12.269,-3.508,-2.479,-1.584,-0.873,0,0,0,0,0
2024-03-20 13:00:00,-12.343,-3.479,-2.45,-1.584,-0.873,0,0,0,0,0
2024-03-20 14:00:00,-12.343,-3.479,-2.45,-1.584,-0.902,0,0,0,0,0
2024-03-20 15:00:00,-12.343,-3.479,-2.45,-1.584,-0.902,0,0,0,0,0
2024-03-20 16:00:00,-12.417,-3.479,-2.45,-1.584,-0.873,0,0,0,0,0
2024-03-20 17:00:00,-11.577,-3.449,-2.45,-1.556,-0.873,0,0,0,0,0
2024-03-20 18:00:00,-9.679,-3.419,-2.421,-1.584,-0.902,0,0,0,0,0
2024-03-20 19:00:00,-6.294,-3.39,-2.421,-1.584,-0.902,0,0,0,0,0
2024-03-20 20:00:00,-5.636,-3.36,-2.421,-1.613,-0.93,0,0,0,0,0
2024-03-20 21:00:00,-3.598,-3.538,-2.654,-1.842,-1.27,0,0,0,0,0
2024-03-20 22:00:00,-2.015,-3.479,-2.654,-1.842,-1.213,0,0,0,0,0
2024-03-20 23:00:00,-1.727,-3.36,-2.654,-1.842,-1.213,0,0,0,0,0
2024-03-21 00:00:00,-1.842,-3.36,-2.654,-1.842,-1.213,0,0,0,0,0
2024-03-21 01:00:00,-1.727,-3.301,-2.654,-1.842,-1.213,0,0,0,0,0
2024-03-21 02:00:00,-2.421,-3.242,-2.654,-1.842,-1.213,0,0,0,0,0
2024-03-21 03:00:00,-3.006,-3.242,-2.654,-1.842,-1.213,0,0,0,0,0
2024-03-21 04:00:00,-3.836,-3.242,-2.654,-1.842,-1.27,0,0,0,0,0
2024-03-21 05:00:00,-3.598,-3.242,-2.596,-1.842,-1.27,0,0,0,0,0
2024-03-21 06:00:00,-3.956,-3.124,-2.596,-1.842,-1.27,0,0,0,0,0
2024-03-21 07:00:00,-3.717,-3.124,-2.596,-1.842,-1.27,0,0,0,0,0
2024-03-21 08:00:00,-3.598,-3.124,-2.596,-1.842,-1.27,0,0,0,0,0
2024-03-21 09:00:00,-3.598,-3.124,-2.596,-1.842,-1.27,0,0,0,0,0
2024-03-21 10:00:00,-3.301,-3.124,-2.537,-1.842,-1.27,0,0,0,0,0
2024-03-21 11:00:00,-3.777,-3.124,-2.537,-1.842,-1.213,0,0,0,0,0
2024-03-21 12:00:00,-3.598,-3.124,-2.537,-1.785,-1.213,0,0,0,0,0
2024-03-21 13:00:00,-3.242,-3.065,-2.537,-1.785,-1.213,0,0,0,0,0
2024-03-21 14:00:00,-3.242,-3.065,-2.537,-1.727,-1.27,0,0,0,0,0
2024-03-21 15:00:00,-3.065,-3.065,-2.537,-1.727,-1.213,0,0,0,0,0
2024-03-21 16:00:00,-4.016,-3.006,-2.537,-1.727,-1.27,0,0,0,0,0
2024-03-21 17:00:00,-4.743,-3.006,-2.537,-1.727,-1.27,0,0,0,0,0
2024-03-21 18:00:00,-3.242,-3.006,-2.537,-1.785,-1.27,0,0,0,0,0
2024-03-21 19:00:00,-1.727,-2.947,-2.479,-1.727,-1.213,0,0,0,0,0
2024-03-21 20:00:00,-1.043,-2.888,-2.421,-1.727,-1.213,0,0,0,0,0
2024-03-21 21:00:00,0.301,-2.888,-2.421,-1.727,-1.213,0,0,0,0,0
2024-03-21 22:00:00,1.071,-2.888,-2.421,-1.727,-1.213,0,0,0,0,0
2024-03-21 23:00:00,2.69,-2.888,-2.421,-1.727,-1.213,0,0,0,0,0
2024-03-22 00:00:00,1.398,-2.83,-2.421,-1.727,-1.157,0,0,0,0,0
2024-03-22 01:00:00,1.398,-2.83,-2.421,-1.727,-1.213,0,0,0,0,0
2024-03-22 02:00:00,0.962,-2.83,-2.421,-1.727,-1.213,0,0,0,0,0
2024-03-22 03:00:00,0.742,-2.83,-2.421,-1.727,-1.213,0,0,0,0,0
2024-03-22 04:00:00,-0.704,-2.771,-2.421,-1.727,-1.213,0,0,0,0,0
2024-03-22 05:00:00,-0.032,-2.771,-2.421,-1.727,-1.213,0,0,0,0,0
2024-03-22 06:00:00,0.079,-2.771,-2.421,-1.727,-1.213,0,0,0,0,0
2024-03-22 07:00:00,-1.27,-2.771,-2.421,-1.727,-1.213,0,0,0,0,0
2024-03-22 08:00:00,-1.842,-2.771,-2.421,-1.727,-1.213,0,0,0,0,0
2024-03-22 09:00:00,-1.613,-2.771,-2.363,-1.727,-1.213,0,0,0,0,0
2024-03-22 10:00:00,-2.421,-2.771,-2.363,-1.727,-1.213,0,0,0,0,0
2024-03-22 11:00:00,-1.842,-2.771,-2.363,-1.727,-1.213,0,0,0,0,0
2024-03-22 12:00:00,-2.918,-2.537,-2.102,-1.47,-0.93,0,0,0,0,0
2024-03-22 13:00:00,-4.318,-2.537,-2.102,-1.47,-0.902,0,0,0,0,0
2024-03-22 14:00:00,-4.926,-2.508,-2.102,-1.441,-0.902,0,0,0,0,0
2024-03-22 15:00:00,-7.575,-2.508,-2.073,-1.441,-0.873,0,0,0,0,0
2024-03-22 16:00:00,-8.099,-2.508,-2.073,-1.413,-0.873,0,0,0,0,0
2024-03-22 17:00:00,-4.469,-2.508,-2.073,-1.413,-0.873,0,0,0,0,0
2024-03-22 18:00:00,-3.598,-2.508,-2.073,-1.441,-0.902,0,0,0,0,0
2024-03-22 19:00:00,0.356,-2.508,-2.073,-1.441,-0.93,0,0,0,0,0
2024-03-22 20:00:00,3.591,-2.654,-2.305,-1.727,-1.157,0,0,0,0,0
2024-03-22 21:00:00,3.854,-2.654,-2.189,-1.613,-1.157,0,0,0,0,0
2024-03-22 22:00:00,4.895,-2.596,-2.189,-1.613,-1.157,0,0,0,0,0
2024-03-22 23:00:00,4.115,-2.596,-2.189,-1.67,-1.157,0,0,0,0,0
2024-03-23 00:00:00,4.636,-2.537,-2.189,-1.613,-1.157,0,0,0,0,0
2024-03-23 01:00:00,5.719,-2.537,-2.189,-1.613,-1.157,0,0,0,0,0
2024-03-23 02:00:00,3.116,-2.537,-2.189,-1.613,-1.157,0,0,0,0,0
2024-03-23 03:00:00,2.477,-2.537,-2.189,-1.613,-1.157,0,0,0,0,0
2024-03-23 04:00:00,0.797,-2.537,-2.189,-1.67,-1.157,0,0,0,0,0
2024-03-23 05:00:00,-0.255,-2.537,-2.189,-1.67,-1.157,0,0,0,0,0
2024-03-23 06:00:00,-0.032,-2.537,-2.189,-1.67,-1.157,0,0,0,0,0
2024-03-23 07:00:00,1.398,-2.537,-2.189,-1.67,-1.157,0,0,0,0,0
2024-03-23 08:00:00,1.071,-2.479,-2.189,-1.67,-1.157,0,0,0,0,0
2024-03-23 09:00:00,0.412,-2.421,-2.189,-1.613,-1.157,0,0,0,0,0
2024-03-23 10:00:00,-0.255,-2.421,-2.189,-1.613,-1.157,0,0,0,0,0
2024-03-23 11:00:00,-0.367,-2.421,-2.189,-1.613,-1.157,0,0,0,0,0
2024-03-23 12:00:00,-0.817,-2.421,-2.189,-1.613,-1.157,0,0,0,0,0
2024-03-23 13:00:00,-1.157,-2.421,-2.189,-1.613,-1.157,0,0,0,0,0
2024-03-23 14:00:00,-1.27,-2.421,-2.189,-1.613,-1.157,0,0,0,0,0
2024-03-23 15:00:00,-3.956,-2.189,-1.929,-1.356,-0.873,0,0,0,0,0
2024-03-23 16:00:00,-6.357,-2.189,-1.929,-1.327,-0.873,0,0,0,0,0
2024-03-23 17:00:00,-3.956,-2.218,-1.929,-1.356,-0.873,0,0,0,0,0
2024-03-23 18:00:00,-2.247,-2.247,-1.929,-1.356,-0.873,0,0,0,0,0
2024-03-23 19:00:00,-1.498,-2.218,-1.929,-1.356,-0.873,0,0,0,0,0
2024-03-23 20:00:00,0.962,-2.218,-1.9,-1.356,-0.902,0,0,0,0,0
2024-03-23 21:00:00,1.398,-2.421,-2.131,-1.613,-1.157,0,0,0,0,0
2024-03-23 22:00:00,3.38,-2.363,-2.073,-1.556,-1.157,0,0,0,0,0
2024-03-23 23:00:00,3.38,-2.305,-2.073,-1.498,-1.157,0,0,0,0,0
2024-03-24 00:00:00,3.009,-2.305,-2.073,-1.556,-1.157,0,0,0,0,0
2024-03-24 01:00:00,3.643,-2.305,-2.073,-1.498,-1.157,0,0,0,0,0
2024-03-24 02:00:00,3.221,-2.189,-2.073,-1.556,-1.157,0,0,0,0,0
2024-03-24 03:00:00,2.047,-2.305,-2.073,-1.556,-1.157,0,0,0,0,0
2024-03-24 04:00:00,0.742,-2.305,-2.073,-1.613,-1.157,0,0,0,0,0
2024-03-24 05:00:00,0.632,-2.189,-2.073,-1.613,-1.157,0,0,0,0,0
2024-03-24 06:00:00,1.724,-2.189,-2.073,-1.556,-1.157,0,0,0,0,0
2024-03-24 07:00:00,0.522,-2.189,-2.073,-1.556,-1.157,0,0,0,0,0
2024-03-24 08:00:00,1.398,-2.189,-2.073,-1.556,-1.157,0,0,0,0,0
2024-03-24 09:00:00,1.94,-2.189,-2.073,-1.556,-1.157,0,0,0,0,0
2024-03-24 10:00:00,2.477,-2.189,-2.073,-1.556,-1.157,0,0,0,0,0
2024-03-24 11:00:00,1.507,-2.189,-2.073,-1.498,-1.157,0,0,0,0,0
2024-03-24 12:00:00,1.398,-2.189,-2.073,-1.556,-1.157,0,0,0,0,0
2024-03-24 13:00:00,2.155,-2.189,-2.015,-1.498,-1.157,0,0,0,0,0
2024-03-24 14:00:00,2.316,-2.189,-2.015,-1.498,-1.157,0,0,0,0,0
2024-03-24 15:00:00,2.477,-2.189,-2.015,-1.498,-1.157,0,0,0,0,0
2024-03-24 16:00:00,2.477,-2.189,-2.015,-1.498,-1.157,0,0,0,0,0
2024-03-24 17:00:00,2.53,-2.189,-2.015,-1.498,-1.157,0,0,0,0,0
2024-03-24 18:00:00,4.063,-2.189,-1.958,-1.498,-1.157,0,0,0,0,0
2024-03-24 19:00:00,3.591,-2.131,-1.958,-1.498,-1.1,0,0,0,0,0
2024-03-24 20:00:00,3.538,-2.131,-1.958,-1.498,-1.1,0,0,0,0,0
2024-03-24 21:00:00,4.584,-2.131,-1.958,-1.498,-1.1,0,0,0,0,0
2024-03-24 22:00:00,4.999,-2.073,-1.958,-1.498,-1.1,0,0,0,0,0
2024-03-24 23:00:00,5.462,-2.073,-1.958,-1.498,-1.1,0,0,0,0,0
2024-03-25 00:00:00,5.616,-2.073,-1.958,-1.498,-1.1,0,0,0,0,0
2024-03-25 01:00:00,4.895,-2.073,-1.958,-1.498,-1.1,0,0,0,0,0
2024-03-25 02:00:00,4.48,-2.073,-1.958,-1.498,-1.1,0,0,0,0,0
2024-03-25 03:00:00,3.801,-2.073,-1.958,-1.498,-1.1,0,0,0,0,0
2024-03-25 04:00:00,2.69,-2.073,-1.958,-1.498,-1.1,0,0,0,0,0
2024-03-25 05:00:00,1.071,-2.073,-1.958,-1.498,-1.157,0,0,0,0,0
2024-03-25 06:00:00,0.522,-2.015,-1.958,-1.498,-1.1,0,0,0,0,0
2024-03-25 07:00:00,-0.817,-2.073,-1.958,-1.498,-1.157,0,0,0,0,0
2024-03-25 08:00:00,0.522,-2.015,-1.958,-1.498,-1.157,0,0,0,0,0
2024-03-25 09:00:00,0.742,-2.015,-1.958,-1.498,-1.1,0,0,0,0,0
2024-03-25 10:00:00,0.301,-2.015,-1.958,-1.498,-1.157,0,0,0,0,0
2024-03-25 11:00:00,-1.242,-1.814,-1.67,-1.213,-0.845,0,0,0,0,0
2024-03-25 12:00:00,-1.27,-1.814,-1.67,-1.213,-0.845,0,0,0,0,0
2024-03-25 13:00:00,-1.986,-1.785,-1.67,-1.213,-0.845,0,0,0,0,0
2024-03-25 14:00:00,-2.334,-1.785,-1.67,-1.213,-0.845,0,0,0,0,0
2024-03-25 15:00:00,-1.1,-1.785,-1.67,-1.213,-0.845,0,0,0,0,0
2024-03-25 16:00:00,-1.213,-1.785,-1.67,-1.213,-0.845,0,0,0,0,0
2024-03-25 17:00:00,-0.902,-1.785,-1.67,-1.213,-0.845,0,0,0,0,0
2024-03-25 18:00:00,0.329,-1.756,-1.67,-1.213,-0.873,0,0,0,0,0
2024-03-25 19:00:00,2.477,-1.958,-1.842,-1.441,-1.1,0,0,0,0,0
2024-03-25 20:00:00,4.168,-1.958,-1.842,-1.384,-1.043,0,0,0,0,0
2024-03-25 21:00:00,4.376,-1.9,-1.842,-1.384,-1.043,0,0,0,0,0
2024-03-25 22:00:00,4.376,-1.842,-1.842,-1.384,-1.043,0,0,0,0,0
2024-03-25 23:00:00,4.272,-1.9,-1.842,-1.384,-1.043,0,0,0,0,0
2024-03-26 00:00:00,4.168,-1.9,-1.842,-1.384,-1.043,0,0,0,0,0
2024-03-26 01:00:00,2.903,-1.9,-1.842,-1.384,-1.043,0,0,0,0,0
2024-03-26 02:00:00,2.37,-1.842,-1.842,-1.384,-1.043,0,0,0,0,0
2024-03-26 03:00:00,1.832,-1.842,-1.842,-1.384,-1.043,0,0,0,0,0
2024-03-26 04:00:00,0.962,-1.842,-1.842,-1.384,-1.043,0,0,0,0,0
2024-03-26 05:00:00,-0.367,-1.842,-1.842,-1.384,-1.043,0,0,0,0,0
2024-03-26 06:00:00,-0.817,-1.842,-1.842,-1.384,-1.043,0,0,0,0,0
2024-03-26 07:00:00,-2.189,-1.842,-1.842,-1.384,-1.043,0,0,0,0,0
2024-03-26 08:00:00,-3.006,-1.641,-1.584,-1.157,-0.817,0,0,0,0,0
2024-03-26 09:00:00,-3.717,-1.641,-1.584,-1.157,-0.817,0,0,0,0,0
2024-03-26 10:00:00,-4.076,-1.641,-1.556,-1.157,-0.817,0,0,0,0,0
2024-03-26 11:00:00,-5.357,-1.613,-1.556,-1.128,-0.789,0,0,0,0,0
2024-03-26 12:00:00,-6.706,-1.613,-1.556,-1.128,-0.789,0,0,0,0,0
2024-03-26 13:00:00,-6.994,-1.641,-1.556,-1.128,-0.789,0,0,0,0,0
2024-03-26 14:00:00,-5.667,-1.67,-1.556,-1.128,-0.789,0,0,0,0,0
2024-03-26 15:00:00,-4.167,-1.67,-1.556,-1.157,-0.817,0,0,0,0,0
2024-03-26 16:00:00,-3.479,-1.67,-1.556,-1.157,-0.817,0,0,0,0,0
2024-03-26 17:00:00,-2.771,-1.67,-1.527,-1.157,-0.817,0,0,0,0,0
2024-03-26 18:00:00,-1.47,-1.67,-1.527,-1.157,-0.817,0,0,0,0,0
2024-03-26 19:00:00,1.561,-1.584,-1.498,-1.157,-0.817,0,0,0,0,0
2024-03-26 20:00:00,3.168,-1.727,-1.727,-1.27,-1.043,0,0,0,0,0
2024-03-26 21:00:00,4.532,-1.727,-1.727,-1.27,-1.043,0,0,0,0,0
2024-03-26 22:00:00,4.48,-1.727,-1.727,-1.27,-1.043,0,0,0,0,0
2024-03-26 23:00:00,4.376,-1.727,-1.727,-1.27,-1.043,0,0,0,0,0
2024-03-27 00:00:00,4.584,-1.727,-1.727,-1.27,-1.043,0,0,0,0,0
2024-03-27 01:00:00,4.792,-1.727,-1.727,-1.27,-1.043,0,0,0,0,0
2024-03-27 02:00:00,3.749,-1.727,-1.727,-1.27,-1.043,0,0,0,0,0
2024-03-27 03:00:00,3.221,-1.727,-1.727,-1.27,-1.043,0,0,0,0,0
2024-03-27 04:00:00,2.584,-1.727,-1.727,-1.27,-1.043,0,0,0,0,0
2024-03-27 05:00:00,2.047,-1.727,-1.727,-1.27,-1.043,0,0,0,0,0
2024-03-27 06:00:00,0.962,-1.727,-1.727,-1.27,-1.043,0,0,0,0,0
2024-03-27 07:00:00,0.522,-1.727,-1.727,-1.27,-1.043,0,0,0,0,0
2024-03-27 08:00:00,1.832,-1.727,-1.727,-1.27,-1.043,0,0,0,0,0
2024-03-27 09:00:00,1.235,-1.67,-1.727,-1.27,-1.043,0,0,0,0,0
2024-03-27 10:00:00,-0.817,-1.67,-1.727,-1.27,-1.043,0,0,0,0,0
2024-03-27 11:00:00,-1.384,-1.47,-1.47,-1.1,-0.789,0,0,0,0,0
2024-03-27 12:00:00,-1.498,-1.498,-1.47,-1.1,-0.789,0,0,0,0,0
2024-03-27 13:00:00,-1.958,-1.47,-1.47,-1.1,-0.789,0,0,0,0,0
2024-03-27 14:00:00,-1.727,-1.47,-1.441,-1.1,-0.789,0,0,0,0,0
2024-03-27 15:00:00,-2.421,-1.47,-1.441,-1.1,-0.789,0,0,0,0,0
2024-03-27 16:00:00,-1.441,-1.441,-1.441,-1.1,-0.789,0,0,0,0,0
2024-03-27 17:00:00,-0.62,-1.441,-1.441,-1.1,-0.789,0,0,0,0,0
2024-03-27 18:00:00,-0.535,-1.613,-1.67,-1.27,-1.043,0,0,0,0,0
2024-03-27 19:00:00,0.135,-1.613,-1.67,-1.27,-1.043,0,0,0,0,0
2024-03-27 20:00:00,0.632,-1.613,-1.613,-1.27,-1.043,0,0,0,0,0
2024-03-27 21:00:00,1.398,-1.613,-1.613,-1.27,-1.043,0,0,0,0,0
2024-03-27 22:00:00,3.221,-1.613,-1.613,-1.27,-0.986,0,0,0,0,0
2024-03-27 23:00:00,2.903,-1.556,-1.613,-1.27,-0.986,0,0,0,0,0
2024-03-28 00:00:00,2.797,-1.498,-1.613,-1.27,-1.043,0,0,0,0,0
2024-03-28 01:00:00,0.797,-1.556,-1.613,-1.27,-1.043,0,0,0,0,0
2024-03-28 02:00:00,-0.76,-1.556,-1.613,-1.27,-1.043,0,0,0,0,0
2024-03-28 03:00:00,-1.27,-1.556,-1.613,-1.27,-1.043,0,0,0,0,0
2024-03-28 04:00:00,-1.498,-1.498,-1.613,-1.27,-1.043,0,0,0,0,0
2024-03-28 05:00:00,-1.842,-1.556,-1.613,-1.27,-1.043,0,0,0,0,0
2024-03-28 06:00:00,-2.189,-1.556,-1.613,-1.27,-1.043,0,0,0,0,0
2024-03-28 07:00:00,-2.421,-1.556,-1.613,-1.27,-1.043,0,0,0,0,0
2024-03-28 08:00:00,-2.421,-1.498,-1.613,-1.27,-1.043,0,0,0,0,0
2024-03-28 09:00:00,-2.771,-1.498,-1.613,-1.27,-1.043,0,0,0,0,0
2024-03-28 10:00:00,-3.124,-1.327,-1.356,-1.043,-0.76,0,0,0,0,0
2024-03-28 11:00:00,-3.183,-1.327,-1.356,-1.043,-0.76,0,0,0,0,0
2024-03-28 12:00:00,-3.598,-1.327,-1.356,-1.043,-0.76,0,0,0,0,0
2024-03-28 13:00:00,-3.896,-1.327,-1.356,-1.043,-0.76,0,0,0,0,0
2024-03-28 14:00:00,-4.016,-1.327,-1.356,-1.043,-0.76,0,0,0,0,0
2024-03-28 15:00:00,-4.016,-1.299,-1.356,-1.015,-0.76,0,0,0,0,0
2024-03-28 16:00:00,-3.717,-1.299,-1.327,-1.015,-0.76,0,0,0,0,0
2024-03-28 17:00:00,-3.124,-1.27,-1.327,-1.015,-0.76,0,0,0,0,0
2024-03-28 18:00:00,-2.888,-1.27,-1.327,-1.015,-0.76,0,0,0,0,0
2024-03-28 19:00:00,-2.712,-1.27,-1.327,-1.015,-0.76,0,0,0,0,0
2024-03-28 20:00:00,-2.537,-1.498,-1.613,-1.27,-1.043,0,0,0,0,0
2024-03-28 21:00:00,-2.189,-1.498,-1.498,-1.27,-1.043,0,0,0,0,0
2024-03-28 22:00:00,-1.498,-1.498,-1.498,-1.27,-1.043,0,0,0,0,0
2024-03-28 23:00:00,-1.498,-1.441,-1.498,-1.27,-1.043,0,0,0,0,0
2024-03-29 00:00:00,-1.384,-1.441,-1.498,-1.27,-1.043,0,0,0,0,0
2024-03-29 01:00:00,-1.213,-1.441,-1.498,-1.27,-1.043,0,0,0,0,0
2024-03-29 02:00:00,-1.27,-1.441,-1.498,-1.213,-0.986,0,0,0,0,0
2024-03-29 03:00:00,-1.727,-1.441,-1.498,-1.27,-1.043,0,0,0,0,0
2024-03-29 04:00:00,-3.006,-1.441,-1.498,-1.213,-1.043,0,0,0,0,0
2024-03-29 05:00:00,-6.388,-1.213,-1.27,-0.958,-0.704,0,0,0,0,0
2024-03-29 06:00:00,-8.198,-1.27,-1.27,-0.958,-0.704,0,0,0,0,0
2024-03-29 07:00:00,-8.663,-1.327,-1.27,-0.93,-0.676,0,0,0,0,0
2024-03-29 08:00:00,-11.361,-1.441,-1.27,-0.93,-0.676,0,0,0,0,0
2024-03-29 09:00:00,-12.159,-1.556,-1.27,-0.93,-0.676,0,0,0,0,0
2024-03-29 10:00:00,-11.397,-1.641,-1.27,-0.93,-0.676,0,0,0,0,0
2024-03-29 11:00:00,-11.111,-1.727,-1.27,-0.93,-0.704,0,0,0,0,0
2024-03-29 12:00:00,-9.303,-1.727,-1.27,-0.958,-0.704,0,0,0,0,0
2024-03-29 13:00:00,-9.1,-1.727,-1.27,-0.93,-0.704,0,0,0,0,0
2024-03-29 14:00:00,-9.134,-1.727,-1.27,-0.93,-0.704,0,0,0,0,0
2024-03-29 15:00:00,-7.706,-1.699,-1.27,-0.93,-0.704,0,0,0,0,0
2024-03-29 16:00:00,-7.771,-1.67,-1.27,-0.93,-0.704,0,0,0,0,0
2024-03-29 17:00:00,-5.698,-1.699,-1.27,-0.958,-0.704,0,0,0,0,0
2024-03-29 18:00:00,-3.479,-1.727,-1.27,-0.958,-0.732,0,0,0,0,0
2024-03-29 19:00:00,-1.929,-1.67,-1.27,-0.958,-0.732,0,0,0,0,0
2024-03-29 20:00:00,0.632,-1.842,-1.498,-1.157,-0.93,0,0,0,0,0
2024-03-29 21:00:00,0.412,-1.727,-1.498,-1.157,-0.93,0,0,0,0,0
2024-03-29 22:00:00,1.126,-1.727,-1.498,-1.157,-0.93,0,0,0,0,0
2024-03-29 23:00:00,1.724,-1.67,-1.498,-1.157,-0.93,0,0,0,0,0
2024-03-30 00:00:00,2.101,-1.613,-1.498,-1.157,-0.93,0,0,0,0,0
2024-03-30 01:00:00,1.071,-1.613,-1.498,-1.157,-0.986,0,0,0,0,0
2024-03-30 02:00:00,0.19,-1.613,-1.498,-1.157,-0.986,0,0,0,0,0
2024-03-30 03:00:00,-0.143,-1.613,-1.498,-1.157,-0.986,0,0,0,0,0
2024-03-30 04:00:00,-2.421,-1.613,-1.498,-1.157,-1.043,0,0,0,0,0
2024-03-30 05:00:00,-3.183,-1.384,-1.27,-0.93,-0.704,0,0,0,0,0
2024-03-30 06:00:00,-3.479,-1.384,-1.27,-0.93,-0.704,0,0,0,0,0
2024-03-30 07:00:00,-5.388,-1.384,-1.242,-0.93,-0.676,0,0,0,0,0
2024-03-30 08:00:00,-7.902,-1.413,-1.242,-0.902,-0.648,0,0,0,0,0
2024-03-30 09:00:00,-8.797,-1.498,-1.242,-0.873,-0.648,0,0,0,0,0
2024-03-30 10:00:00,-9.337,-1.584,-1.242,-0.873,-0.648,0,0,0,0,0
2024-03-30 11:00:00,-10.058,-1.67,-1.242,-0.873,-0.648,0,0,0,0,0
2024-03-30 12:00:00,-8.463,-1.727,-1.242,-0.902,-0.676,0,0,0,0,0
2024-03-30 13:00:00,-7.706,-1.727,-1.242,-0.902,-0.676,0,0,0,0,0
2024-03-30 14:00:00,-7.64,-1.727,-1.242,-0.902,-0.676,0,0,0,0,0
2024-03-30 15:00:00,-7.935,-1.727,-1.242,-0.873,-0.676,0,0,0,0,0
2024-03-30 16:00:00,-6.61,-1.785,-1.242,-0.873,-0.676,0,0,0,0,0
2024-03-30 17:00:00,-4.499,-1.785,-1.242,-0.902,-0.676,0,0,0,0,0
2024-03-30 18:00:00,-1.27,-1.785,-1.242,-0.93,-0.704,0,0,0,0,0
2024-03-30 19:00:00,-1.043,-1.958,-1.498,-1.157,-0.986,0,0,0,0,0
2024-03-30 20:00:00,-0.367,-1.842,-1.498,-1.157,-0.93,0,0,0,0,0
2024-03-30 21:00:00,1.071,-1.727,-1.441,-1.157,-0.93,0,0,0,0,0
2024-03-30 22:00:00,2.155,-1.727,-1.441,-1.1,-0.93,0,0,0,0,0
2024-03-30 23:00:00,1.94,-1.727,-1.441,-1.1,-0.93,0,0,0,0,0
2024-03-31 00:00:00,1.886,-1.67,-1.441,-1.157,-0.93,0,0,0,0,0
2024-03-31 01:00:00,0.962,-1.67,-1.498,-1.157,-0.93,0,0,0,0,0
2024-03-31 02:00:00,0.522,-1.613,-1.498,-1.157,-0.93,0,0,0,0,0
2024-03-31 03:00:00,-0.817,-1.67,-1.498,-1.157,-0.93,0,0,0,0,0
2024-03-31 04:00:00,-1.27,-1.67,-1.498,-1.157,-0.986,0,0,0,0,0
2024-03-31 05:00:00,-1.842,-1.67,-1.498,-1.157,-0.93,0,0,0,0,0
2024-03-31 06:00:00,-1.727,-1.727,-1.498,-1.157,-0.93,0,0,0,0,0
2024-03-31 07:00:00,-1.958,-1.727,-1.498,-1.157,-0.986,0,0,0,0,0
2024-03-31 08:00:00,-1.67,-1.727,-1.498,-1.157,-0.93,0,0,0,0,0
2024-03-31 09:00:00,-2.363,-1.727,-1.498,-1.157,-0.93,0,0,0,0,0
2024-03-31 10:00:00,-2.654,-1.727,-1.498,-1.157,-0.986,0,0,0,0,0
2024-03-31 11:00:00,-2.654,-1.727,-1.498,-1.157,-0.986,0,0,0,0,0
2024-03-31 12:00:00,-2.305,-1.727,-1.498,-1.157,-0.986,0,0,0,0,0
2024-03-31 13:00:00,-2.421,-1.727,-1.498,-1.157,-0.986,0,0,0,0,0
2024-03-31 14:00:00,-2.654,-1.727,-1.498,-1.157,-0.93,0,0,0,0,0
2024-03-31 15:00:00,-2.537,-1.727,-1.498,-1.157,-0.986,0,0,0,0,0
2024-03-31 16:00:00,-3.006,-1.67,-1.498,-1.157,-0.93,0,0,0,0,0
2024-03-31 17:00:00,-2.888,-1.67,-1.498,-1.157,-0.93,0,0,0,0,0
2024-03-31 18:00:00,-1.958,-1.613,-1.441,-1.157,-0.93,0,0,0,0,0
2024-03-31 19:00:00,-0.817,-1.613,-1.441,-1.157,-0.93,0,0,0,0,0
2024-03-31 20:00:00,-0.367,-1.556,-1.441,-1.1,-0.93,0,0,0,0,0
2024-03-31 21:00:00,-0.367,-1.384,-1.213,-0.902,-0.704,0,0,0,0,0
2024-03-31 22:00:00,-0.563,-1.356,-1.213,-0.902,-0.704,0,0,0,0,0
2024-03-31 23:00:00,-0.563,-1.356,-1.213,-0.902,-0.704,0,0,0,0,0
2024-04-01 00:00:00,-0.704,-1.327,-1.213,-0.902,-0.704,0,0,0,0,0
2024-04-01 01:00:00,-1.157,-1.327,-1.213,-0.902,-0.704,0,0,0,0,0
2024-04-01 02:00:00,-1.384,-1.327,-1.213,-0.902,-0.704,0,0,0,0,0
2024-04-01 03:00:00,-3.124,-1.441,-1.384,-1.043,-0.817,0,0,0,0,0
2024-04-01 04:00:00,-4.167,-1.299,-1.213,-0.873,-0.676,0,0,0,0,0
2024-04-01 05:00:00,-5.388,-1.327,-1.213,-0.873,-0.676,0,0,0,0,0
2024-04-01 06:00:00,-6.452,-1.327,-1.185,-0.873,-0.648,0,0,0,0,0
2024-04-01 07:00:00,-7.316,-1.356,-1.185,-0.873,-0.648,0,0,0,0,0
2024-04-01 08:00:00,-8.264,-1.384,-1.185,-0.845,-0.648,0,0,0,0,0
2024-04-01 09:00:00,-9.134,-1.413,-1.185,-0.845,-0.648,0,0,0,0,0
2024-04-01 10:00:00,-10.092,-1.441,-1.185,-0.845,-0.648,0,0,0,0,0
2024-04-01 11:00:00,-10.406,-1.441,-1.185,-0.845,-0.648,0,0,0,0,0
2024-04-01 12:00:00,-12.049,-1.441,-1.185,-0.817,-0.62,0,0,0,0,0
2024-04-01 13:00:00,-13.849,-1.498,-1.157,-0.789,-0.591,0,0,0,0,0
2024-04-01 14:00:00,-16.409,-1.641,-1.157,-0.789,-0.591,0,0,0,0,0
2024-04-01 15:00:00,-15.104,-1.756,-1.157,-0.817,-0.591,0,0,0,0,0
2024-04-01 16:00:00,-15.305,-1.842,-1.157,-0.817,-0.591,0,0,0,0,0
2024-04-01 17:00:00,-13.126,-1.9,-1.157,-0.817,-0.62,0,0,0,0,0
2024-04-01 18:00:00,-10.371,-1.9,-1.185,-0.817,-0.648,0,0,0,0,0
2024-04-01 19:00:00,-7.836,-1.9,-1.185,-0.845,-0.648,0,0,0,0,0
2024-04-01 20:00:00,-6.674,-1.814,-1.157,-0.873,-0.704,0,0,0,0,0
2024-04-01 21:00:00,-6.42,-1.814,-1.185,-0.845,-0.676,0,0,0,0,0
2024-04-01 22:00:00,-4.987,-1.785,-1.213,-0.873,-0.676,0,0,0,0,0
2024-04-01 23:00:00,-7.575,-1.727,-1.213,-0.845,-0.648,0,0,0,0,0
2024-04-02 00:00:00,-7.935,-1.727,-1.213,-0.845,-0.648,0,0,0,0,0
2024-04-02 01:00:00,-8.066,-1.727,-1.213,-0.845,-0.648,0,0,0,0,0
2024-04-02 02:00:00,-8.663,-1.727,-1.185,-0.845,-0.648,0,0,0,0,0
2024-04-02 03:00:00,-9.644,-1.699,-1.185,-0.817,-0.62,0,0,0,0,0
2024-04-02 04:00:00,-10.546,-1.699,-1.213,-0.817,-0.62,0,0,0,0,0
2024-04-02 05:00:00,-11.903,-1.727,-1.185,-0.817,-0.591,0,0,0,0,0
2024-04-02 06:00:00,-11.903,-1.727,-1.185,-0.817,-0.62,0,0,0,0,0
2024-04-02 07:00:00,-13.201,-1.814,-1.185,-0.817,-0.591,0,0,0,0,0
2024-04-02 08:00:00,-14.826,-1.871,-1.185,-0.789,-0.591,0,0,0,0,0
2024-04-02 09:00:00,-14.945,-1.958,-1.185,-0.817,-0.591,0,0,0,0,0
2024-04-02 10:00:00,-16.037,-2.073,-1.185,-0.789,-0.591,0,0,0,0,0
2024-04-02 11:00:00,-17.082,-2.16,-1.185,-0.789,-0.563,0,0,0,0,0
2024-04-02 12:00:00,-18.032,-2.247,-1.185,-0.789,-0.563,0,0,0,0,0
2024-04-02 13:00:00,-18.474,-2.334,-1.185,-0.789,-0.563,0,0,0,0,0
2024-04-02 14:00:00,-19.24,-2.421,-1.185,-0.76,-0.563,0,0,0,0,0
2024-04-02 15:00:00,-19.377,-2.537,-1.213,-0.76,-0.563,0,0,0,0,0
2024-04-02 16:00:00,-19.103,-2.596,-1.213,-0.789,-0.563,0,0,0,0,0
2024-04-02 17:00:00,-19.149,-2.683,-1.213,-0.789,-0.563,0,0,0,0,0
2024-04-02 18:00:00,-18.563,-2.712,-1.242,-0.789,-0.563,0,0,0,0,0
2024-04-02 19:00:00,-18.652,-2.771,-1.242,-0.789,-0.563,0,0,0,0,0
2024-04-02 20:00:00,-18.164,-2.771,-1.27,-0.789,-0.563,0,0,0,0,0
2024-04-02 21:00:00,-17.338,-2.8,-1.27,-0.789,-0.591,0,0,0,0,0
2024-04-02 22:00:00,-16.037,-2.771,-1.27,-0.817,-0.591,0,0,0,0,0
2024-04-02 23:00:00,-15.709,-2.712,-1.27,-0.817,-0.591,0,0,0,0,0
2024-04-03 00:00:00,-15.913,-2.712,-1.299,-0.817,-0.591,0,0,0,0,0
2024-04-03 01:00:00,-15.264,-2.712,-1.299,-0.817,-0.591,0,0,0,0,0
2024-04-03 02:00:00,-15.547,-2.683,-1.299,-0.789,-0.563,0,0,0,0,0
2024-04-03 03:00:00,-15.104,-2.683,-1.327,-0.789,-0.563,0,0,0,0,0
2024-04-03 04:00:00,-16.66,-2.742,-1.299,-0.76,-0.535,0,0,0,0,0
2024-04-03 05:00:00,-21.077,-2.947,-1.27,-0.732,-0.535,0,0,0,0,0
2024-04-03 06:00:00,-23.356,-3.183,-1.27,-0.732,-0.535,0,0,0,0,0
2024-04-03 07:00:00,-24.433,-3.39,-1.299,-0.732,-0.535,0,0,0,0,0
2024-04-03 08:00:00,-24.654,-3.568,-1.327,-0.732,-0.535,0,0,0,0,0
2024-04-03 09:00:00,-24.051,-3.657,-1.327,-0.76,-0.535,0,0,0,0,0
2024-04-03 10:00:00,-22.117,-3.777,-1.356,-0.76,-0.535,0,0,0,0,0
2024-04-03 11:00:00,-22.422,-3.836,-1.384,-0.76,-0.535,0,0,0,0,0
2024-04-03 12:00:00,-21.766,-3.836,-1.384,-0.789,-0.535,0,0,0,0,0
2024-04-03 13:00:00,-20.12,-3.896,-1.413,-0.789,-0.563,0,0,0,0,0
2024-04-03 14:00:00,-19.012,-3.866,-1.441,-0.789,-0.563,0,0,0,0,0
2024-04-03 15:00:00,-18.296,-3.836,-1.47,-0.789,-0.563,0,0,0,0,0
2024-04-03 16:00:00,-17.944,-3.777,-1.47,-0.817,-0.563,0,0,0,0,0
2024-04-03 17:00:00,-15.425,-3.687,-1.498,-0.817,-0.591,0,0,0,0,0
2024-04-03 18:00:00,-14.004,-3.598,-1.498,-0.817,-0.591,0,0,0,0,0
2024-04-03 19:00:00,-12.049,-3.479,-1.527,-0.845,-0.591,0,0,0,0,0
2024-04-03 20:00:00,-11.326,-3.36,-1.556,-0.873,-0.591,0,0,0,0,0
2024-04-03 21:00:00,-8.831,-3.271,-1.556,-0.873,-0.62,0,0,0,0,0
2024-04-03 22:00:00,-8.099,-3.124,-1.556,-0.873,-0.62,0,0,0,0,0
2024-04-03 23:00:00,-8.364,-3.065,-1.584,-0.873,-0.62,0,0,0,0,0
2024-04-04 00:00:00,-7.09,-2.976,-1.584,-0.902,-0.62,0,0,0,0,0
2024-04-04 01:00:00,-8.132,-2.918,-1.584,-0.902,-0.62,0,0,0,0,0
2024-04-04 02:00:00,-8.364,-2.859,-1.584,-0.902,-0.62,0,0,0,0,0
2024-04-04 03:00:00,-8.597,-2.8,-1.613,-0.93,-0.648,0,0,0,0,0
2024-04-04 04:00:00,-8.864,-2.742,-1.584,-0.902,-0.62,0,0,0,0,0
2024-04-04 05:00:00,-10.023,-2.654,-1.584,-0.902,-0.591,0,0,0,0,0
2024-04-04 06:00:00,-11.541,-2.654,-1.584,-0.902,-0.591,0,0,0,0,0
2024-04-04 07:00:00,-12.086,-2.683,-1.584,-0.873,-0.591,0,0,0,0,0
2024-04-04 08:00:00,-11.218,-2.712,-1.584,-0.902,-0.62,0,0,0,0,0
2024-04-04 09:00:00,-9.919,-2.683,-1.584,-0.93,-0.62,0,0,0,0,0
2024-04-04 10:00:00,-9.033,-2.654,-1.613,-0.93,-0.62,0,0,0,0,0
2024-04-04 11:00:00,-9.576,-2.625,-1.584,-0.93,-0.62,0,0,0,0,0
2024-04-04 12:00:00,-9.033,-2.596,-1.613,-0.93,-0.62,0,0,0,0,0
2024-04-04 13:00:00,-9.1,-2.537,-1.613,-0.93,-0.62,0,0,0,0,0
2024-04-04 14:00:00,-8.697,-2.508,-1.613,-0.93,-0.648,0,0,0,0,0
2024-04-04 15:00:00,-8.965,-2.508,-1.584,-0.93,-0.62,0,0,0,0,0
2024-04-04 16:00:00,-8.497,-2.479,-1.613,-0.958,-0.648,0,0,0,0,0
2024-04-04 17:00:00,-7.058,-2.421,-1.613,-0.958,-0.648,0,0,0,0,0
2024-04-04 18:00:00,-5.979,-2.421,-1.613,-0.958,-0.648,0,0,0,0,0
2024-04-04 19:00:00,-2.918,-2.363,-1.584,-0.986,-0.676,0,0,0,0,0
2024-04-04 20:00:00,-2.654,-2.334,-1.584,-0.986,-0.676,0,0,0,0,0
2024-04-04 21:00:00,-0.283,-2.305,-1.584,-0.986,-0.676,0,0,0,0,0
2024-04-04 22:00:00,0.246,-2.276,-1.584,-0.986,-0.704,0,0,0,0,0
2024-04-04 23:00:00,0.107,-2.247,-1.584,-0.986,-0.676,0,0,0,0,0
2024-04-05 00:00:00,-0.902,-2.218,-1.584,-0.986,-0.676,0,0,0,0,0
2024-04-05 01:00:00,-1.527,-2.189,-1.584,-0.986,-0.676,0,0,0,0,0
2024-04-05 02:00:00,-2.45,-2.16,-1.584,-0.986,-0.676,0,0,0,0,0
2024-04-05 03:00:00,-2.305,-2.131,-1.556,-0.986,-0.676,0,0,0,0,0
2024-04-05 04:00:00,-2.8,-2.073,-1.556,-0.986,-0.648,0,0,0,0,0
2024-04-05 05:00:00,-3.212,-2.044,-1.556,-0.986,-0.648,0,0,0,0,0
2024-04-05 06:00:00,-3.956,-2.015,-1.556,-0.986,-0.648,0,0,0,0,0
2024-04-05 07:00:00,-4.469,-1.929,-1.498,-0.93,-0.62,0,0,0,0,0
2024-04-05 08:00:00,-4.621,-1.958,-1.527,-0.986,-0.648,0,0,0,0,0
2024-04-05 09:00:00,-4.804,-1.929,-1.527,-0.986,-0.648,0,0,0,0,0
2024-04-05 10:00:00,-4.957,-1.958,-1.556,-1.015,-0.704,0,0,0,0,0
2024-04-05 11:00:00,-4.712,-1.9,-1.498,-0.986,-0.648,0,0,0,0,0
2024-04-05 12:00:00,-4.348,-1.9,-1.498,-0.986,-0.648,0,0,0,0,0
2024-04-05 13:00:00,-4.408,-1.871,-1.498,-0.986,-0.648,0,0,0,0,0
2024-04-05 14:00:00,-4.59,-1.871,-1.498,-0.986,-0.648,0,0,0,0,0
2024-04-05 15:00:00,-4.348,-1.871,-1.498,-0.986,-0.676,0,0,0,0,0
2024-04-05 16:00:00,-4.197,-1.871,-1.498,-1.015,-0.676,0,0,0,0,0
2024-04-05 17:00:00,-3.183,-1.871,-1.527,-1.015,-0.704,0,0,0,0,0
2024-04-05 18:00:00,-2.102,-1.842,-1.498,-1.043,-0.704,0,0,0,0,0
2024-04-05 19:00:00,-1.27,-1.842,-1.498,-1.043,-0.704,0,0,0,0,0
2024-04-05 20:00:00,-0.789,-1.842,-1.527,-1.043,-0.732,0,0,0,0,0
2024-04-05 21:00:00,-0.143,-1.842,-1.498,-1.043,-0.732,0,0,0,0,0
2024-04-05 22:00:00,0.989,-1.842,-1.498,-1.043,-0.76,0,0,0,0,0
2024-04-05 23:00:00,0.301,-1.814,-1.498,-1.043,-0.76,0,0,0,0,0
2024-04-06 00:00:00,0.989,-1.814,-1.498,-1.043,-0.76,0,0,0,0,0
2024-04-06 01:00:00,1.153,-1.785,-1.498,-1.043,-0.76,0,0,0,0,0
2024-04-06 02:00:00,0.962,-1.785,-1.498,-1.043,-0.76,0,0,0,0,0
2024-04-06 03:00:00,0.687,-1.756,-1.498,-1.043,-0.732,0,0,0,0,0
2024-04-06 04:00:00,-0.116,-1.727,-1.47,-1.043,-0.732,0,0,0,0,0
2024-04-06 05:00:00,-1.556,-1.727,-1.498,-1.043,-0.732,0,0,0,0,0
2024-04-06 06:00:00,-2.537,-1.727,-1.47,-1.043,-0.732,0,0,0,0,0
2024-04-06 07:00:00,-4.865,-1.727,-1.47,-1.015,-0.704,0,0,0,0,0
2024-04-06 08:00:00,-6.325,-1.727,-1.47,-1.015,-0.704,0,0,0,0,0
2024-04-06 09:00:00,-7.771,-1.785,-1.47,-1.015,-0.704,0,0,0,0,0
2024-04-06 10:00:00,-9.033,-1.814,-1.441,-0.986,-0.676,0,0,0,0,0
2024-04-06 11:00:00,-9.851,-1.9,-1.441,-0.986,-0.676,0,0,0,0,0
2024-04-06 12:00:00,-12.086,-2.015,-1.441,-0.986,-0.648,0,0,0,0,0
2024-04-06 13:00:00,-13.126,-2.102,-1.441,-0.986,-0.648,0,0,0,0,0
2024-04-06 14:00:00,-13.352,-2.189,-1.441,-0.958,-0.62,0,0,0,0,0
2024-04-06 15:00:00,-12.788,-2.305,-1.441,-0.986,-0.648,0,0,0,0,0
2024-04-06 16:00:00,-10.476,-2.363,-1.441,-0.986,-0.676,0,0,0,0,0
2024-04-06 17:00:00,-7.64,-2.363,-1.441,-0.986,-0.704,0,0,0,0,0
2024-04-06 18:00:00,-4.227,-2.334,-1.441,-1.015,-0.704,0,0,0,0,0
2024-04-06 19:00:00,-3.777,-2.247,-1.441,-1.015,-0.704,0,0,0,0,0
2024-04-06 20:00:00,-1.299,-2.189,-1.441,-1.015,-0.732,0,0,0,0,0
2024-04-06 21:00:00,0.163,-2.131,-1.441,-0.986,-0.732,0,0,0,0,0
2024-04-06 22:00:00,1.235,-2.044,-1.441,-0.986,-0.704,0,0,0,0,0
2024-04-06 23:00:00,1.398,-1.986,-1.441,-0.986,-0.704,0,0,0,0,0
2024-04-07 00:00:00,1.235,-1.958,-1.441,-0.986,-0.704,0,0,0,0,0
2024-04-07 01:00:00,1.071,-1.9,-1.413,-0.986,-0.704,0,0,0,0,0
2024-04-07 02:00:00,0.301,-1.842,-1.413,-0.958,-0.704,0,0,0,0,0
2024-04-07 03:00:00,0.079,-1.814,-1.413,-0.958,-0.676,0,0,0,0,0
2024-04-07 04:00:00,-2.625,-1.785,-1.413,-0.958,-0.676,0,0,0,0,0
2024-04-07 05:00:00,-4.621,-1.785,-1.413,-0.958,-0.648,0,0,0,0,0
2024-04-07 06:00:00,-6.93,-1.785,-1.413,-0.958,-0.648,0,0,0,0,0
2024-04-07 07:00:00,-8.264,-1.842,-1.413,-0.93,-0.648,0,0,0,0,0
2024-04-07 08:00:00,-10.023,-1.929,-1.413,-0.93,-0.62,0,0,0,0,0
2024-04-07 09:00:00,-10.231,-2.015,-1.413,-0.93,-0.648,0,0,0,0,0
2024-04-07 10:00:00,-10.827,-2.102,-1.384,-0.93,-0.648,0,0,0,0,0
2024-04-07 11:00:00,-11.076,-2.189,-1.384,-0.93,-0.62,0,0,0,0,0
2024-04-07 12:00:00,-11.613,-2.247,-1.384,-0.93,-0.62,0,0,0,0,0
2024-04-07 13:00:00,-12.233,-2.334,-1.384,-0.93,-0.648,0,0,0,0,0
2024-04-07 14:00:00,-13.543,-2.479,-1.413,-0.958,-0.648,0,0,0,0,0
2024-04-07 15:00:00,-13.734,-2.537,-1.441,-0.958,-0.648,0,0,0,0,0
2024-04-07 16:00:00,-11.147,-2.596,-1.441,-0.958,-0.648,0,0,0,0,0
2024-04-07 17:00:00,-9.303,-2.566,-1.441,-0.958,-0.676,0,0,0,0,0
2024-04-07 18:00:00,-4.865,-2.508,-1.441,-0.958,-0.704,0,0,0,0,0
2024-04-07 19:00:00,-3.598,-2.421,-1.413,-0.958,-0.704,0,0,0,0,0
2024-04-07 20:00:00,-0.93,-2.334,-1.413,-0.958,-0.704,0,0,0,0,0
2024-04-07 21:00:00,-0.507,-2.218,-1.413,-0.958,-0.704,0,0,0,0,0
2024-04-07 22:00:00,0.273,-2.131,-1.413,-0.958,-0.676,0,0,0,0,0
2024-04-07 23:00:00,0.246,-2.102,-1.413,-0.958,-0.704,0,0,0,0,0
2024-04-08 00:00:00,0.605,-2.044,-1.413,-0.958,-0.676,0,0,0,0,0
2024-04-08 01:00:00,0.852,-1.986,-1.413,-0.958,-0.676,0,0,0,0,0
2024-04-08 02:00:00,-0.535,-1.958,-1.413,-0.958,-0.676,0,0,0,0,0
2024-04-08 03:00:00,-2.334,-1.929,-1.413,-0.958,-0.676,0,0,0,0,0
2024-04-08 04:00:00,-3.986,-1.9,-1.413,-0.958,-0.648,0,0,0,0,0
2024-04-08 05:00:00,-5.729,-1.929,-1.413,-0.93,-0.648,0,0,0,0,0
2024-04-08 06:00:00,-6.706,-1.929,-1.441,-0.93,-0.648,0,0,0,0,0
2024-04-08 07:00:00,-6.898,-1.958,-1.441,-0.958,-0.676,0,0,0,0,0
2024-04-08 08:00:00,-6.994,-1.929,-1.413,-0.958,-0.676,0,0,0,0,0
2024-04-08 09:00:00,-7.284,-1.929,-1.413,-0.958,-0.676,0,0,0,0,0
2024-04-08 10:00:00,-6.994,-1.929,-1.413,-0.958,-0.676,0,0,0,0,0
2024-04-08 11:00:00,-7.348,-1.9,-1.413,-0.958,-0.676,0,0,0,0,0
2024-04-08 12:00:00,-7.575,-1.9,-1.413,-0.958,-0.676,0,0,0,0,0
2024-04-08 13:00:00,-7.968,-1.9,-1.413,-0.958,-0.676,0,0,0,0,0
2024-04-08 14:00:00,-8.364,-1.9,-1.413,-0.958,-0.676,0,0,0,0,0
2024-04-08 15:00:00,-8.43,-1.871,-1.413,-0.958,-0.676,0,0,0,0,0
2024-04-08 16:00:00,-8.563,-1.871,-1.413,-0.958,-0.676,0,0,0,0,0
2024-04-08 17:00:00,-8.099,-1.9,-1.413,-0.958,-0.676,0,0,0,0,0
2024-04-08 18:00:00,-7.381,-1.9,-1.384,-0.958,-0.676,0,0,0,0,0
2024-04-08 19:00:00,-7.09,-1.871,-1.413,-0.958,-0.676,0,0,0,0,0
2024-04-08 20:00:00,-5.791,-1.871,-1.384,-0.958,-0.676,0,0,0,0,0
2024-04-08 21:00:00,-5.698,-1.871,-1.384,-0.958,-0.676,0,0,0,0,0
2024-04-08 22:00:00,-6.262,-1.842,-1.384,-0.958,-0.676,0,0,0,0,0
2024-04-08 23:00:00,-5.636,-1.842,-1.384,-0.958,-0.676,0,0,0,0,0
2024-04-09 00:00:00,-5.511,-1.814,-1.384,-0.958,-0.676,0,0,0,0,0
2024-04-09 01:00:00,-4.621,-1.814,-1.384,-0.958,-0.676,0,0,0,0,0
2024-04-09 02:00:00,-4.197,-1.785,-1.384,-0.93,-0.676,0,0,0,0,0
2024-04-09 03:00:00,-4.59,-1.756,-1.384,-0.958,-0.676,0,0,0,0,0
2024-04-09 04:00:00,-5.948,-1.756,-1.384,-0.958,-0.676,0,0,0,0,0
2024-04-09 05:00:00,-8.132,-1.785,-1.384,-0.93,-0.648,0,0,0,0,0
2024-04-09 06:00:00,-9.61,-1.842,-1.413,-0.958,-0.676,0,0,0,0,0
2024-04-09 07:00:00,-11.111,-1.871,-1.413,-0.93,-0.648,0,0,0,0,0
2024-04-09 08:00:00,-13.239,-1.958,-1.384,-0.93,-0.648,0,0,0,0,0
2024-04-09 09:00:00,-14.12,-2.102,-1.384,-0.93,-0.648,0,0,0,0,0
2024-04-09 10:00:00,-14.826,-2.189,-1.384,-0.93,-0.62,0,0,0,0,0
2024-04-09 11:00:00,-16.409,-2.392,-1.384,-0.902,-0.62,0,0,0,0,0
2024-04-09 12:00:00,-17.467,-2.596,-1.384,-0.873,-0.62,0,0,0,0,0
2024-04-09 13:00:00,-17.04,-2.83,-1.384,-0.902,-0.62,0,0,0,0,0
2024-04-09 14:00:00,-16.87,-2.947,-1.384,-0.902,-0.62,0,0,0,0,0
2024-04-09 15:00:00,-15.832,-3.035,-1.413,-0.902,-0.62,0,0,0,0,0
2024-04-09 16:00:00,-13.088,-3.006,-1.441,-0.93,-0.648,0,0,0,0,0
2024-04-09 17:00:00,-10.934,-2.947,-1.441,-0.93,-0.676,0,0,0,0,0
2024-04-09 18:00:00,-8.53,-2.859,-1.47,-0.958,-0.676,0,0,0,0,0
2024-04-09 19:00:00,-5.729,-2.742,-1.47,-0.958,-0.704,0,0,0,0,0
2024-04-09 20:00:00,-5.049,-2.654,-1.498,-0.986,-0.704,0,0,0,0,0
2024-04-09 21:00:00,-3.598,-2.537,-1.498,-0.986,-0.704,0,0,0,0,0
2024-04-09 22:00:00,-3.153,-2.45,-1.498,-0.986,-0.704,0,0,0,0,0
2024-04-09 23:00:00,-1.641,-2.392,-1.498,-0.986,-0.704,0,0,0,0,0
2024-04-10 00:00:00,-2.218,-2.363,-1.498,-0.986,-0.704,0,0,0,0,0
2024-04-10 01:00:00,-3.598,-2.305,-1.498,-0.986,-0.704,0,0,0,0,0
2024-04-10 02:00:00,-3.006,-2.276,-1.498,-0.986,-0.704,0,0,0,0,0
2024-04-10 03:00:00,-3.687,-2.247,-1.498,-0.986,-0.704,0,0,0,0,0
2024-04-10 04:00:00,-4.987,-2.218,-1.498,-0.986,-0.704,0,0,0,0,0
2024-04-10 05:00:00,-7.804,-2.189,-1.498,-0.958,-0.676,0,0,0,0,0
2024-04-10 06:00:00,-9.644,-2.247,-1.498,-0.93,-0.648,0,0,0,0,0
2024-04-10 07:00:00,-11.903,-2.392,-1.498,-0.93,-0.62,0,0,0,0,0
2024-04-10 08:00:00,-14.159,-2.537,-1.47,-0.93,-0.62,0,0,0,0,0
2024-04-10 09:00:00,-14.004,-2.712,-1.47,-0.93,-0.62,0,0,0,0,0
2024-04-10 10:00:00,-13.811,-2.859,-1.498,-0.93,-0.648,0,0,0,0,0
2024-04-10 11:00:00,-12.528,-2.83,-1.498,-0.958,-0.676,0,0,0,0,0
2024-04-10 12:00:00,-11.758,-2.771,-1.498,-0.958,-0.676,0,0,0,0,0
2024-04-10 13:00:00,-11.183,-2.742,-1.498,-0.958,-0.676,0,0,0,0,0
2024-04-10 14:00:00,-12.454,-2.771,-1.498,-0.93,-0.648,0,0,0,0,0
2024-04-10 15:00:00,-12.938,-2.888,-1.498,-0.93,-0.62,0,0,0,0,0
2024-04-10 16:00:00,-10.863,-3.035,-1.527,-0.93,-0.648,0,0,0,0,0
2024-04-10 17:00:00,-7.478,-3.065,-1.556,-0.986,-0.704,0,0,0,0,0
2024-04-10 18:00:00,-5.979,-3.035,-1.556,-0.986,-0.704,0,0,0,0,0
2024-04-10 19:00:00,-4.439,-2.918,-1.556,-0.986,-0.704,0,0,0,0,0
2024-04-10 20:00:00,-2.976,-2.8,-1.556,-1.015,-0.704,0,0,0,0,0
2024-04-10 21:00:00,-2.16,-2.712,-1.584,-1.015,-0.732,0,0,0,0,0
2024-04-10 22:00:00,-1.185,-2.596,-1.584,-1.015,-0.732,0,0,0,0,0
2024-04-10 23:00:00,-0.199,-2.508,-1.584,-1.015,-0.704,0,0,0,0,0
2024-04-11 00:00:00,0.632,-2.421,-1.584,-1.015,-0.732,0,0,0,0,0
2024-04-11 01:00:00,0.934,-2.363,-1.584,-1.015,-0.732,0,0,0,0,0
2024-04-11 02:00:00,0.439,-2.305,-1.584,-1.015,-0.704,0,0,0,0,0
2024-04-11 03:00:00,0.632,-2.276,-1.584,-1.015,-0.704,0,0,0,0,0
2024-04-11 04:00:00,-1.384,-2.247,-1.584,-1.015,-0.704,0,0,0,0,0
2024-04-11 05:00:00,-2.363,-2.189,-1.584,-0.986,-0.704,0,0,0,0,0
2024-04-11 06:00:00,-5.141,-2.189,-1.556,-0.986,-0.676,0,0,0,0,0
2024-04-11 07:00:00,-3.568,-2.247,-1.556,-1.015,-0.704,0,0,0,0,0
2024-04-11 08:00:00,-2.654,-2.276,-1.556,-1.015,-0.704,0,0,0,0,0
2024-04-11 09:00:00,-6.452,-2.247,-1.556,-1.015,-0.704,0,0,0,0,0
2024-04-11 10:00:00,-5.079,-2.247,-1.556,-1.015,-0.704,0,0,0,0,0
2024-04-11 11:00:00,-4.53,-2.189,-1.556,-1.015,-0.704,0,0,0,0,0
2024-04-11 12:00:00,-5.854,-2.189,-1.556,-1.015,-0.704,0,0,0,0,0
2024-04-11 13:00:00,-1.384,-2.189,-1.556,-1.043,-0.732,0,0,0,0,0
2024-04-11 14:00:00,-1.556,-2.218,-1.556,-1.043,-0.732,0,0,0,0,0
2024-04-11 15:00:00,-1.527,-2.189,-1.556,-1.043,-0.732,0,0,0,0,0
2024-04-11 16:00:00,-2.334,-2.189,-1.556,-1.043,-0.732,0,0,0,0,0
2024-04-11 17:00:00,-2.421,-2.16,-1.556,-1.043,-0.732,0,0,0,0,0
2024-04-11 18:00:00,-3.212,-2.131,-1.556,-1.043,-0.732,0,0,0,0,0
2024-04-11 19:00:00,-2.712,-2.131,-1.556,-1.043,-0.732,0,0,0,0,0
2024-04-11 20:00:00,-1.356,-2.073,-1.527,-1.043,-0.732,0,0,0,0,0
2024-04-11 21:00:00,-0.367,-2.044,-1.556,-1.043,-0.732,0,0,0,0,0
2024-04-11 22:00:00,-0.451,-1.986,-1.527,-1.043,-0.732,0,0,0,0,0
2024-04-11 23:00:00,-0.591,-1.958,-1.527,-1.043,-0.732,0,0,0,0,0
2024-04-12 00:00:00,-0.873,-1.929,-1.527,-1.043,-0.732,0,0,0,0,0
2024-04-12 01:00:00,-0.255,-1.871,-1.527,-1.043,-0.732,0,0,0,0,0
2024-04-12 02:00:00,0.77,-1.842,-1.527,-1.043,-0.732,0,0,0,0,0
2024-04-12 03:00:00,-0.563,-1.842,-1.527,-1.043,-0.732,0,0,0,0,0
2024-04-12 04:00:00,-0.479,-1.814,-1.527,-1.043,-0.732,0,0,0,0,0
2024-04-12 05:00:00,-0.563,-1.785,-1.498,-1.043,-0.732,0,0,0,0,0
2024-04-12 06:00:00,-0.199,-1.785,-1.498,-1.043,-0.732,0,0,0,0,0
2024-04-12 07:00:00,-0.143,-1.756,-1.498,-1.043,-0.732,0,0,0,0,0
2024-04-12 08:00:00,-0.76,-1.756,-1.498,-1.043,-0.732,0,0,0,0,0
2024-04-12 09:00:00,-0.76,-1.727,-1.498,-1.043,-0.732,0,0,0,0,0
2024-04-12 10:00:00,-0.088,-1.727,-1.498,-1.043,-0.732,0,0,0,0,0
2024-04-12 11:00:00,-1.356,-1.699,-1.498,-1.043,-0.732,0,0,0,0,0
2024-04-12 12:00:00,-1.356,-1.699,-1.47,-1.043,-0.732,0,0,0,0,0
2024-04-12 13:00:00,-1.67,-1.699,-1.47,-1.043,-0.732,0,0,0,0,0
2024-04-12 14:00:00,-1.871,-1.67,-1.47,-1.015,-0.732,0,0,0,0,0
2024-04-12 15:00:00,-2.654,-1.67,-1.47,-1.043,-0.732,0,0,0,0,0
2024-04-12 16:00:00,-1.498,-1.67,-1.47,-1.043,-0.732,0,0,0,0,0
2024-04-12 17:00:00,-0.591,-1.641,-1.47,-1.015,-0.732,0,0,0,0,0
2024-04-12 18:00:00,-0.088,-1.641,-1.441,-1.043,-0.732,0,0,0,0,0
2024-04-12 19:00:00,-0.116,-1.641,-1.441,-1.043,-0.76,0,0,0,0,0
2024-04-12 20:00:00,0.135,-1.613,-1.441,-1.015,-0.732,0,0,0,0,0
2024-04-12 21:00:00,0.88,-1.613,-1.441,-1.015,-0.76,0,0,0,0,0
2024-04-12 22:00:00,1.643,-1.613,-1.441,-1.015,-0.732,0,0,0,0,0
2024-04-12 23:00:00,2.182,-1.613,-1.441,-1.015,-0.732,0,0,0,0,0
2024-04-13 00:00:00,2.128,-1.584,-1.441,-1.015,-0.76,0,0,0,0,0
2024-04-13 01:00:00,0.962,-1.584,-1.413,-1.015,-0.76,0,0,0,0,0
2024-04-13 02:00:00,0.88,-1.584,-1.413,-1.015,-0.76,0,0,0,0,0
2024-04-13 03:00:00,0.852,-1.584,-1.413,-1.015,-0.76,0,0,0,0,0
2024-04-13 04:00:00,-0.255,-1.584,-1.413,-1.015,-0.76,0,0,0,0,0
2024-04-13 05:00:00,-0.873,-1.556,-1.413,-1.015,-0.76,0,0,0,0,0
2024-04-13 06:00:00,-1.9,-1.556,-1.413,-1.015,-0.76,0,0,0,0,0
2024-04-13 07:00:00,-2.947,-1.556,-1.413,-1.015,-0.76,0,0,0,0,0
2024-04-13 08:00:00,-3.896,-1.556,-1.384,-1.015,-0.732,0,0,0,0,0
2024-04-13 09:00:00,-5.141,-1.556,-1.384,-0.986,-0.732,0,0,0,0,0
2024-04-13 10:00:00,-6.199,-1.556,-1.384,-0.986,-0.732,0,0,0,0,0
2024-04-13 11:00:00,-6.547,-1.556,-1.384,-0.986,-0.732,0,0,0,0,0
2024-04-13 12:00:00,-6.738,-1.556,-1.384,-0.986,-0.732,0,0,0,0,0
2024-04-13 13:00:00,-7.122,-1.527,-1.384,-0.986,-0.732,0,0,0,0,0
2024-04-13 14:00:00,-7.478,-1.527,-1.384,-0.986,-0.732,0,0,0,0,0
2024-04-13 15:00:00,-7.608,-1.527,-1.384,-0.986,-0.732,0,0,0,0,0
2024-04-13 16:00:00,-7.869,-1.527,-1.384,-0.986,-0.732,0,0,0,0,0
2024-04-13 17:00:00,-8,-1.527,-1.356,-0.986,-0.732,0,0,0,0,0
2024-04-13 18:00:00,-8.165,-1.527,-1.356,-0.986,-0.732,0,0,0,0,0
2024-04-13 19:00:00,-8,-1.527,-1.356,-0.986,-0.732,0,0,0,0,0
2024-04-13 20:00:00,-7.738,-1.498,-1.356,-0.986,-0.732,0,0,0,0,0
2024-04-13 21:00:00,-7.673,-1.498,-1.356,-0.986,-0.732,0,0,0,0,0
2024-04-13 22:00:00,-7.284,-1.498,-1.356,-0.986,-0.732,0,0,0,0,0
2024-04-13 23:00:00,-7.219,-1.498,-1.356,-0.986,-0.732,0,0,0,0,0
2024-04-14 00:00:00,-6.738,-1.498,-1.327,-0.986,-0.732,0,0,0,0,0
2024-04-14 01:00:00,-5.605,-1.47,-1.327,-0.986,-0.732,0,0,0,0,0
2024-04-14 02:00:00,-5.916,-1.47,-1.327,-0.986,-0.732,0,0,0,0,0
2024-04-14 03:00:00,-6.073,-1.47,-1.327,-0.958,-0.704,0,0,0,0,0
2024-04-14 04:00:00,-6.674,-1.47,-1.327,-0.958,-0.704,0,0,0,0,0
2024-04-14 05:00:00,-7.608,-1.47,-1.327,-0.958,-0.704,0,0,0,0,0
2024-04-14 06:00:00,-8.697,-1.47,-1.327,-0.958,-0.704,0,0,0,0,0
2024-04-14 07:00:00,-9.439,-1.47,-1.327,-0.958,-0.704,0,0,0,0,0
2024-04-14 08:00:00,-12.975,-1.47,-1.327,-0.93,-0.676,0,0,0,0,0
2024-04-14 09:00:00,-13.088,-1.527,-1.299,-0.902,-0.648,0,0,0,0,0
2024-04-14 10:00:00,-14.12,-1.613,-1.27,-0.902,-0.648,0,0,0,0,0
2024-04-14 11:00:00,-14.826,-1.727,-1.27,-0.902,-0.648,0,0,0,0,0
2024-04-14 12:00:00,-14.314,-1.842,-1.27,-0.902,-0.648,0,0,0,0,0
2024-04-14 13:00:00,-13.466,-1.871,-1.299,-0.93,-0.676,0,0,0,0,0
2024-04-14 14:00:00,-13.201,-1.871,-1.299,-0.93,-0.676,0,0,0,0,0
2024-04-14 15:00:00,-13.05,-1.842,-1.299,-0.93,-0.676,0,0,0,0,0
2024-04-14 16:00:00,-12.417,-1.842,-1.299,-0.93,-0.676,0,0,0,0,0
2024-04-14 17:00:00,-11.183,-1.842,-1.327,-0.93,-0.704,0,0,0,0,0
2024-04-14 18:00:00,-10.371,-1.842,-1.327,-0.93,-0.704,0,0,0,0,0
2024-04-14 19:00:00,-9.816,-1.842,-1.327,-0.93,-0.704,0,0,0,0,0
2024-04-14 20:00:00,-8.965,-1.814,-1.327,-0.93,-0.704,0,0,0,0,0
2024-04-14 21:00:00,-7.902,-1.785,-1.327,-0.93,-0.704,0,0,0,0,0
2024-04-14 22:00:00,-8,-1.727,-1.327,-0.93,-0.704,0,0,0,0,0
2024-04-14 23:00:00,-5.979,-1.727,-1.327,-0.93,-0.704,0,0,0,0,0
2024-04-15 00:00:00,-5.667,-1.727,-1.327,-0.93,-0.704,0,0,0,0,0
2024-04-15 01:00:00,-5.018,-1.727,-1.327,-0.93,-0.704,0,0,0,0,0
2024-04-15 02:00:00,-5.823,-1.699,-1.327,-0.93,-0.704,0,0,0,0,0
2024-04-15 03:00:00,-6.105,-1.67,-1.327,-0.93,-0.704,0,0,0,0,0
2024-04-15 04:00:00,-6.042,-1.67,-1.327,-0.93,-0.704,0,0,0,0,0
2024-04-15 05:00:00,-6.515,-1.641,-1.327,-0.93,-0.704,0,0,0,0,0
2024-04-15 06:00:00,-6.483,-1.613,-1.327,-0.93,-0.704,0,0,0,0,0
2024-04-15 07:00:00,-7.51,-1.613,-1.327,-0.93,-0.704,0,0,0,0,0
2024-04-15 08:00:00,-8.932,-1.613,-1.327,-0.93,-0.676,0,0,0,0,0
2024-04-15 09:00:00,-8.697,-1.613,-1.299,-0.93,-0.676,0,0,0,0,0
2024-04-15 10:00:00,-7.706,-1.613,-1.299,-0.93,-0.704,0,0,0,0,0
2024-04-15 11:00:00,-7.543,-1.613,-1.299,-0.93,-0.676,0,0,0,0,0
2024-04-15 12:00:00,-7.187,-1.613,-1.299,-0.93,-0.704,0,0,0,0,0
2024-04-15 13:00:00,-6.898,-1.584,-1.299,-0.93,-0.704,0,0,0,0,0
2024-04-15 14:00:00,-7.026,-1.584,-1.299,-0.93,-0.704,0,0,0,0,0
2024-04-15 15:00:00,-6.042,-1.584,-1.299,-0.93,-0.704,0,0,0,0,0
2024-04-15 16:00:00,-5.202,-1.556,-1.299,-0.93,-0.704,0,0,0,0,0
2024-04-15 17:00:00,-3.986,-1.556,-1.299,-0.93,-0.704,0,0,0,0,0
2024-04-15 18:00:00,-3.657,-1.527,-1.299,-0.93,-0.704,0,0,0,0,0
2024-04-15 19:00:00,-2.8,-1.498,-1.299,-0.93,-0.704,0,0,0,0,0
2024-04-15 20:00:00,-1.785,-1.498,-1.299,-0.93,-0.704,0,0,0,0,0
2024-04-15 21:00:00,-1.556,-1.498,-1.299,-0.93,-0.704,0,0,0,0,0
2024-04-15 22:00:00,-0.845,-1.498,-1.299,-0.93,-0.704,0,0,0,0,0
2024-04-15 23:00:00,-0.958,-1.498,-1.299,-0.93,-0.704,0,0,0,0,0
2024-04-16 00:00:00,-0.873,-1.47,-1.27,-0.93,-0.704,0,0,0,0,0
2024-04-16 01:00:00,-0.451,-1.47,-1.27,-0.93,-0.704,0,0,0,0,0
2024-04-16 02:00:00,-1.157,-1.47,-1.27,-0.93,-0.704,0,0,0,0,0
2024-04-16 03:00:00,-0.704,-1.47,-1.27,-0.93,-0.704,0,0,0,0,0
2024-04-16 04:00:00,-1.213,-1.441,-1.27,-0.93,-0.704,0,0,0,0,0
2024-04-16 05:00:00,-2.83,-1.441,-1.27,-0.93,-0.704,0,0,0,0,0
2024-04-16 06:00:00,-4.957,-1.441,-1.27,-0.902,-0.676,0,0,0,0,0
2024-04-16 07:00:00,-6.042,-1.47,-1.27,-0.902,-0.676,0,0,0,0,0
2024-04-16 08:00:00,-7.673,-1.527,-1.27,-0.902,-0.648,0,0,0,0,0
2024-04-16 09:00:00,-8.797,-1.584,-1.27,-0.902,-0.676,0,0,0,0,0
2024-04-16 10:00:00,-8.53,-1.67,-1.27,-0.873,-0.648,0,0,0,0,0
2024-04-16 11:00:00,-8.597,-1.727,-1.27,-0.873,-0.648,0,0,0,0,0
2024-04-16 12:00:00,-8.066,-1.756,-1.27,-0.873,-0.676,0,0,0,0,0
2024-04-16 13:00:00,-6.199,-1.756,-1.27,-0.902,-0.676,0,0,0,0,0
2024-04-16 14:00:00,-7.64,-1.756,-1.27,-0.902,-0.676,0,0,0,0,0
2024-04-16 15:00:00,-5.11,-1.756,-1.27,-0.902,-0.676,0,0,0,0,0
2024-04-16 16:00:00,1.18,-1.727,-1.27,-0.902,-0.704,1,0,0,0,0
2024-04-16 17:00:00,0.273,-1.727,-1.27,-0.93,-0.704,0,0,0,0,0
2024-04-16 18:00:00,0.495,-1.67,-1.27,-0.93,-0.704,0,0,0,0,0
2024-04-16 19:00:00,0.742,-1.613,-1.27,-0.93,-0.704,0,0,0,0,0
2024-04-16 20:00:00,1.317,-1.584,-1.27,-0.93,-0.704,0,0,0,0,0
2024-04-16 21:00:00,1.751,-1.556,-1.27,-0.93,-0.704,0,0,0,0,0
2024-04-16 22:00:00,2.343,-1.527,-1.27,-0.93,-0.704,0,0,0,0,0
2024-04-16 23:00:00,2.637,-1.498,-1.27,-0.93,-0.704,0,0,0,0,0
2024-04-17 00:00:00,2.877,-1.498,-1.27,-0.93,-0.704,0,0,0,0,0
2024-04-17 01:00:00,3.327,-1.498,-1.27,-0.93,-0.704,0,0,0,0,0
2024-04-17 02:00:00,2.557,-1.47,-1.27,-0.93,-0.704,0,0,0,0,0
2024-04-17 03:00:00,2.477,-1.441,-1.27,-0.93,-0.704,0,0,0,0,0
2024-04-17 04:00:00,2.128,-1.441,-1.27,-0.93,-0.704,0,0,0,0,0
2024-04-17 05:00:00,1.778,-1.413,-1.27,-0.93,-0.704,0,0,0,0,0
2024-04-17 06:00:00,1.18,-1.413,-1.27,-0.93,-0.704,0,0,0,0,0
2024-04-17 07:00:00,0.218,-1.384,-1.27,-0.93,-0.704,0,0,0,0,0
2024-04-17 08:00:00,-1.27,-1.157,-1.1,-0.817,-0.535,0,0,0,0,0
2024-04-17 09:00:00,-0.088,-1.384,-1.27,-0.902,-0.704,0,0,0,0,0
2024-04-17 10:00:00,-0.591,-1.556,-1.498,-1.157,-0.93,0,0,0,0,0
2024-04-17 11:00:00,-0.958,-1.384,-1.242,-0.902,-0.704,0,0,0,0,0
2024-04-17 12:00:00,-2.363,-1.556,-1.498,-1.157,-0.93,0,0,0,0,0
2024-04-17 13:00:00,-2.421,-1.556,-1.441,-1.157,-0.93,0,0,0,0,0
2024-04-17 14:00:00,-2.131,-1.384,-1.242,-0.902,-0.676,0,0,0,0,0
2024-04-17 15:00:00,-1.128,-1.384,-1.242,-0.902,-0.704,0,0,0,0,0
2024-04-17 16:00:00,0.246,-1.413,-1.242,-0.902,-0.704,0,0,0,0,0
2024-04-17 17:00:00,0.962,-1.556,-1.441,-1.1,-0.93,0,0,0,0,0
2024-04-17 18:00:00,3.433,-1.498,-1.441,-1.043,-0.93,0,0,0,0,0
2024-04-17 19:00:00,6.102,-1.384,-1.242,-0.93,-0.704,0,0,0,0,0
2024-04-17 20:00:00,5.437,-1.384,-1.242,-0.93,-0.76,0,0,0,0,0
2024-04-17 21:00:00,6.509,-1.356,-1.242,-0.93,-0.76,0,0,0,0,0
2024-04-17 22:00:00,7.368,-1.327,-1.242,-0.93,-0.76,0,0,0,0,0
2024-04-17 23:00:00,7.066,-1.327,-1.242,-0.958,-0.76,0,0,0,0,0
2024-04-18 00:00:00,7.444,-1.299,-1.242,-0.958,-0.76,0,0,0,0,0
2024-04-18 01:00:00,8.17,-1.299,-1.242,-0.93,-0.76,0,0,0,0,0
2024-04-18 02:00:00,6.813,-1.27,-1.242,-0.93,-0.76,0,0,0,0,0
2024-04-18 03:00:00,6.94,-1.27,-1.213,-0.93,-0.732,0,0,0,0,0
2024-04-18 04:00:00,6.23,-1.27,-1.213,-0.93,-0.76,0,0,0,0,0
2024-04-18 05:00:00,5.821,-1.242,-1.213,-0.93,-0.76,0,0,0,0,0
2024-04-18 06:00:00,5.385,-1.242,-1.213,-0.93,-0.732,0,0,0,0,0
2024-04-18 07:00:00,5.949,-1.242,-1.213,-0.93,-0.76,0,0,0,0,0
2024-04-18 08:00:00,6.128,-1.213,-1.213,-0.93,-0.76,0,0,0,0,0
2024-04-18 09:00:00,4.895,-1.157,-1.213,-0.93,-0.732,0,0,0,0,0
2024-04-18 10:00:00,4.22,-1.157,-1.213,-0.93,-0.732,0,0,0,0,0
2024-04-18 11:00:00,3.617,-1.157,-1.213,-0.93,-0.732,0,0,0,0,0
2024-04-18 12:00:00,4.35,-1.157,-1.185,-0.93,-0.732,0,0,0,0,0
2024-04-18 13:00:00,3.274,-1.157,-1.185,-0.93,-0.732,0,0,0,0,0
2024-04-18 14:00:00,1.913,-1.157,-1.185,-0.93,-0.732,0,0,0,0,0
2024-04-18 15:00:00,4.194,-1.157,-1.185,-0.93,-0.732,0,0,0,0,0
2024-04-18 16:00:00,4.246,-1.157,-1.185,-0.93,-0.732,0,0,0,0,0
2024-04-18 17:00:00,5.179,-1.157,-1.185,-0.93,-0.76,0,0,0,0,0
2024-04-18 18:00:00,6.153,-1.157,-1.185,-0.93,-0.76,0,0,0,0,0
2024-04-18 19:00:00,7.041,-1.157,-1.185,-0.93,-0.76,0,0,0,0,0
2024-04-18 20:00:00,7.945,-1.157,-1.157,-0.93,-0.76,0,0,0,0,0
2024-04-18 21:00:00,9.262,-1.157,-1.157,-0.93,-0.76,0,0,0,0,0
2024-04-18 22:00:00,9.952,-1.157,-1.157,-0.93,-0.76,0,0,0,0,0
2024-04-18 23:00:00,11.37,-1.128,-1.157,-0.93,-0.76,0,0,0,0,0
2024-04-19 00:00:00,12.219,-1.128,-1.157,-0.93,-0.76,0,0,0,0,0
2024-04-19 01:00:00,12.025,-1.128,-1.157,-0.93,-0.76,0,0,0,0,0
2024-04-19 02:00:00,10.785,-1.128,-1.157,-0.93,-0.76,0,0,0,0,0
2024-04-19 03:00:00,9.312,-1.1,-1.157,-0.93,-0.76,0,0,0,0,0
2024-04-19 04:00:00,8.419,-1.1,-1.157,-0.93,-0.76,0,0,0,0,0
2024-04-19 05:00:00,7.343,-1.1,-1.157,-0.93,-0.76,0,0,0,0,0
2024-04-19 06:00:00,5.796,-1.071,-1.128,-0.902,-0.732,0,0,0,0,0
2024-04-19 07:00:00,4.48,-1.015,-1.1,-0.845,-0.704,0,0,0,0,0
2024-04-19 08:00:00,3.827,-1.043,-1.128,-0.902,-0.732,0,0,0,0,0
2024-04-19 09:00:00,3.643,-1.043,-1.128,-0.902,-0.732,0,0,0,0,0
2024-04-19 10:00:00,5.745,-1.015,-1.128,-0.902,-0.76,0,0,0,0,0
2024-04-19 11:00:00,5.257,-1.015,-1.1,-0.902,-0.732,0,0,0,0,0
2024-04-19 12:00:00,5.257,-0.986,-1.1,-0.902,-0.732,0,0,0,0,0
2024-04-19 13:00:00,3.617,-0.986,-1.1,-0.902,-0.732,0,0,0,0,0
2024-04-19 14:00:00,3.958,-0.958,-1.1,-0.873,-0.732,0,0,0,0,0
2024-04-19 15:00:00,4.22,-0.93,-1.071,-0.873,-0.704,0,0,0,0,0
2024-04-19 16:00:00,5.898,-0.93,-1.1,-0.873,-0.76,0,0,0,0,0
2024-04-19 17:00:00,7.268,-0.902,-1.043,-0.845,-0.704,0,0,0,0,0
2024-04-19 18:00:00,8.568,-0.93,-1.071,-0.873,-0.76,0,0,0,0,0
2024-04-19 19:00:00,10.075,-0.902,-1.043,-0.873,-0.76,0,0,0,0,0
2024-04-19 20:00:00,10.956,-0.873,-1.043,-0.873,-0.732,0,0,0,0,0
2024-04-19 21:00:00,11.224,-0.873,-1.043,-0.873,-0.732,0,0,0,0,0
2024-04-19 22:00:00,13.546,-0.845,-1.015,-0.873,-0.732,0,0,0,0,0
2024-04-19 23:00:00,12.775,-0.873,-1.015,-0.873,-0.732,0,0,0,0,0
2024-04-20 00:00:00,13.064,-0.845,-1.043,-0.873,-0.732,0,0,0,0,0
2024-04-20 01:00:00,12.606,-0.845,-1.015,-0.873,-0.732,0,0,0,0,0
2024-04-20 02:00:00,11.977,-0.845,-1.015,-0.873,-0.704,0,0,0,0,0
2024-04-20 03:00:00,10.956,-0.845,-1.015,-0.873,-0.704,0,0,0,0,0
2024-04-20 04:00:00,9.78,-0.817,-1.015,-0.845,-0.704,0,0,0,0,0
2024-04-20 05:00:00,7.419,-0.817,-1.015,-0.845,-0.704,0,0,0,0,0
2024-04-20 06:00:00,5.924,-0.817,-1.015,-0.845,-0.704,0,0,0,0,0
2024-04-20 07:00:00,4.011,-0.76,-0.958,-0.789,-0.648,0,0,0,0,0
2024-04-20 08:00:00,2.423,-0.76,-0.958,-0.789,-0.648,0,0,0,0,0
2024-04-20 09:00:00,1.697,-0.76,-0.958,-0.789,-0.648,0,0,0,0,0
2024-04-20 10:00:00,0.522,-0.732,-0.958,-0.789,-0.648,0,0,0,0,0
2024-04-20 11:00:00,1.398,-0.732,-0.958,-0.789,-0.648,0,0,0,0,0
2024-04-20 12:00:00,0.495,-0.732,-0.958,-0.789,-0.648,0,0,0,0,0
2024-04-20 13:00:00,0.273,-0.732,-0.958,-0.789,-0.648,0,0,0,0,0
2024-04-20 14:00:00,1.126,-0.732,-0.93,-0.789,-0.648,0,0,0,0,0
2024-04-20 15:00:00,2.396,-0.732,-0.93,-0.789,-0.648,0,0,0,0,0
2024-04-20 16:00:00,4.636,-0.704,-0.93,-0.789,-0.676,0,0,0,0,0
2024-04-20 17:00:00,6.433,-0.676,-0.902,-0.789,-0.676,0,0,0,0,0
2024-04-20 18:00:00,6.687,-0.676,-0.902,-0.789,-0.648,0,0,0,0,0
2024-04-20 19:00:00,8.369,-0.676,-0.902,-0.789,-0.676,0,0,0,0,0
2024-04-20 20:00:00,10.369,-0.648,-0.902,-0.76,-0.676,0,0,0,0,0
2024-04-20 21:00:00,11.394,-0.676,-0.902,-0.789,-0.676,0,0,0,0,0
2024-04-20 22:00:00,11.637,-0.676,-0.902,-0.789,-0.676,0,0,0,0,0
2024-04-20 23:00:00,12.437,-0.676,-0.873,-0.789,-0.676,0,0,0,0,0
2024-04-21 00:00:00,12.509,-0.676,-0.873,-0.76,-0.676,0,0,0,0,0
2024-04-21 01:00:00,12.485,-0.648,-0.873,-0.76,-0.676,0,0,0,0,0
2024-04-21 02:00:00,11.662,-0.648,-0.873,-0.76,-0.648,0,0,0,0,0
2024-04-21 03:00:00,10.907,-0.648,-0.873,-0.76,-0.648,0,0,0,0,0
2024-04-21 04:00:00,9.361,-0.648,-0.873,-0.76,-0.648,0,0,0,0,0
2024-04-21 05:00:00,7.419,-0.62,-0.845,-0.732,-0.62,0,0,0,0,0
2024-04-21 06:00:00,4.402,-0.62,-0.845,-0.732,-0.62,0,0,0,0,0
2024-04-21 07:00:00,2.77,-0.62,-0.845,-0.732,-0.62,0,0,0,0,0
2024-04-21 08:00:00,1.967,-0.62,-0.845,-0.732,-0.62,0,0,0,0,0
2024-04-21 09:00:00,1.153,-0.62,-0.845,-0.732,-0.62,0,0,0,0,0
2024-04-21 10:00:00,0.301,-0.62,-0.845,-0.732,-0.62,0,0,0,0,0
2024-04-21 11:00:00,-0.311,-0.591,-0.845,-0.732,-0.62,0,0,0,0,0
2024-04-21 12:00:00,-0.986,-0.591,-0.845,-0.732,-0.62,0,0,0,0,0
2024-04-21 13:00:00,-2.044,-0.591,-0.845,-0.704,-0.62,0,0,0,0,0
2024-04-21 14:00:00,-1.986,-0.591,-0.845,-0.704,-0.591,0,0,0,0,0
2024-04-21 15:00:00,-0.789,-0.591,-0.845,-0.732,-0.62,0,0,0,0,0
2024-04-21 16:00:00,0.88,-0.591,-0.817,-0.732,-0.648,0,0,0,0,0
2024-04-21 17:00:00,3.591,-0.591,-0.817,-0.732,-0.648,0,0,0,0,0
2024-04-21 18:00:00,5.591,-0.591,-0.817,-0.732,-0.648,0,0,0,0,0
2024-04-21 19:00:00,7.619,-0.563,-0.789,-0.732,-0.648,0,0,0,0,0
2024-04-21 20:00:00,10.492,-0.535,-0.789,-0.704,-0.648,0,0,0,0,0
2024-04-21 21:00:00,9.558,-0.563,-0.789,-0.704,-0.648,0,0,0,0,0
2024-04-21 22:00:00,11.053,-0.563,-0.789,-0.704,-0.62,0,0,0,0,0
2024-04-21 23:00:00,10.834,-0.563,-0.789,-0.704,-0.648,0,0,0,0,0
2024-04-22 00:00:00,10.687,-0.535,-0.789,-0.704,-0.62,0,0,0,0,0
2024-04-22 01:00:00,10.492,-0.535,-0.789,-0.704,-0.648,0,0,0,0,0
2024-04-22 02:00:00,10.075,-0.535,-0.789,-0.704,-0.62,0,0,0,0,0
2024-04-22 03:00:00,9.805,-0.535,-0.76,-0.704,-0.62,0,0,0,0,0
2024-04-22 04:00:00,8.469,-0.507,-0.76,-0.676,-0.591,0,0,0,0,0
2024-04-22 05:00:00,6.255,-0.507,-0.76,-0.676,-0.591,0,0,0,0,0
2024-04-22 06:00:00,2.983,-0.507,-0.76,-0.676,-0.591,0,0,0,0,0
2024-04-22 07:00:00,1.534,-0.507,-0.789,-0.676,-0.591,0,0,0,0,0
2024-04-22 08:00:00,0.577,-0.479,-0.76,-0.676,-0.591,0,0,0,0,0
2024-04-22 09:00:00,0.273,-0.479,-0.789,-0.676,-0.591,0,0,0,0,0
2024-04-22 10:00:00,0.329,-0.479,-0.76,-0.676,-0.591,0,0,0,0,0
2024-04-22 11:00:00,-2.742,-0.479,-0.76,-0.676,-0.591,0,0,0,0,0
2024-04-22 12:00:00,-2.976,-0.479,-0.76,-0.676,-0.591,0,0,0,0,0
2024-04-22 13:00:00,-3.39,-0.479,-0.76,-0.676,-0.591,0,0,0,0,0
2024-04-22 14:00:00,-2.363,-0.507,-0.76,-0.648,-0.591,0,0,0,0,0
2024-04-22 15:00:00,-0.873,-0.507,-0.76,-0.676,-0.591,0,0,0,0,0
2024-04-22 16:00:00,0.632,-0.479,-0.76,-0.676,-0.648,0,0,0,0,0
2024-04-22 17:00:00,2.664,-0.479,-0.732,-0.676,-0.648,0,0,0,0,0
2024-04-22 18:00:00,5.102,-0.451,-0.732,-0.676,-0.62,0,0,0,0,0
2024-04-22 19:00:00,5.231,-0.451,-0.732,-0.676,-0.62,0,0,0,0,0
2024-04-22 20:00:00,8.02,-0.423,-0.704,-0.648,-0.62,0,0,0,0,0
2024-04-22 21:00:00,7.015,-0.451,-0.704,-0.648,-0.591,0,0,0,0,0
2024-04-22 22:00:00,6.509,-0.423,-0.704,-0.648,-0.591,0,0,0,0,0
2024-04-22 23:00:00,7.87,-0.423,-0.704,-0.648,-0.62,0,0,0,0,0
2024-04-23 00:00:00,7.091,-0.423,-0.704,-0.648,-0.591,0,0,0,0,0
2024-04-23 01:00:00,7.494,-0.395,-0.704,-0.648,-0.591,0,0,0,0,0
2024-04-23 02:00:00,6.255,-0.395,-0.704,-0.648,-0.591,0,0,0,0,0
2024-04-23 03:00:00,6.153,-0.395,-0.704,-0.648,-0.591,0,0,0,0,0
2024-04-23 04:00:00,5.024,-0.367,-0.704,-0.648,-0.591,0,0,0,0,0
2024-04-23 05:00:00,3.801,-0.367,-0.704,-0.648,-0.591,0,0,0,0,0
2024-04-23 06:00:00,3.38,-0.367,-0.704,-0.648,-0.591,0,0,0,0,0
2024-04-23 07:00:00,3.168,-0.367,-0.704,-0.648,-0.591,0,0,0,0,0
2024-04-23 08:00:00,1.724,-0.367,-0.704,-0.62,-0.591,0,0,0,0,0
2024-04-23 09:00:00,1.561,-0.367,-0.704,-0.62,-0.591,0,0,0,0,0
2024-04-23 10:00:00,-1.384,-0.367,-0.704,-0.62,-0.563,0,0,0,0,0
2024-04-23 11:00:00,1.044,-0.367,-0.704,-0.648,-0.591,0,0,0,0,0
2024-04-23 12:00:00,-0.06,-0.339,-0.704,-0.62,-0.563,0,0,0,0,0
2024-04-23 13:00:00,0.852,-0.339,-0.676,-0.62,-0.591,0,0,0,0,0
2024-04-23 14:00:00,0.852,-0.339,-0.676,-0.62,-0.591,0,0,0,0,0
2024-04-23 15:00:00,1.017,-0.339,-0.676,-0.62,-0.591,0,0,0,0,0
2024-04-23 16:00:00,1.099,-0.339,-0.676,-0.62,-0.591,0,0,0,0,0
2024-04-23 17:00:00,2.101,-0.339,-0.676,-0.62,-0.591,0,0,0,0,0
2024-04-23 18:00:00,3.749,-0.339,-0.648,-0.62,-0.591,0,0,0,0,0
2024-04-23 19:00:00,6.636,-0.311,-0.648,-0.62,-0.591,0,0,0,0,0
2024-04-23 20:00:00,8.494,-0.311,-0.62,-0.62,-0.591,0,0,0,0,0
2024-04-23 21:00:00,9.583,-0.311,-0.62,-0.62,-0.591,0,0,0,0,0
2024-04-23 22:00:00,9.608,-0.283,-0.62,-0.62,-0.591,0,0,0,0,0
2024-04-23 23:00:00,9.558,-0.311,-0.62,-0.62,-0.591,0,0,0,0,0
2024-04-24 00:00:00,9.41,-0.283,-0.62,-0.591,-0.591,0,0,0,0,0
2024-04-24 01:00:00,9.903,-0.283,-0.62,-0.62,-0.591,0,0,0,0,0
2024-04-24 02:00:00,8.643,-0.283,-0.62,-0.591,-0.563,0,0,0,0,0
2024-04-24 03:00:00,8.965,-0.283,-0.62,-0.591,-0.563,0,0,0,0,0
2024-04-24 04:00:00,8.045,-0.283,-0.62,-0.591,-0.563,0,0,0,0,0
2024-04-24 05:00:00,5.77,-0.255,-0.62,-0.563,-0.535,0,0,0,0,0
2024-04-24 06:00:00,3.538,-0.227,-0.62,-0.591,-0.535,0,0,0,0,0
2024-04-24 07:00:00,3.538,-0.199,-0.62,-0.591,-0.535,0,0,0,0,0
2024-04-24 08:00:00,2.155,-0.171,-0.62,-0.563,-0.535,0,0,0,0,0
2024-04-24 09:00:00,2.074,-0.143,-0.62,-0.563,-0.535,0,0,0,0,0
2024-04-24 10:00:00,0.632,-0.116,-0.62,-0.563,-0.535,0,0,0,0,0
2024-04-24 11:00:00,0.273,-0.116,-0.62,-0.563,-0.535,0,0,0,0,0
2024-04-24 12:00:00,1.235,-0.116,-0.62,-0.563,-0.563,0,0,0,0,0
2024-04-24 13:00:00,1.697,-0.088,-0.62,-0.563,-0.535,0,0,0,0,0
2024-04-24 14:00:00,1.425,-0.088,-0.62,-0.563,-0.535,0,0,0,0,0
2024-04-24 15:00:00,2.047,-0.088,-0.62,-0.563,-0.563,0,0,0,0,0
2024-04-24 16:00:00,3.722,-0.06,-0.591,-0.563,-0.563,0,0,0,0,0
2024-04-24 17:00:00,5.308,-0.06,-0.591,-0.563,-0.563,0,0,0,0,0
2024-04-24 18:00:00,6.712,-0.06,-0.591,-0.563,-0.563,0,0,0,0,0
2024-04-24 19:00:00,8.07,-0.06,-0.563,-0.563,-0.563,0,0,0,0,0
2024-04-24 20:00:00,8.792,-0.06,-0.563,-0.563,-0.563,0,0,0,0,0
2024-04-24 21:00:00,9.608,-0.06,-0.563,-0.563,-0.563,0,0,0,0,0
2024-04-24 22:00:00,9.952,-0.06,-0.563,-0.563,-0.563,0,0,0,0,0
2024-04-24 23:00:00,9.903,-0.06,-0.563,-0.563,-0.563,0,0,0,0,0
2024-04-25 00:00:00,10.051,0.051,-0.563,-0.563,-0.563,0,0,0,0,0
2024-04-25 01:00:00,10.173,0.051,-0.563,-0.563,-0.563,0,0,0,0,0
2024-04-25 02:00:00,9.558,0.051,-0.563,-0.563,-0.535,0,0,0,0,0
2024-04-25 03:00:00,9.706,0.051,-0.563,-0.563,-0.563,0,0,0,0,0
2024-04-25 04:00:00,8.319,0.051,-0.535,-0.535,-0.535,0,0,0,0,0
2024-04-25 05:00:00,6.509,0.051,-0.535,-0.535,-0.535,0,0,0,0,0
2024-04-25 06:00:00,5.154,0.051,-0.535,-0.535,-0.507,0,0,0,0,0
2024-04-25 07:00:00,4.999,0.051,-0.535,-0.535,-0.535,0,0,0,0,0
2024-04-25 08:00:00,4.921,0.051,-0.535,-0.535,-0.535,0,0,0,0,0
2024-04-25 09:00:00,3.932,0.051,-0.535,-0.535,-0.535,0,0,0,0,0
2024-04-25 10:00:00,4.037,0.051,-0.535,-0.535,-0.535,0,0,0,0,0
2024-04-25 11:00:00,3.88,0.051,-0.507,-0.535,-0.535,0,0,0,0,0
2024-04-25 12:00:00,3.248,0.051,-0.507,-0.535,-0.535,0,0,0,0,0
2024-04-25 13:00:00,0.467,0.079,-0.507,-0.507,-0.479,0,0,0,0,0
2024-04-25 14:00:00,0.66,0.051,-0.507,-0.535,-0.507,0,0,0,0,0
2024-04-25 15:00:00,2.262,0.051,-0.507,-0.535,-0.535,0,0,0,0,0
2024-04-25 16:00:00,3.538,0.051,-0.507,-0.535,-0.535,0,0,0,0,0
2024-04-25 17:00:00,4.454,0.051,-0.507,-0.535,-0.535,0,0,0,0,0
2024-04-25 18:00:00,6.965,0.051,-0.479,-0.535,-0.535,0,0,0,0,0
2024-04-25 19:00:00,8.344,0.051,-0.479,-0.507,-0.535,0,0,0,0,0
2024-04-25 20:00:00,9.04,0.051,-0.451,-0.507,-0.535,0,0,0,0,0
2024-04-25 21:00:00,10.394,0.051,-0.479,-0.535,-0.535,0,0,0,0,0
2024-04-25 22:00:00,10.614,0.051,-0.479,-0.535,-0.535,0,0,0,0,0
2024-04-25 23:00:00,11.419,0.051,-0.451,-0.535,-0.535,0,0,0,0,0
2024-04-26 00:00:00,10.858,0.051,-0.451,-0.507,-0.535,0,0,0,0,0
2024-04-26 01:00:00,11.127,0.051,-0.479,-0.507,-0.535,0,0,0,0,0
2024-04-26 02:00:00,11.029,0.051,-0.451,-0.507,-0.535,0,0,0,0,0
2024-04-26 03:00:00,10.638,0.051,-0.451,-0.507,-0.507,0,0,0,0,0
2024-04-26 04:00:00,9.41,0.051,-0.451,-0.507,-0.507,0,0,0,0,0
2024-04-26 05:00:00,7.091,0.079,-0.451,-0.479,-0.507,0,0,0,0,0
2024-04-26 06:00:00,5.385,0.079,-0.451,-0.479,-0.507,0,0,0,0,0
2024-04-26 07:00:00,4.558,0.079,-0.451,-0.479,-0.479,0,0,0,0,0
2024-04-26 08:00:00,3.221,0.079,-0.451,-0.479,-0.479,0,0,0,0,0
2024-04-26 09:00:00,1.48,0.079,-0.451,-0.479,-0.479,0,0,0,0,0
2024-04-26 10:00:00,0.852,0.079,-0.451,-0.479,-0.479,0,0,0,0,0
2024-04-26 11:00:00,-0.255,0.079,-0.451,-0.479,-0.479,0,0,0,0,0
2024-04-26 12:00:00,-1.185,0.079,-0.451,-0.479,-0.479,0,0,0,0,0
2024-04-26 13:00:00,1.615,0.051,-0.451,-0.479,-0.479,1,0,0,0,0
2024-04-26 14:00:00,-1.043,0.051,-0.451,-0.479,-0.479,1,0,0,0,0
2024-04-26 15:00:00,1.48,0.051,-0.451,-0.479,-0.507,0,0,0,0,0
2024-04-26 16:00:00,3.248,0.051,-0.451,-0.479,-0.535,0,0,0,0,0
2024-04-26 17:00:00,4.792,0.051,-0.423,-0.479,-0.507,0,0,0,0,0
2024-04-26 18:00:00,5.975,0.079,-0.423,-0.479,-0.507,0,0,0,0,0
2024-04-26 19:00:00,7.217,0.079,-0.423,-0.479,-0.507,0,0,0,0,0
2024-04-26 20:00:00,8.02,0.051,-0.423,-0.479,-0.535,0,0,0,0,0
2024-04-26 21:00:00,9.312,0.051,-0.423,-0.479,-0.535,0,0,0,0,0
2024-04-26 22:00:00,8.618,0.051,-0.423,-0.507,-0.535,0,0,0,0,0
2024-04-26 23:00:00,8.593,0.051,-0.423,-0.479,-0.507,0,0,0,0,0
2024-04-27 00:00:00,9.163,0.051,-0.423,-0.479,-0.507,0,0,0,0,0
2024-04-27 01:00:00,8.494,0.051,-0.423,-0.479,-0.507,0,0,0,0,0
2024-04-27 02:00:00,8.369,0.051,-0.395,-0.479,-0.507,0,0,0,0,0
2024-04-27 03:00:00,7.82,0.051,-0.395,-0.479,-0.479,0,0,0,0,0
2024-04-27 04:00:00,7.192,0.051,-0.395,-0.479,-0.479,0,0,0,0,0
2024-04-27 05:00:00,5.437,0.079,-0.395,-0.451,-0.479,0,0,0,0,0
2024-04-27 06:00:00,3.617,0.079,-0.395,-0.451,-0.479,0,0,0,0,0
2024-04-27 07:00:00,2.423,0.079,-0.395,-0.451,-0.479,0,0,0,0,0
2024-04-27 08:00:00,0.135,0.079,-0.395,-0.451,-0.451,0,0,0,0,0
2024-04-27 09:00:00,-1.498,0.079,-0.423,-0.423,-0.451,0,0,0,0,0
2024-04-27 10:00:00,-2.742,0.079,-0.423,-0.423,-0.451,0,0,0,0,0
2024-04-27 11:00:00,-2.625,0.079,-0.395,-0.451,-0.451,0,0,0,0,0
2024-04-27 12:00:00,-4.773,0.079,-0.395,-0.423,-0.451,0,0,0,0,0
2024-04-27 13:00:00,-4.682,0.079,-0.395,-0.423,-0.451,0,0,0,0,0
2024-04-27 14:00:00,-5.418,0.079,-0.423,-0.423,-0.451,0,0,0,0,0
2024-04-27 15:00:00,-2.566,0.051,-0.423,-0.451,-0.479,0,0,0,0,0
2024-04-27 16:00:00,-0.76,0.051,-0.395,-0.451,-0.507,0,0,0,0,0
2024-04-27 17:00:00,0.852,0.051,-0.395,-0.451,-0.479,0,0,0,0,0
2024-04-27 18:00:00,2.45,0.051,-0.395,-0.451,-0.479,0,0,0,0,0
2024-04-27 19:00:00,4.298,0.051,-0.395,-0.451,-0.507,0,0,0,0,0
2024-04-27 20:00:00,4.22,0.079,-0.395,-0.451,-0.507,0,0,0,0,0
2024-04-27 21:00:00,4.61,0.051,-0.395,-0.451,-0.507,0,0,0,0,0
2024-04-27 22:00:00,5.076,0.051,-0.395,-0.451,-0.507,0,0,0,0,0
2024-04-27 23:00:00,5.719,0.051,-0.395,-0.451,-0.479,0,0,0,0,0
2024-04-28 00:00:00,5.796,0.051,-0.395,-0.451,-0.479,0,0,0,0,0
2024-04-28 01:00:00,5.745,0.051,-0.395,-0.451,-0.479,0,0,0,0,0
2024-04-28 02:00:00,5.975,0.051,-0.395,-0.451,-0.479,0,0,0,0,0
2024-04-28 03:00:00,5.334,0.051,-0.395,-0.451,-0.479,0,0,0,0,0
2024-04-28 04:00:00,4.402,0.051,-0.395,-0.451,-0.479,0,0,0,0,0
2024-04-28 05:00:00,3.274,0.079,-0.395,-0.423,-0.451,0,0,0,0,0
2024-04-28 06:00:00,0.715,0.079,-0.395,-0.423,-0.423,0,0,0,0,0
2024-04-28 07:00:00,-0.395,0.079,-0.395,-0.423,-0.451,0,0,0,0,0
2024-04-28 08:00:00,-1.185,0.079,-0.395,-0.395,-0.423,0,0,0,0,0
2024-04-28 09:00:00,-2.16,0.079,-0.367,-0.395,-0.423,0,0,0,0,0
2024-04-28 10:00:00,-3.301,0.079,-0.367,-0.395,-0.423,0,0,0,0,0
2024-04-28 11:00:00,-5.233,0.079,-0.367,-0.423,-0.423,0,0,0,0,0
2024-04-28 12:00:00,-6.294,0.079,-0.367,-0.367,-0.423,0,0,0,0,0
2024-04-28 13:00:00,-7.445,0.079,-0.367,-0.367,-0.423,0,0,0,0,0
2024-04-28 14:00:00,-7.187,0.079,-0.367,-0.395,-0.423,0,0,0,0,0
2024-04-28 15:00:00,-4.56,0.051,-0.395,-0.423,-0.451,0,0,0,0,0
2024-04-28 16:00:00,-2.131,0.051,-0.395,-0.423,-0.479,0,0,0,0,0
2024-04-28 17:00:00,-0.563,0.051,-0.367,-0.423,-0.479,0,0,0,0,0
2024-04-28 18:00:00,1.099,0.051,-0.367,-0.423,-0.479,0,0,0,0,0
2024-04-28 19:00:00,2.047,0.051,-0.367,-0.423,-0.479,0,0,0,0,0
2024-04-28 20:00:00,3.775,0.079,-0.395,-0.423,-0.479,0,0,0,0,0
2024-04-28 21:00:00,4.115,0.051,-0.395,-0.423,-0.479,0,0,0,0,0
2024-04-28 22:00:00,5.437,0.051,-0.395,-0.423,-0.479,0,0,0,0,0
2024-04-28 23:00:00,5.642,0.051,-0.395,-0.423,-0.479,0,0,0,0,0
2024-04-29 00:00:00,5.847,0.051,-0.395,-0.423,-0.451,0,0,0,0,0
2024-04-29 01:00:00,5.745,0.051,-0.395,-0.423,-0.451,0,0,0,0,0
2024-04-29 02:00:00,5.308,0.051,-0.367,-0.423,-0.451,0,0,0,0,0
2024-04-29 03:00:00,6.102,0.051,-0.367,-0.423,-0.451,0,0,0,0,0
2024-04-29 04:00:00,5.462,0.051,-0.367,-0.423,-0.451,0,0,0,0,0
2024-04-29 05:00:00,4.141,0.051,-0.367,-0.395,-0.423,0,0,0,0,0
2024-04-29 06:00:00,1.126,0.079,-0.367,-0.367,-0.423,0,0,0,0,0
2024-04-29 07:00:00,-1.727,0.079,-0.367,-0.367,-0.423,0,0,0,0,0
2024-04-29 08:00:00,-2.247,0.079,-0.367,-0.367,-0.423,0,0,0,0,0
2024-04-29 09:00:00,-3.777,0.079,-0.367,-0.367,-0.423,0,0,0,0,0
2024-04-29 10:00:00,-3.866,0.079,-0.367,-0.367,-0.423,0,0,0,0,0
2024-04-29 11:00:00,-4.926,0.079,-0.367,-0.367,-0.423,0,0,0,0,0
2024-04-29 12:00:00,-6.073,0.079,-0.367,-0.367,-0.395,0,0,0,0,0
2024-04-29 13:00:00,-6.042,0.079,-0.367,-0.367,-0.423,0,0,0,0,0
2024-04-29 14:00:00,-4.287,0.051,-0.367,-0.367,-0.423,0,0,0,0,0
2024-04-29 15:00:00,-2.859,0.051,-0.367,-0.367,-0.423,0,0,0,0,0
2024-04-29 16:00:00,-1.071,0.051,-0.367,-0.395,-0.451,0,0,0,0,0
2024-04-29 17:00:00,-0.004,0.051,-0.367,-0.395,-0.451,0,0,0,0,0
2024-04-29 18:00:00,1.398,0.051,-0.339,-0.395,-0.451,0,0,0,0,0
2024-04-29 19:00:00,3.617,0.051,-0.339,-0.395,-0.451,0,0,0,0,0
2024-04-29 20:00:00,4.921,0.079,-0.339,-0.395,-0.451,0,0,0,0,0
2024-04-29 21:00:00,5.076,0.051,-0.339,-0.395,-0.451,0,0,0,0,0
2024-04-29 22:00:00,5.154,0.051,-0.339,-0.395,-0.451,0,0,0,0,0
2024-04-29 23:00:00,5.076,0.051,-0.339,-0.395,-0.451,0,0,0,0,0
2024-04-30 00:00:00,6.433,0.051,-0.339,-0.395,-0.451,0,0,0,0,0
2024-04-30 01:00:00,6.128,0.051,-0.339,-0.395,-0.451,0,0,0,0,0
2024-04-30 02:00:00,5.102,0.051,-0.339,-0.395,-0.451,0,0,0,0,0
2024-04-30 03:00:00,4.558,0.051,-0.339,-0.367,-0.451,0,0,0,0,0
2024-04-30 04:00:00,4.246,0.079,-0.339,-0.367,-0.423,0,0,0,0,0
2024-04-30 05:00:00,3.512,0.051,-0.339,-0.367,-0.423,0,0,0,0,0
2024-04-30 06:00:00,2.182,0.079,-0.339,-0.367,-0.423,0,0,0,0,0
2024-04-30 07:00:00,0.356,0.079,-0.339,-0.367,-0.423,0,0,0,0,0
2024-04-30 08:00:00,-0.367,0.079,-0.367,-0.367,-0.423,0,0,0,0,0
2024-04-30 09:00:00,-1.157,0.079,-0.367,-0.367,-0.423,0,0,0,0,0
2024-04-30 10:00:00,-1.842,0.051,-0.367,-0.367,-0.423,0,0,0,0,0
2024-04-30 11:00:00,-0.789,0.051,-0.367,-0.367,-0.423,0,0,0,0,0
2024-04-30 12:00:00,-1.185,0.051,-0.367,-0.367,-0.423,0,0,0,0,0
2024-04-30 13:00:00,-0.479,0.051,-0.367,-0.367,-0.423,0,0,0,0,0
2024-04-30 14:00:00,-0.451,0.051,-0.367,-0.367,-0.423,0,0,0,0,0
2024-04-30 15:00:00,-0.116,0.051,-0.367,-0.367,-0.423,0,0,0,0,0
2024-04-30 16:00:00,0.273,0.051,-0.339,-0.367,-0.423,0,0,0,0,0
2024-04-30 17:00:00,-0.088,0.051,-0.367,-0.367,-0.423,0,0,0,0,0
2024-04-30 18:00:00,0.107,0.051,-0.339,-0.367,-0.423,0,0,0,0,0
2024-04-30 19:00:00,0.107,0.051,-0.339,-0.367,-0.423,0,0,0,0,0
2024-04-30 20:00:00,-0.507,0.051,-0.339,-0.367,-0.423,0,0,0,0,0
2024-04-30 21:00:00,0.412,0.051,-0.367,-0.367,-0.451,0,0,0,0,0
2024-04-30 22:00:00,1.099,0.051,-0.339,-0.367,-0.423,0,0,0,0,0
2024-04-30 23:00:00,0.412,0.051,-0.339,-0.367,-0.423,0,0,0,0,0
2024-05-01 00:00:00,0.907,0.024,-0.367,-0.367,-0.451,0,0,0,0,0
2024-05-01 01:00:00,-0.116,0.024,-0.367,-0.367,-0.451,0,0,0,0,0
2024-05-01 02:00:00,-0.507,0.024,-0.367,-0.423,-0.479,0,0,0,0,0
2024-05-01 03:00:00,-1.043,0.024,-0.367,-0.423,-0.451,0,0,0,0,0
2024-05-01 04:00:00,-1.699,-0.004,-0.367,-0.423,-0.451,0,0,0,0,0
2024-05-01 05:00:00,-2.479,0.024,-0.367,-0.367,-0.423,0,0,0,0,0
2024-05-01 06:00:00,-2.918,-0.004,-0.367,-0.367,-0.423,0,0,0,0,0
2024-05-01 07:00:00,-3.242,0.024,-0.367,-0.367,-0.423,0,0,0,0,0
2024-05-01 08:00:00,-3.242,0.024,-0.367,-0.367,-0.423,0,0,0,0,0
2024-05-01 09:00:00,-3.36,-0.004,-0.367,-0.367,-0.451,0,0,0,0,0
2024-05-01 10:00:00,-3.896,-0.004,-0.367,-0.367,-0.423,0,0,0,0,0
2024-05-01 11:00:00,-4.378,0.024,-0.367,-0.367,-0.423,0,0,0,0,0
2024-05-01 12:00:00,-5.729,0.024,-0.367,-0.367,-0.423,0,0,0,0,0
2024-05-01 13:00:00,-7.771,0.024,-0.367,-0.367,-0.367,0,0,0,0,0
2024-05-01 14:00:00,-6.962,0.024,-0.367,-0.367,-0.423,0,0,0,0,0
2024-05-01 15:00:00,-5.698,-0.004,-0.367,-0.367,-0.451,0,0,0,0,0
2024-05-01 16:00:00,-4.926,0.024,-0.367,-0.367,-0.479,0,0,0,0,0
2024-05-01 17:00:00,-2.742,0.051,-0.339,-0.367,-0.423,0,0,0,0,0
2024-05-01 18:00:00,-2.305,0.024,-0.367,-0.367,-0.479,0,0,0,0,0
2024-05-01 19:00:00,-1.185,0.051,-0.339,-0.367,-0.451,0,0,0,0,0
2024-05-01 20:00:00,-0.789,0.051,-0.339,-0.367,-0.451,0,0,0,0,0
2024-05-01 21:00:00,0.384,0.051,-0.339,-0.367,-0.423,0,0,0,0,0
2024-05-01 22:00:00,0.135,-0.255,-0.591,-0.648,-0.704,0,1,0,0,0
2024-05-01 23:00:00,0.577,0.051,-0.339,-0.367,-0.423,0,0,0,0,0
2024-05-02 00:00:00,1.099,-0.004,-0.367,-0.423,-0.479,0,0,0,0,0
2024-05-02 01:00:00,0.522,-0.004,-0.367,-0.423,-0.479,0,0,0,0,0
2024-05-02 02:00:00,0.577,-0.004,-0.367,-0.423,-0.479,0,0,0,0,0
2024-05-02 03:00:00,0.356,-0.004,-0.367,-0.423,-0.451,0,0,0,0,0
2024-05-02 04:00:00,-0.255,-0.004,-0.367,-0.423,-0.451,0,0,0,0,0
2024-05-02 05:00:00,-1.327,-0.004,-0.367,-0.367,-0.451,0,0,0,0,0
2024-05-02 06:00:00,-4.076,0.024,-0.367,-0.367,-0.423,0,0,0,0,0
2024-05-02 07:00:00,-5.172,0.024,-0.367,-0.367,-0.367,0,0,0,0,0
2024-05-02 08:00:00,-6.547,0.024,-0.367,-0.367,-0.367,0,0,0,0,0
2024-05-02 09:00:00,-7.706,0.024,-0.367,-0.367,-0.367,0,0,0,0,0
2024-05-02 10:00:00,-7.673,-0.004,-0.367,-0.367,-0.367,0,0,0,0,0
2024-05-02 11:00:00,-10.686,0.024,-0.367,-0.339,-0.367,0,0,0,0,0
2024-05-02 12:00:00,-9.371,0.024,-0.367,-0.339,-0.367,0,0,0,0,0
2024-05-02 13:00:00,-10.406,0.024,-0.367,-0.339,-0.367,0,0,0,0,0
2024-05-02 14:00:00,-10.266,0.024,-0.367,-0.339,-0.367,0,0,0,0,0
2024-05-02 15:00:00,-7.51,-0.004,-0.367,-0.367,-0.451,0,0,0,0,0
2024-05-02 16:00:00,-5.667,-0.032,-0.367,-0.367,-0.479,0,0,0,0,0
2024-05-02 17:00:00,-3.183,-0.004,-0.367,-0.367,-0.479,0,0,0,0,0
2024-05-02 18:00:00,-1.958,-0.004,-0.367,-0.367,-0.479,0,0,0,0,0
2024-05-02 19:00:00,-0.591,-0.004,-0.367,-0.367,-0.479,0,0,0,0,0
2024-05-02 20:00:00,0.66,0.024,-0.367,-0.367,-0.479,0,0,0,0,0
2024-05-02 21:00:00,1.126,0.024,-0.367,-0.367,-0.479,0,0,0,0,0
2024-05-02 22:00:00,1.453,0.024,-0.339,-0.367,-0.479,0,0,0,0,0
2024-05-02 23:00:00,2.236,0.051,-0.339,-0.367,-0.423,0,0,0,0,0
2024-05-03 00:00:00,2.423,0.051,-0.339,-0.367,-0.423,0,0,0,0,0
2024-05-03 01:00:00,2.77,0.051,-0.339,-0.367,-0.423,0,0,0,0,0
2024-05-03 02:00:00,2.744,0.024,-0.311,-0.367,-0.423,0,0,0,0,0
2024-05-03 03:00:00,2.101,0.024,-0.339,-0.367,-0.423,0,0,0,0,0
2024-05-03 04:00:00,1.615,0.024,-0.367,-0.367,-0.451,0,0,0,0,0
2024-05-03 05:00:00,0.632,-0.004,-0.367,-0.367,-0.423,0,0,0,0,0
2024-05-03 06:00:00,-1.756,-0.004,-0.367,-0.367,-0.423,0,0,0,0,0
2024-05-03 07:00:00,-2.947,-0.004,-0.367,-0.367,-0.367,0,0,0,0,0
2024-05-03 08:00:00,-3.449,-0.004,-0.367,-0.367,-0.423,0,0,0,0,0
2024-05-03 09:00:00,-5.326,0.024,-0.367,-0.367,-0.367,0,0,0,0,0
2024-05-03 10:00:00,-5.76,-0.004,-0.367,-0.339,-0.367,0,0,0,0,0
2024-05-03 11:00:00,-6.168,-0.004,-0.367,-0.339,-0.367,0,0,0,0,0
2024-05-03 12:00:00,-7.122,-0.004,-0.367,-0.339,-0.367,0,0,0,0,0
2024-05-03 13:00:00,-5.823,-0.004,-0.367,-0.367,-0.367,0,0,0,0,0
2024-05-03 14:00:00,-7.316,-0.004,-0.367,-0.339,-0.367,0,0,0,0,0
2024-05-03 15:00:00,-4.987,-0.004,-0.367,-0.367,-0.451,0,0,0,0,0
2024-05-03 16:00:00,-2.305,-0.004,-0.367,-0.367,-0.451,0,0,0,0,0
2024-05-03 17:00:00,-0.367,-0.004,-0.367,-0.367,-0.451,0,0,0,0,0
2024-05-03 18:00:00,0.246,0.024,-0.339,-0.367,-0.423,0,0,0,0,0
2024-05-03 19:00:00,1.805,0.024,-0.339,-0.339,-0.423,0,0,0,0,0
2024-05-03 20:00:00,3.221,0.051,-0.311,-0.339,-0.423,0,0,0,0,0
2024-05-03 21:00:00,3.248,0.051,-0.339,-0.339,-0.423,0,0,0,0,0
2024-05-03 22:00:00,3.722,0.051,-0.311,-0.339,-0.423,0,0,0,0,0
2024-05-03 23:00:00,4.272,0.051,-0.311,-0.339,-0.423,0,0,0,0,0
2024-05-04 00:00:00,3.801,0.051,-0.339,-0.339,-0.423,0,0,0,0,0
2024-05-04 01:00:00,4.272,0.051,-0.339,-0.339,-0.423,0,0,0,0,0
2024-05-04 02:00:00,3.985,0.051,-0.311,-0.339,-0.367,0,0,0,0,0
2024-05-04 03:00:00,3.617,0.051,-0.311,-0.339,-0.367,0,0,0,0,0
2024-05-04 04:00:00,3.248,0.051,-0.311,-0.339,-0.395,0,0,0,0,0
2024-05-04 05:00:00,1.235,0.051,-0.311,-0.339,-0.367,0,0,0,0,0
2024-05-04 06:00:00,0.632,0.051,-0.311,-0.311,-0.367,0,0,0,0,0
2024-05-04 07:00:00,-0.311,0.024,-0.339,-0.339,-0.367,0,0,0,0,0
2024-05-04 08:00:00,-0.817,0.024,-0.339,-0.339,-0.367,0,0,0,0,0
2024-05-04 09:00:00,-0.817,0.024,-0.339,-0.339,-0.367,0,0,0,0,0
2024-05-04 10:00:00,-0.958,0.024,-0.339,-0.339,-0.367,0,0,0,0,0
2024-05-04 11:00:00,-1.27,0.024,-0.339,-0.339,-0.367,0,0,0,0,0
2024-05-04 12:00:00,-1.413,0.051,-0.339,-0.311,-0.367,0,0,0,0,0
2024-05-04 13:00:00,-1.498,0.051,-0.339,-0.311,-0.367,0,0,0,0,0
2024-05-04 14:00:00,-1.9,0.051,-0.311,-0.311,-0.367,0,0,0,0,0
2024-05-04 15:00:00,-2.247,0.024,-0.339,-0.311,-0.367,0,0,0,0,0
2024-05-04 16:00:00,-1.727,0.024,-0.339,-0.311,-0.367,0,0,0,0,0
2024-05-04 17:00:00,-1.47,0.024,-0.311,-0.311,-0.367,0,0,0,0,0
2024-05-04 18:00:00,-0.171,0.024,-0.311,-0.311,-0.367,0,0,0,0,0
2024-05-04 19:00:00,-0.032,0.024,-0.339,-0.339,-0.367,0,0,0,0,0
2024-05-04 20:00:00,-0.507,0.024,-0.339,-0.339,-0.367,0,0,0,0,0
2024-05-04 21:00:00,1.099,0.024,-0.311,-0.339,-0.367,0,0,0,0,0
2024-05-04 22:00:00,1.724,0.024,-0.311,-0.339,-0.367,0,0,0,0,0
2024-05-04 23:00:00,2.477,0.051,-0.311,-0.339,-0.395,0,0,0,0,0
2024-05-05 00:00:00,2.903,0.051,-0.311,-0.339,-0.367,0,0,0,0,0
2024-05-05 01:00:00,2.637,0.024,-0.339,-0.339,-0.367,0,0,0,0,0
2024-05-05 02:00:00,3.063,0.024,-0.339,-0.339,-0.395,0,0,0,0,0
2024-05-05 03:00:00,2.289,0.024,-0.311,-0.339,-0.367,0,0,0,0,0
2024-05-05 04:00:00,1.967,0.024,-0.339,-0.339,-0.367,0,0,0,0,0
2024-05-05 05:00:00,0.605,0.024,-0.339,-0.339,-0.367,0,0,0,0,0
2024-05-05 06:00:00,0.356,0.024,-0.339,-0.339,-0.367,0,0,0,0,0
2024-05-05 07:00:00,-1.185,0.024,-0.339,-0.339,-0.367,0,0,0,0,0
2024-05-05 08:00:00,-1.185,0.024,-0.339,-0.339,-0.367,0,0,0,0,0
2024-05-05 09:00:00,-1.1,0.024,-0.339,-0.339,-0.367,0,0,0,0,0
2024-05-05 10:00:00,-1.413,0.024,-0.339,-0.339,-0.367,0,0,0,0,0
2024-05-05 11:00:00,-2.888,0.024,-0.339,-0.311,-0.367,0,0,0,0,0
2024-05-05 12:00:00,-3.212,0.024,-0.339,-0.339,-0.367,0,0,0,0,0
2024-05-05 13:00:00,-2.654,0.024,-0.339,-0.311,-0.367,0,0,0,0,0
2024-05-05 14:00:00,-3.807,0.024,-0.339,-0.311,-0.367,0,0,0,0,0
2024-05-05 15:00:00,-3.36,0.024,-0.339,-0.339,-0.367,0,0,0,0,0
2024-05-05 16:00:00,-2.654,-0.004,-0.339,-0.339,-0.367,0,0,0,0,0
2024-05-05 17:00:00,-2.976,0.024,-0.339,-0.311,-0.367,0,0,0,0,0
2024-05-05 18:00:00,-2.305,0.024,-0.339,-0.339,-0.367,0,0,0,0,0
2024-05-05 19:00:00,-1.871,0.024,-0.339,-0.311,-0.367,0,0,0,0,0
2024-05-05 20:00:00,-1.384,0.024,-0.339,-0.311,-0.367,0,0,0,0,0
2024-05-05 21:00:00,0.687,0.024,-0.311,-0.339,-0.367,0,0,0,0,0
2024-05-05 22:00:00,2.557,0.024,-0.311,-0.339,-0.367,0,0,0,0,0
2024-05-05 23:00:00,3.063,0.024,-0.311,-0.311,-0.367,0,0,0,0,0
2024-05-06 00:00:00,3.089,0.024,-0.311,-0.311,-0.367,0,0,0,0,0
2024-05-06 01:00:00,3.67,0.024,-0.311,-0.311,-0.367,0,0,0,0,0
2024-05-06 02:00:00,3.67,0.024,-0.311,-0.311,-0.367,0,0,0,0,0
2024-05-06 03:00:00,2.903,0.024,-0.311,-0.311,-0.367,0,0,0,0,0
2024-05-06 04:00:00,3.089,0.024,-0.311,-0.339,-0.367,0,0,0,0,0
2024-05-06 05:00:00,3.116,0.024,-0.311,-0.311,-0.367,0,0,0,0,0
2024-05-06 06:00:00,1.453,0.024,-0.339,-0.311,-0.367,0,0,0,0,0
2024-05-06 07:00:00,-0.873,0.024,-0.339,-0.311,-0.367,0,0,0,0,0
2024-05-06 08:00:00,-1.327,0.024,-0.339,-0.311,-0.367,0,0,0,0,0
2024-05-06 09:00:00,-1.413,0.024,-0.339,-0.311,-0.367,0,0,0,0,0
2024-05-06 10:00:00,-1.958,0.024,-0.339,-0.311,-0.367,0,0,0,0,0
2024-05-06 11:00:00,-2.131,0.024,-0.339,-0.311,-0.367,0,0,0,0,0
2024-05-06 12:00:00,-2.421,0.024,-0.339,-0.311,-0.367,0,0,0,0,0
2024-05-06 13:00:00,-2.771,0.024,-0.339,-0.311,-0.367,0,0,0,0,0
2024-05-06 14:00:00,-2.073,0.024,-0.339,-0.311,-0.367,0,0,0,0,0
2024-05-06 15:00:00,-1.67,0.024,-0.339,-0.311,-0.367,0,0,0,0,0
2024-05-06 16:00:00,1.071,0.024,-0.311,-0.339,-0.423,0,0,0,0,0
2024-05-06 17:00:00,1.18,0.024,-0.311,-0.311,-0.423,0,0,0,0,0
2024-05-06 18:00:00,1.534,0.024,-0.311,-0.311,-0.367,0,0,0,0,0
2024-05-06 19:00:00,2.477,0.024,-0.311,-0.339,-0.367,0,0,0,0,0
2024-05-06 20:00:00,2.744,0.024,-0.311,-0.311,-0.367,0,0,0,0,0
2024-05-06 21:00:00,3.591,0.024,-0.311,-0.311,-0.367,0,0,0,0,0
2024-05-06 22:00:00,3.749,0.024,-0.311,-0.311,-0.367,0,0,0,0,0
2024-05-06 23:00:00,2.047,0.051,-0.311,-0.311,-0.367,0,0,0,0,0
2024-05-07 00:00:00,0.77,0.024,-0.311,-0.311,-0.367,0,0,0,0,0
2024-05-07 01:00:00,0.55,0.024,-0.339,-0.311,-0.367,0,0,0,0,0
2024-05-07 02:00:00,0.384,0.024,-0.339,-0.311,-0.367,0,0,0,0,0
2024-05-07 03:00:00,0.412,0.024,-0.339,-0.311,-0.367,0,0,0,0,0
2024-05-07 04:00:00,0.301,0.024,-0.339,-0.311,-0.367,0,0,0,0,0
2024-05-07 05:00:00,-0.088,0.024,-0.339,-0.311,-0.367,0,0,0,0,0
2024-05-07 06:00:00,-0.367,0.024,-0.311,-0.311,-0.367,0,0,0,0,0
2024-05-07 07:00:00,-0.902,0.024,-0.339,-0.311,-0.367,0,0,0,0,0
2024-05-07 08:00:00,-1.157,0.024,-0.311,-0.311,-0.367,0,0,0,0,0
2024-05-07 09:00:00,-1.185,0.024,-0.311,-0.311,-0.367,0,0,0,0,0
2024-05-07 10:00:00,-1.27,0.024,-0.339,-0.311,-0.367,0,0,0,0,0
2024-05-07 11:00:00,-1.213,0.024,-0.339,-0.311,-0.367,0,0,0,0,0
2024-05-07 12:00:00,-1.27,0.024,-0.311,-0.311,-0.367,0,0,0,0,0
2024-05-07 13:00:00,-1.157,0.024,-0.311,-0.311,-0.367,0,0,0,0,0
2024-05-07 14:00:00,-0.732,0.024,-0.311,-0.311,-0.367,0,0,0,0,0
2024-05-07 15:00:00,-0.088,0.024,-0.311,-0.311,-0.367,0,0,0,0,0
2024-05-07 16:00:00,1.371,0.024,-0.311,-0.311,-0.367,0,0,0,0,0
2024-05-07 17:00:00,2.37,0.051,-0.311,-0.311,-0.367,0,0,0,0,0
2024-05-07 18:00:00,4.74,0.051,-0.283,-0.311,-0.367,0,0,0,0,0
2024-05-07 19:00:00,4.947,0.051,-0.283,-0.311,-0.367,0,0,0,0,0
2024-05-07 20:00:00,5.488,0.051,-0.283,-0.311,-0.367,0,0,0,0,0
2024-05-07 21:00:00,5.308,0.051,-0.283,-0.283,-0.367,0,0,0,0,0
2024-05-07 22:00:00,6.357,0.079,-0.283,-0.283,-0.367,0,0,0,0,0
2024-05-07 23:00:00,6.94,0.051,-0.283,-0.283,-0.367,0,0,0,0,0
2024-05-08 00:00:00,7.116,0.051,-0.283,-0.311,-0.367,0,0,0,0,0
2024-05-08 01:00:00,7.469,0.051,-0.283,-0.283,-0.367,0,0,0,0,0
2024-05-08 02:00:00,7.217,0.051,-0.283,-0.283,-0.367,0,0,0,0,0
2024-05-08 03:00:00,5.77,0.051,-0.283,-0.283,-0.367,0,0,0,0,0
2024-05-08 04:00:00,5.411,0.051,-0.283,-0.311,-0.367,0,0,0,0,0
2024-05-08 05:00:00,5.128,0.051,-0.283,-0.311,-0.367,0,0,0,0,0
2024-05-08 06:00:00,4.324,0.051,-0.311,-0.283,-0.367,0,0,0,0,0
2024-05-08 07:00:00,3.459,0.051,-0.311,-0.311,-0.367,0,0,0,0,0
2024-05-08 08:00:00,2.637,0.051,-0.311,-0.311,-0.367,0,0,0,0,0
2024-05-08 09:00:00,2.396,0.051,-0.311,-0.311,-0.367,0,0,0,0,0
2024-05-08 10:00:00,2.182,0.051,-0.311,-0.311,-0.367,0,0,0,0,0
2024-05-08 11:00:00,1.697,0.051,-0.311,-0.311,-0.367,0,0,0,0,0
2024-05-08 12:00:00,1.317,0.051,-0.311,-0.311,-0.367,0,0,0,0,0
2024-05-08 13:00:00,1.398,0.051,-0.311,-0.311,-0.367,0,0,0,0,0
2024-05-08 14:00:00,1.126,0.024,-0.311,-0.311,-0.367,0,0,0,0,0
2024-05-08 15:00:00,1.832,0.051,-0.311,-0.311,-0.367,0,0,0,0,0
2024-05-08 16:00:00,2.37,0.051,-0.311,-0.311,-0.367,0,0,0,0,0
2024-05-08 17:00:00,3.327,0.051,-0.283,-0.311,-0.367,0,0,0,0,0
2024-05-08 18:00:00,3.958,0.051,-0.311,-0.311,-0.367,0,0,0,0,0
2024-05-08 19:00:00,3.617,0.051,-0.283,-0.311,-0.367,0,0,0,0,0
2024-05-08 20:00:00,4.947,0.051,-0.283,-0.311,-0.367,0,0,0,0,0
2024-05-08 21:00:00,5.411,0.079,-0.283,-0.311,-0.367,0,0,0,0,0
2024-05-08 22:00:00,5.514,0.051,-0.283,-0.311,-0.367,0,0,0,0,0
2024-05-08 23:00:00,5.719,0.051,-0.283,-0.311,-0.367,0,0,0,0,0
2024-05-09 00:00:00,6.281,0.079,-0.283,-0.283,-0.367,0,0,0,0,0
2024-05-09 01:00:00,7.368,0.079,-0.283,-0.283,-0.367,0,0,0,0,0
2024-05-09 02:00:00,6.661,0.051,-0.283,-0.283,-0.367,0,0,0,0,0
2024-05-09 03:00:00,6.153,0.051,-0.283,-0.311,-0.367,0,0,0,0,0
2024-05-09 04:00:00,6.077,0.051,-0.283,-0.283,-0.367,0,0,0,0,0
2024-05-09 05:00:00,5.924,0.051,-0.311,-0.311,-0.367,0,0,0,0,0
2024-05-09 06:00:00,4.506,0.051,-0.311,-0.283,-0.367,0,0,0,0,0
2024-05-09 07:00:00,3.38,0.051,-0.311,-0.283,-0.367,0,0,0,0,0
2024-05-09 08:00:00,2.316,0.024,-0.311,-0.283,-0.367,0,0,0,0,0
2024-05-09 09:00:00,2.37,0.024,-0.311,-0.311,-0.367,0,0,0,0,0
2024-05-09 10:00:00,0.024,0.024,-0.311,-0.311,-0.367,0,0,0,0,0
2024-05-09 11:00:00,-0.817,0.024,-0.311,-0.283,-0.367,0,0,0,0,0
2024-05-09 12:00:00,0.88,0.024,-0.311,-0.311,-0.367,0,0,0,0,0
2024-05-09 13:00:00,2.155,0.024,-0.311,-0.311,-0.367,0,0,0,0,0
2024-05-09 14:00:00,2.236,0.024,-0.311,-0.311,-0.367,0,0,0,0,0
2024-05-09 15:00:00,4.037,0.024,-0.311,-0.311,-0.367,0,0,0,0,0
2024-05-09 16:00:00,5.076,0.051,-0.311,-0.311,-0.367,0,0,0,0,0
2024-05-09 17:00:00,4.895,0.051,-0.311,-0.311,-0.367,0,0,0,0,0
2024-05-09 18:00:00,8.295,0.051,-0.283,-0.311,-0.367,0,0,0,0,0
2024-05-09 19:00:00,8.965,0.079,-0.255,-0.283,-0.367,0,0,0,0,0
2024-05-09 20:00:00,9.089,0.079,-0.283,-0.283,-0.339,0,0,0,0,0
2024-05-09 21:00:00,10.051,0.079,-0.255,-0.283,-0.367,0,0,0,0,0
2024-05-09 22:00:00,7.142,0.079,-0.283,-0.255,-0.339,0,0,0,0,0
2024-05-09 23:00:00,6.965,0.079,-0.283,-0.283,-0.367,0,0,0,0,0
2024-05-10 00:00:00,5.821,0.079,-0.283,-0.283,-0.367,0,0,0,0,0
2024-05-10 01:00:00,5.616,0.051,-0.311,-0.311,-0.367,0,0,0,0,0
2024-05-10 02:00:00,8.295,0.079,-0.283,-0.283,-0.367,0,0,0,0,0
2024-05-10 03:00:00,8.693,0.079,-0.255,-0.283,-0.367,0,0,0,0,0
2024-05-10 04:00:00,6.813,0.079,-0.283,-0.283,-0.367,0,0,0,0,0
2024-05-10 05:00:00,6.636,0.051,-0.283,-0.283,-0.367,0,0,0,0,0
2024-05-10 06:00:00,4.61,0.051,-0.283,-0.283,-0.339,0,0,0,0,0
2024-05-10 07:00:00,3.749,0.051,-0.283,-0.283,-0.339,0,0,0,0,0
2024-05-10 08:00:00,3.274,0.051,-0.283,-0.283,-0.339,0,0,0,0,0
2024-05-10 09:00:00,2.664,0.051,-0.311,-0.283,-0.367,0,0,0,0,0
2024-05-10 10:00:00,2.289,0.051,-0.283,-0.283,-0.339,0,0,0,0,0
2024-05-10 11:00:00,1.751,0.051,-0.311,-0.283,-0.339,0,0,0,0,0
2024-05-10 12:00:00,1.615,0.051,-0.311,-0.283,-0.339,0,0,0,0,0
2024-05-10 13:00:00,1.534,0.051,-0.311,-0.283,-0.367,0,0,0,0,0
2024-05-10 14:00:00,1.18,0.051,-0.311,-0.283,-0.367,0,0,0,0,0
2024-05-10 15:00:00,0.522,0.051,-0.311,-0.283,-0.367,0,0,0,0,0
2024-05-10 16:00:00,0.797,0.051,-0.311,-0.283,-0.367,0,0,0,0,0
2024-05-10 17:00:00,0.66,0.024,-0.311,-0.283,-0.367,0,0,0,0,0
2024-05-10 18:00:00,1.099,0.051,-0.311,-0.283,-0.367,0,0,0,0,0
2024-05-10 19:00:00,1.561,0.079,-0.311,-0.283,-0.367,0,0,0,0,0
2024-05-10 20:00:00,1.126,0.079,-0.311,-0.283,-0.367,0,0,0,0,0
2024-05-10 21:00:00,1.832,0.079,-0.311,-0.283,-0.367,0,0,0,0,0
2024-05-10 22:00:00,3.221,0.135,-0.283,-0.283,-0.367,0,0,0,0,0
2024-05-10 23:00:00,5.024,0.246,-0.283,-0.283,-0.367,0,0,0,0,0
2024-05-11 00:00:00,5.745,0.329,-0.283,-0.283,-0.367,0,0,0,0,0
2024-05-11 01:00:00,6.23,0.356,-0.283,-0.283,-0.339,0,0,0,0,0
2024-05-11 02:00:00,7.845,0.273,-0.255,-0.283,-0.367,0,0,0,0,0
2024-05-11 03:00:00,8.17,0.19,-0.255,-0.255,-0.339,0,0,0,0,0
2024-05-11 04:00:00,7.695,0.135,-0.283,-0.283,-0.339,0,0,0,0,0
2024-05-11 05:00:00,7.142,0.024,-0.283,-0.255,-0.339,0,0,0,0,0
2024-05-11 06:00:00,5.076,0.051,-0.283,-0.255,-0.339,0,0,0,0,0
2024-05-11 07:00:00,1.913,0.051,-0.283,-0.255,-0.339,0,0,0,0,0
2024-05-11 08:00:00,1.18,0.024,-0.311,-0.283,-0.339,0,0,0,0,0
2024-05-11 09:00:00,-0.395,0.024,-0.311,-0.255,-0.339,0,0,0,0,0
2024-05-11 10:00:00,-0.704,0.024,-0.311,-0.255,-0.339,0,0,0,0,0
2024-05-11 11:00:00,0.439,0.024,-0.311,-0.255,-0.339,0,0,0,0,0
2024-05-11 12:00:00,0.135,0.024,-0.311,-0.255,-0.339,0,0,0,0,0
2024-05-11 13:00:00,0.356,0.024,-0.311,-0.283,-0.339,0,0,0,0,0
2024-05-11 14:00:00,-0.116,0.024,-0.311,-0.283,-0.339,0,0,0,0,0
2024-05-11 15:00:00,2.53,0.051,-0.283,-0.283,-0.367,0,0,0,0,0
2024-05-11 16:00:00,5.36,0.079,-0.283,-0.283,-0.367,0,0,0,0,0
2024-05-11 17:00:00,5.462,0.079,-0.283,-0.283,-0.367,0,0,0,0,0
2024-05-11 18:00:00,6,0.135,-0.283,-0.283,-0.339,0,0,0,0,0
2024-05-11 19:00:00,6.509,0.384,-0.283,-0.255,-0.339,0,0,0,0,0
2024-05-11 20:00:00,7.343,0.742,-0.283,-0.255,-0.339,0,0,0,0,0
2024-05-11 21:00:00,8.394,1.126,-0.255,-0.255,-0.339,0,0,0,0,0
2024-05-11 22:00:00,8.12,1.398,-0.255,-0.255,-0.339,0,0,0,0,0
2024-05-11 23:00:00,7.645,1.208,-0.255,-0.255,-0.339,0,0,0,0,0
2024-05-12 00:00:00,8.295,1.317,-0.283,-0.255,-0.339,0,0,0,0,0
2024-05-12 01:00:00,8.593,1.615,-0.255,-0.255,-0.339,0,0,0,0,0
2024-05-12 02:00:00,8.469,1.534,-0.283,-0.255,-0.339,0,0,0,0,0
2024-05-12 03:00:00,8.02,1.317,-0.283,-0.255,-0.339,0,0,0,0,0
2024-05-12 04:00:00,7.695,1.044,-0.283,-0.283,-0.339,0,0,0,0,0
2024-05-12 05:00:00,6.661,0.412,-0.283,-0.255,-0.339,0,0,0,0,0
2024-05-12 06:00:00,5.437,0.218,-0.283,-0.255,-0.339,0,0,0,0,0
2024-05-12 07:00:00,4.792,0.051,-0.283,-0.255,-0.339,0,0,0,0,0
2024-05-12 08:00:00,3.801,0.051,-0.283,-0.255,-0.339,0,0,0,0,0
2024-05-12 09:00:00,2.557,0.024,-0.283,-0.255,-0.339,0,0,0,0,0
2024-05-12 10:00:00,1.48,0.024,-0.283,-0.255,-0.339,0,0,0,0,0
2024-05-12 11:00:00,2.236,0.024,-0.283,-0.255,-0.339,0,0,0,0,0
2024-05-12 12:00:00,0.934,0.024,-0.283,-0.255,-0.339,0,0,0,0,0
2024-05-12 13:00:00,0.934,0.024,-0.283,-0.255,-0.339,0,0,0,0,0
2024-05-12 14:00:00,0.66,0.024,-0.311,-0.255,-0.339,0,0,0,0,0
2024-05-12 15:00:00,4.506,0.051,-0.283,-0.283,-0.367,0,0,0,0,0
2024-05-12 16:00:00,5.898,0.079,-0.283,-0.283,-0.367,0,0,0,0,0
2024-05-12 17:00:00,7.619,0.273,-0.255,-0.255,-0.339,0,1,0,0,0
2024-05-12 18:00:00,8.668,2.074,-0.255,-0.255,-0.339,0,1,0,0,0
2024-05-12 19:00:00,9.46,2.209,-0.255,-0.255,-0.339,0,1,0,0,0
2024-05-12 20:00:00,9.682,4.506,-0.255,-0.255,-0.339,0,0,0,0,0
2024-05-12 21:00:00,10.198,5.385,-0.255,-0.255,-0.339,0,0,0,0,0
2024-05-12 22:00:00,9.756,5.642,-0.255,-0.255,-0.311,0,0,0,0,0
2024-05-12 23:00:00,9.361,4.74,-0.255,-0.255,-0.339,0,1,0,0,0
2024-05-13 00:00:00,10.124,5.745,-0.255,-0.255,-0.339,0,1,0,0,0
2024-05-13 01:00:00,9.903,5.179,-0.255,-0.255,-0.339,0,0,0,0,0
2024-05-13 02:00:00,9.78,4.61,-0.255,-0.255,-0.311,0,0,0,0,0
2024-05-13 03:00:00,8.891,3.168,-0.255,-0.255,-0.339,0,0,0,0,0
2024-05-13 04:00:00,8.916,2.423,-0.255,-0.255,-0.339,0,0,0,0,0
2024-05-13 05:00:00,7.192,1.697,-0.283,-0.255,-0.311,0,0,0,0,0
2024-05-13 06:00:00,7.242,1.153,-0.255,-0.255,-0.339,0,0,0,0,0
2024-05-13 07:00:00,5.745,0.715,-0.283,-0.255,-0.311,0,0,0,0,0
2024-05-13 08:00:00,3.564,0.079,-0.283,-0.255,-0.311,0,0,0,0,0
2024-05-13 09:00:00,1.778,0.024,-0.283,-0.255,-0.311,0,0,0,0,0
2024-05-13 10:00:00,-0.143,0.024,-0.283,-0.255,-0.311,0,0,0,0,0
2024-05-13 11:00:00,-1.47,-0.004,-0.283,-0.255,-0.311,0,0,0,0,0
2024-05-13 12:00:00,-1.071,-0.004,-0.283,-0.255,-0.311,0,0,0,0,0
2024-05-13 13:00:00,-0.339,-0.004,-0.311,-0.255,-0.311,0,0,0,0,0
2024-05-13 14:00:00,-0.648,0.024,-0.311,-0.283,-0.339,0,0,0,0,0
2024-05-13 15:00:00,0.522,0.024,-0.283,-0.255,-0.339,0,0,0,0,0
2024-05-13 16:00:00,3.195,0.079,-0.283,-0.255,-0.339,0,0,0,0,0
2024-05-13 17:00:00,5.693,0.107,-0.283,-0.255,-0.367,0,0,0,0,0
2024-05-13 18:00:00,8.668,0.301,-0.255,-0.255,-0.339,0,1,0,0,0
2024-05-13 19:00:00,10.222,3.089,-0.255,-0.255,-0.339,0,0,0,0,0
2024-05-13 20:00:00,10.32,6.914,-0.255,-0.255,-0.311,0,0,0,0,0
2024-05-13 21:00:00,10.761,8.916,-0.227,-0.255,-0.311,0,0,0,0,0
2024-05-13 22:00:00,11.224,9.361,-0.227,-0.255,-0.339,0,0,0,0,0
2024-05-13 23:00:00,11.151,7.494,-0.255,-0.255,-0.311,0,0,0,0,0
2024-05-14 00:00:00,11.516,7.619,-0.255,-0.255,-0.311,0,0,0,0,0
2024-05-14 01:00:00,9.682,6.306,-0.255,-0.255,-0.311,0,0,0,0,0
2024-05-14 02:00:00,8.916,5.565,-0.255,-0.255,-0.339,0,0,0,0,0
2024-05-14 03:00:00,7.72,4.272,-0.255,-0.255,-0.311,0,0,0,0,0
2024-05-14 04:00:00,7.293,3.775,-0.255,-0.255,-0.311,0,0,0,0,0
2024-05-14 05:00:00,7.066,2.823,-0.255,-0.255,-0.311,0,0,0,0,0
2024-05-14 06:00:00,4.869,1.643,-0.283,-0.255,-0.311,0,0,0,0,0
2024-05-14 07:00:00,2.797,0.522,-0.283,-0.255,-0.311,0,0,0,0,0
2024-05-14 08:00:00,0.88,0.107,-0.283,-0.255,-0.311,0,0,0,0,0
2024-05-14 09:00:00,-0.255,0.024,-0.283,-0.255,-0.311,0,0,0,0,0
2024-05-14 10:00:00,1.153,0.024,-0.283,-0.255,-0.339,0,0,0,0,0
2024-05-14 11:00:00,1.071,0.024,-0.283,-0.255,-0.311,0,0,0,0,0
2024-05-14 12:00:00,0.907,0.024,-0.283,-0.255,-0.311,0,0,0,0,0
2024-05-14 13:00:00,1.126,0.051,-0.283,-0.255,-0.339,0,0,0,0,0
2024-05-14 14:00:00,0.825,0.051,-0.283,-0.255,-0.311,0,0,0,0,0
2024-05-14 15:00:00,-0.004,0.051,-0.283,-0.255,-0.311,0,0,0,0,0
2024-05-14 16:00:00,0.329,0.051,-0.283,-0.255,-0.339,0,0,0,0,0
2024-05-14 17:00:00,1.534,0.079,-0.283,-0.255,-0.339,0,0,0,0,0
2024-05-14 18:00:00,3.327,2.262,-0.283,-0.255,-0.339,0,0,0,0,0
2024-05-14 19:00:00,3.38,4.168,-0.255,-0.255,-0.311,0,0,0,0,0
2024-05-14 20:00:00,5.334,6.864,-0.255,-0.255,-0.339,0,0,0,0,0
2024-05-14 21:00:00,5.539,9.238,-0.255,-0.255,-0.339,0,1,0,0,0
2024-05-14 22:00:00,6.179,9.46,-0.255,-0.255,-0.339,0,1,0,0,0
2024-05-14 23:00:00,7.268,8.145,-0.255,-0.255,-0.311,0,0,0,0,0
2024-05-15 00:00:00,7.594,8.195,-0.255,-0.255,-0.311,0,0,0,0,0
2024-05-15 01:00:00,7.82,7.469,-0.255,-0.255,-0.311,0,0,0,0,0
2024-05-15 02:00:00,8.319,5.924,-0.255,-0.227,-0.311,0,0,0,0,0
2024-05-15 03:00:00,9.015,4.089,-0.227,-0.227,-0.311,0,0,0,0,0
2024-05-15 04:00:00,8.767,2.877,-0.227,-0.227,-0.311,0,0,0,0,0
2024-05-15 05:00:00,7.92,1.588,-0.255,-0.227,-0.311,0,0,0,0,0
2024-05-15 06:00:00,5.334,0.356,-0.255,-0.227,-0.311,0,0,0,0,0
2024-05-15 07:00:00,4.011,0.135,-0.255,-0.227,-0.311,0,0,0,0,0
2024-05-15 08:00:00,3.591,0.079,-0.255,-0.227,-0.311,0,0,0,0,0
2024-05-15 09:00:00,0.384,0.024,-0.255,-0.227,-0.283,0,0,0,0,0
2024-05-15 10:00:00,1.805,0.024,-0.283,-0.255,-0.311,0,0,0,0,0
2024-05-15 11:00:00,-0.648,-0.004,-0.283,-0.227,-0.283,0,0,0,0,0
2024-05-15 12:00:00,-0.479,0.024,-0.283,-0.227,-0.311,0,0,0,0,0
2024-05-15 13:00:00,0.356,-0.004,-0.283,-0.227,-0.311,0,0,0,0,0
2024-05-15 14:00:00,2.396,0.051,-0.283,-0.255,-0.311,0,0,0,0,0
2024-05-15 15:00:00,5.257,0.107,-0.255,-0.255,-0.339,0,0,0,0,0
2024-05-15 16:00:00,6.889,0.163,-0.255,-0.227,-0.311,0,0,0,0,0
2024-05-15 17:00:00,8.767,0.356,-0.255,-0.227,-0.311,0,0,0,0,0
2024-05-15 18:00:00,10.296,1.615,-0.227,-0.227,-0.311,0,0,0,0,0
2024-05-15 19:00:00,11.078,4.947,-0.227,-0.227,-0.311,0,0,0,0,0
2024-05-15 20:00:00,12.147,5.77,-0.255,-0.227,-0.311,0,1,0,0,0
2024-05-15 21:00:00,13.81,10.1,-0.227,-0.227,-0.311,0,1,0,0,0
2024-05-15 22:00:00,14.529,10.785,-0.227,-0.255,-0.339,0,0,0,0,0
2024-05-15 23:00:00,14.721,9.854,-0.255,-0.255,-0.339,0,0,0,0,0
2024-05-16 00:00:00,14.481,10.075,-0.255,-0.255,-0.311,0,0,0,0,0
2024-05-16 01:00:00,14.984,9.78,-0.255,-0.255,-0.311,0,0,0,0,0
2024-05-16 02:00:00,14.912,7.87,-0.227,-0.255,-0.311,0,0,0,0,0
2024-05-16 03:00:00,14.745,6.051,-0.227,-0.227,-0.339,0,0,0,0,0
2024-05-16 04:00:00,14.026,4.921,-0.255,-0.227,-0.311,0,0,0,0,0
2024-05-16 05:00:00,13.425,3.906,-0.255,-0.227,-0.311,0,0,0,0,0
2024-05-16 06:00:00,11.856,2.664,-0.255,-0.227,-0.311,0,0,0,0,0
2024-05-16 07:00:00,8.593,1.099,-0.255,-0.227,-0.283,0,0,0,0,0
2024-05-16 08:00:00,6.255,0.301,-0.255,-0.199,-0.283,0,0,0,0,0
2024-05-16 09:00:00,3.88,0.135,-0.255,-0.227,-0.283,0,0,0,0,0
2024-05-16 10:00:00,2.557,0.051,-0.255,-0.227,-0.283,0,0,0,0,0
2024-05-16 11:00:00,4.141,0.024,-0.255,-0.227,-0.283,0,0,0,0,0
2024-05-16 12:00:00,0.467,0.024,-0.255,-0.199,-0.283,0,0,0,0,0
2024-05-16 13:00:00,2.37,0.024,-0.255,-0.227,-0.311,0,0,0,0,0
2024-05-16 14:00:00,3.512,0.024,-0.255,-0.227,-0.311,0,0,0,0,0
2024-05-16 15:00:00,7.544,0.163,-0.255,-0.227,-0.311,0,0,0,0,0
2024-05-16 16:00:00,8.618,0.384,-0.255,-0.227,-0.311,0,0,0,0,0
2024-05-16 17:00:00,9.015,3.248,-0.227,-0.227,-0.311,0,0,0,0,0
2024-05-16 18:00:00,9.262,5.591,-0.227,-0.227,-0.311,0,0,0,0,0
2024-05-16 19:00:00,9.805,6.026,-0.227,-0.227,-0.311,0,0,0,0,0
2024-05-16 20:00:00,10.59,9.583,-0.227,-0.227,-0.311,0,0,0,0,0
2024-05-16 21:00:00,9.952,11.516,-0.227,-0.227,-0.311,0,0,0,0,0
2024-05-16 22:00:00,11.175,10.345,-0.227,-0.227,-0.311,0,0,0,0,0
2024-05-16 23:00:00,11.856,9.139,-0.227,-0.227,-0.311,0,0,0,0,0
2024-05-17 00:00:00,10.173,8.245,-0.227,-0.227,-0.311,0,0,0,0,0
2024-05-17 01:00:00,10.81,7.393,-0.227,-0.227,-0.311,0,0,0,0,0
2024-05-17 02:00:00,11.929,8.02,-0.227,-0.227,-0.311,0,0,0,0,0
2024-05-17 03:00:00,10.541,7.142,-0.227,-0.227,-0.311,0,0,0,0,0
2024-05-17 04:00:00,10.663,5.565,-0.227,-0.227,-0.311,0,0,0,0,0
2024-05-17 05:00:00,10.296,4.402,-0.227,-0.227,-0.311,0,0,0,0,0
2024-05-17 06:00:00,9.632,3.538,-0.227,-0.227,-0.311,0,0,0,0,0
2024-05-17 07:00:00,6.408,2.289,-0.255,-0.227,-0.283,0,0,0,0,0
2024-05-17 08:00:00,3.142,0.632,-0.255,-0.227,-0.283,0,0,0,0,0
2024-05-17 09:00:00,1.67,0.246,-0.255,-0.227,-0.283,0,0,0,0,0
2024-05-17 10:00:00,1.425,0.135,-0.255,-0.227,-0.283,0,0,0,0,0
2024-05-17 11:00:00,1.507,0.079,-0.255,-0.227,-0.283,0,0,0,0,0
2024-05-17 12:00:00,1.289,0.051,-0.255,-0.227,-0.283,0,0,0,0,0
2024-05-17 13:00:00,1.398,0.079,-0.255,-0.227,-0.311,0,0,0,0,0
2024-05-17 14:00:00,1.697,0.107,-0.255,-0.227,-0.311,0,0,0,0,0
2024-05-17 15:00:00,2.477,0.135,-0.255,-0.227,-0.311,0,0,0,0,0
2024-05-17 16:00:00,4.714,0.356,-0.255,-0.227,-0.311,0,1,0,0,0
2024-05-17 17:00:00,8.394,5.488,-0.227,-0.227,-0.311,0,1,0,0,0
2024-05-17 18:00:00,9.879,6.914,-0.227,-0.227,-0.311,0,0,0,0,0
2024-05-17 19:00:00,11.297,7.318,-0.227,-0.227,-0.311,0,0,0,0,0
2024-05-17 20:00:00,12.292,11.467,-0.227,-0.227,-0.311,0,0,0,0,0
2024-05-17 21:00:00,12.171,12.92,-0.227,-0.227,-0.311,0,0,0,0,0
2024-05-17 22:00:00,13.04,12.292,-0.227,-0.227,-0.311,0,0,0,0,0
2024-05-17 23:00:00,12.582,11.467,-0.227,-0.227,-0.311,0,0,0,0,0
2024-05-18 00:00:00,12.461,10.785,-0.227,-0.227,-0.311,0,0,0,0,0
2024-05-18 01:00:00,12.968,10.785,-0.227,-0.227,-0.311,0,0,0,0,0
2024-05-18 02:00:00,12.727,9.977,-0.227,-0.227,-0.311,0,0,0,0,0
2024-05-18 03:00:00,13.377,9.114,-0.227,-0.227,-0.311,0,0,0,0,0
2024-05-18 04:00:00,11.492,7.242,-0.227,-0.227,-0.311,0,0,0,0,0
2024-05-18 05:00:00,10.394,5.282,-0.227,-0.227,-0.283,0,0,0,0,0
2024-05-18 06:00:00,7.469,3.009,-0.227,-0.199,-0.283,0,0,0,0,0
2024-05-18 07:00:00,4.895,1.398,-0.255,-0.199,-0.283,0,0,0,0,0
2024-05-18 08:00:00,2.717,0.439,-0.255,-0.199,-0.255,0,0,0,0,0
2024-05-18 09:00:00,1.832,0.163,-0.255,-0.199,-0.255,0,0,0,0,0
2024-05-18 10:00:00,0.742,0.051,-0.255,-0.199,-0.283,0,0,0,0,0
2024-05-18 11:00:00,0.19,0.024,-0.255,-0.199,-0.255,0,0,0,0,0
2024-05-18 12:00:00,-0.648,-0.004,-0.255,-0.199,-0.255,0,0,0,0,0
2024-05-18 13:00:00,-0.367,0.024,-0.255,-0.199,-0.283,0,0,0,0,0
2024-05-18 14:00:00,1.507,0.051,-0.255,-0.227,-0.283,0,0,0,0,0
2024-05-18 15:00:00,5.024,0.079,-0.255,-0.227,-0.311,0,0,0,0,0
2024-05-18 16:00:00,7.72,0.218,-0.227,-0.227,-0.311,0,0,0,0,0
2024-05-18 17:00:00,10.883,2.664,-0.227,-0.227,-0.311,0,0,0,0,0
2024-05-18 18:00:00,12.316,6.255,-0.227,-0.227,-0.311,0,0,0,0,0
2024-05-18 19:00:00,13.978,8.17,-0.227,-0.227,-0.311,0,0,0,0,0
2024-05-18 20:00:00,15.39,11.053,-0.227,-0.227,-0.311,0,0,0,0,0
2024-05-18 21:00:00,15.581,12.485,-0.227,-0.227,-0.311,0,0,0,0,0
2024-05-18 22:00:00,15.629,13.377,-0.227,-0.227,-0.311,0,0,0,0,0
2024-05-18 23:00:00,16.272,13.305,-0.227,-0.227,-0.339,0,0,0,0,0
2024-05-19 00:00:00,16.082,12.437,-0.227,-0.227,-0.311,0,0,0,0,0
2024-05-19 01:00:00,16.344,10.736,-0.227,-0.227,-0.311,0,0,0,0,0
2024-05-19 02:00:00,16.487,9.903,-0.227,-0.227,-0.311,0,0,0,0,0
2024-05-19 03:00:00,16.296,7.995,-0.227,-0.227,-0.311,0,0,0,0,0
2024-05-19 04:00:00,15.7,6.965,-0.227,-0.227,-0.311,0,0,0,0,0
2024-05-19 05:00:00,15.199,5.975,-0.227,-0.227,-0.311,0,0,0,0,0
2024-05-19 06:00:00,14.314,5.308,-0.227,-0.227,-0.311,0,0,0,0,0
2024-05-19 07:00:00,13.112,4.766,-0.227,-0.227,-0.311,0,0,0,0,0
2024-05-19 08:00:00,12.389,4.141,-0.227,-0.227,-0.311,0,0,0,0,0
2024-05-19 09:00:00,11.662,3.564,-0.227,-0.227,-0.283,0,0,0,0,0
2024-05-19 10:00:00,9.632,2.557,-0.227,-0.199,-0.283,0,0,0,0,0
2024-05-19 11:00:00,9.41,1.425,-0.227,-0.199,-0.283,0,0,0,0,0
2024-05-19 12:00:00,6.433,0.495,-0.227,-0.199,-0.283,0,0,0,0,0
2024-05-19 13:00:00,5.539,0.246,-0.227,-0.199,-0.283,1,0,0,0,0
2024-05-19 14:00:00,8.668,0.577,-0.227,-0.227,-0.283,0,0,0,0,0
2024-05-19 15:00:00,10.247,2.637,-0.227,-0.227,-0.311,0,0,0,0,0
2024-05-19 16:00:00,11.662,5.05,-0.227,-0.227,-0.311,0,0,0,0,0
2024-05-19 17:00:00,12.413,7.091,-0.227,-0.227,-0.311,0,0,0,0,0
2024-05-19 18:00:00,13.666,7.695,-0.227,-0.227,-0.311,0,0,0,0,0
2024-05-19 19:00:00,14.481,7.82,-0.227,-0.227,-0.311,0,0,0,0,0
2024-05-19 20:00:00,14.816,10.736,-0.227,-0.227,-0.311,0,0,0,0,0
2024-05-19 21:00:00,15.127,13.401,-0.227,-0.227,-0.311,0,0,0,0,0
2024-05-19 22:00:00,16.058,13.57,-0.227,-0.255,-0.311,0,0,0,0,0
2024-05-19 23:00:00,16.749,12.727,-0.255,-0.227,-0.339,0,0,0,0,0
2024-05-20 00:00:00,16.677,12.775,-0.227,-0.227,-0.311,0,0,0,0,0
2024-05-20 01:00:00,16.034,12.437,-0.227,-0.227,-0.311,0,0,0,0,0
2024-05-20 02:00:00,16.392,11.078,-0.227,-0.227,-0.311,0,0,0,0,0
2024-05-20 03:00:00,16.511,8.568,-0.227,-0.227,-0.311,0,0,0,0,0
2024-05-20 04:00:00,16.034,6.763,-0.227,-0.227,-0.311,0,0,0,0,0
2024-05-20 05:00:00,15.031,5.282,-0.227,-0.227,-0.311,0,0,0,0,0
2024-05-20 06:00:00,13.064,3.512,-0.227,-0.199,-0.283,0,0,0,0,0
2024-05-20 07:00:00,10.32,2.209,-0.227,-0.199,-0.283,0,0,0,0,0
2024-05-20 08:00:00,8.817,0.77,-0.227,-0.199,-0.283,0,0,0,0,0
2024-05-20 09:00:00,5.488,0.273,-0.227,-0.199,-0.255,0,0,0,0,0
2024-05-20 10:00:00,4.063,0.135,-0.227,-0.199,-0.255,0,0,0,0,0
2024-05-20 11:00:00,3.459,0.024,-0.227,-0.199,-0.255,0,0,0,0,0
2024-05-20 12:00:00,2.637,-0.004,-0.227,-0.199,-0.255,0,0,0,0,0
2024-05-20 13:00:00,1.099,0.024,-0.227,-0.199,-0.255,0,0,0,0,0
2024-05-20 14:00:00,2.074,0.051,-0.227,-0.199,-0.255,0,0,0,0,0
2024-05-20 15:00:00,6.965,0.107,-0.227,-0.199,-0.283,0,0,0,0,0
2024-05-20 16:00:00,9.361,0.522,-0.227,-0.199,-0.311,0,0,0,0,0
2024-05-20 17:00:00,10.834,3.643,-0.227,-0.199,-0.311,0,0,0,0,0
2024-05-20 18:00:00,11.516,6.509,-0.227,-0.227,-0.311,0,0,0,0,0
2024-05-20 19:00:00,13.425,8.319,-0.227,-0.227,-0.311,0,0,0,0,0
2024-05-20 20:00:00,13.233,9.46,-0.227,-0.227,-0.311,0,0,0,0,0
2024-05-20 21:00:00,14.816,11.078,-0.227,-0.227,-0.311,0,0,0,0,0
2024-05-20 22:00:00,16.439,13.594,-0.227,-0.227,-0.311,0,0,0,0,0
2024-05-20 23:00:00,16.201,11.904,-0.227,-0.227,-0.311,0,0,0,0,0
2024-05-21 00:00:00,17.51,13.112,-0.227,-0.227,-0.311,0,0,0,0,0
2024-05-21 01:00:00,15.939,9.879,-0.227,-0.227,-0.311,0,0,0,0,0
2024-05-21 02:00:00,15.055,8.17,-0.227,-0.227,-0.311,0,0,0,0,0
2024-05-21 03:00:00,17.701,8.916,-0.227,-0.227,-0.311,0,0,0,0,0
2024-05-21 04:00:00,16.701,8.02,-0.227,-0.227,-0.311,0,0,0,0,0
2024-05-21 05:00:00,16.368,6.204,-0.227,-0.227,-0.311,0,0,0,0,0
2024-05-21 06:00:00,13.69,4.402,-0.227,-0.199,-0.283,0,0,0,0,0
2024-05-21 07:00:00,10.296,2.983,-0.227,-0.199,-0.283,0,0,0,0,0
2024-05-21 08:00:00,7.594,1.48,-0.227,-0.199,-0.255,0,0,0,0,0
2024-05-21 09:00:00,6.408,0.825,-0.227,-0.199,-0.283,0,0,0,0,0
2024-05-21 10:00:00,9.188,0.797,-0.227,-0.199,-0.283,0,0,0,0,0
2024-05-21 11:00:00,5.385,-0.088,-0.227,-0.199,-0.255,0,0,0,0,0
2024-05-21 12:00:00,5.437,0.107,-0.227,-0.199,-0.255,0,0,0,0,0
2024-05-21 13:00:00,4.402,0.051,-0.227,-0.199,-0.255,0,0,0,0,0
2024-05-21 14:00:00,10.124,0.605,-0.227,-0.199,-0.283,1,0,0,0,0
2024-05-21 15:00:00,12.195,2.236,-0.227,-0.199,-0.283,0,0,0,0,0
2024-05-21 16:00:00,13.546,5.616,-0.227,-0.227,-0.283,0,0,0,0,0
2024-05-21 17:00:00,14.936,7.569,-0.227,-0.227,-0.311,0,0,0,0,0
2024-05-21 18:00:00,15.079,8.045,-0.227,-0.227,-0.311,0,0,0,0,0
2024-05-21 19:00:00,15.342,7.995,-0.227,-0.227,-0.311,0,0,0,0,0
2024-05-21 20:00:00,15.772,10.394,-0.227,-0.227,-0.311,0,0,0,0,0
2024-05-21 21:00:00,16.082,12.871,-0.227,-0.227,-0.311,0,0,0,0,0
2024-05-21 22:00:00,17.034,13.329,-0.227,-0.227,-0.311,0,0,0,0,0
2024-05-21 23:00:00,17.701,12.92,-0.227,-0.227,-0.311,0,0,0,0,0
2024-05-22 00:00:00,17.582,12.775,-0.227,-0.227,-0.311,0,0,0,0,0
2024-05-22 01:00:00,17.605,10.883,-0.227,-0.227,-0.311,0,0,0,0,0
2024-05-22 02:00:00,16.725,10.001,-0.227,-0.227,-0.311,0,0,0,0,0
2024-05-22 03:00:00,15.652,8.02,-0.227,-0.227,-0.311,0,0,0,0,0
2024-05-22 04:00:00,15.485,6.864,-0.227,-0.227,-0.311,0,0,0,0,0
2024-05-22 05:00:00,15.055,6.255,-0.227,-0.227,-0.283,0,0,0,0,0
2024-05-22 06:00:00,14.673,5.745,-0.227,-0.227,-0.283,0,0,0,0,0
2024-05-22 07:00:00,13.834,5.102,-0.227,-0.227,-0.283,0,0,0,0,0
2024-05-22 08:00:00,13.016,4.61,-0.227,-0.199,-0.283,0,0,0,0,0
2024-05-22 09:00:00,11.613,3.932,-0.227,-0.199,-0.283,0,0,0,0,0
2024-05-22 10:00:00,10.418,3.354,-0.227,-0.199,-0.283,0,0,0,0,0
2024-05-22 11:00:00,9.139,2.983,-0.227,-0.199,-0.283,0,0,0,0,0
2024-05-22 12:00:00,8.22,2.744,-0.227,-0.199,-0.283,0,0,0,0,0
2024-05-22 13:00:00,7.167,2.664,-0.227,-0.199,-0.283,0,0,0,0,0
2024-05-22 14:00:00,7.569,2.983,-0.227,-0.199,-0.283,0,0,0,0,0
2024-05-22 15:00:00,8.469,4.011,-0.227,-0.199,-0.283,0,0,0,0,0
2024-05-22 16:00:00,9.879,5.642,-0.227,-0.199,-0.283,0,0,0,0,0
2024-05-22 17:00:00,10.785,6.813,-0.227,-0.199,-0.283,0,0,0,0,0
2024-05-22 18:00:00,12.122,8.195,-0.227,-0.199,-0.311,0,0,0,0,0
2024-05-22 19:00:00,13.69,9.386,-0.227,-0.227,-0.311,0,0,0,0,0
2024-05-22 20:00:00,14.649,10.198,-0.227,-0.227,-0.311,0,0,0,0,0
2024-05-22 21:00:00,13.762,11.175,-0.227,-0.227,-0.311,0,0,0,0,0
2024-05-22 22:00:00,14.074,11.565,-0.227,-0.227,-0.311,0,0,0,0,0
2024-05-22 23:00:00,11.419,9.435,-0.227,-0.199,-0.283,0,0,0,0,0
2024-05-23 00:00:00,11.929,9.213,-0.227,-0.227,-0.283,0,0,0,0,0
2024-05-23 01:00:00,13.93,11.977,-0.227,-0.227,-0.311,0,1,0,0,0
2024-05-23 02:00:00,11.005,8.916,-0.227,-0.199,-0.283,0,0,0,0,0
2024-05-23 03:00:00,11.053,8.319,-0.227,-0.199,-0.283,0,0,0,0,0
2024-05-23 04:00:00,12.389,7.895,-0.227,-0.227,-0.283,0,0,0,0,0
2024-05-23 05:00:00,10.956,6.051,-0.227,-0.199,-0.283,0,0,0,0,0
2024-05-23 06:00:00,11.078,4.921,-0.227,-0.199,-0.283,0,0,0,0,0
2024-05-23 07:00:00,8.643,2.77,-0.227,-0.199,-0.255,0,0,0,0,0
2024-05-23 08:00:00,5.231,0.989,-0.227,-0.171,-0.255,0,0,0,0,0
2024-05-23 09:00:00,3.749,0.384,-0.227,-0.171,-0.255,0,0,0,0,0
2024-05-23 10:00:00,3.854,0.356,-0.227,-0.199,-0.255,0,0,0,0,0
2024-05-23 11:00:00,1.778,0.024,-0.227,-0.171,-0.227,0,0,0,0,0
2024-05-23 12:00:00,0.687,-0.004,-0.227,-0.171,-0.255,0,0,0,0,0
2024-05-23 13:00:00,1.751,0.079,-0.227,-0.199,-0.255,0,0,0,0,0
2024-05-23 14:00:00,2.477,0.135,-0.227,-0.199,-0.255,0,0,0,0,0
2024-05-23 15:00:00,4.636,0.356,-0.227,-0.199,-0.283,0,0,0,0,0
2024-05-23 16:00:00,6.813,2.343,-0.227,-0.199,-0.283,0,0,0,0,0
2024-05-23 17:00:00,9.756,5.872,-0.199,-0.199,-0.283,0,0,0,0,0
2024-05-23 18:00:00,10.296,7.519,-0.227,-0.199,-0.283,0,0,0,0,0
2024-05-23 19:00:00,11.419,9.139,-0.227,-0.199,-0.311,0,0,0,0,0
2024-05-23 20:00:00,14.194,12.292,-0.199,-0.199,-0.283,0,0,0,0,0
2024-05-23 21:00:00,12.727,12.05,-0.227,-0.227,-0.283,0,0,0,0,0
2024-05-23 22:00:00,15.079,13.497,-0.227,-0.227,-0.311,0,0,0,0,0
2024-05-23 23:00:00,15.342,13.497,-0.227,-0.227,-0.311,0,0,0,0,0
2024-05-24 00:00:00,15.223,12.727,-0.227,-0.227,-0.311,0,0,0,0,0
2024-05-24 01:00:00,15.27,12.122,-0.227,-0.227,-0.311,0,0,0,0,0
2024-05-24 02:00:00,15.008,11.54,-0.227,-0.227,-0.311,0,0,0,0,0
2024-05-24 03:00:00,14.768,10.001,-0.227,-0.227,-0.311,0,0,0,0,0
2024-05-24 04:00:00,14.409,8.99,-0.227,-0.227,-0.311,0,0,0,0,0
2024-05-24 05:00:00,13.762,6.763,-0.227,-0.227,-0.311,0,0,0,0,0
2024-05-24 06:00:00,13.257,6.331,-0.227,-0.227,-0.283,0,0,0,0,0
2024-05-24 07:00:00,11.686,5.205,-0.227,-0.199,-0.283,0,0,0,0,0
2024-05-24 08:00:00,10.345,4.324,-0.227,-0.199,-0.283,0,0,0,0,0
2024-05-24 09:00:00,9.139,3.406,-0.227,-0.199,-0.255,0,0,0,0,0
2024-05-24 10:00:00,8.543,2.77,-0.227,-0.199,-0.255,0,0,0,0,0
2024-05-24 11:00:00,7.116,2.289,-0.227,-0.199,-0.255,0,0,0,0,0
2024-05-24 12:00:00,6.255,2.101,-0.227,-0.199,-0.255,0,0,0,0,0
2024-05-24 13:00:00,6.306,1.643,-0.227,-0.199,-0.255,0,0,0,0,0
2024-05-24 14:00:00,7.142,2.69,-0.227,-0.199,-0.283,0,0,0,0,0
2024-05-24 15:00:00,8.965,5.334,-0.227,-0.199,-0.283,0,0,0,0,0
2024-05-24 16:00:00,8.891,5.872,-0.227,-0.199,-0.283,0,0,0,0,0
2024-05-24 17:00:00,8.965,6.204,-0.227,-0.199,-0.283,0,0,0,0,0
2024-05-24 18:00:00,9.139,6.636,-0.227,-0.199,-0.283,0,0,0,0,0
2024-05-24 19:00:00,9.188,6.712,-0.227,-0.199,-0.283,0,0,0,0,0
2024-05-24 20:00:00,10.565,9.213,-0.227,-0.199,-0.283,0,0,0,0,0
2024-05-24 21:00:00,11.443,11.053,-0.227,-0.199,-0.283,0,0,0,0,0
2024-05-24 22:00:00,11.613,9.632,-0.227,-0.199,-0.283,0,0,0,0,0
2024-05-24 23:00:00,11.71,10.149,-0.227,-0.199,-0.283,0,0,0,0,0
2024-05-25 00:00:00,12.292,11.175,-0.227,-0.199,-0.311,0,0,0,0,0
2024-05-25 01:00:00,13.473,11.151,-0.227,-0.199,-0.283,0,0,0,0,0
2024-05-25 02:00:00,13.185,9.509,-0.227,-0.199,-0.283,0,0,0,0,0
2024-05-25 03:00:00,12.823,8.866,-0.227,-0.199,-0.283,0,0,0,0,0
2024-05-25 04:00:00,12.558,9.064,-0.227,-0.199,-0.283,0,0,0,0,0
2024-05-25 05:00:00,11.613,7.494,-0.227,-0.199,-0.283,0,0,0,0,0
2024-05-25 06:00:00,10.541,6.484,-0.227,-0.199,-0.283,0,0,0,0,0
2024-05-25 07:00:00,9.78,5.488,-0.227,-0.199,-0.283,0,0,0,0,0
2024-05-25 08:00:00,8.22,4.766,-0.227,-0.199,-0.255,0,0,0,0,0
2024-05-25 09:00:00,5.847,4.011,-0.255,-0.227,-0.311,0,0,0,0,0
2024-05-25 10:00:00,4.714,3.564,-0.255,-0.227,-0.311,0,0,0,0,0
2024-05-25 11:00:00,2.903,2.53,-0.283,-0.255,-0.311,0,0,0,0,0
2024-05-25 12:00:00,1.778,1.778,-0.283,-0.255,-0.311,0,0,0,0,0
2024-05-25 13:00:00,1.017,0.825,-0.283,-0.143,-0.311,0,0,0,0,0
2024-05-25 14:00:00,1.507,0.852,-0.255,-0.088,-0.311,0,0,0,0,0
2024-05-25 15:00:00,1.967,1.507,-0.283,-0.088,-0.311,0,0,0,0,0
2024-05-25 16:00:00,3.274,3.036,-0.255,-0.088,-0.311,0,0,0,0,0
2024-05-25 17:00:00,4.428,4.584,-0.255,-0.088,-0.311,0,0,0,0,0
2024-05-25 18:00:00,5.924,4.869,-0.255,-0.143,-0.339,0,0,0,0,0
2024-05-25 19:00:00,7.419,5.385,-0.255,-0.143,-0.367,0,0,0,0,0
2024-05-25 20:00:00,7.97,8.916,-0.255,-0.143,-0.367,0,0,0,0,0
2024-05-25 21:00:00,9.04,11.516,-0.255,-0.171,-0.367,0,0,0,0,0
2024-05-25 22:00:00,9.485,12.268,-0.283,-0.199,-0.367,0,0,0,0,0
2024-05-25 23:00:00,10.001,10.394,-0.255,-0.199,-0.367,0,0,0,0,0
2024-05-26 00:00:00,9.608,10.565,-0.283,-0.255,-0.367,0,0,0,0,0
2024-05-26 01:00:00,9.238,9.04,-0.591,-0.535,-0.648,0,0,1,0,0
2024-05-26 02:00:00,9.558,8.095,-0.283,-0.255,-0.367,0,0,0,0,0
2024-05-26 03:00:00,9.706,8.17,-0.283,-0.255,-0.367,0,0,0,0,0
2024-05-26 04:00:00,9.238,6.661,-0.283,-0.255,-0.367,0,0,0,0,0
2024-05-26 05:00:00,8.394,5.385,-0.283,-0.255,-0.339,0,0,0,0,0
2024-05-26 06:00:00,7.268,4.037,-0.283,-0.255,-0.339,0,0,0,0,0
2024-05-26 07:00:00,6.255,2.85,-0.283,-0.255,-0.339,0,0,0,0,0
2024-05-26 08:00:00,5.693,2.128,-0.255,-0.255,-0.339,0,0,0,0,0
2024-05-26 09:00:00,4.35,1.615,-0.283,-0.255,-0.339,0,0,0,0,0
2024-05-26 10:00:00,4.089,1.126,-0.283,-0.255,-0.311,0,0,0,0,0
2024-05-26 11:00:00,2.823,0.852,-0.283,-0.255,-0.311,0,0,0,0,0
2024-05-26 12:00:00,1.643,0.051,-0.283,-0.255,-0.311,0,0,0,0,0
2024-05-26 13:00:00,3.063,0.301,-0.283,-0.255,-0.311,0,0,0,0,0
2024-05-26 14:00:00,3.643,1.18,-0.283,-0.255,-0.339,0,0,0,0,0
2024-05-26 15:00:00,5.128,2.343,-0.255,-0.255,-0.367,0,0,0,0,0
2024-05-26 16:00:00,5.616,3.274,-0.255,-0.255,-0.367,0,0,0,0,0
2024-05-26 17:00:00,5.539,4.272,-0.283,-0.255,-0.339,0,0,0,0,0
2024-05-26 18:00:00,6.636,5.847,-0.283,-0.255,-0.367,0,1,0,0,0
2024-05-26 19:00:00,5.796,4.35,-0.283,-0.255,-0.339,0,0,0,0,0
2024-05-26 20:00:00,6.281,4.428,-0.283,-0.255,-0.339,0,0,0,0,0
2024-05-26 21:00:00,6.331,5.488,-0.283,-0.255,-0.339,0,0,0,0,0
2024-05-26 22:00:00,6.535,5.128,-0.283,-0.255,-0.339,0,0,0,0,0
2024-05-26 23:00:00,6.839,5.924,-0.283,-0.255,-0.367,0,0,0,0,0
2024-05-27 00:00:00,7.72,6.914,-0.255,-0.255,-0.367,0,0,0,0,0
2024-05-27 01:00:00,9.04,8.568,-0.283,-0.255,-0.367,0,0,0,0,0
2024-05-27 02:00:00,9.064,7.419,-0.283,-0.283,-0.367,0,0,0,0,0
2024-05-27 03:00:00,8.717,6.56,-0.283,-0.255,-0.367,0,0,0,0,0
2024-05-27 04:00:00,7.67,5.642,-0.283,-0.255,-0.339,0,0,0,0,0
2024-05-27 05:00:00,8.195,5.257,-0.283,-0.255,-0.367,0,0,0,0,0
2024-05-27 06:00:00,8.394,4.844,-0.283,-0.255,-0.367,0,0,0,0,0
2024-05-27 07:00:00,7.745,3.985,-0.283,-0.255,-0.339,0,0,0,0,0
2024-05-27 08:00:00,6.737,2.61,-0.283,-0.255,-0.339,0,0,0,0,0
2024-05-27 09:00:00,6.458,2.021,-0.283,-0.255,-0.339,0,0,0,0,0
2024-05-27 10:00:00,6.611,1.697,-0.283,-0.255,-0.339,0,0,0,0,0
2024-05-27 11:00:00,6.357,2.101,-0.283,-0.255,-0.339,0,0,0,0,0
2024-05-27 12:00:00,6.433,2.155,-0.283,-0.255,-0.339,0,0,0,0,0
2024-05-27 13:00:00,5.898,1.94,-0.283,-0.255,-0.339,0,0,0,0,0
2024-05-27 14:00:00,5.488,2.477,-0.283,-0.255,-0.339,1,0,0,0,0
2024-05-27 15:00:00,7.67,4.22,-0.255,-0.255,-0.367,0,0,0,0,0
2024-05-27 16:00:00,9.213,7.795,-0.255,-0.255,-0.367,0,0,0,0,0
2024-05-27 17:00:00,10.32,8.99,-0.255,-0.255,-0.367,0,0,0,0,0
2024-05-27 18:00:00,11.078,9.114,-0.283,-0.255,-0.367,0,0,0,0,0
2024-05-27 19:00:00,11.589,10.198,-0.283,-0.255,-0.367,0,0,0,0,0
2024-05-27 20:00:00,12.751,12.461,-0.255,-0.255,-0.367,0,0,0,0,0
2024-05-27 21:00:00,13.497,12.751,-0.283,-0.283,-0.367,0,0,0,0,0
2024-05-27 22:00:00,13.762,12.678,-0.283,-0.255,-0.367,0,0,0,0,0
2024-05-27 23:00:00,13.882,12.147,-0.255,-0.255,-0.367,0,0,0,0,0
2024-05-28 00:00:00,13.762,11.078,-0.283,-0.255,-0.367,0,0,0,0,0
2024-05-28 01:00:00,14.218,11.492,-0.255,-0.283,-0.367,0,0,0,0,0
2024-05-28 02:00:00,14.385,10.956,-0.283,-0.255,-0.367,0,0,0,0,0
2024-05-28 03:00:00,14.29,10.956,-0.255,-0.255,-0.367,0,0,0,0,0
2024-05-28 04:00:00,15.199,10.858,-0.255,-0.255,-0.367,1,0,0,0,0
2024-05-28 05:00:00,13.257,8.17,-0.255,-0.255,-0.367,0,0,0,0,0
2024-05-28 06:00:00,11.856,5.796,-0.255,-0.255,-0.367,0,0,0,0,0
2024-05-28 07:00:00,11.346,5.693,-0.255,-0.255,-0.367,0,0,0,0,0
2024-05-28 08:00:00,10.443,4.947,-0.255,-0.255,-0.339,0,0,0,0,0
2024-05-28 09:00:00,9.336,4.454,-0.255,-0.255,-0.339,0,0,0,0,0
2024-05-28 10:00:00,8.717,4.037,-0.255,-0.255,-0.339,0,0,0,0,0
2024-05-28 11:00:00,8.841,3.958,-0.255,-0.255,-0.339,0,0,0,0,0
2024-05-28 12:00:00,8.02,3.696,-0.283,-0.255,-0.339,0,0,0,0,0
2024-05-28 13:00:00,8.344,4.063,-0.255,-0.255,-0.339,0,0,0,0,0
2024-05-28 14:00:00,8.17,4.792,-0.255,-0.255,-0.339,0,0,0,0,0
2024-05-28 15:00:00,8.469,5.36,-0.255,-0.255,-0.367,0,0,0,0,0
2024-05-28 16:00:00,9.015,6.077,-0.255,-0.255,-0.367,0,0,0,0,0
2024-05-28 17:00:00,11.37,8.519,-0.255,-0.255,-0.367,0,0,0,0,0
2024-05-28 18:00:00,13.377,9.706,-0.255,-0.255,-0.367,0,0,0,0,0
2024-05-28 19:00:00,15.031,13.738,-0.255,-0.255,-0.367,0,0,0,0,0
2024-05-28 20:00:00,12.896,10.198,-0.255,-0.255,-0.367,0,0,0,0,0
2024-05-28 21:00:00,13.762,13.714,-0.255,-0.255,-0.367,0,0,0,0,0
2024-05-28 22:00:00,15.605,15.008,-0.255,-0.255,-0.367,0,0,0,0,0
2024-05-28 23:00:00,16.915,17.225,-0.255,-0.255,-0.367,0,0,0,0,0
2024-05-29 00:00:00,17.082,17.011,-0.255,-0.255,-0.367,0,0,0,0,0
2024-05-29 01:00:00,17.986,19.008,-0.227,-0.255,-0.367,0,0,0,0,0
2024-05-29 02:00:00,17.486,17.677,-0.255,-0.255,-0.367,0,0,0,0,0
2024-05-29 03:00:00,16.463,12.34,-0.255,-0.255,-0.367,0,0,0,0,0
2024-05-29 04:00:00,16.153,11.297,-0.255,-0.255,-0.367,0,0,0,0,0
2024-05-29 05:00:00,16.296,8.469,-0.255,-0.255,-0.367,0,0,0,0,0
2024-05-29 06:00:00,14.84,6.585,-0.255,-0.255,-0.367,0,0,0,0,0
2024-05-29 07:00:00,12.025,3.775,-0.255,-0.255,-0.339,0,0,0,0,0
2024-05-29 08:00:00,9.682,2.047,-0.255,-0.255,-0.339,0,0,0,0,0
2024-05-29 09:00:00,6.788,0.329,-0.255,-0.255,-0.311,0,0,0,0,0
2024-05-29 10:00:00,7.142,0.19,-0.255,-0.255,-0.311,0,0,0,0,0
2024-05-29 11:00:00,7.494,1.317,-0.255,-0.255,-0.339,0,0,0,0,0
2024-05-29 12:00:00,7.594,2.69,-0.255,-0.255,-0.339,0,0,0,0,0
2024-05-29 13:00:00,7.569,3.301,-0.255,-0.255,-0.339,0,0,0,0,0
2024-05-29 14:00:00,8.469,4.532,-0.255,-0.255,-0.339,0,0,0,0,0
2024-05-29 15:00:00,10.614,6.433,-0.255,-0.255,-0.339,0,0,0,0,0
2024-05-29 16:00:00,12.847,8.891,-0.255,-0.255,-0.367,0,0,0,0,0
2024-05-29 17:00:00,13.858,10.369,-0.255,-0.255,-0.367,0,0,0,0,0
2024-05-29 18:00:00,15.581,12.799,-0.255,-0.255,-0.367,0,0,0,0,0
2024-05-29 19:00:00,16.987,14.409,-0.255,-0.255,-0.367,0,0,0,0,0
2024-05-29 20:00:00,17.51,14.768,-0.255,-0.255,-0.367,0,0,0,0,0
2024-05-29 21:00:00,18.152,15.581,-0.255,-0.255,-0.367,0,0,0,0,0
2024-05-29 22:00:00,17.463,14.098,-0.255,-0.255,-0.367,0,0,0,0,0
2024-05-29 23:00:00,18.628,16.129,-0.227,-0.255,-0.367,0,0,0,0,0
2024-05-30 00:00:00,18.366,15.247,-0.255,-0.255,-0.367,0,0,0,0,0
2024-05-30 01:00:00,18.842,15.7,-0.255,-0.255,-0.367,0,0,0,0,0
2024-05-30 02:00:00,18.699,15.294,-0.255,-0.255,-0.367,0,0,0,0,0
2024-05-30 03:00:00,17.748,13.594,-0.255,-0.255,-0.367,0,0,0,0,0
2024-05-30 04:00:00,17.058,11.904,-0.227,-0.255,-0.367,0,0,0,0,0
2024-05-30 05:00:00,16.749,11.589,-0.255,-0.255,-0.367,0,0,0,0,0
2024-05-30 06:00:00,15.986,10.467,-0.255,-0.255,-0.367,0,0,0,0,0
2024-05-30 07:00:00,14.745,9.114,-0.255,-0.255,-0.367,0,0,0,0,0
2024-05-30 08:00:00,13.642,8.543,-0.255,-0.255,-0.367,0,0,0,0,0
2024-05-30 09:00:00,13.281,7.895,-0.255,-0.255,-0.367,0,0,0,0,0
2024-05-30 10:00:00,12.871,8.095,-0.255,-0.255,-0.367,0,0,0,0,0
2024-05-30 11:00:00,12.63,7.645,-0.255,-0.255,-0.367,0,0,0,0,0
2024-05-30 12:00:00,11.929,7.343,-0.255,-0.255,-0.339,0,0,0,0,0
2024-05-30 13:00:00,11.856,7.619,-0.255,-0.255,-0.367,0,0,0,0,0
2024-05-30 14:00:00,11.929,8.145,-0.255,-0.255,-0.367,0,0,0,0,0
2024-05-30 15:00:00,14.098,13.185,-0.255,-0.255,-0.367,0,0,0,0,0
2024-05-30 16:00:00,13.93,11.37,-0.255,-0.255,-0.367,0,0,0,0,0
2024-05-30 17:00:00,14.457,11.71,-0.255,-0.255,-0.367,0,0,0,0,0
2024-05-30 18:00:00,15.676,13.449,-0.255,-0.255,-0.367,0,0,0,0,0
2024-05-30 19:00:00,16.463,14.29,-0.227,-0.255,-0.367,0,0,0,0,0
2024-05-30 20:00:00,17.13,15.247,-0.227,-0.255,-0.367,0,0,0,0,0
2024-05-30 21:00:00,16.392,14.05,-0.255,-0.255,-0.367,0,0,0,0,0
2024-05-30 22:00:00,16.582,15.175,-0.255,-0.255,-0.367,0,0,0,0,0
2024-05-30 23:00:00,18.057,20.198,-0.227,-0.255,-0.367,0,0,0,0,0
2024-05-31 00:00:00,18.889,18.081,-0.227,-0.255,-0.367,0,0,0,0,0
2024-05-31 01:00:00,16.201,14.697,-0.227,-0.255,-0.367,0,0,0,0,0
2024-05-31 02:00:00,9.312,8.99,-0.227,-0.255,-0.311,1,0,0,0,0
2024-05-31 03:00:00,9.928,9.558,-0.227,-0.032,-0.339,0,0,0,0,0
2024-05-31 04:00:00,11.029,11.589,-0.227,-0.004,-0.339,0,0,0,0,0
2024-05-31 05:00:00,11.71,10.59,-0.227,-0.032,-0.339,0,0,0,0,0
2024-05-31 06:00:00,11.54,9.04,-0.227,-0.116,-0.339,0,0,0,0,0
2024-05-31 07:00:00,9.903,5.308,-0.227,-0.143,-0.311,0,0,0,0,0
2024-05-31 08:00:00,8.394,3.459,-0.227,-0.171,-0.311,0,0,0,0,0
2024-05-31 09:00:00,6.788,3.009,-0.227,-0.171,-0.311,0,0,0,0,0
2024-05-31 10:00:00,6.433,3.617,-0.227,-0.199,-0.311,0,0,0,0,0
2024-05-31 11:00:00,6.56,4.792,-0.227,-0.199,-0.311,0,0,0,0,0
2024-05-31 12:00:00,6.94,4.558,-0.227,-0.088,-0.311,0,0,0,0,0
2024-05-31 13:00:00,7.519,5.205,-0.227,-0.088,-0.311,0,0,0,0,0
2024-05-31 14:00:00,7.293,5.693,-0.227,-0.116,-0.311,0,0,0,0,0
2024-05-31 15:00:00,8.295,7.393,-0.227,-0.116,-0.311,0,0,0,0,0
2024-05-31 16:00:00,9.238,8.965,-0.227,-0.06,-0.339,0,0,0,0,0
2024-05-31 17:00:00,10.956,11.662,-0.227,-0.032,-0.339,0,0,0,0,0
2024-05-31 18:00:00,11.734,11.929,-0.227,-0.06,-0.339,0,0,0,0,0
2024-05-31 19:00:00,12.389,12.485,-0.227,-0.088,-0.339,0,0,0,0,0
2024-05-31 20:00:00,13.834,22.944,-0.199,-0.06,-0.339,0,1,0,0,0
2024-05-31 21:00:00,13.93,15.223,-0.199,-0.116,-0.339,0,0,0,0,0
2024-05-31 22:00:00,12.437,14.888,-0.199,-0.143,-0.339,0,0,0,0,0
2024-05-31 23:00:00,15.39,24.726,-0.171,-0.199,-0.339,0,0,0,0,0
2024-06-01 00:00:00,14.84,19.603,-0.199,-0.227,-0.339,0,0,0,0,0
2024-06-01 01:00:00,16.558,23.232,-0.171,-0.227,-0.339,0,0,0,0,0
2024-06-01 02:00:00,17.225,22.848,-0.171,-0.227,-0.339,0,0,0,0,0
2024-06-01 03:00:00,17.32,17.701,-0.199,-0.227,-0.367,0,0,0,0,0
2024-06-01 04:00:00,16.511,15.127,-0.199,-0.255,-0.367,0,0,0,0,0
2024-06-01 05:00:00,15.342,11.71,-0.199,-0.255,-0.367,0,0,0,0,0
2024-06-01 06:00:00,15.748,12.485,-0.199,-0.255,-0.367,0,0,0,0,0
2024-06-01 07:00:00,12.847,9.706,-0.199,-0.255,-0.339,0,0,0,0,0
2024-06-01 08:00:00,10.81,7.167,-0.199,-0.227,-0.339,0,0,0,0,0
2024-06-01 09:00:00,10.443,6.306,-0.199,-0.255,-0.339,0,0,0,0,0
2024-06-01 10:00:00,9.064,5.334,-0.227,-0.255,-0.311,0,0,0,0,0
2024-06-01 11:00:00,8.095,4.246,-0.227,-0.227,-0.311,0,0,0,0,0
2024-06-01 12:00:00,8.668,5.205,-0.227,-0.255,-0.311,0,0,0,0,0
2024-06-01 13:00:00,9.78,5.462,-0.227,-0.227,-0.339,0,0,0,0,0
2024-06-01 14:00:00,12.413,8.841,-0.199,-0.255,-0.339,0,0,0,0,0
2024-06-01 15:00:00,14.457,14.96,-0.199,-0.255,-0.367,0,0,0,0,0
2024-06-01 16:00:00,15.008,14.266,-0.199,-0.255,-0.367,0,0,0,0,0
2024-06-01 17:00:00,15.796,14.266,-0.199,-0.255,-0.367,0,0,0,0,0
2024-06-01 18:00:00,17.201,15.557,-0.199,-0.255,-0.367,0,0,0,0,0
2024-06-01 19:00:00,18.105,17.368,-0.199,-0.255,-0.367,0,0,0,0,0
2024-06-01 20:00:00,19.508,24.05,-0.199,-0.255,-0.367,0,0,0,0,0
2024-06-01 21:00:00,19.746,23.424,-0.199,-0.255,-0.367,0,0,0,0,0
2024-06-01 22:00:00,19.341,20.531,-0.199,-0.255,-0.367,0,0,0,0,0
2024-06-01 23:00:00,18.152,16.534,-0.199,-0.255,-0.367,0,0,0,0,0
2024-06-02 00:00:00,15.414,13.69,-0.199,-0.255,-0.367,0,0,0,0,0
2024-06-02 01:00:00,16.177,16.32,-0.199,-0.255,-0.367,0,0,0,0,0
2024-06-02 02:00:00,15.652,15.151,-0.199,-0.255,-0.367,0,0,0,0,0
2024-06-02 03:00:00,15.891,14.577,-0.199,-0.255,-0.367,0,0,0,0,0
2024-06-02 04:00:00,15.915,13.594,-0.199,-0.255,-0.367,0,0,0,0,0
2024-06-02 05:00:00,14.936,12.147,-0.199,-0.255,-0.339,0,0,0,0,0
2024-06-02 06:00:00,12.534,9.608,-0.199,-0.255,-0.339,0,0,0,0,0
2024-06-02 07:00:00,13.353,9.558,-0.367,-0.479,-0.563,0,0,0,0,0
2024-06-02 08:00:00,13.618,9.608,-0.199,-0.227,-0.339,0,0,0,0,0
2024-06-02 09:00:00,12.992,8.792,-0.199,-0.255,-0.339,0,0,0,0,0
2024-06-02 10:00:00,10.736,5.719,-0.367,-0.535,-0.591,0,0,0,0,0
2024-06-02 11:00:00,9.952,5.128,-0.171,-0.227,-0.311,0,0,0,0,0
2024-06-02 12:00:00,11.807,7.469,-0.171,-0.227,-0.339,0,0,0,0,0
2024-06-02 13:00:00,11.224,7.116,-0.199,-0.255,-0.339,0,0,0,0,0
2024-06-02 14:00:00,11.394,8.344,-0.199,-0.255,-0.339,0,0,0,0,0
2024-06-02 15:00:00,10.932,8.419,-0.199,-0.255,-0.339,0,0,0,0,0
2024-06-02 16:00:00,13.305,12.05,-0.171,-0.227,-0.339,0,0,0,0,0
2024-06-02 17:00:00,14.146,13.305,-0.171,-0.255,-0.339,0,0,0,0,0
2024-06-02 18:00:00,15.652,15.7,-0.171,-0.255,-0.339,0,0,0,0,0
2024-06-02 19:00:00,16.511,17.201,-0.171,-0.255,-0.339,0,0,0,0,0
2024-06-02 20:00:00,19.508,25.768,-0.171,-0.255,-0.339,0,0,0,0,0
2024-06-02 21:00:00,18.033,17.534,-0.171,-0.255,-0.339,0,0,0,0,0
2024-06-02 22:00:00,18.937,20.841,-0.171,-0.255,-0.367,0,0,0,0,0
2024-06-02 23:00:00,19.817,25.38,-0.171,-0.255,-0.367,0,0,0,0,0
2024-06-03 00:00:00,17.058,15.008,-0.171,-0.255,-0.339,0,1,0,0,0
2024-06-03 01:00:00,12.823,12.461,-0.171,-0.227,-0.339,0,0,0,0,0
2024-06-03 02:00:00,13.93,16.034,-0.171,-0.255,-0.339,0,0,0,0,0
2024-06-03 03:00:00,14.17,15.605,-0.171,-0.255,-0.339,0,0,0,0,0
2024-06-03 04:00:00,12.534,11.394,-0.367,-0.479,-0.535,0,0,0,0,0
2024-06-03 05:00:00,13.281,12.195,-0.171,-0.255,-0.339,0,0,0,0,0
2024-06-03 06:00:00,12.582,10.883,-0.171,-0.255,-0.339,0,0,0,0,0
2024-06-03 07:00:00,10.59,4.558,-0.171,-0.227,-0.311,0,0,0,0,0
2024-06-03 08:00:00,8.941,3.063,-0.171,-0.227,-0.311,0,0,0,0,0
2024-06-03 09:00:00,8.419,3.67,-0.171,-0.227,-0.311,0,0,0,0,0
2024-06-03 10:00:00,11.151,8.369,-0.171,-0.227,-0.339,0,0,0,0,0
2024-06-03 11:00:00,11.613,7.895,-0.171,-0.255,-0.339,0,0,0,0,0
2024-06-03 12:00:00,11.346,8.916,-0.171,-0.255,-0.339,0,0,0,0,0
2024-06-03 13:00:00,10.32,6.864,-0.171,-0.255,-0.311,0,0,0,0,0
2024-06-03 14:00:00,13.016,11.394,-0.171,-0.255,-0.339,0,0,0,0,0
2024-06-03 15:00:00,12.098,11.832,-0.171,-0.255,-0.339,0,0,0,0,0
2024-06-03 16:00:00,12.171,12.292,-0.171,-0.255,-0.339,0,0,0,0,0
2024-06-03 17:00:00,15.605,17.486,-0.143,-0.255,-0.339,0,0,0,0,0
2024-06-03 18:00:00,17.701,18.343,-0.143,-0.255,-0.367,0,0,0,0,0
2024-06-03 19:00:00,17.368,17.843,-0.171,-0.255,-0.367,0,0,0,0,0
2024-06-03 20:00:00,16.749,15.247,-0.171,-0.255,-0.367,0,0,0,0,0
2024-06-03 21:00:00,19.341,29.414,-0.367,-0.479,-0.591,0,1,0,0,0
2024-06-03 22:00:00,14.673,14.505,-0.367,-0.535,-0.591,0,1,0,0,0
2024-06-03 23:00:00,15.581,18.01,-0.143,-0.255,-0.339,0,0,0,0,0
2024-06-04 00:00:00,15.175,15.772,-0.171,-0.255,-0.339,0,0,0,0,0
2024-06-04 01:00:00,17.701,26.524,-0.143,-0.227,-0.367,0,1,0,0,0
2024-06-04 02:00:00,19.793,28.667,-0.116,-0.227,-0.367,0,0,0,0,0
2024-06-04 03:00:00,16.725,16.177,-0.143,-0.227,-0.339,0,1,0,0,0
2024-06-04 04:00:00,16.868,18.247,-0.143,-0.255,-0.367,0,0,0,0,0
2024-06-04 05:00:00,15.605,14.96,-0.143,-0.255,-0.339,0,0,0,0,0
2024-06-04 06:00:00,14.577,12.654,-0.143,-0.255,-0.339,0,0,0,0,0
2024-06-04 07:00:00,13.594,10.907,-0.143,-0.227,-0.339,0,0,0,0,0
2024-06-04 08:00:00,12.558,9.534,-0.143,-0.227,-0.311,0,0,0,0,0
2024-06-04 09:00:00,13.642,11.029,-0.143,-0.227,-0.339,0,0,0,0,0
2024-06-04 10:00:00,13.618,11.443,-0.143,-0.255,-0.339,0,0,0,0,0
2024-06-04 11:00:00,13.209,11.419,-0.143,-0.255,-0.339,0,0,0,0,0
2024-06-04 12:00:00,12.871,11.443,-0.143,-0.255,-0.339,0,0,0,0,0
2024-06-04 13:00:00,13.281,12.292,-0.143,-0.227,-0.339,0,0,0,0,0
2024-06-04 14:00:00,13.882,12.992,-0.143,-0.227,-0.339,0,0,0,0,0
2024-06-04 15:00:00,14.314,14.194,-0.143,-0.255,-0.339,0,0,0,0,0
2024-06-04 16:00:00,15.079,14.577,-0.143,-0.255,-0.339,0,0,0,0,0
2024-06-04 17:00:00,16.439,17.034,-0.116,-0.227,-0.339,0,0,0,0,0
2024-06-04 18:00:00,18.604,21.581,-0.116,-0.255,-0.367,0,0,0,0,0
2024-06-04 19:00:00,18.485,20.913,-0.116,-0.255,-0.367,0,0,0,0,0
2024-06-04 20:00:00,19.365,24.944,-0.116,-0.227,-0.367,0,0,0,0,0
2024-06-04 21:00:00,19.413,22.848,-0.116,-0.255,-0.367,0,0,0,0,0
2024-06-04 22:00:00,19.127,20.246,-0.116,-0.255,-0.339,0,0,0,0,0
2024-06-04 23:00:00,19.246,19.96,-0.116,-0.255,-0.367,0,0,0,0,0
2024-06-05 00:00:00,19.175,18.271,-0.116,-0.255,-0.339,0,0,0,0,0
2024-06-05 01:00:00,19.603,21.27,-0.116,-0.255,-0.367,0,0,0,0,0
2024-06-05 02:00:00,21.604,33.443,-0.06,-0.227,-0.367,0,1,0,0,0
2024-06-05 03:00:00,19.627,21.366,-0.088,-0.227,-0.367,0,1,0,0,0
2024-06-05 04:00:00,19.127,19.984,-0.088,-0.227,-0.367,0,0,0,0,0
2024-06-05 05:00:00,17.867,17.034,-0.088,-0.227,-0.339,0,0,0,0,0
2024-06-05 06:00:00,12.63,10.687,-0.06,-0.227,-0.311,1,0,0,0,0
2024-06-05 07:00:00,11.662,10.345,-0.06,-0.227,-0.311,0,0,0,0,0
2024-06-05 08:00:00,11.467,9.977,-0.088,-0.227,-0.311,0,0,0,0,0
2024-06-05 09:00:00,11.686,9.386,-0.088,-0.227,-0.311,0,0,0,0,0
2024-06-05 10:00:00,11.37,8.494,-0.088,-0.227,-0.311,0,0,0,0,0
2024-06-05 11:00:00,10.516,8.568,-0.088,-0.227,-0.311,0,0,0,0,0
2024-06-05 12:00:00,10.687,6.788,-0.088,-0.227,-0.311,0,0,0,0,0
2024-06-05 13:00:00,11.175,9.064,-0.088,-0.227,-0.311,0,0,0,0,0
2024-06-05 14:00:00,11.904,10.663,-0.088,-0.227,-0.311,0,0,0,0,0
2024-06-05 15:00:00,12.727,11.443,-0.088,-0.227,-0.311,0,0,0,0,0
2024-06-05 16:00:00,13.401,13.449,-0.088,-0.227,-0.339,0,0,0,0,0
2024-06-05 17:00:00,15.175,15.175,-0.06,-0.227,-0.339,0,0,0,0,0
2024-06-05 18:00:00,14.816,13.882,-0.06,-0.227,-0.339,0,0,0,0,0
2024-06-05 19:00:00,16.272,17.796,-0.032,-0.227,-0.339,0,0,0,0,0
2024-06-05 20:00:00,17.177,19.436,-0.032,-0.227,-0.339,0,0,0,0,0
2024-06-05 21:00:00,19.865,26.573,-0.004,-0.227,-0.339,0,0,0,0,0
2024-06-05 22:00:00,20.388,21.963,-0.004,-0.227,-0.339,0,0,0,0,0
2024-06-05 23:00:00,20.865,23.4,0.024,-0.227,-0.339,0,0,0,0,0
2024-06-06 00:00:00,21.795,28.642,0.051,-0.227,-0.339,0,0,0,0,0
2024-06-06 01:00:00,23.016,31.357,0.051,-0.227,-0.339,0,0,0,0,0
2024-06-06 02:00:00,17.891,15.843,0.079,-0.227,-0.339,1,1,0,0,0
2024-06-06 03:00:00,14.361,12.63,0.079,-0.227,-0.311,0,0,0,0,0
2024-06-06 04:00:00,15.605,15.843,0.079,-0.227,-0.311,0,0,0,0,0
2024-06-06 05:00:00,14.385,12.534,0.079,-0.227,-0.311,0,0,0,0,0
2024-06-06 06:00:00,15.008,12.799,0.079,-0.227,-0.311,0,0,0,0,0
2024-06-06 07:00:00,14.17,11.127,0.079,-0.227,-0.311,0,0,0,0,0
2024-06-06 08:00:00,12.582,6.23,0.051,-0.227,-0.311,0,0,0,0,0
2024-06-06 09:00:00,9.805,5.205,0.051,-0.199,-0.283,0,0,0,0,0
2024-06-06 10:00:00,10.345,5.949,0.051,-0.199,-0.311,0,0,0,0,0
2024-06-06 11:00:00,9.114,7.142,0.024,-0.227,-0.311,0,0,0,0,0
2024-06-06 12:00:00,9.064,7.695,0.024,-0.199,-0.311,0,0,0,0,0
2024-06-06 13:00:00,9.238,8.195,-0.004,-0.227,-0.311,0,0,0,0,0
2024-06-06 14:00:00,10.858,9.706,0.024,-0.227,-0.311,0,0,0,0,0
2024-06-06 15:00:00,12.63,10.785,0.024,-0.227,-0.311,0,0,0,0,0
2024-06-06 16:00:00,11.2,11.029,0.024,-0.227,-0.311,0,0,0,0,0
2024-06-06 17:00:00,13.04,13.954,0.051,-0.227,-0.339,0,0,0,0,0
2024-06-06 18:00:00,15.652,16.606,0.079,-0.227,-0.339,0,0,0,0,0
2024-06-06 19:00:00,16.82,19.698,0.107,-0.227,-0.339,0,0,0,0,0
2024-06-06 20:00:00,17.034,21.366,0.163,-0.227,-0.339,0,0,0,0,0
2024-06-06 21:00:00,16.773,25.598,0.163,-0.227,-0.339,0,1,0,0,0
2024-06-06 22:00:00,14.888,17.51,0.19,-0.227,-0.339,0,1,0,0,0
2024-06-06 23:00:00,16.63,22.776,0.218,-0.227,-0.339,0,0,0,0,0
2024-06-07 00:00:00,16.153,22.058,0.246,-0.227,-0.339,0,0,0,0,0
2024-06-07 01:00:00,16.32,20.341,0.273,-0.227,-0.339,0,0,0,0,0
2024-06-07 02:00:00,15.103,16.534,0.273,-0.227,-0.339,0,0,0,0,0
2024-06-07 03:00:00,15.438,17.153,0.301,-0.227,-0.339,0,0,0,0,0
2024-06-07 04:00:00,15.533,16.606,0.329,-0.227,-0.339,0,0,0,0,0
2024-06-07 05:00:00,14.457,14.457,0.301,-0.227,-0.339,0,0,0,0,0
2024-06-07 06:00:00,12.63,11.686,0.329,-0.227,-0.311,0,0,0,0,0
2024-06-07 07:00:00,12.582,11.078,0.301,-0.227,-0.311,0,0,0,0,0
2024-06-07 08:00:00,11.759,9.657,0.273,-0.227,-0.311,0,0,0,0,0
2024-06-07 09:00:00,11.102,9.312,0.273,-0.227,-0.311,0,0,0,0,0
2024-06-07 10:00:00,10.173,8.095,0.246,-0.227,-0.311,0,0,0,0,0
2024-06-07 11:00:00,9.829,7.368,0.218,-0.227,-0.311,0,0,0,0,0
2024-06-07 12:00:00,9.509,7.82,0.218,-0.227,-0.311,0,0,0,0,0
2024-06-07 13:00:00,9.657,9.139,0.19,-0.227,-0.311,0,0,0,0,0
2024-06-07 14:00:00,10.026,9.731,0.19,-0.227,-0.311,0,0,0,0,0
2024-06-07 15:00:00,10.124,10.467,0.163,-0.227,-0.311,0,0,0,0,0
2024-06-07 16:00:00,11.467,12.751,0.19,-0.227,-0.339,0,0,0,0,0
2024-06-07 17:00:00,12.316,14.146,0.19,-0.227,-0.339,0,0,0,0,0
2024-06-07 18:00:00,13.353,15.796,0.218,-0.227,-0.339,0,0,0,0,0
2024-06-07 19:00:00,13.546,16.796,0.246,-0.227,-0.339,0,0,0,0,0
2024-06-07 20:00:00,13.666,14.84,0.301,-0.227,-0.339,0,0,0,0,0
2024-06-07 21:00:00,13.064,13.449,0.329,-0.032,-0.339,0,0,0,0,0
2024-06-07 22:00:00,13.425,13.618,0.384,-0.06,-0.339,0,0,0,0,0
2024-06-07 23:00:00,11.71,12.871,0.412,-0.004,-0.339,1,0,0,0,0
2024-06-08 00:00:00,16.177,19.984,0.495,-0.06,-0.339,0,0,0,0,0
2024-06-08 01:00:00,17.867,28.593,0.55,-0.088,-0.339,0,0,0,0,0
2024-06-08 02:00:00,17.867,28.717,0.605,-0.116,-0.339,0,0,0,0,0
2024-06-08 03:00:00,17.938,24.098,0.687,-0.199,-0.339,0,0,0,0,0
2024-06-08 04:00:00,17.701,22.465,0.687,-0.227,-0.367,0,0,0,0,0
2024-06-08 05:00:00,16.677,15.915,0.687,-0.227,-0.339,0,0,0,0,0
2024-06-08 06:00:00,16.034,10.883,0.66,-0.227,-0.339,0,0,0,0,0
2024-06-08 07:00:00,13.377,7.041,0.605,-0.227,-0.311,0,0,0,0,0
2024-06-08 08:00:00,10.59,5.437,0.55,-0.199,-0.311,0,0,0,0,0
2024-06-08 09:00:00,10.149,7.745,0.495,-0.227,-0.311,0,0,0,0,0
2024-06-08 10:00:00,8.99,6.306,0.439,-0.199,-0.311,0,0,0,0,0
2024-06-08 11:00:00,7.845,5.514,0.384,-0.227,-0.311,0,0,0,0,0
2024-06-08 12:00:00,6.357,2.797,0.301,-0.199,-0.283,0,0,0,0,0
2024-06-08 13:00:00,7.242,2.637,0.246,-0.199,-0.311,0,0,0,0,0
2024-06-08 14:00:00,11.71,10.1,0.246,-0.227,-0.339,0,0,0,0,0
2024-06-08 15:00:00,13.209,15.223,0.246,-0.227,-0.339,0,0,0,0,0
2024-06-08 16:00:00,15.438,17.772,0.301,-0.227,-0.339,0,0,0,0,0
2024-06-08 17:00:00,17.249,18.176,0.329,-0.227,-0.339,0,0,0,0,0
2024-06-08 18:00:00,19.413,21.342,0.412,-0.227,-0.339,0,0,0,0,0
2024-06-08 19:00:00,20.388,22.848,0.495,-0.227,-0.339,0,0,0,0,0
2024-06-08 20:00:00,21.342,26.207,0.66,-0.227,-0.339,0,0,0,0,0
2024-06-08 21:00:00,22.465,28.866,0.797,-0.227,-0.339,0,0,0,0,0
2024-06-08 22:00:00,23.088,26.916,0.989,-0.227,-0.339,0,0,0,0,0
2024-06-08 23:00:00,24.05,30.798,1.126,-0.227,-0.339,0,0,0,0,0
2024-06-09 00:00:00,23.785,30.293,1.262,-0.227,-0.339,0,0,0,0,0
2024-06-09 01:00:00,23.978,34.176,1.344,-0.227,-0.339,0,0,0,0,0
2024-06-09 02:00:00,23.256,29.115,1.398,-0.227,-0.339,0,0,0,0,0
2024-06-09 03:00:00,23.521,26.744,1.425,-0.227,-0.339,0,0,0,0,0
2024-06-09 04:00:00,23.016,26.256,1.425,-0.227,-0.339,0,0,0,0,0
2024-06-09 05:00:00,21.867,20.698,1.371,-0.227,-0.339,0,0,0,0,0
2024-06-09 06:00:00,20.746,16.987,1.262,-0.227,-0.339,0,0,0,0,0
2024-06-09 07:00:00,19.27,15.294,1.153,-0.227,-0.339,0,0,0,0,0
2024-06-09 08:00:00,17.891,14.05,1.044,-0.227,-0.311,0,0,0,0,0
2024-06-09 09:00:00,16.344,12.34,0.934,-0.199,-0.311,0,0,0,0,0
2024-06-09 10:00:00,16.439,13.81,0.88,-0.227,-0.339,0,0,0,0,0
2024-06-09 11:00:00,15.509,12.751,0.797,-0.227,-0.339,0,0,0,0,0
2024-06-09 12:00:00,16.082,13.81,0.742,-0.227,-0.339,0,0,0,0,0
2024-06-09 13:00:00,17.034,15.079,0.715,-0.227,-0.339,0,0,0,0,0
2024-06-09 14:00:00,17.653,16.701,0.715,-0.227,-0.339,0,0,0,0,0
2024-06-09 15:00:00,17.534,17.629,0.742,-0.227,-0.339,0,0,0,0,0
2024-06-09 16:00:00,18.461,19.318,0.715,-0.227,-0.339,0,0,0,0,0
2024-06-09 17:00:00,19.508,20.65,0.77,-0.227,-0.339,0,0,0,0,0
2024-06-09 18:00:00,20.722,22.202,0.825,-0.227,-0.339,0,0,0,0,0
2024-06-09 19:00:00,21.819,23.472,0.934,-0.227,-0.339,0,0,0,0,0
2024-06-09 20:00:00,22.489,24.992,1.044,-0.227,-0.339,0,0,0,0,0
2024-06-09 21:00:00,23.28,25.55,1.126,-0.227,-0.339,0,0,0,0,0
2024-06-09 22:00:00,24.026,26.842,1.262,-0.227,-0.339,0,0,0,0,0
2024-06-09 23:00:00,24.363,26.769,1.317,-0.227,-0.339,0,0,0,0,0
2024-06-10 00:00:00,25.307,29.315,1.398,-0.227,-0.339,0,0,0,0,0
2024-06-10 01:00:00,24.508,26.207,1.48,-0.227,-0.339,0,0,0,0,0
2024-06-10 02:00:00,24.339,25.186,1.534,-0.227,-0.367,0,0,0,0,0
2024-06-10 03:00:00,24.871,26.28,1.561,-0.227,-0.339,0,0,0,0,0
2024-06-10 04:00:00,23.881,24.267,1.588,-0.227,-0.339,0,0,0,0,0
2024-06-10 05:00:00,23.088,23.112,1.561,-0.227,-0.339,0,0,0,0,0
2024-06-10 06:00:00,21.939,20.388,1.507,-0.199,-0.339,0,0,0,0,0
2024-06-10 07:00:00,20.246,17.415,1.453,-0.199,-0.339,0,0,0,0,0
2024-06-10 08:00:00,19.579,17.867,1.371,-0.227,-0.339,0,0,0,0,0
2024-06-10 09:00:00,17.677,15.008,1.317,-0.227,-0.339,0,0,0,0,0
2024-06-10 10:00:00,16.749,14.194,1.235,-0.199,-0.311,0,0,0,0,0
2024-06-10 11:00:00,15.485,13.497,1.153,-0.199,-0.339,0,0,0,0,0
2024-06-10 12:00:00,14.792,12.847,1.099,-0.227,-0.311,0,0,0,0,0
2024-06-10 13:00:00,14.553,12.413,1.017,-0.227,-0.311,0,0,0,0,0
2024-06-10 14:00:00,15.605,14.074,0.962,-0.227,-0.339,0,0,0,0,0
2024-06-10 15:00:00,16.82,18.129,0.962,-0.227,-0.339,0,0,0,0,0
2024-06-10 16:00:00,17.534,19.698,0.989,-0.227,-0.339,0,0,0,0,0
2024-06-10 17:00:00,19.199,20.936,1.017,-0.227,-0.339,0,0,0,0,0
2024-06-10 18:00:00,20.555,22.848,1.099,-0.227,-0.339,0,0,0,0,0
2024-06-10 19:00:00,19.555,21.939,1.153,-0.227,-0.339,0,0,0,0,0
2024-06-10 20:00:00,21.581,27.628,1.317,-0.227,-0.339,0,0,0,0,0
2024-06-10 21:00:00,23.064,31.535,1.507,-0.199,-0.339,0,0,0,0,0
2024-06-10 22:00:00,23.16,28.791,1.697,-0.227,-0.339,0,0,0,0,0
2024-06-10 23:00:00,21.772,24.944,1.805,-0.227,-0.339,0,0,0,0,0
2024-06-11 00:00:00,23.472,31.868,1.859,-0.227,-0.339,0,0,0,0,0
2024-06-11 01:00:00,22.92,32.304,1.94,-0.227,-0.339,0,0,0,0,0
2024-06-11 02:00:00,21.987,24.919,2.021,-0.227,-0.339,0,0,0,0,0
2024-06-11 03:00:00,22.082,28.295,1.967,-0.227,-0.339,0,0,0,0,0
2024-06-11 04:00:00,21.199,24.605,1.913,-0.227,-0.339,0,0,0,0,0
2024-06-11 05:00:00,19.888,20.889,1.859,-0.227,-0.339,0,0,0,0,0
2024-06-11 06:00:00,18.557,15.318,1.805,-0.227,-0.339,0,0,0,0,0
2024-06-11 07:00:00,15.414,10.834,1.67,-0.199,-0.311,0,0,0,0,0
2024-06-11 08:00:00,13.762,10.345,1.561,-0.199,-0.311,0,0,0,0,0
2024-06-11 09:00:00,12.364,5.872,1.425,-0.199,-0.311,0,0,0,0,0
2024-06-11 10:00:00,12.268,7.995,1.317,-0.199,-0.311,0,0,0,0,0
2024-06-11 11:00:00,8.965,3.827,1.18,-0.199,-0.283,0,0,0,0,0
2024-06-11 12:00:00,10.467,7.995,1.071,-0.199,-0.311,0,0,0,0,0
2024-06-11 13:00:00,9.485,4.272,0.962,-0.199,-0.311,0,0,0,0,0
2024-06-11 14:00:00,11.88,8.444,0.88,-0.199,-0.339,0,0,0,0,0
2024-06-11 15:00:00,14.026,14.912,0.88,-0.199,-0.339,0,0,0,0,0
2024-06-11 16:00:00,15.461,19.341,0.907,-0.227,-0.339,0,0,0,0,0
2024-06-11 17:00:00,17.391,19.579,0.907,-0.199,-0.339,0,0,0,0,0
2024-06-11 18:00:00,18.937,22.585,0.962,-0.199,-0.339,0,0,0,0,0
2024-06-11 19:00:00,19.532,23.617,1.099,-0.199,-0.339,0,0,0,0,0
2024-06-11 20:00:00,20.746,26.769,1.317,-0.227,-0.339,0,0,0,0,0
2024-06-11 21:00:00,21.056,27.505,1.507,-0.227,-0.339,0,0,0,0,0
2024-06-11 22:00:00,21.819,28.642,1.751,-0.227,-0.339,0,0,0,0,0
2024-06-11 23:00:00,22.369,32.253,1.94,-0.227,-0.339,0,0,0,0,0
2024-06-12 00:00:00,21.7,25.574,2.074,-0.227,-0.339,0,0,0,0,0
2024-06-12 01:00:00,22.824,28.717,2.128,-0.227,-0.339,0,0,0,0,0
2024-06-12 02:00:00,23.04,35.182,2.236,-0.199,-0.339,0,0,0,0,0
2024-06-12 03:00:00,21.246,23.352,2.236,-0.227,-0.339,0,1,0,0,0
2024-06-12 04:00:00,19.888,19.032,2.236,-0.199,-0.339,0,0,0,0,0
2024-06-12 05:00:00,20.841,22.441,2.155,-0.199,-0.339,0,0,0,0,0
2024-06-12 06:00:00,19.46,17.082,2.074,-0.199,-0.339,0,0,0,0,0
2024-06-12 07:00:00,17.058,11.734,1.967,-0.199,-0.311,0,0,0,0,0
2024-06-12 08:00:00,15.031,8.17,1.832,-0.199,-0.311,0,0,0,0,0
2024-06-12 09:00:00,13.906,6.737,1.724,-0.199,-0.311,0,0,0,0,0
2024-06-12 10:00:00,13.882,7.217,1.588,-0.199,-0.311,0,0,0,0,0
2024-06-12 11:00:00,10.222,3.722,1.453,-0.199,-0.283,0,0,0,0,0
2024-06-12 12:00:00,9.188,3.564,1.317,-0.199,-0.283,0,0,0,0,0
2024-06-12 13:00:00,12.437,10.394,1.262,-0.199,-0.311,0,0,0,0,0
2024-06-12 14:00:00,13.906,11.613,1.153,-0.199,-0.311,0,0,0,0,0
2024-06-12 15:00:00,15.27,15.557,1.153,-0.199,-0.339,0,0,0,0,0
2024-06-12 16:00:00,17.534,20.77,1.235,-0.199,-0.339,0,0,0,0,0
2024-06-12 17:00:00,18.818,21.151,1.235,-0.199,-0.339,0,0,0,0,0
2024-06-12 18:00:00,19.936,22.345,1.344,-0.199,-0.339,0,0,0,0,0
2024-06-12 19:00:00,20.77,25.768,1.48,-0.199,-0.339,0,0,0,0,0
2024-06-12 20:00:00,21.772,29.941,1.643,-0.199,-0.339,0,0,0,0,0
2024-06-12 21:00:00,22.513,31.868,1.832,-0.199,-0.339,0,0,0,0,0
2024-06-12 22:00:00,23.208,30.444,1.994,-0.199,-0.339,0,0,0,0,0
2024-06-12 23:00:00,23.761,33.027,2.155,-0.199,-0.339,0,0,0,0,0
2024-06-13 00:00:00,23.785,34.255,2.316,-0.199,-0.339,0,0,0,0,0
2024-06-13 01:00:00,23.761,28.468,2.477,-0.199,-0.339,0,0,0,0,0
2024-06-13 02:00:00,24.968,36.688,2.637,-0.199,-0.339,0,0,0,0,0
2024-06-13 03:00:00,23.954,28.791,2.664,-0.199,-0.339,0,0,0,0,0
2024-06-13 04:00:00,23.497,27.653,2.664,-0.199,-0.339,0,0,0,0,0
2024-06-13 05:00:00,22.633,24.002,2.637,-0.199,-0.311,0,0,0,0,0
2024-06-13 06:00:00,21.056,17.701,2.557,-0.199,-0.311,0,0,0,0,0
2024-06-13 07:00:00,18.509,13.858,2.45,-0.199,-0.311,0,0,0,0,0
2024-06-13 08:00:00,15.748,9.41,2.343,-0.199,-0.311,0,0,0,0,0
2024-06-13 09:00:00,14.074,6.965,2.182,-0.199,-0.311,0,0,0,0,0
2024-06-13 10:00:00,12.678,5.437,2.047,-0.199,-0.311,0,0,0,0,0
2024-06-13 11:00:00,11.248,5.231,1.913,-0.171,-0.311,0,0,0,0,0
2024-06-13 12:00:00,9.682,4.376,1.778,-0.171,-0.283,0,0,0,0,0
2024-06-13 13:00:00,9.805,4.714,1.643,-0.199,-0.311,0,0,0,0,0
2024-06-13 14:00:00,12.437,8.543,1.534,-0.199,-0.311,0,0,0,0,0
2024-06-13 15:00:00,14.481,15.796,1.561,-0.199,-0.339,0,0,0,0,0
2024-06-13 16:00:00,16.225,20.817,1.561,-0.199,-0.339,0,0,0,0,0
2024-06-13 17:00:00,17.177,20.484,1.561,-0.199,-0.339,0,0,0,0,0
2024-06-13 18:00:00,18.747,24.05,1.67,-0.199,-0.339,0,0,0,0,0
2024-06-13 19:00:00,19.936,24.629,1.805,-0.199,-0.339,0,0,0,0,0
2024-06-13 20:00:00,20.436,28.27,2.021,-0.199,-0.311,0,0,0,0,0
2024-06-13 21:00:00,21.819,29.74,2.182,-0.199,-0.339,0,0,0,0,0
2024-06-13 22:00:00,22.417,30.117,2.423,-0.199,-0.339,0,0,0,0,0
2024-06-13 23:00:00,23.208,32.407,2.637,-0.199,-0.339,0,0,0,0,0
2024-06-14 00:00:00,24.267,35.022,2.877,-0.199,-0.339,0,0,0,0,0
2024-06-14 01:00:00,23.785,34.308,3.036,-0.199,-0.339,0,0,0,0,0
2024-06-14 02:00:00,23.689,34.15,3.195,-0.199,-0.339,0,0,0,0,0
2024-06-14 03:00:00,20.103,20.936,3.274,-0.199,-0.311,0,1,0,0,0
2024-06-14 04:00:00,17.891,18.129,3.327,-0.199,-0.311,0,0,0,0,0
2024-06-14 05:00:00,15.103,13.497,3.248,-0.199,-0.311,0,0,0,0,0
2024-06-14 06:00:00,14.577,13.04,3.168,-0.199,-0.311,0,0,0,0,0
2024-06-14 07:00:00,15.318,13.642,3.063,-0.199,-0.311,0,0,0,0,0
2024-06-14 08:00:00,14.745,11.88,2.956,-0.199,-0.311,0,0,0,0,0
2024-06-14 09:00:00,14.29,11.078,2.85,-0.171,-0.311,0,0,0,0,0
2024-06-14 10:00:00,13.473,9.829,2.717,-0.171,-0.311,0,0,0,0,0
2024-06-14 11:00:00,12.678,8.22,2.584,-0.171,-0.311,0,0,0,0,0
2024-06-14 12:00:00,11.175,5.898,2.45,-0.171,-0.283,0,0,0,0,0
2024-06-14 13:00:00,10.369,6.408,2.343,-0.171,-0.311,0,0,0,0,0
2024-06-14 14:00:00,10.296,7.192,2.209,-0.171,-0.311,0,0,0,0,0
2024-06-14 15:00:00,11.005,10.761,2.128,-0.171,-0.311,0,0,0,0,0
2024-06-14 16:00:00,12.799,15.7,2.182,-0.199,-0.311,0,0,0,0,0
2024-06-14 17:00:00,13.786,17.153,2.155,-0.171,-0.339,0,0,0,0,0
2024-06-14 18:00:00,15.103,19.96,2.182,-0.199,-0.339,0,0,0,0,0
2024-06-14 19:00:00,15.414,20.103,2.343,-0.199,-0.339,0,0,0,0,0
2024-06-14 20:00:00,17.701,27.112,2.557,-0.199,-0.339,0,0,0,0,0
2024-06-14 21:00:00,18.295,27.407,2.61,-0.199,-0.339,0,0,0,0,0
2024-06-14 22:00:00,19.912,28.543,2.85,-0.199,-0.311,0,0,0,0,0
2024-06-14 23:00:00,21.008,31.001,3.009,-0.199,-0.339,0,0,0,0,0
2024-06-15 00:00:00,21.294,32.458,3.248,-0.199,-0.311,0,0,0,0,0
2024-06-15 01:00:00,22.417,33.6,3.406,-0.171,-0.339,0,0,0,0,0
2024-06-15 02:00:00,22.944,34.281,3.538,-0.199,-0.339,0,0,0,0,0
2024-06-15 03:00:00,22.13,26.573,3.617,-0.171,-0.339,0,0,0,0,0
2024-06-15 04:00:00,21.724,25.866,3.643,-0.171,-0.339,0,0,0,0,0
2024-06-15 05:00:00,20.889,22.8,3.617,-0.171,-0.311,0,0,0,0,0
2024-06-15 06:00:00,18.105,14.984,3.512,-0.171,-0.311,0,0,0,0,0
2024-06-15 07:00:00,15.318,8.717,3.354,-0.171,-0.311,0,0,0,0,0
2024-06-15 08:00:00,13.329,6.153,3.195,-0.171,-0.311,0,0,0,0,0
2024-06-15 09:00:00,12.025,4.818,3.036,-0.143,-0.311,0,0,0,0,0
2024-06-15 10:00:00,11.297,3.854,2.85,-0.143,-0.283,0,0,0,0,0
2024-06-15 11:00:00,9.015,2.53,2.664,-0.143,-0.283,0,0,0,0,0
2024-06-15 12:00:00,7.82,2.584,2.503,-0.143,-0.283,0,0,0,0,0
2024-06-15 13:00:00,8.693,2.85,2.343,-0.143,-0.283,0,0,0,0,0
2024-06-15 14:00:00,10.736,8.717,2.209,-0.171,-0.311,0,0,0,0,0
2024-06-15 15:00:00,12.074,13.834,2.236,-0.171,-0.311,0,0,0,0,0
2024-06-15 16:00:00,13.064,17.296,2.262,-0.171,-0.311,0,0,0,0,0
2024-06-15 17:00:00,14.194,17.13,2.209,-0.171,-0.311,0,0,0,0,0
2024-06-15 18:00:00,15.676,19.888,2.262,-0.171,-0.339,0,0,0,0,0
2024-06-15 19:00:00,16.915,22.441,2.396,-0.171,-0.339,0,0,0,0,0
2024-06-15 20:00:00,18.057,27.308,2.637,-0.171,-0.339,0,0,0,0,0
2024-06-15 21:00:00,19.865,29.414,2.823,-0.171,-0.339,0,0,0,0,0
2024-06-15 22:00:00,20.77,28.791,2.983,-0.171,-0.311,0,0,0,0,0
2024-06-15 23:00:00,21.056,30.672,3.168,-0.171,-0.339,0,0,0,0,0
2024-06-16 00:00:00,21.175,32.098,3.38,-0.171,-0.311,0,0,0,0,0
2024-06-16 01:00:00,21.867,33.652,3.538,-0.171,-0.339,0,0,0,0,0
2024-06-16 02:00:00,22.106,32.846,3.67,-0.171,-0.311,0,0,0,0,0
2024-06-16 03:00:00,22.058,26.867,3.722,-0.143,-0.339,0,0,0,0,0
2024-06-16 04:00:00,21.413,26.012,3.749,-0.143,-0.339,0,0,0,0,0
2024-06-16 05:00:00,21.103,22.417,3.696,-0.171,-0.311,0,0,0,0,0
2024-06-16 06:00:00,19.389,14.84,3.591,-0.143,-0.311,0,0,0,0,0
2024-06-16 07:00:00,17.106,8.99,3.459,-0.143,-0.311,0,0,0,0,0
2024-06-16 08:00:00,13.257,6.864,3.301,-0.143,-0.311,0,0,0,0,0
2024-06-16 09:00:00,11.005,4.454,3.116,-0.143,-0.283,0,0,0,0,0
2024-06-16 10:00:00,9.089,2.37,2.956,-0.143,-0.283,0,0,0,0,0
2024-06-16 11:00:00,7.066,1.044,2.744,-0.116,-0.255,0,0,0,0,0
2024-06-16 12:00:00,6.281,0.301,2.557,-0.116,-0.255,0,0,0,0,0
2024-06-16 13:00:00,5.898,1.832,2.396,-0.143,-0.283,0,0,0,0,0
2024-06-16 14:00:00,8.916,8.469,2.343,-0.143,-0.311,0,0,0,0,0
2024-06-16 15:00:00,11.467,13.064,2.316,-0.143,-0.311,0,0,0,0,0
2024-06-16 16:00:00,14.002,16.725,2.289,-0.143,-0.311,0,0,0,0,0
2024-06-16 17:00:00,16.415,19.579,2.37,-0.143,-0.339,0,0,0,0,0
2024-06-16 18:00:00,17.772,22.321,2.423,-0.143,-0.339,0,0,0,0,0
2024-06-16 19:00:00,19.579,25.355,2.61,-0.143,-0.311,0,0,0,0,0
2024-06-16 20:00:00,20.246,28.394,2.85,-0.143,-0.311,0,0,0,0,0
2024-06-16 21:00:00,20.984,30.192,2.983,-0.143,-0.311,0,0,0,0,0
2024-06-16 22:00:00,21.772,29.966,3.195,-0.143,-0.311,0,0,0,0,0
2024-06-16 23:00:00,22.298,30.621,3.406,-0.143,-0.311,0,0,0,0,0
2024-06-17 00:00:00,23.016,34.572,3.643,-0.143,-0.311,0,0,0,0,0
2024-06-17 01:00:00,23.232,33.992,3.854,-0.143,-0.311,0,0,0,0,0
2024-06-17 02:00:00,24.05,34.704,3.958,-0.116,-0.339,0,0,0,0,0
2024-06-17 03:00:00,23.4,27.259,4.037,-0.143,-0.339,0,0,0,0,0
2024-06-17 04:00:00,23.136,27.186,4.063,-0.143,-0.311,0,0,0,0,0
2024-06-17 05:00:00,22.417,24.677,4.037,-0.143,-0.311,0,0,0,0,0
2024-06-17 06:00:00,18.961,15.055,3.932,-0.116,-0.311,0,0,0,0,0
2024-06-17 07:00:00,16.844,11.613,3.801,-0.116,-0.311,0,0,0,0,0
2024-06-17 08:00:00,15.557,10.883,3.696,-0.116,-0.311,0,0,0,0,0
2024-06-17 09:00:00,13.137,9.756,3.564,-0.116,-0.311,0,0,0,0,0
2024-06-17 10:00:00,13.473,6.56,3.433,-0.116,-0.311,0,0,0,0,0
2024-06-17 11:00:00,11.297,4.636,3.248,-0.116,-0.283,0,0,0,0,0
2024-06-17 12:00:00,9.312,5.205,3.089,-0.116,-0.283,0,0,0,0,0
2024-06-17 13:00:00,9.805,6.408,2.956,-0.116,-0.283,0,0,0,0,0
2024-06-17 14:00:00,12.678,9.238,2.85,-0.116,-0.311,0,0,0,0,0
2024-06-17 15:00:00,13.425,12.992,2.823,-0.116,-0.311,0,0,0,0,0
2024-06-17 16:00:00,14.601,17.296,2.823,-0.116,-0.311,0,0,0,0,0
2024-06-17 17:00:00,15.939,18.485,2.877,-0.116,-0.311,0,0,0,0,0
2024-06-17 18:00:00,16.725,21.318,2.956,-0.116,-0.311,0,0,0,0,0
2024-06-17 19:00:00,17.486,21.628,3.089,-0.116,-0.311,0,0,0,0,0
2024-06-17 20:00:00,20.722,28.543,3.274,-0.116,-0.311,0,0,0,0,0
2024-06-17 21:00:00,21.103,30.066,3.406,-0.116,-0.311,0,0,0,0,0
2024-06-17 22:00:00,21.843,27.85,3.538,-0.116,-0.311,0,0,0,0,0
2024-06-17 23:00:00,21.628,28.444,3.696,-0.116,-0.339,0,0,0,0,0
2024-06-18 00:00:00,22.369,30.646,3.88,-0.116,-0.311,0,0,0,0,0
2024-06-18 01:00:00,23.136,33.966,4.037,-0.116,-0.311,0,0,0,0,0
2024-06-18 02:00:00,22.633,31.816,4.168,-0.116,-0.339,0,0,0,0,0
2024-06-18 03:00:00,21.652,26.109,4.194,-0.116,-0.311,0,0,0,0,0
2024-06-18 04:00:00,21.103,23.424,4.22,-0.116,-0.311,0,0,0,0,0
2024-06-18 05:00:00,20.198,20.913,4.194,-0.116,-0.311,0,0,0,0,0
2024-06-18 06:00:00,19.389,19.127,4.141,-0.088,-0.311,0,0,0,0,0
2024-06-18 07:00:00,17.534,12.871,4.037,-0.088,-0.311,0,0,0,0,0
2024-06-18 08:00:00,14.984,9.805,3.88,-0.088,-0.311,0,0,0,0,0
2024-06-18 09:00:00,12.001,6.889,3.722,-0.088,-0.283,0,0,0,0,0
2024-06-18 10:00:00,10.858,6.331,3.591,-0.088,-0.283,0,0,0,0,0
2024-06-18 11:00:00,9.287,3.88,3.406,-0.06,-0.283,0,0,0,0,0
2024-06-18 12:00:00,8.717,3.327,3.248,-0.06,-0.283,0,0,0,0,0
2024-06-18 13:00:00,8.369,4.194,3.116,-0.088,-0.283,0,0,0,0,0
2024-06-18 14:00:00,10.075,8.891,3.063,-0.088,-0.311,0,0,0,0,0
2024-06-18 15:00:00,11.856,12.147,3.009,-0.088,-0.311,0,0,0,0,0
2024-06-18 16:00:00,15.27,20.269,3.089,-0.088,-0.311,0,0,0,0,0
2024-06-18 17:00:00,18.01,22.274,3.195,-0.088,-0.311,0,0,0,0,0
2024-06-18 18:00:00,17.058,20.103,3.142,-0.088,-0.311,0,0,0,0,0
2024-06-18 19:00:00,15.342,16.677,3.116,-0.06,-0.311,0,0,0,0,0
2024-06-18 20:00:00,19.199,26.012,3.459,-0.088,-0.311,0,0,0,0,0
2024-06-18 21:00:00,19.436,26.793,3.512,-0.088,-0.311,0,0,0,0,0
2024-06-18 22:00:00,20.603,29.265,3.827,-0.06,-0.311,0,0,0,0,0
2024-06-18 23:00:00,21.604,30.142,4.011,-0.088,-0.311,0,0,0,0,0
2024-06-19 00:00:00,21.318,31.714,4.089,-0.088,-0.311,0,0,0,0,0
2024-06-19 01:00:00,19.579,19.27,4.194,-0.06,-0.311,0,1,0,0,0
2024-06-19 02:00:00,19.722,26.769,4.324,-0.06,-0.311,0,0,0,0,0
2024-06-19 03:00:00,19.888,26.256,4.272,-0.06,-0.311,0,0,0,0,0
2024-06-19 04:00:00,16.01,15.963,4.22,-0.06,-0.311,0,1,0,0,0
2024-06-19 05:00:00,16.844,18.509,4.194,-0.06,-0.311,0,0,0,0,0
2024-06-19 06:00:00,16.606,13.858,4.115,-0.06,-0.311,0,0,0,0,0
2024-06-19 07:00:00,14.553,7.995,3.932,-0.032,-0.283,0,0,0,0,0
2024-06-19 08:00:00,11.54,5.898,3.801,-0.032,-0.283,0,0,0,0,0
2024-06-19 09:00:00,9.163,4.532,3.643,0.024,-0.255,0,0,0,0,0
2024-06-19 10:00:00,7.795,2.343,3.459,0.079,-0.255,0,0,0,0,0
2024-06-19 11:00:00,6.839,1.886,3.274,0.107,-0.255,0,0,0,0,0
2024-06-19 12:00:00,6.153,1.751,3.116,0.135,-0.255,0,0,0,0,0
2024-06-19 13:00:00,7.066,2.77,2.983,0.163,-0.255,0,0,0,0,0
2024-06-19 14:00:00,9.756,7.142,2.903,0.163,-0.311,0,0,0,0,0
2024-06-19 15:00:00,13.906,17.439,3.063,0.163,-0.311,0,1,0,0,0
2024-06-19 16:00:00,16.201,20.484,3.168,0.19,-0.311,0,0,0,0,0
2024-06-19 17:00:00,18.057,20.96,3.116,0.163,-0.311,0,0,0,0,0
2024-06-19 18:00:00,19.413,23.521,3.221,0.19,-0.311,0,0,0,0,0
2024-06-19 19:00:00,20.246,25.89,3.406,0.19,-0.311,0,0,0,0,0
2024-06-19 20:00:00,21.342,30.066,3.67,0.19,-0.311,0,0,0,0,0
2024-06-19 21:00:00,22.178,31.944,3.88,0.19,-0.311,0,0,0,0,0
2024-06-19 22:00:00,23.16,31.179,4.141,0.19,-0.311,0,0,0,0,0
2024-06-19 23:00:00,23.136,28.916,4.376,0.19,-0.311,1,0,0,0,0
2024-06-20 00:00:00,17.225,18.652,4.688,0.19,-0.311,1,1,0,0,0
2024-06-20 01:00:00,17.058,21.509,4.61,0.19,-0.311,0,0,0,0,0
2024-06-20 02:00:00,18.699,21.246,4.688,0.19,-0.311,0,0,0,0,0
2024-06-20 03:00:00,19.984,22.585,4.662,0.19,-0.311,0,0,0,0,0
2024-06-20 04:00:00,20.889,24.098,4.766,0.19,-0.311,0,0,0,0,0
2024-06-20 05:00:00,21.223,23.04,4.688,0.218,-0.311,1,0,0,0,0
2024-06-20 06:00:00,17.748,17.558,4.61,0.218,-0.311,0,0,0,0,0
2024-06-20 07:00:00,15.461,13.401,4.48,0.246,-0.283,0,0,0,0,0
2024-06-20 08:00:00,13.834,9.336,4.324,0.522,-0.283,0,0,0,0,0
2024-06-20 09:00:00,11.904,7.343,4.141,0.605,-0.283,0,0,0,0,0
2024-06-20 10:00:00,11.273,7.116,4.011,0.605,-0.283,0,0,0,0,0
2024-06-20 11:00:00,11.297,9.386,3.932,0.605,-0.283,0,0,0,0,0
2024-06-20 12:00:00,10.443,8.965,3.827,0.66,-0.283,0,0,0,0,0
2024-06-20 13:00:00,9.854,9.089,3.722,0.687,-0.283,0,0,0,0,0
2024-06-20 14:00:00,10.1,10.026,3.67,0.715,-0.283,0,0,0,0,0
2024-06-20 15:00:00,10.198,9.928,3.459,0.742,-0.283,0,0,0,0,0
2024-06-20 16:00:00,10.81,11.346,3.433,0.77,-0.283,0,0,0,0,0
2024-06-20 17:00:00,12.025,12.92,3.433,0.77,-0.283,0,0,0,0,0
2024-06-20 18:00:00,13.449,14.625,3.459,0.825,-0.283,0,0,0,0,0
2024-06-20 19:00:00,13.642,14.314,3.485,0.825,-0.283,0,0,0,0,0
2024-06-20 20:00:00,16.201,19.08,3.591,0.88,-0.283,0,0,0,0,0
2024-06-20 21:00:00,19.199,25.695,3.696,0.907,-0.311,0,0,0,0,0
2024-06-20 22:00:00,18.913,20.317,3.827,0.88,-0.311,0,0,0,0,0
2024-06-20 23:00:00,21.342,28.345,3.958,0.962,-0.311,0,0,0,0,0
2024-06-21 00:00:00,18.771,20.603,4.298,0.907,-0.311,0,0,0,0,0
2024-06-21 01:00:00,15.819,16.249,4.376,0.907,-0.283,0,0,0,0,0
2024-06-21 02:00:00,17.153,18.913,4.402,0.962,-0.311,0,0,0,0,0
2024-06-21 03:00:00,18.604,19.532,4.428,0.989,-0.311,0,0,0,0,0
2024-06-21 04:00:00,18.509,18.866,4.402,0.989,-0.311,0,0,0,0,0
2024-06-21 05:00:00,16.606,16.058,4.454,0.962,-0.311,0,0,0,0,0
2024-06-21 06:00:00,13.209,11.37,4.402,0.962,-0.255,0,0,0,0,0
2024-06-21 07:00:00,12.727,10.907,4.298,0.989,-0.283,0,0,0,0,0
2024-06-21 08:00:00,12.171,8.593,4.194,0.989,-0.255,0,0,0,0,0
2024-06-21 09:00:00,11.419,7.116,4.089,1.017,-0.255,0,0,0,0,0
2024-06-21 10:00:00,11.443,9.139,3.985,1.044,-0.283,0,0,0,0,0
2024-06-21 11:00:00,13.546,11.102,3.932,1.071,-0.283,0,0,0,0,0
2024-06-21 12:00:00,13.016,10.834,3.854,1.099,-0.283,0,0,0,0,0
2024-06-21 13:00:00,13.642,11.686,3.775,1.126,-0.283,0,0,0,0,0
2024-06-21 14:00:00,12.968,11.734,3.696,1.126,-0.311,0,0,0,0,0
2024-06-21 15:00:00,14.337,15.509,3.67,1.18,-0.283,0,0,0,0,0
2024-06-21 16:00:00,15.939,19.46,3.722,1.208,-0.311,0,0,0,0,0
2024-06-21 17:00:00,17.724,20.293,3.749,1.235,-0.311,0,0,0,0,0
2024-06-21 18:00:00,16.177,17.748,3.827,1.208,-0.311,0,0,0,0,0
2024-06-21 19:00:00,19.032,22.896,3.906,1.289,-0.311,0,0,0,0,0
2024-06-21 20:00:00,20.341,27.21,4.141,1.289,-0.311,0,0,0,0,0
2024-06-21 21:00:00,20.269,23.208,4.324,1.289,-0.311,0,0,0,0,0
2024-06-21 22:00:00,20.365,22.681,4.402,1.317,-0.311,0,0,0,0,0
2024-06-21 23:00:00,21.819,26.085,4.636,1.398,-0.311,0,0,0,0,0
2024-06-22 00:00:00,22.417,26.671,4.792,1.425,-0.311,0,0,0,0,0
2024-06-22 01:00:00,23.545,33.053,4.973,1.588,-0.311,0,0,0,0,0
2024-06-22 02:00:00,20.436,18.628,4.999,1.425,-0.311,0,1,0,0,0
2024-06-22 03:00:00,19.103,19.151,4.999,1.453,-0.283,0,0,0,0,0
2024-06-22 04:00:00,21.246,25.525,5.076,1.534,-0.311,0,0,0,0,0
2024-06-22 05:00:00,20.15,21.199,5.024,1.534,-0.311,0,0,0,0,0
2024-06-22 06:00:00,19.484,18.961,4.973,1.561,-0.311,0,0,0,0,0
2024-06-22 07:00:00,18.366,16.32,4.869,1.561,-0.283,0,0,0,0,0
2024-06-22 08:00:00,17.368,13.81,4.792,1.561,-0.283,0,0,0,0,0
2024-06-22 09:00:00,16.344,12.171,4.688,1.588,-0.283,0,0,0,0,0
2024-06-22 10:00:00,16.129,13.69,4.61,1.615,-0.283,0,0,0,0,0
2024-06-22 11:00:00,14.002,9.46,4.48,1.615,-0.283,0,0,0,0,0
2024-06-22 12:00:00,14.649,12.992,4.376,1.67,-0.283,0,0,0,0,0
2024-06-22 13:00:00,14.888,13.906,4.298,1.697,-0.283,0,0,0,0,0
2024-06-22 14:00:00,14.888,14.457,4.246,1.724,-0.283,0,0,0,0,0
2024-06-22 15:00:00,15.39,15.151,4.194,1.724,-0.311,0,0,0,0,0
2024-06-22 16:00:00,13.81,12.751,4.115,1.724,-0.283,0,0,0,0,0
2024-06-22 17:00:00,14.505,14.314,4.063,1.751,-0.283,0,0,0,0,0
2024-06-22 18:00:00,15.055,15.581,4.089,1.778,-0.311,0,0,0,0,0
2024-06-22 19:00:00,17.439,19.508,4.168,1.832,-0.311,0,0,0,0,0
2024-06-22 20:00:00,17.605,19.579,4.194,1.832,-0.311,0,0,0,0,0
2024-06-22 21:00:00,19.318,23.256,4.35,1.886,-0.311,0,0,0,0,0
2024-06-22 22:00:00,20.722,30.773,4.532,1.994,-0.283,0,0,0,0,0
2024-06-22 23:00:00,21.963,27.875,4.714,1.967,-0.311,0,0,0,0,0
2024-06-23 00:00:00,22.848,34.281,4.869,2.047,-0.311,0,0,0,0,0
2024-06-23 01:00:00,23.617,33.704,5.024,2.074,-0.311,0,0,0,0,0
2024-06-23 02:00:00,23.448,35.128,5.179,2.101,-0.311,0,0,0,0,0
2024-06-23 03:00:00,23.545,27.431,5.231,2.047,-0.311,0,0,0,0,0
2024-06-23 04:00:00,19.08,18.866,5.231,1.967,-0.283,0,0,0,0,0
2024-06-23 05:00:00,18.461,18.176,5.231,1.967,-0.283,0,0,0,0,0
2024-06-23 06:00:00,18.461,17.344,5.205,1.994,-0.311,0,0,0,0,0
2024-06-23 07:00:00,16.534,14.912,5.076,2.021,-0.283,0,0,0,0,0
2024-06-23 08:00:00,14.098,8.22,4.921,1.994,-0.255,0,0,0,0,0
2024-06-23 09:00:00,12.147,6.965,4.766,2.021,-0.255,0,0,0,0,0
2024-06-23 10:00:00,13.329,11.029,4.662,2.101,-0.255,0,0,0,0,0
2024-06-23 11:00:00,10.736,5.334,4.48,2.074,-0.255,0,0,0,0,0
2024-06-23 12:00:00,9.731,5.975,4.35,2.101,-0.255,0,0,0,0,0
2024-06-23 13:00:00,10.663,10.124,4.246,2.155,-0.255,0,0,0,0,0
2024-06-23 14:00:00,11.686,11.734,4.168,2.182,-0.283,0,0,0,0,0
2024-06-23 15:00:00,13.93,14.505,4.115,2.209,-0.283,0,0,0,0,0
2024-06-23 16:00:00,13.738,13.762,4.089,2.209,-0.283,0,0,0,0,0
2024-06-23 17:00:00,13.858,12.703,4.089,2.209,-0.283,0,0,0,0,0
2024-06-23 18:00:00,14.697,13.666,4.089,2.209,-0.283,0,0,0,0,0
2024-06-23 19:00:00,17.225,21.604,4.194,2.289,-0.283,0,0,0,0,0
2024-06-23 20:00:00,18.889,24.002,4.428,2.316,-0.283,0,0,0,0,0
2024-06-23 21:00:00,20.65,28.543,4.61,2.396,-0.283,0,0,0,0,0
2024-06-23 22:00:00,21.724,30.318,4.792,2.423,-0.283,0,0,0,0,0
2024-06-23 23:00:00,22.92,31.204,4.947,2.477,-0.283,0,0,0,0,0
2024-06-24 00:00:00,22.345,30.016,5.102,2.45,-0.311,0,0,0,0,0
2024-06-24 01:00:00,19.103,18.509,5.128,2.343,-0.283,0,1,0,0,0
2024-06-24 02:00:00,17.701,19.698,5.231,2.584,-0.283,0,0,0,0,0
2024-06-24 03:00:00,19.793,19.865,5.334,2.664,-0.283,0,0,0,0,0
2024-06-24 04:00:00,17.891,18.937,5.282,2.503,-0.283,0,0,0,0,0
2024-06-24 05:00:00,16.296,16.249,5.308,2.396,-0.255,0,0,0,0,0
2024-06-24 06:00:00,15.605,14.146,5.205,2.396,-0.255,0,0,0,0,0
2024-06-24 07:00:00,14.194,12.364,5.128,2.423,-0.255,0,0,0,0,0
2024-06-24 08:00:00,12.847,9.928,5.05,2.423,-0.255,0,0,0,0,0
2024-06-24 09:00:00,12.001,8.245,4.921,2.45,-0.255,0,0,0,0,0
2024-06-24 10:00:00,11.053,8.319,4.818,2.477,-0.255,0,0,0,0,0
2024-06-24 11:00:00,10.394,7.268,4.688,2.477,-0.255,0,0,0,0,0
2024-06-24 12:00:00,9.41,7.242,4.558,2.503,-0.255,0,0,0,0,0
2024-06-24 13:00:00,8.469,6.458,4.428,2.53,-0.255,0,0,0,0,0
2024-06-24 14:00:00,12.122,12.364,4.35,2.637,-0.283,0,0,0,0,0
2024-06-24 15:00:00,12.751,14.768,4.324,2.637,-0.255,0,0,0,0,0
2024-06-24 16:00:00,14.673,17.653,4.428,2.69,-0.283,0,0,0,0,0
2024-06-24 17:00:00,15.819,18.033,4.376,2.69,-0.283,0,0,0,0,0
2024-06-24 18:00:00,16.654,18.889,4.506,2.637,-0.283,0,0,0,0,0
2024-06-24 19:00:00,18.366,23.28,4.584,2.717,-0.283,0,0,0,0,0
2024-06-24 20:00:00,19.579,28.048,4.844,2.744,-0.283,0,0,0,0,0
2024-06-24 21:00:00,22.082,32.304,5.05,2.85,-0.283,0,0,0,0,0
2024-06-24 22:00:00,21.557,30.545,5.257,2.823,-0.283,0,0,0,0,0
2024-06-24 23:00:00,22.944,30.596,5.488,2.85,-0.283,0,0,0,0,0
2024-06-25 00:00:00,23.208,34.019,5.693,2.903,-0.283,0,0,0,0,0
2024-06-25 01:00:00,23.761,34.942,5.872,2.903,-0.283,0,0,0,0,0
2024-06-25 02:00:00,23.833,34.704,5.975,2.93,-0.283,0,0,0,0,0
2024-06-25 03:00:00,23.809,27.85,6.051,2.93,-0.283,0,0,0,0,0
2024-06-25 04:00:00,22.489,25.914,6.026,2.877,-0.283,0,0,0,0,0
2024-06-25 05:00:00,22.753,24.074,6.026,2.93,-0.283,0,0,0,0,0
2024-06-25 06:00:00,21.27,17.415,5.924,2.903,-0.255,0,0,0,0,0
2024-06-25 07:00:00,19.08,11.321,5.77,2.903,-0.255,0,0,0,0,0
2024-06-25 08:00:00,15.819,10.565,5.616,2.93,-0.255,0,0,0,0,0
2024-06-25 09:00:00,12.703,6.687,5.462,2.956,-0.255,0,0,0,0,0
2024-06-25 10:00:00,10.443,4.402,5.257,2.983,-0.227,0,0,0,0,0
2024-06-25 11:00:00,9.163,3.406,5.076,2.983,-0.227,0,0,0,0,0
2024-06-25 12:00:00,8.344,3.512,4.895,3.009,-0.227,0,0,0,0,0
2024-06-25 13:00:00,8.941,4.063,4.74,3.036,-0.255,0,0,0,0,0
2024-06-25 14:00:00,12.558,8.916,4.636,3.116,-0.255,0,0,0,0,0
2024-06-25 15:00:00,15.318,18.509,4.688,3.221,-0.255,0,0,0,0,0
2024-06-25 16:00:00,18.747,21.987,4.844,3.248,-0.283,0,0,0,0,0
2024-06-25 17:00:00,21.318,23.28,4.766,3.274,-0.255,0,0,0,0,0
2024-06-25 18:00:00,22.8,26.842,4.844,3.301,-0.255,0,0,0,0,0
2024-06-25 19:00:00,21.318,21.891,4.947,3.168,-0.255,0,0,0,0,0
2024-06-25 20:00:00,23.593,32.304,5.154,3.274,-0.255,0,1,0,0,0
2024-06-25 21:00:00,24.968,34.176,5.334,3.327,-0.255,0,0,0,0,0
2024-06-25 22:00:00,24.895,34.15,5.488,3.327,-0.255,0,0,0,0,0
2024-06-25 23:00:00,23.905,27.505,5.642,3.221,-0.255,0,0,0,0,0
2024-06-26 00:00:00,23.136,25.428,5.719,3.195,-0.255,0,0,0,0,0
2024-06-26 01:00:00,21.509,23.304,5.821,3.195,-0.255,0,0,0,0,0
2024-06-26 02:00:00,22.776,27.875,5.847,3.221,-0.283,0,0,0,0,0
2024-06-26 03:00:00,22.082,24.412,5.821,3.221,-0.283,0,0,0,0,0
2024-06-26 04:00:00,22.489,28.196,5.847,3.274,-0.283,0,0,0,0,0
2024-06-26 05:00:00,22.896,25.258,5.796,3.274,-0.283,0,0,0,0,0
2024-06-26 06:00:00,21.652,16.129,5.693,3.221,-0.255,0,0,0,0,0
2024-06-26 07:00:00,18.628,11.71,5.565,3.221,-0.255,0,0,0,0,0
2024-06-26 08:00:00,15.079,9.608,5.462,3.248,-0.255,0,0,0,0,0
2024-06-26 09:00:00,14.146,8.245,5.308,3.274,-0.227,0,0,0,0,0
2024-06-26 10:00:00,14.96,12.968,5.179,3.327,-0.255,0,0,0,0,0
2024-06-26 11:00:00,11.662,6.484,5.05,3.301,-0.227,0,0,0,0,0
2024-06-26 12:00:00,13.064,8.394,4.947,3.327,-0.255,0,0,0,0,0
2024-06-26 13:00:00,13.81,11.759,4.844,3.38,-0.255,0,0,0,0,0
2024-06-26 14:00:00,15.581,13.377,4.792,3.406,-0.255,0,0,0,0,0
2024-06-26 15:00:00,16.534,17.772,4.818,3.459,-0.255,0,0,0,0,0
2024-06-26 16:00:00,19.603,22.202,4.895,3.512,-0.255,0,0,0,0,0
2024-06-26 17:00:00,21.652,23.569,4.947,3.512,-0.255,0,0,0,0,0
2024-06-26 18:00:00,23.521,26.622,5.128,3.538,-0.255,0,0,0,0,0
2024-06-26 19:00:00,25.331,29.54,5.36,3.564,-0.255,0,0,0,0,0
2024-06-26 20:00:00,25.477,31.842,5.616,3.564,-0.255,0,0,0,0,0
2024-06-26 21:00:00,26.134,33.521,5.847,3.591,-0.255,0,0,0,0,0
2024-06-26 22:00:00,25.501,28.543,6.102,3.512,-0.255,0,0,0,0,0
2024-06-26 23:00:00,28.122,34.942,6.255,3.617,-0.255,0,0,0,0,0
2024-06-27 00:00:00,27.875,37.838,6.535,3.617,-0.255,0,0,0,0,0
2024-06-27 01:00:00,27.112,35.931,6.611,3.617,-0.255,0,0,0,0,0
2024-06-27 02:00:00,27.677,36.525,6.763,3.643,-0.255,0,0,0,0,0
2024-06-27 03:00:00,27.751,31.868,6.636,3.67,-0.255,0,0,0,0,0
2024-06-27 04:00:00,27.112,31.816,6.661,3.643,-0.255,0,0,0,0,0
2024-06-27 05:00:00,26.231,25.768,6.611,3.643,-0.255,0,0,0,0,0
2024-06-27 06:00:00,24.436,22.034,6.484,3.617,-0.255,0,0,0,0,0
2024-06-27 07:00:00,22.202,17.486,6.281,3.591,-0.255,0,0,0,0,0
2024-06-27 08:00:00,20.96,14.29,6.128,3.617,-0.255,0,0,0,0,0
2024-06-27 09:00:00,17.225,10.026,5.949,3.643,-0.227,0,0,0,0,0
2024-06-27 10:00:00,16.082,10.663,5.796,3.67,-0.255,0,0,0,0,0
2024-06-27 11:00:00,17.177,14.122,5.668,3.749,-0.227,0,0,0,0,0
2024-06-27 12:00:00,17.249,15.581,5.642,3.749,-0.255,0,0,0,0,0
2024-06-27 13:00:00,17.653,16.63,5.591,3.775,-0.255,0,0,0,0,0
2024-06-27 14:00:00,18.842,18.081,5.539,3.827,-0.255,0,0,0,0,0
2024-06-27 15:00:00,18.889,18.485,5.488,3.827,-0.255,0,0,0,0,0
2024-06-27 16:00:00,21.509,22.657,5.539,3.88,-0.255,0,0,0,0,0
2024-06-27 17:00:00,23.978,25.793,5.642,3.932,-0.227,0,0,0,0,0
2024-06-27 18:00:00,26.256,29.439,5.872,3.958,-0.255,0,0,0,0,0
2024-06-27 19:00:00,27.751,32.433,6.128,3.985,-0.255,0,0,0,0,0
2024-06-27 20:00:00,27.431,30.52,6.382,3.958,-0.255,0,0,0,0,0
2024-06-27 21:00:00,27.751,31.103,6.56,3.958,-0.227,0,0,0,0,0
2024-06-27 22:00:00,29.09,35.958,6.889,4.011,-0.227,0,0,0,0,0
2024-06-27 23:00:00,29.215,35.475,7.015,4.037,-0.227,0,0,0,0,0
2024-06-28 00:00:00,29.29,39.857,6.965,4.063,-0.227,0,0,0,0,0
2024-06-28 01:00:00,26.061,27.186,7.066,3.985,-0.227,0,1,0,0,0
2024-06-28 02:00:00,26.378,33.261,6.965,4.037,-0.255,0,0,0,0,0
2024-06-28 03:00:00,26.012,28.493,6.914,4.037,-0.255,0,0,0,0,0
2024-06-28 04:00:00,26.109,29.015,6.864,4.063,-0.255,0,0,0,0,0
2024-06-28 05:00:00,22.489,23.16,6.788,4.037,-0.227,0,0,0,0,0
2024-06-28 06:00:00,20.46,19.484,6.712,4.037,-0.227,0,0,0,0,0
2024-06-28 07:00:00,18.319,14.17,6.535,4.037,-0.199,0,0,0,0,0
2024-06-28 08:00:00,16.415,12.727,6.408,4.063,-0.199,0,0,0,0,0
2024-06-28 09:00:00,14.984,10.222,6.23,4.089,-0.199,0,0,0,0,0
2024-06-28 10:00:00,13.978,10.712,6.102,4.115,-0.227,0,0,0,0,0
2024-06-28 11:00:00,12.92,8.195,5.949,4.141,-0.199,0,0,0,0,0
2024-06-28 12:00:00,12.968,9.854,5.796,4.168,-0.199,0,0,0,0,0
2024-06-28 13:00:00,13.81,12.727,5.77,4.194,-0.199,0,0,0,0,0
2024-06-28 14:00:00,14.792,15.127,5.693,4.246,-0.227,0,0,0,0,0
2024-06-28 15:00:00,16.725,19.175,5.745,4.272,-0.227,0,0,0,0,0
2024-06-28 16:00:00,16.439,18.842,5.719,4.272,-0.227,0,0,0,0,0
2024-06-28 17:00:00,17.106,20.484,5.693,4.272,-0.227,0,0,0,0,0
2024-06-28 18:00:00,19.103,22.441,5.745,4.298,-0.227,0,0,0,0,0
2024-06-28 19:00:00,18.271,23.016,5.796,4.298,-0.227,0,0,0,0,0
2024-06-28 20:00:00,19.46,26.109,5.924,4.324,-0.227,0,0,0,0,0
2024-06-28 21:00:00,21.103,29.59,6.102,4.35,-0.227,0,0,0,0,0
2024-06-28 22:00:00,21.461,30.293,6.281,4.35,-0.227,0,0,0,0,0
2024-06-28 23:00:00,21.963,30.318,6.408,4.35,-0.227,0,0,0,0,0
2024-06-29 00:00:00,22.202,31.281,6.636,4.35,-0.227,0,0,0,0,0
2024-06-29 01:00:00,22.657,31.382,6.763,4.35,-0.227,0,0,0,0,0
2024-06-29 02:00:00,22.561,31.816,6.889,4.376,-0.227,0,0,0,0,0
2024-06-29 03:00:00,20.507,23.16,6.864,4.324,-0.199,0,0,0,0,0
2024-06-29 04:00:00,19.865,21.819,6.864,4.324,-0.199,0,0,0,0,0
2024-06-29 05:00:00,19.651,20.936,6.813,4.35,-0.199,0,0,0,0,0
2024-06-29 06:00:00,18.485,18.771,6.737,4.376,-0.199,0,0,0,0,0
2024-06-29 07:00:00,16.773,14.936,6.636,4.376,-0.199,0,0,0,0,0
2024-06-29 08:00:00,15.414,11.734,6.484,4.402,-0.199,0,0,0,0,0
2024-06-29 09:00:00,13.714,8.394,6.331,4.402,-0.199,0,0,0,0,0
2024-06-29 10:00:00,11.832,8.444,6.179,4.428,-0.171,0,0,0,0,0
2024-06-29 11:00:00,11.467,6.889,6,4.454,-0.171,0,0,0,0,0
2024-06-29 12:00:00,9.706,6.281,5.847,4.48,-0.171,0,0,0,0,0
2024-06-29 13:00:00,9.632,6.102,5.693,4.48,-0.171,0,0,0,0,0
2024-06-29 14:00:00,9.312,6.102,5.591,4.506,-0.171,0,0,0,0,0
2024-06-29 15:00:00,12.074,13.69,5.565,4.584,-0.199,0,0,0,0,0
2024-06-29 16:00:00,16.32,20.055,5.745,4.636,-0.199,0,0,0,0,0
2024-06-29 17:00:00,17.867,20.793,5.719,4.636,-0.199,0,0,0,0,0
2024-06-29 18:00:00,19.698,24.074,5.821,4.636,-0.199,0,0,0,0,0
2024-06-29 19:00:00,20.627,25.089,5.975,4.636,-0.199,0,0,0,0,0
2024-06-29 20:00:00,22.13,31.357,6.306,4.662,-0.199,0,0,0,0,0
2024-06-29 21:00:00,23.352,33.574,6.535,4.662,-0.199,0,0,0,0,0
2024-06-29 22:00:00,24.146,33.626,6.712,4.688,-0.143,0,0,0,0,0
2024-06-29 23:00:00,24.823,33.521,6.889,4.688,-0.143,0,0,0,0,0
2024-06-30 00:00:00,24.871,36.579,7.116,4.688,-0.143,0,0,0,0,0
2024-06-30 01:00:00,25.866,38.143,7.268,4.714,-0.143,0,0,0,0,0
2024-06-30 02:00:00,24.412,35.049,7.469,4.688,-0.143,0,0,0,0,0
2024-06-30 03:00:00,23.545,26.378,7.594,4.636,-0.143,0,0,0,0,0
2024-06-30 04:00:00,23.448,28.841,7.544,4.688,-0.143,0,0,0,0,0
2024-06-30 05:00:00,22.393,24.895,7.419,4.688,-0.171,0,0,0,0,0
2024-06-30 06:00:00,20.103,16.225,7.217,4.662,-0.143,0,0,0,0,0
2024-06-30 07:00:00,18.224,13.497,7.015,4.662,-0.143,0,0,0,0,0
2024-06-30 08:00:00,17.177,12.461,6.864,4.714,-0.143,0,0,0,0,0
2024-06-30 09:00:00,15.748,11.224,6.712,4.74,-0.143,0,0,0,0,0
2024-06-30 10:00:00,14.026,10.198,6.535,4.766,-0.143,0,0,0,0,0
2024-06-30 11:00:00,13.978,11.88,6.433,4.792,-0.143,0,0,0,0,0
2024-06-30 12:00:00,12.896,9.632,6.281,4.792,-0.143,0,0,0,0,0
2024-06-30 13:00:00,13.834,13.233,6.23,4.844,-0.143,0,0,0,0,0
2024-06-30 14:00:00,13.882,13.112,6.153,4.869,-0.143,0,0,0,0,0
2024-06-30 15:00:00,17.748,20.841,6.281,4.947,-0.171,0,0,0,0,0
2024-06-30 16:00:00,19.984,22.321,6.458,4.947,-0.171,0,0,0,0,0
2024-06-30 17:00:00,22.417,25.574,6.433,4.973,-0.143,0,0,0,0,0
2024-06-30 18:00:00,21.628,23.472,6.382,4.947,-0.143,0,0,0,0,0
2024-06-30 19:00:00,24.171,30.722,6.56,4.999,-0.143,0,0,0,0,0
2024-06-30 20:00:00,24.847,32.613,6.763,4.999,-0.143,0,0,0,0,0
2024-06-30 21:00:00,26.329,35.931,6.99,5.05,-0.143,0,0,0,0,0
2024-06-30 22:00:00,26.769,35.368,7.167,5.024,-0.143,0,0,0,0,0
2024-06-30 23:00:00,26.867,35.049,7.343,5.024,-0.143,0,0,0,0,0
2024-07-01 00:00:00,27.53,39.149,7.544,5.05,-0.143,0,0,0,0,0
2024-07-01 01:00:00,27.481,38.84,7.67,5.05,-0.143,0,0,0,0,0
2024-07-01 02:00:00,27.456,38.449,7.77,5.05,-0.143,0,0,0,0,0
2024-07-01 03:00:00,27.53,31.51,7.745,5.05,-0.143,0,0,0,0,0
2024-07-01 04:00:00,25.258,25.914,7.745,5.024,-0.143,0,0,0,0,0
2024-07-01 05:00:00,23.232,19.603,7.619,5.024,-0.143,0,0,0,0,0
2024-07-01 06:00:00,21.795,18.057,7.444,5.024,-0.143,0,0,0,0,0
2024-07-01 07:00:00,22.13,18.509,7.343,5.05,-0.143,0,0,0,0,0
2024-07-01 08:00:00,19.555,13.69,7.192,5.076,-0.116,0,0,0,0,0
2024-07-01 09:00:00,16.868,10.638,7.015,5.102,-0.116,0,0,0,0,0
2024-07-01 10:00:00,14.697,7.945,6.839,5.128,-0.116,0,0,0,0,0
2024-07-01 11:00:00,13.834,8.17,6.687,5.154,-0.116,0,0,0,0,0
2024-07-01 12:00:00,13.69,11.346,6.585,5.205,-0.116,0,0,0,0,0
2024-07-01 13:00:00,12.751,9.213,6.433,5.205,-0.116,0,0,0,0,0
2024-07-01 14:00:00,14.96,14.026,6.408,5.257,-0.116,0,0,0,0,0
2024-07-01 15:00:00,17.058,19.318,6.535,5.282,-0.116,0,0,0,0,0
2024-07-01 16:00:00,20.222,23.569,6.712,5.334,-0.116,0,0,0,0,0
2024-07-01 17:00:00,22.058,24.219,6.611,5.334,-0.116,0,0,0,0,0
2024-07-01 18:00:00,23.424,27.308,6.712,5.334,-0.116,0,0,0,0,0
2024-07-01 19:00:00,24.702,30.596,6.889,5.36,-0.116,0,0,0,0,0
2024-07-01 20:00:00,25.89,34.73,7.167,5.36,-0.116,0,0,0,0,0
2024-07-01 21:00:00,26.549,35.395,7.318,5.385,-0.116,0,0,0,0,0
2024-07-01 22:00:00,26.671,34.81,7.519,5.36,-0.116,0,0,0,0,0
2024-07-01 23:00:00,27.014,34.677,7.695,5.36,-0.116,0,0,0,0,0
2024-07-02 00:00:00,26.207,33.001,7.92,5.334,-0.088,0,0,0,0,0
2024-07-02 01:00:00,23.28,26.158,8.12,5.308,-0.088,0,0,0,0,0
2024-07-02 02:00:00,23.617,26.061,8.17,5.334,-0.088,0,0,0,0,0
2024-07-02 03:00:00,25.258,26.867,8.12,5.36,-0.088,0,0,0,0,0
2024-07-02 04:00:00,22.321,23.28,8.12,5.36,-0.088,0,0,0,0,0
2024-07-02 05:00:00,17.701,15.819,7.945,5.36,-0.088,0,0,0,0,0
2024-07-02 06:00:00,18.081,15.891,7.82,5.411,-0.088,0,0,0,0,0
2024-07-02 07:00:00,17.415,14.481,7.67,5.437,-0.06,0,0,0,0,0
2024-07-02 08:00:00,17.225,12.122,7.494,5.462,-0.06,0,0,0,0,0
2024-07-02 09:00:00,14.816,10.345,7.318,5.488,-0.06,0,0,0,0,0
2024-07-02 10:00:00,14.074,8.841,7.167,5.488,-0.06,0,0,0,0,0
2024-07-02 11:00:00,12.678,9.386,7.015,5.514,-0.06,0,0,0,0,0
2024-07-02 12:00:00,12.799,10.345,6.889,5.539,-0.032,0,0,0,0,0
2024-07-02 13:00:00,13.233,10.296,6.763,5.565,-0.06,0,0,0,0,0
2024-07-02 14:00:00,14.361,11.856,6.661,5.591,-0.06,0,0,0,0,0
2024-07-02 15:00:00,16.939,18.366,6.737,5.642,-0.06,0,0,0,0,0
2024-07-02 16:00:00,16.82,17.772,6.763,5.616,-0.088,0,0,0,0,0
2024-07-02 17:00:00,18.414,21.246,6.813,5.642,-0.06,0,0,0,0,0
2024-07-02 18:00:00,20.222,24.436,6.914,5.668,-0.088,0,0,0,0,0
2024-07-02 19:00:00,20.365,23.545,6.99,5.642,-0.088,0,0,0,0,0
2024-07-02 20:00:00,21.628,26.744,7.192,5.642,-0.06,0,0,0,0,0
2024-07-02 21:00:00,21.676,26.451,7.268,5.642,-0.06,0,0,0,0,0
2024-07-02 22:00:00,21.843,29.54,7.444,5.642,-0.06,0,0,0,0,0
2024-07-02 23:00:00,22.082,27.751,7.494,5.616,-0.06,0,0,0,0,0
2024-07-03 00:00:00,20.984,24.944,7.569,5.616,-0.06,0,0,0,0,0
2024-07-03 01:00:00,20.388,22.872,7.619,5.616,-0.06,0,0,0,0,0
2024-07-03 02:00:00,20.507,23.064,7.594,5.616,-0.032,0,0,0,0,0
2024-07-03 03:00:00,20.222,21.127,7.569,5.642,-0.032,0,0,0,0,0
2024-07-03 04:00:00,19.341,19.627,7.519,5.642,-0.032,0,0,0,0,0
2024-07-03 05:00:00,18.319,18.58,7.469,5.642,-0.032,0,0,0,0,0
2024-07-03 06:00:00,16.582,16.201,7.368,5.668,-0.032,0,0,0,0,0
2024-07-03 07:00:00,13.618,12.219,7.217,5.949,-0.004,0,0,0,0,0
2024-07-03 08:00:00,13.04,12.001,7.091,5.975,0.024,0,0,0,0,0
2024-07-03 09:00:00,12.992,11.71,7.015,5.975,0.024,0,0,0,0,0
2024-07-03 10:00:00,12.751,11.565,6.94,5.949,0.024,0,0,0,0,0
2024-07-03 11:00:00,12.509,11.516,6.864,5.924,0.051,0,0,0,0,0
2024-07-03 12:00:00,12.171,11.467,6.788,5.847,0.079,0,0,0,0,0
2024-07-03 13:00:00,12.219,11.419,6.712,5.796,0.079,0,0,0,0,0
2024-07-03 14:00:00,12.944,12.437,6.636,5.796,0.079,0,0,0,0,0
2024-07-03 15:00:00,12.147,11.297,6.56,5.745,0.107,0,0,0,0,0
2024-07-03 16:00:00,11.224,11.273,6.687,5.924,0.135,0,0,0,0,0
2024-07-03 17:00:00,10.98,10.883,6.433,5.924,0.135,0,0,0,0,0
2024-07-03 18:00:00,10.907,10.663,6.382,5.924,0.163,0,0,0,0,0
2024-07-03 19:00:00,10.883,10.883,6.331,5.924,0.163,0,0,0,0,0
2024-07-03 20:00:00,11.54,11.856,6.331,5.924,0.163,0,0,0,0,0
2024-07-03 21:00:00,12.122,12.534,6.357,5.898,0.19,0,0,0,0,0
2024-07-03 22:00:00,12.389,12.606,6.408,5.898,0.19,0,0,0,0,0
2024-07-03 23:00:00,12.606,12.896,6.458,5.898,0.218,0,0,0,0,0
2024-07-04 00:00:00,12.292,12.389,6.458,5.872,0.19,0,0,0,0,0
2024-07-04 01:00:00,12.727,13.233,6.484,5.898,0.218,0,0,0,0,0
2024-07-04 02:00:00,12.268,12.534,6.509,5.898,0.246,0,0,0,0,0
2024-07-04 03:00:00,12.05,12.292,6.509,5.898,0.246,0,0,0,0,0
2024-07-04 04:00:00,13.161,14.122,6.535,5.847,0.246,0,1,0,0,0
2024-07-04 05:00:00,12.243,12.437,6.509,5.872,0.246,0,0,0,0,0
2024-07-04 06:00:00,11.686,11.492,6.484,5.872,0.273,0,0,0,0,0
2024-07-04 07:00:00,11.224,11.248,6.433,5.872,0.273,0,0,0,0,0
2024-07-04 08:00:00,11.37,11.029,6.408,5.872,0.301,0,0,0,0,0
2024-07-04 09:00:00,10.81,10.565,6.331,5.847,0.301,0,0,0,0,0
2024-07-04 10:00:00,10.467,10.247,6.281,5.821,0.301,0,0,0,0,0
2024-07-04 11:00:00,10.394,10.1,6.23,5.821,0.329,0,0,0,0,0
2024-07-04 12:00:00,10.467,10.173,6.153,5.796,0.329,0,0,0,0,0
2024-07-04 13:00:00,10.149,9.928,6.102,5.796,0.329,0,0,0,0,0
2024-07-04 14:00:00,9.608,9.534,6.102,5.77,0.329,0,0,0,0,0
2024-07-04 15:00:00,9.41,9.262,6.051,5.77,0.356,0,0,0,0,0
2024-07-04 16:00:00,9.558,9.163,6,5.821,0.356,0,0,0,0,0
2024-07-04 17:00:00,9.829,9.336,5.924,5.796,0.356,0,0,0,0,0
2024-07-04 18:00:00,9.534,9.706,5.898,5.745,0.356,0,0,0,0,0
2024-07-04 19:00:00,10.051,10.638,5.898,5.719,0.356,0,0,0,0,0
2024-07-04 20:00:00,10.81,11.807,5.872,5.719,0.356,0,0,0,0,0
2024-07-04 21:00:00,11.224,12.534,5.924,5.693,0.356,0,0,0,0,0
2024-07-04 22:00:00,11.662,13.594,5.949,5.668,0.356,0,1,0,0,0
2024-07-04 23:00:00,11.71,12.558,5.898,5.745,0.384,0,0,0,0,0
2024-07-05 00:00:00,11.565,12.992,5.924,5.796,0.384,0,0,0,0,0
2024-07-05 01:00:00,11.2,12.34,5.949,5.796,0.412,0,0,0,0,0
2024-07-05 02:00:00,11.175,12.292,6,5.77,0.412,0,0,0,0,0
2024-07-05 03:00:00,10.712,11.783,6.051,5.77,0.412,0,0,0,0,0
2024-07-05 04:00:00,10.173,10.663,6.051,5.745,0.412,0,0,0,0,0
2024-07-05 05:00:00,9.829,10.198,6.051,5.745,0.412,0,0,0,0,0
2024-07-05 06:00:00,9.657,9.78,6,5.745,0.412,0,0,0,0,0
2024-07-05 07:00:00,9.558,9.682,5.975,5.719,0.439,0,0,0,0,0
2024-07-05 08:00:00,9.485,9.485,5.924,5.719,0.439,0,0,0,0,0
2024-07-05 09:00:00,9.632,9.509,5.872,5.719,0.439,0,0,0,0,0
2024-07-05 10:00:00,9.632,9.558,5.821,5.719,0.439,0,0,0,0,0
2024-07-05 11:00:00,9.534,9.386,5.77,5.719,0.467,0,0,0,0,0
2024-07-05 12:00:00,9.608,9.534,5.719,5.719,0.467,0,0,0,0,0
2024-07-05 13:00:00,9.682,9.632,5.668,5.719,0.467,0,0,0,0,0
2024-07-05 14:00:00,9.879,9.952,5.642,5.719,0.467,0,0,0,0,0
2024-07-05 15:00:00,9.805,10.124,5.591,5.693,0.467,0,0,0,0,0
2024-07-05 16:00:00,9.608,9.952,5.591,5.693,0.467,0,0,0,0,0
2024-07-05 17:00:00,9.682,10.026,5.565,5.693,0.495,0,0,0,0,0
2024-07-05 18:00:00,9.657,9.977,5.565,5.693,0.495,0,0,0,0,0
2024-07-05 19:00:00,9.854,10.443,5.565,5.693,0.522,0,0,0,0,0
2024-07-05 20:00:00,10.222,10.932,5.591,5.693,0.522,0,0,0,0,0
2024-07-05 21:00:00,10.173,10.638,5.565,5.668,0.522,0,0,0,0,0
2024-07-05 22:00:00,10.932,12.122,5.591,5.693,0.522,0,0,0,0,0
2024-07-05 23:00:00,10.883,11.321,5.616,5.668,0.522,0,0,0,0,0
2024-07-06 00:00:00,10.956,11.419,5.642,5.668,0.522,0,0,0,0,0
2024-07-06 01:00:00,11.686,12.05,5.642,5.642,0.522,0,0,0,0,0
2024-07-06 02:00:00,11.783,12.292,5.642,5.616,0.522,0,0,0,0,0
2024-07-06 03:00:00,12.05,12.413,5.668,5.616,0.522,0,0,0,0,0
2024-07-06 04:00:00,12.001,12.534,5.693,5.616,0.522,0,0,0,0,0
2024-07-06 05:00:00,12.292,12.606,5.668,5.616,0.522,0,0,0,0,0
2024-07-06 06:00:00,11.662,11.467,5.668,5.591,0.55,0,0,0,0,0
2024-07-06 07:00:00,11.321,10.81,5.642,5.591,0.55,0,0,0,0,0
2024-07-06 08:00:00,11.248,10.443,5.591,5.591,0.55,0,0,0,0,0
2024-07-06 09:00:00,10.98,9.386,5.565,5.591,0.577,0,0,0,0,0
2024-07-06 10:00:00,10.932,9.977,5.488,5.565,0.55,0,0,0,0,0
2024-07-06 11:00:00,11.175,10.687,5.462,5.591,0.577,0,0,0,0,0
2024-07-06 12:00:00,11.102,10.736,5.437,5.565,0.577,0,0,0,0,0
2024-07-06 13:00:00,11.078,10.858,5.385,5.565,0.577,0,0,0,0,0
2024-07-06 14:00:00,12.219,11.419,5.36,5.565,0.577,0,0,0,0,0
2024-07-06 15:00:00,12.558,11.904,5.36,5.565,0.577,0,0,0,0,0
2024-07-06 16:00:00,12.074,11.783,5.36,5.565,0.577,0,0,0,0,0
2024-07-06 17:00:00,12.074,11.686,5.36,5.565,0.577,0,0,0,0,0
2024-07-06 18:00:00,11.394,10.883,5.36,5.616,0.577,0,0,0,0,0
2024-07-06 19:00:00,10.834,11.394,5.385,5.642,0.577,0,0,0,0,0
2024-07-06 20:00:00,9.312,9.386,5.385,5.616,0.605,0,0,0,0,0
2024-07-06 21:00:00,8.643,9.04,5.385,5.693,0.605,0,0,0,0,0
2024-07-06 22:00:00,8.07,8.444,5.36,5.668,0.605,0,0,0,0,0
2024-07-06 23:00:00,7.895,9.114,5.36,5.693,0.605,0,0,0,0,0
2024-07-07 00:00:00,8.444,9.632,5.36,5.693,0.605,0,0,0,0,0
2024-07-07 01:00:00,9.558,11.029,5.385,5.668,0.605,0,0,0,0,0
2024-07-07 02:00:00,8.195,8.668,5.385,5.668,0.632,0,0,0,0,0
2024-07-07 03:00:00,8.643,8.742,5.385,5.668,0.632,0,0,0,0,0
2024-07-07 04:00:00,8.369,8.792,5.385,5.668,0.632,0,0,0,0,0
2024-07-07 05:00:00,7.192,7.268,5.385,5.668,0.632,0,0,0,0,0
2024-07-07 06:00:00,7.745,7.92,5.334,5.668,0.632,0,0,0,0,0
2024-07-07 07:00:00,7.293,7.268,5.282,5.668,0.632,0,0,0,0,0
2024-07-07 08:00:00,7.041,6.788,5.231,5.642,0.632,0,0,0,0,0
2024-07-07 09:00:00,7.091,6.687,5.154,5.642,0.632,0,0,0,0,0
2024-07-07 10:00:00,7.066,6.737,5.102,5.616,0.632,0,0,0,0,0
2024-07-07 11:00:00,7.091,6.813,5.024,5.616,0.632,0,0,0,0,0
2024-07-07 12:00:00,6.839,6.687,4.792,5.488,0.55,0,0,0,0,0
2024-07-07 13:00:00,7.015,6.914,4.921,5.616,0.66,0,0,0,0,0
2024-07-07 14:00:00,7.116,7.217,4.869,5.616,0.632,0,0,0,0,0
2024-07-07 15:00:00,7.293,7.82,4.844,5.616,0.632,0,0,0,0,0
2024-07-07 16:00:00,6.914,7.444,4.818,5.591,0.66,0,0,0,0,0
2024-07-07 17:00:00,6.889,7.945,4.792,5.591,0.66,0,0,0,0,0
2024-07-07 18:00:00,7.041,8.344,4.818,5.616,0.687,0,0,0,0,0
2024-07-07 19:00:00,7.97,10.834,4.818,5.591,0.632,0,0,0,0,0
2024-07-07 20:00:00,8.891,11.37,4.818,5.488,0.577,0,0,0,0,0
2024-07-07 21:00:00,10.467,15.843,4.947,5.514,0.632,0,0,0,0,0
2024-07-07 22:00:00,10.956,15.342,5.076,5.539,0.66,0,0,0,0,0
2024-07-07 23:00:00,11.54,14.745,5.231,5.539,0.715,1,0,0,0,0
2024-07-08 00:00:00,8.717,13.112,5.231,5.591,0.66,0,0,0,0,0
2024-07-08 01:00:00,9.731,12.823,5.36,5.591,0.66,0,0,0,0,0
2024-07-08 02:00:00,10.663,11.953,5.437,5.514,0.66,0,0,0,0,0
2024-07-08 03:00:00,8.866,10.907,5.437,5.591,0.66,0,0,0,0,0
2024-07-08 04:00:00,9.977,10.516,5.488,5.488,0.66,0,0,0,0,0
2024-07-08 05:00:00,8.792,8.568,5.437,5.488,0.66,0,0,0,0,0
2024-07-08 06:00:00,8.419,7.77,5.411,5.488,0.632,0,0,0,0,0
2024-07-08 07:00:00,8.045,7.519,5.385,5.514,0.66,0,0,0,0,0
2024-07-08 08:00:00,7.242,6.585,5.308,5.514,0.687,0,0,0,0,0
2024-07-08 09:00:00,6.687,5.385,5.231,5.514,0.687,0,0,0,0,0
2024-07-08 10:00:00,6.331,5.514,5.024,5.437,0.66,0,0,0,0,0
2024-07-08 11:00:00,5.693,4.818,5.05,5.488,0.687,0,0,0,0,0
2024-07-08 12:00:00,6.179,5.565,4.973,5.514,0.687,0,0,0,0,0
2024-07-08 13:00:00,5.975,5.591,4.869,5.514,0.687,0,0,0,0,0
2024-07-08 14:00:00,6.509,7.041,4.818,5.514,0.687,0,0,0,0,0
2024-07-08 15:00:00,6.788,7.569,4.766,5.514,0.687,0,0,0,0,0
2024-07-08 16:00:00,6.864,7.192,4.714,5.514,0.687,0,0,0,0,0
2024-07-08 17:00:00,6.99,7.995,4.688,5.514,0.687,0,0,0,0,0
2024-07-08 18:00:00,6.813,7.268,4.662,5.514,0.687,0,0,0,0,0
2024-07-08 19:00:00,6.99,7.318,4.636,5.514,0.687,0,0,0,0,0
2024-07-08 20:00:00,7.268,7.67,4.636,5.488,0.687,0,0,0,0,0
2024-07-08 21:00:00,7.945,8.99,4.636,5.488,0.687,0,0,0,0,0
2024-07-08 22:00:00,9.262,11.929,4.688,5.488,0.687,0,0,0,0,0
2024-07-08 23:00:00,11.443,16.034,4.766,5.462,0.687,0,1,0,0,0
2024-07-09 00:00:00,9.731,10.247,4.766,5.437,0.687,0,0,0,0,0
2024-07-09 01:00:00,10.907,12.437,4.869,5.437,0.687,0,1,0,0,0
2024-07-09 02:00:00,13.04,22.8,4.973,5.462,0.687,0,1,0,0,0
2024-07-09 03:00:00,13.522,19.27,5.05,5.462,0.687,0,0,0,0,0
2024-07-09 04:00:00,13.112,16.892,5.05,5.437,0.687,0,0,0,0,0
2024-07-09 05:00:00,12.63,12.63,5.076,5.385,0.687,0,0,0,0,0
2024-07-09 06:00:00,12.147,12.292,5.05,5.385,0.687,0,0,0,0,0
2024-07-09 07:00:00,11.2,10.198,5.024,5.36,0.687,0,0,0,0,0
2024-07-09 08:00:00,9.952,8.693,4.973,5.36,0.715,0,0,0,0,0
2024-07-09 09:00:00,9.336,7.92,4.895,5.36,0.687,0,0,0,0,0
2024-07-09 10:00:00,9.238,8.095,4.869,5.36,0.687,0,0,0,0,0
2024-07-09 11:00:00,9.558,7.845,4.792,5.36,0.687,0,0,0,0,0
2024-07-09 12:00:00,8.568,7.167,4.74,5.36,0.715,0,0,0,0,0
2024-07-09 13:00:00,8.717,7.041,4.662,5.36,0.715,0,0,0,0,0
2024-07-09 14:00:00,8.717,7.444,4.636,5.36,0.715,0,0,0,0,0
2024-07-09 15:00:00,8.593,7.995,4.61,5.36,0.715,0,0,0,0,0
2024-07-09 16:00:00,8.965,8.742,4.584,5.308,0.715,0,0,0,0,0
2024-07-09 17:00:00,9.854,9.632,4.584,5.308,0.715,0,0,0,0,0
2024-07-09 18:00:00,10.001,9.312,4.584,5.308,0.715,0,0,0,0,0
2024-07-09 19:00:00,10.932,10.369,4.636,5.308,0.715,0,0,0,0,0
2024-07-09 20:00:00,11.029,11.127,4.714,5.282,0.715,0,0,0,0,0
2024-07-09 21:00:00,11.224,11.248,4.766,5.282,0.742,0,0,0,0,0
2024-07-09 22:00:00,11.443,12.001,4.818,5.282,0.742,0,0,0,0,0
2024-07-09 23:00:00,11.783,11.662,4.869,5.257,0.742,0,0,0,0,0
2024-07-10 00:00:00,12.268,12.703,4.921,5.282,0.742,0,0,0,0,0
2024-07-10 01:00:00,12.268,12.823,4.999,5.257,0.742,0,0,0,0,0
2024-07-10 02:00:00,13.257,13.594,5.076,5.257,0.742,0,0,0,0,0
2024-07-10 03:00:00,13.401,13.93,5.102,5.257,0.715,0,0,0,0,0
2024-07-10 04:00:00,12.968,12.799,5.154,5.257,0.742,0,0,0,0,0
2024-07-10 05:00:00,11.856,12.268,5.179,5.257,0.742,0,0,0,0,0
2024-07-10 06:00:00,12.389,11.807,5.179,5.257,0.742,0,0,0,0,0
2024-07-10 07:00:00,12.074,10.32,5.179,5.257,0.742,0,0,0,0,0
2024-07-10 08:00:00,11.637,9.682,5.179,5.257,0.742,0,0,0,0,0
2024-07-10 09:00:00,10.001,8.12,5.128,5.257,0.742,0,0,0,0,0
2024-07-10 10:00:00,9.731,8.444,5.076,5.282,0.742,0,0,0,0,0
2024-07-10 11:00:00,10.247,9.312,5.024,5.282,0.742,0,0,0,0,0
2024-07-10 12:00:00,9.977,9.336,4.999,5.308,0.742,0,0,0,0,0
2024-07-10 13:00:00,9.952,8.891,4.921,5.308,0.742,0,0,0,0,0
2024-07-10 14:00:00,10.32,9.928,4.921,5.308,0.742,0,0,0,0,0
2024-07-10 15:00:00,11.637,12.001,4.895,5.334,0.742,0,0,0,0,0
2024-07-10 16:00:00,12.751,14.385,4.921,5.334,0.742,0,0,0,0,0
2024-07-10 17:00:00,14.026,15.509,4.999,5.36,0.742,0,0,0,0,0
2024-07-10 18:00:00,16.249,19.698,5.179,5.385,0.742,0,0,0,0,0
2024-07-10 19:00:00,15.796,18.723,5.205,5.36,0.742,0,0,0,0,0
2024-07-10 20:00:00,16.582,20.984,5.334,5.36,0.742,0,0,0,0,0
2024-07-10 21:00:00,18.271,25.404,5.539,5.385,0.742,0,0,0,0,0
2024-07-10 22:00:00,17.272,18.414,5.642,5.334,0.742,0,0,0,0,0
2024-07-10 23:00:00,17.629,18.723,5.719,5.36,0.742,0,0,0,0,0
2024-07-11 00:00:00,18.699,21.366,5.847,5.36,0.742,0,0,0,0,0
2024-07-11 01:00:00,19.365,21.676,5.975,5.385,0.742,0,0,0,0,0
2024-07-11 02:00:00,19.912,26.671,6.128,5.411,0.742,0,0,0,0,0
2024-07-11 03:00:00,19.579,19.555,6.255,5.385,0.742,0,0,0,0,0
2024-07-11 04:00:00,20.174,21.27,6.255,5.437,0.742,0,0,0,0,0
2024-07-11 05:00:00,19.199,19.008,6.255,5.437,0.77,0,0,0,0,0
2024-07-11 06:00:00,19.032,18.129,6.23,5.437,0.77,0,0,0,0,0
2024-07-11 07:00:00,17.819,15.509,6.204,5.462,0.77,0,0,0,0,0
2024-07-11 08:00:00,16.487,14.457,6.153,5.488,0.797,0,0,0,0,0
2024-07-11 09:00:00,15.151,13.642,6.102,5.514,0.797,0,0,0,0,0
2024-07-11 10:00:00,14.481,13.57,6.051,5.539,0.797,0,0,0,0,0
2024-07-11 11:00:00,14.745,13.714,6,5.539,0.797,0,0,0,0,0
2024-07-11 12:00:00,14.864,13.786,5.924,5.565,0.797,0,0,0,0,0
2024-07-11 13:00:00,14.266,12.727,5.872,5.591,0.797,0,0,0,0,0
2024-07-11 14:00:00,14.242,13.618,5.821,5.616,0.825,0,0,0,0,0
2024-07-11 15:00:00,14.84,15.915,5.796,5.642,0.825,0,0,0,0,0
2024-07-11 16:00:00,17.558,19.912,5.847,5.668,0.825,0,0,0,0,0
2024-07-11 17:00:00,17.082,18.343,5.898,5.668,0.852,0,0,0,0,0
2024-07-11 18:00:00,18.509,20.936,5.975,5.693,0.852,0,0,0,0,0
2024-07-11 19:00:00,19.46,22.369,6.102,5.693,0.852,0,0,0,0,0
2024-07-11 20:00:00,20.484,23.809,6.204,5.719,0.852,0,0,0,0,0
2024-07-11 21:00:00,18.842,19.508,6.255,5.693,0.852,0,0,0,0,0
2024-07-11 22:00:00,19.817,22.345,6.306,5.719,0.852,0,0,0,0,0
2024-07-11 23:00:00,17.558,16.773,6.357,5.693,0.88,0,0,0,0,0
2024-07-12 00:00:00,17.938,18.557,6.382,5.719,0.88,0,0,0,0,0
2024-07-12 01:00:00,16.963,17.558,6.408,5.719,0.88,0,0,0,0,0
2024-07-12 02:00:00,16.082,15.867,6.408,5.745,0.907,0,0,0,0,0
2024-07-12 03:00:00,15.676,15.843,6.408,5.745,0.907,0,0,0,0,0
2024-07-12 04:00:00,15.438,15.342,6.408,5.77,0.907,0,0,0,0,0
2024-07-12 05:00:00,14.649,14.194,6.408,5.77,0.907,0,0,0,0,0
2024-07-12 06:00:00,14.792,15.055,6.408,5.796,0.907,0,0,0,0,0
2024-07-12 07:00:00,14.194,12.485,6.357,5.796,0.934,0,0,0,0,0
2024-07-12 08:00:00,12.606,11.297,6.306,5.821,0.962,0,0,0,0,0
2024-07-12 09:00:00,12.364,10.785,6.255,5.821,0.962,0,0,0,0,0
2024-07-12 10:00:00,11.88,10.394,6.179,5.847,0.962,0,0,0,0,0
2024-07-12 11:00:00,11.613,9.854,6.102,5.872,0.962,0,0,0,0,0
2024-07-12 12:00:00,11.175,9.534,6.026,5.872,0.962,0,0,0,0,0
2024-07-12 13:00:00,10.736,7.293,5.924,5.872,0.989,0,0,0,0,0
2024-07-12 14:00:00,12.703,8.965,5.847,5.898,0.962,0,0,0,0,0
2024-07-12 15:00:00,14.745,15.414,5.898,5.949,0.962,0,0,0,0,0
2024-07-12 16:00:00,16.082,17.867,6,5.975,0.962,0,0,0,0,0
2024-07-12 17:00:00,16.487,18.461,5.949,5.949,0.989,0,0,0,0,0
2024-07-12 18:00:00,18.39,20.96,6.051,5.975,0.989,0,0,0,0,0
2024-07-12 19:00:00,18.675,21.867,6.281,5.975,0.989,0,0,0,0,0
2024-07-12 20:00:00,21.127,29.464,6.458,6,0.989,0,0,0,0,0
2024-07-12 21:00:00,20.65,23.785,6.712,5.949,1.017,0,0,0,0,0
2024-07-12 22:00:00,21.772,26.231,6.864,5.949,1.017,0,0,0,0,0
2024-07-12 23:00:00,22.92,28.916,7.066,5.975,1.017,0,0,0,0,0
2024-07-13 00:00:00,23.232,30.293,7.268,5.975,1.017,0,0,0,0,0
2024-07-13 01:00:00,23.689,30.9,7.368,6,1.017,0,0,0,0,0
2024-07-13 02:00:00,22.106,24.219,7.393,5.975,1.017,0,0,0,0,0
2024-07-13 03:00:00,21.652,22.226,7.419,6,1.044,0,0,0,0,0
2024-07-13 04:00:00,21.366,21.604,7.419,6.026,1.044,0,0,0,0,0
2024-07-13 05:00:00,21.318,21.175,7.393,6.051,1.044,0,0,0,0,0
2024-07-13 06:00:00,20.317,19.08,7.343,6.077,1.071,0,0,0,0,0
2024-07-13 07:00:00,18.604,17.272,7.343,6.102,1.071,0,0,0,0,0
2024-07-13 08:00:00,16.249,15.342,7.192,6.128,1.071,0,0,0,0,0
2024-07-13 09:00:00,16.272,14.625,7.091,6.153,1.071,0,0,0,0,0
2024-07-13 10:00:00,17.439,15.939,7.015,6.179,1.071,0,0,0,0,0
2024-07-13 11:00:00,16.225,13.016,6.914,6.179,1.071,0,0,0,0,0
2024-07-13 12:00:00,13.546,11.151,6.788,6.204,1.126,0,0,0,0,0
2024-07-13 13:00:00,11.977,10.956,6.712,6.204,1.126,0,0,0,0,0
2024-07-13 14:00:00,11.613,11.54,6.636,6.23,1.126,0,0,0,0,0
2024-07-13 15:00:00,12.292,13.112,6.585,6.255,1.126,0,0,0,0,0
2024-07-13 16:00:00,13.233,15.366,6.56,6.281,1.126,0,0,0,0,0
2024-07-13 17:00:00,14.242,17.272,6.585,6.281,1.126,0,0,0,0,0
2024-07-13 18:00:00,15.605,20.531,6.611,6.331,1.153,0,0,0,0,0
2024-07-13 19:00:00,17.177,22.705,6.737,6.331,1.153,0,0,0,0,0
2024-07-13 20:00:00,17.463,24.195,6.914,6.331,1.153,0,0,0,0,0
2024-07-13 21:00:00,19.484,27.702,7.091,6.331,1.18,0,0,0,0,0
2024-07-13 22:00:00,19.603,25.695,7.268,6.331,1.18,0,0,0,0,0
2024-07-13 23:00:00,19.936,27.628,7.393,6.331,1.18,0,0,0,0,0
2024-07-14 00:00:00,20.841,32.949,7.544,6.382,1.18,0,1,0,0,0
2024-07-14 01:00:00,19.127,21.819,7.67,6.331,1.18,0,1,0,0,0
2024-07-14 02:00:00,18.343,20.007,7.67,6.331,1.208,0,0,0,0,0
2024-07-14 03:00:00,17.915,18.01,7.645,6.357,1.208,0,0,0,0,0
2024-07-14 04:00:00,17.819,18.033,7.619,6.382,1.208,0,0,0,0,0
2024-07-14 05:00:00,17.558,17.653,7.569,6.408,1.235,0,0,0,0,0
2024-07-14 06:00:00,17.034,16.439,7.519,6.433,1.235,0,0,0,0,0
2024-07-14 07:00:00,16.558,15.891,7.444,6.433,1.235,0,0,0,0,0
2024-07-14 08:00:00,15.652,14.96,7.368,6.458,1.235,0,0,0,0,0
2024-07-14 09:00:00,15.366,14.577,7.293,6.484,1.262,0,0,0,0,0
2024-07-14 10:00:00,14.529,12.219,7.217,6.484,1.262,0,0,0,0,0
2024-07-14 11:00:00,12.678,10.907,7.066,6.509,1.289,0,0,0,0,0
2024-07-14 12:00:00,12.195,10.858,7.041,6.535,1.289,0,0,0,0,0
2024-07-14 13:00:00,12.195,11.151,6.965,6.56,1.317,0,0,0,0,0
2024-07-14 14:00:00,11.467,11.102,6.889,6.737,1.317,0,0,0,0,0
2024-07-14 15:00:00,12.292,11.856,6.813,6.763,1.317,0,0,0,0,0
2024-07-14 16:00:00,13.353,13.858,6.813,6.788,1.344,0,0,0,0,0
2024-07-14 17:00:00,13.882,14.242,6.813,6.788,1.344,0,0,0,0,0
2024-07-14 18:00:00,13.738,13.93,6.611,6.687,1.235,0,0,0,0,0
2024-07-14 19:00:00,13.425,14.337,6.813,6.813,1.344,0,0,0,0,0
2024-07-14 20:00:00,14.601,17.296,6.864,6.788,1.371,0,0,0,0,0
2024-07-14 21:00:00,15.557,18.176,6.94,6.788,1.371,0,0,0,0,0
2024-07-14 22:00:00,16.225,19.912,7.015,6.737,1.371,0,0,0,0,0
2024-07-14 23:00:00,16.511,19.984,7.116,6.712,1.371,0,0,0,0,0
2024-07-15 00:00:00,16.272,19.413,7.217,6.661,1.398,0,0,0,0,0
2024-07-15 01:00:00,16.225,19.698,7.318,6.636,1.371,0,0,0,0,0
2024-07-15 02:00:00,17.249,22.369,7.444,6.636,1.398,0,0,0,0,0
2024-07-15 03:00:00,16.963,20.913,7.494,6.611,1.398,0,0,0,0,0
2024-07-15 04:00:00,15.963,16.63,7.519,6.611,1.398,0,0,0,0,0
2024-07-15 05:00:00,15.199,15.055,7.519,6.611,1.398,0,0,0,0,0
2024-07-15 06:00:00,14.266,13.522,7.469,6.636,1.398,0,0,0,0,0
2024-07-15 07:00:00,11.832,11.078,7.419,6.636,1.398,0,0,0,0,0
2024-07-15 08:00:00,11.37,10.394,7.318,6.661,1.425,0,0,0,0,0
2024-07-15 09:00:00,10.785,9.064,7.217,6.661,1.425,0,0,0,0,0
2024-07-15 10:00:00,10.443,8.792,7.116,6.687,1.453,0,0,0,0,0
2024-07-15 11:00:00,10.075,8.568,7.015,6.687,1.453,0,0,0,0,0
2024-07-15 12:00:00,9.952,9.287,6.914,6.712,1.453,0,0,0,0,0
2024-07-15 13:00:00,9.879,9.756,6.864,6.788,1.453,0,0,0,0,0
2024-07-15 14:00:00,8.519,8.494,6.813,6.839,1.453,0,0,0,0,0
2024-07-15 15:00:00,8.618,9.114,6.737,6.839,1.453,0,0,0,0,0
2024-07-15 16:00:00,8.519,9.509,6.687,6.839,1.48,0,0,0,0,0
2024-07-15 17:00:00,9.188,10.638,6.661,6.839,1.48,0,0,0,0,0
2024-07-15 18:00:00,9.805,11.419,6.661,6.864,1.48,0,0,0,0,0
2024-07-15 19:00:00,10.883,13.257,6.661,6.864,1.48,0,0,0,0,0
2024-07-15 20:00:00,12.968,17.058,6.763,6.864,1.48,0,0,0,0,0
2024-07-15 21:00:00,12.122,14.074,6.813,6.813,1.507,0,0,0,0,0
2024-07-15 22:00:00,13.57,17.082,6.94,6.813,1.507,0,0,0,0,0
2024-07-15 23:00:00,14.577,18.343,7.015,6.813,1.507,0,0,0,0,0
2024-07-16 00:00:00,15.772,23.448,6.914,6.687,1.262,0,0,0,0,0
2024-07-16 01:00:00,15.939,26.012,7.217,6.813,1.507,0,0,0,0,0
2024-07-16 02:00:00,14.768,17.153,7.242,6.788,1.507,0,0,0,0,0
2024-07-16 03:00:00,15.175,22.609,7.091,6.636,1.289,0,0,0,0,0
2024-07-16 04:00:00,15.175,21.676,7.293,6.763,1.507,0,0,0,0,0
2024-07-16 05:00:00,14.577,13.954,7.217,6.737,1.507,0,0,0,0,0
2024-07-16 06:00:00,12.775,9.682,7.142,6.712,1.507,0,0,0,0,0
2024-07-16 07:00:00,10.492,4.714,6.99,6.712,1.534,0,0,0,0,0
2024-07-16 08:00:00,8.22,2.477,6.813,6.712,1.561,0,0,0,0,0
2024-07-16 09:00:00,6.535,0.495,6.636,6.712,1.561,0,0,0,0,0
2024-07-16 10:00:00,3.67,-1.213,6.433,6.712,1.588,0,0,0,0,0
2024-07-16 11:00:00,2.53,-1.527,6.255,6.712,1.588,0,0,0,0,0
2024-07-16 12:00:00,2.797,-1.613,6.077,6.712,1.588,0,0,0,0,0
2024-07-16 13:00:00,2.155,-1.1,5.898,6.712,1.588,0,0,0,0,0
2024-07-16 14:00:00,4.61,1.751,5.77,6.712,1.561,0,0,0,0,0
2024-07-16 15:00:00,9.064,8.841,5.796,6.737,1.561,0,0,0,0,0
2024-07-16 16:00:00,11.613,13.353,5.872,6.763,1.534,0,0,0,0,0
2024-07-16 17:00:00,13.714,15.772,5.821,6.737,1.534,0,0,0,0,0
2024-07-16 18:00:00,15.509,18.081,5.924,6.712,1.534,0,0,0,0,0
2024-07-16 19:00:00,15.485,17.772,6.026,6.661,1.534,0,0,0,0,0
2024-07-16 20:00:00,15.629,19.27,6.077,6.661,1.534,0,0,0,0,0
2024-07-16 21:00:00,17.439,26.012,6.23,6.661,1.534,0,0,0,0,0
2024-07-16 22:00:00,13.257,11.929,6.281,6.585,1.561,0,1,0,0,0
2024-07-16 23:00:00,17.082,24.339,6.458,6.687,1.534,0,1,0,0,0
2024-07-17 00:00:00,15.438,19.413,6.535,6.661,1.534,0,0,0,0,0
2024-07-17 01:00:00,13.786,13.954,6.585,6.636,1.534,0,0,0,0,0
2024-07-17 02:00:00,10.834,12.871,6.585,6.661,1.561,0,0,0,0,0
2024-07-17 03:00:00,11.783,12.775,6.636,6.661,1.561,0,0,0,0,0
2024-07-17 04:00:00,13.137,16.749,6.661,6.636,1.534,0,0,0,0,0
2024-07-17 05:00:00,12.63,10.418,6.611,6.611,1.534,0,0,0,0,0
2024-07-17 06:00:00,11.102,8.319,6.433,6.585,1.48,0,0,0,0,0
2024-07-17 07:00:00,11.2,10.075,6.509,6.636,1.561,0,0,0,0,0
2024-07-17 08:00:00,9.78,6.839,6.433,6.611,1.561,0,0,0,0,0
2024-07-17 09:00:00,7.77,4.089,6.281,6.636,1.561,0,0,0,0,0
2024-07-17 10:00:00,5.975,1.344,6.128,6.611,1.561,0,0,0,0,0
2024-07-17 11:00:00,4.011,-0.06,5.949,6.636,1.588,0,0,0,0,0
2024-07-17 12:00:00,3.459,-0.199,5.796,6.611,1.588,0,0,0,0,0
2024-07-17 13:00:00,3.538,0.577,5.642,6.611,1.561,0,0,0,0,0
2024-07-17 14:00:00,4.402,4.973,5.462,6.611,1.534,0,0,0,0,0
2024-07-17 15:00:00,6.051,6.914,5.539,6.636,1.534,0,0,0,0,0
2024-07-17 16:00:00,8.195,9.977,5.488,6.636,1.534,0,0,0,0,0
2024-07-17 17:00:00,12.098,15.986,5.36,6.585,1.344,0,0,0,0,0
2024-07-17 18:00:00,13.088,17.796,5.642,6.611,1.534,0,0,0,0,0
2024-07-17 19:00:00,13.786,17.629,5.719,6.585,1.534,0,0,0,0,0
2024-07-17 20:00:00,13.497,18.557,5.847,6.535,1.507,0,0,0,0,0
2024-07-17 21:00:00,16.654,25.914,6.077,6.56,1.507,0,0,0,0,0
2024-07-17 22:00:00,17.701,25.016,6.331,6.509,1.507,0,0,0,0,0
2024-07-17 23:00:00,17.558,26.182,6.23,6.281,1.235,0,0,0,0,0
2024-07-18 00:00:00,17.13,23.497,6.661,6.433,1.507,0,0,0,0,0
2024-07-18 01:00:00,17.629,29.315,6.813,6.433,1.507,0,0,0,0,0
2024-07-18 02:00:00,16.272,23.04,6.889,6.408,1.507,0,0,0,0,0
2024-07-18 03:00:00,17.225,23.424,6.965,6.433,1.507,0,0,0,0,0
2024-07-18 04:00:00,15.509,16.487,6.965,6.408,1.507,0,0,0,0,0
2024-07-18 05:00:00,15.247,15.772,6.94,6.433,1.507,0,0,0,0,0
2024-07-18 06:00:00,14.194,10.59,6.813,6.433,1.507,0,0,0,0,0
2024-07-18 07:00:00,10.32,4.454,6.661,6.433,1.534,0,0,0,0,0
2024-07-18 08:00:00,7.895,2.343,6.484,6.458,1.534,0,0,0,0,0
2024-07-18 09:00:00,6.737,2.047,6.331,6.458,1.534,0,0,0,0,0
2024-07-18 10:00:00,5.616,1.615,6.179,6.484,1.534,0,0,0,0,0
2024-07-18 11:00:00,5.385,2.53,6,6.484,1.534,0,0,0,0,0
2024-07-18 12:00:00,4.74,3.221,5.898,6.509,1.534,0,0,0,0,0
2024-07-18 13:00:00,5.231,4.376,5.796,6.509,1.534,0,0,0,0,0
2024-07-18 14:00:00,6.077,2.37,5.693,6.509,1.507,0,0,0,0,0
2024-07-18 15:00:00,9.188,9.41,5.668,6.535,1.507,0,0,0,0,0
2024-07-18 16:00:00,10.712,12.63,5.719,6.535,1.507,0,0,0,0,0
2024-07-18 17:00:00,11.686,15.366,5.668,6.535,1.507,0,0,0,0,0
2024-07-18 18:00:00,12.654,15.199,5.719,6.509,1.507,0,0,0,0,0
2024-07-18 19:00:00,13.088,15.509,5.745,6.484,1.507,0,0,0,0,0
2024-07-18 20:00:00,14.529,18.652,5.872,6.484,1.507,0,0,0,0,0
2024-07-18 21:00:00,14.17,15.581,5.949,6.458,1.507,0,0,0,0,0
2024-07-18 22:00:00,14.888,17.153,6.051,6.458,1.507,0,0,0,0,0
2024-07-18 23:00:00,15.055,20.388,6.179,6.458,1.507,0,0,0,0,0
2024-07-19 00:00:00,15.414,18.771,6.306,6.433,1.507,0,0,0,0,0
2024-07-19 01:00:00,15.986,20.15,6.357,6.433,1.507,0,0,0,0,0
2024-07-19 02:00:00,16.106,21.056,6.408,6.433,1.507,0,0,0,0,0
2024-07-19 03:00:00,16.749,24.171,6.484,6.433,1.507,0,0,0,0,0
2024-07-19 04:00:00,15.652,16.749,6.484,6.433,1.507,0,0,0,0,0
2024-07-19 05:00:00,15.986,17.32,6.509,6.433,1.507,0,0,0,0,0
2024-07-19 06:00:00,14.529,13.449,6.458,6.433,1.507,0,0,0,0,0
2024-07-19 07:00:00,12.05,6.204,6.357,6.433,1.534,0,0,0,0,0
2024-07-19 08:00:00,10.222,5.102,6.23,6.433,1.534,0,0,0,0,0
2024-07-19 09:00:00,9.04,3.512,6.102,6.433,1.561,0,0,0,0,0
2024-07-19 10:00:00,6.889,2.37,5.949,6.433,1.561,0,0,0,0,0
2024-07-19 11:00:00,6.788,4.74,5.847,6.458,1.534,0,0,0,0,0
2024-07-19 12:00:00,5.821,2.047,5.693,6.433,1.561,0,0,0,0,0
2024-07-19 13:00:00,5.437,2.93,5.591,6.458,1.534,0,0,0,0,0
2024-07-19 14:00:00,7.343,5.949,5.514,6.458,1.534,0,0,0,0,0
2024-07-19 15:00:00,10.712,11.321,5.514,6.484,1.507,0,0,0,0,0
2024-07-19 16:00:00,12.751,14.074,5.539,6.484,1.507,0,0,0,0,0
2024-07-19 17:00:00,13.353,15.079,5.514,6.458,1.507,0,0,0,0,0
2024-07-19 18:00:00,16.463,20.317,5.642,6.484,1.507,0,0,0,0,0
2024-07-19 19:00:00,17.534,22.441,5.745,6.458,1.507,0,0,0,0,0
2024-07-19 20:00:00,17.748,22.944,5.924,6.433,1.507,0,0,0,0,0
2024-07-19 21:00:00,18.937,25.258,6.128,6.433,1.507,0,0,0,0,0
2024-07-19 22:00:00,20.317,26.304,6.331,6.433,1.507,0,0,0,0,0
2024-07-19 23:00:00,20.746,29.015,6.509,6.408,1.507,0,0,0,0,0
2024-07-20 00:00:00,20.746,28.791,6.712,6.433,1.507,0,0,0,0,0
2024-07-20 01:00:00,20.269,25.065,6.864,6.382,1.507,0,0,0,0,0
2024-07-20 02:00:00,20.293,24.363,6.99,6.382,1.507,0,0,0,0,0
2024-07-20 03:00:00,20.222,24.726,7.066,6.408,1.507,0,0,0,0,0
2024-07-20 04:00:00,20.222,22.633,7.091,6.433,1.507,0,0,0,0,0
2024-07-20 05:00:00,19.08,19.127,7.066,6.433,1.507,0,0,0,0,0
2024-07-20 06:00:00,17.701,13.762,6.99,6.433,1.507,0,0,0,0,0
2024-07-20 07:00:00,15.843,12.678,6.889,6.458,1.507,0,0,0,0,0
2024-07-20 08:00:00,12.968,7.77,6.763,6.484,1.534,0,0,0,0,0
2024-07-20 09:00:00,10.834,5.539,6.636,6.484,1.534,0,0,0,0,0
2024-07-20 10:00:00,9.312,3.906,6.458,6.509,1.534,0,0,0,0,0
2024-07-20 11:00:00,7.895,3.009,6.306,6.535,1.561,0,0,0,0,0
2024-07-20 12:00:00,7.142,3.38,6.179,6.56,1.561,0,0,0,0,0
2024-07-20 13:00:00,6.687,5.591,6.051,6.56,1.561,0,0,0,0,0
2024-07-20 14:00:00,8.494,8.792,6,6.585,1.534,0,0,0,0,0
2024-07-20 15:00:00,11.953,13.546,6,6.611,1.534,0,0,0,0,0
2024-07-20 16:00:00,14.409,16.439,6,6.636,1.534,0,0,0,0,0
2024-07-20 17:00:00,15.652,18.176,6,6.636,1.534,0,0,0,0,0
2024-07-20 18:00:00,16.415,20.246,6.077,6.611,1.534,0,0,0,0,0
2024-07-20 19:00:00,17.677,22.561,6.179,6.636,1.534,0,0,0,0,0
2024-07-20 20:00:00,17.772,21.509,6.408,6.585,1.534,0,0,0,0,0
2024-07-20 21:00:00,18.652,22.13,6.509,6.585,1.534,0,0,0,0,0
2024-07-20 22:00:00,21.008,26.061,6.611,6.611,1.561,0,0,0,0,0
2024-07-20 23:00:00,21.843,31.204,6.788,6.611,1.561,0,0,0,0,0
2024-07-21 00:00:00,22.082,32.924,6.965,6.611,1.561,0,0,0,0,0
2024-07-21 01:00:00,22.585,33.887,7.116,6.611,1.561,0,0,0,0,0
2024-07-21 02:00:00,22.681,32.201,7.217,6.585,1.561,0,0,0,0,0
2024-07-21 03:00:00,22.082,29.69,7.318,6.611,1.561,0,0,0,0,0
2024-07-21 04:00:00,22.202,27.604,7.343,6.611,1.561,0,0,0,0,0
2024-07-21 05:00:00,20.865,20.293,7.318,6.611,1.561,0,0,0,0,0
2024-07-21 06:00:00,19.389,16.796,7.217,6.636,1.561,0,0,0,0,0
2024-07-21 07:00:00,15.772,9.879,7.116,6.636,1.588,0,0,0,0,0
2024-07-21 08:00:00,13.473,8.22,6.965,6.661,1.615,0,0,0,0,0
2024-07-21 09:00:00,11.613,7.519,6.864,6.687,1.615,0,0,0,0,0
2024-07-21 10:00:00,9.706,4.792,6.712,6.687,1.615,0,0,0,0,0
2024-07-21 11:00:00,8.717,3.827,6.535,6.712,1.615,0,0,0,0,0
2024-07-21 12:00:00,7.217,3.195,6.382,6.737,1.615,0,0,0,0,0
2024-07-21 13:00:00,7.293,3.775,6.255,6.737,1.615,0,0,0,0,0
2024-07-21 14:00:00,8.319,5.282,6.153,6.763,1.615,0,0,0,0,0
2024-07-21 15:00:00,11.977,12.461,6.153,6.788,1.615,0,0,0,0,0
2024-07-21 16:00:00,15.509,17.701,6.255,6.813,1.615,0,0,0,0,0
2024-07-21 17:00:00,17.415,21.079,6.255,6.813,1.615,0,0,0,0,0
2024-07-21 18:00:00,18.081,22.776,6.331,6.788,1.615,0,0,0,0,0
2024-07-21 19:00:00,19.175,23.737,6.458,6.788,1.615,0,0,0,0,0
2024-07-21 20:00:00,20.913,29.14,6.661,6.788,1.615,0,0,0,0,0
2024-07-21 21:00:00,21.963,30.419,6.864,6.788,1.643,0,0,0,0,0
2024-07-21 22:00:00,21.795,26.329,7.066,6.763,1.615,0,0,0,0,0
2024-07-21 23:00:00,23.713,32.458,7.293,6.763,1.643,0,0,0,0,0
2024-07-22 00:00:00,24.074,34.202,7.519,6.763,1.643,0,0,0,0,0
2024-07-22 01:00:00,24.05,33.548,7.67,6.788,1.643,0,0,0,0,0
2024-07-22 02:00:00,24.243,34.097,7.77,6.788,1.643,0,0,0,0,0
2024-07-22 03:00:00,23.689,29.215,7.845,6.788,1.643,0,0,0,0,0
2024-07-22 04:00:00,22.321,23.857,7.845,6.788,1.643,0,0,0,0,0
2024-07-22 05:00:00,21.843,22.082,7.77,6.813,1.643,0,0,0,0,0
2024-07-22 06:00:00,20.603,16.773,7.72,6.839,1.67,0,0,0,0,0
2024-07-22 07:00:00,17.486,11.151,7.569,6.839,1.67,0,0,0,0,0
2024-07-22 08:00:00,14.84,9.04,7.444,6.864,1.67,0,0,0,0,0
2024-07-22 09:00:00,12.92,8.145,7.293,6.914,1.697,0,0,0,0,0
2024-07-22 10:00:00,12.461,8.17,7.142,6.94,1.697,0,0,0,0,0
2024-07-22 11:00:00,9.657,4.895,6.99,6.94,1.724,0,0,0,0,0
2024-07-22 12:00:00,8.693,4.792,6.813,6.965,1.724,0,0,0,0,0
2024-07-22 13:00:00,8.742,5.334,6.712,6.99,1.724,0,0,0,0,0
2024-07-22 14:00:00,10.198,6.94,6.585,6.99,1.724,0,0,0,0,0
2024-07-22 15:00:00,13.546,14.529,6.611,7.041,1.697,0,0,0,0,0
2024-07-22 16:00:00,16.487,18.747,6.687,7.041,1.724,0,0,0,0,0
2024-07-22 17:00:00,18.057,21.223,6.661,7.041,1.724,0,0,0,0,0
2024-07-22 18:00:00,18.842,23.088,6.788,7.041,1.724,0,0,0,0,0
2024-07-22 19:00:00,20.507,25.914,6.914,7.041,1.724,0,0,0,0,0
2024-07-22 20:00:00,22.393,30.95,7.167,7.041,1.724,0,0,0,0,0
2024-07-22 21:00:00,24.315,32.846,7.393,7.041,1.751,0,0,0,0,0
2024-07-22 22:00:00,25.331,29.24,7.594,7.041,1.751,0,0,0,0,0
2024-07-22 23:00:00,26.524,36.389,7.92,7.041,1.751,0,0,0,0,0
2024-07-23 00:00:00,26.744,33.105,8.095,7.015,1.751,0,0,0,0,0
2024-07-23 01:00:00,27.284,35.582,8.245,7.041,1.751,0,0,0,0,0
2024-07-23 02:00:00,27.161,37.508,8.394,7.041,1.751,0,0,0,0,0
2024-07-23 03:00:00,27.308,34.81,8.394,7.066,1.751,0,0,0,0,0
2024-07-23 04:00:00,26.304,30.798,8.419,7.066,1.778,0,0,0,0,0
2024-07-23 05:00:00,25.162,25.258,8.394,7.091,1.778,0,0,0,0,0
2024-07-23 06:00:00,23.256,21.318,8.319,7.091,1.778,0,0,0,0,0
2024-07-23 07:00:00,20.96,14.888,8.22,7.116,1.778,0,0,0,0,0
2024-07-23 08:00:00,17.724,13.401,8.095,7.142,1.778,0,0,0,0,0
2024-07-23 09:00:00,16.534,11.175,7.97,7.167,1.805,0,0,0,0,0
2024-07-23 10:00:00,14.433,9.608,7.82,7.192,1.832,0,0,0,0,0
2024-07-23 11:00:00,13.978,8.668,7.695,7.242,1.832,0,0,0,0,0
2024-07-23 12:00:00,12.606,8.344,7.544,7.242,1.832,0,0,0,0,0
2024-07-23 13:00:00,13.714,9.41,7.419,7.268,1.832,0,0,0,0,0
2024-07-23 14:00:00,14.457,12.122,7.343,7.293,1.832,0,0,0,0,0
2024-07-23 15:00:00,14.314,14.17,7.293,7.318,1.832,0,0,0,0,0
2024-07-23 16:00:00,17.772,19.817,7.343,7.343,1.832,0,0,0,0,0
2024-07-23 17:00:00,21.39,24.146,7.494,7.368,1.832,0,0,0,0,0
2024-07-23 18:00:00,23.064,26.5,7.519,7.368,1.832,0,0,0,0,0
2024-07-23 19:00:00,24.702,28.593,7.745,7.368,1.859,0,0,0,0,0
2024-07-23 20:00:00,26.744,34.44,7.97,7.368,1.886,0,0,0,0,0
2024-07-23 21:00:00,27.087,36.552,8.17,7.368,1.886,0,0,0,0,0
2024-07-23 22:00:00,27.825,32.407,8.394,7.368,1.886,0,0,0,0,0
2024-07-23 23:00:00,26.793,32.639,8.618,7.368,1.886,0,0,0,0,0
2024-07-24 00:00:00,28.468,38.644,8.866,7.368,1.913,0,0,0,0,0
2024-07-24 01:00:00,28.642,35.716,8.99,7.393,1.913,0,0,0,0,0
2024-07-24 02:00:00,28.667,38.449,9.089,7.393,1.913,0,0,0,0,0
2024-07-24 03:00:00,28.965,37.124,9.114,7.444,1.913,0,0,0,0,0
2024-07-24 04:00:00,27.702,32.717,9.089,7.444,1.913,0,0,0,0,0
2024-07-24 05:00:00,26.622,26.061,9.04,7.444,1.94,0,0,0,0,0
2024-07-24 06:00:00,25.38,18.747,8.916,7.469,1.94,0,0,0,0,0
2024-07-24 07:00:00,21.318,15.652,8.767,7.519,1.94,0,0,0,0,0
2024-07-24 08:00:00,18.224,12.389,8.643,7.544,1.967,0,0,0,0,0
2024-07-24 09:00:00,15.557,10.173,8.469,7.569,1.967,0,0,0,0,0
2024-07-24 10:00:00,13.93,8.469,8.319,7.594,1.994,0,0,0,0,0
2024-07-24 11:00:00,12.485,7.82,8.145,7.619,1.994,0,0,0,0,0
2024-07-24 12:00:00,12.05,7.469,7.995,7.645,1.994,0,0,0,0,0
2024-07-24 13:00:00,12.05,8.195,7.845,7.645,1.994,0,0,0,0,0
2024-07-24 14:00:00,13.305,9.632,7.72,7.67,1.994,0,0,0,0,0
2024-07-24 15:00:00,17.011,17.843,7.745,7.72,1.994,0,0,0,0,0
2024-07-24 16:00:00,21.008,23.04,7.97,7.745,1.994,0,0,0,0,0
2024-07-24 17:00:00,23.28,26.28,7.97,7.745,2.021,0,0,0,0,0
2024-07-24 18:00:00,25.21,28.916,8.02,7.745,2.047,0,0,0,0,0
2024-07-24 19:00:00,26.426,31.765,8.17,7.745,2.047,0,0,0,0,0
