Timestamp_UTC,AirTemp_C,GroundTemp_0cm_C,GroundTemp_10p5cm_C,GroundTemp_23cm_C,GroundTemp_34p5cm_C,QC_AirTemp_C,QC_GroundTemp_0cm_C,QC_GroundTemp_10p5cm_C,QC_GroundTemp_23cm_C,QC_GroundTemp_34p5cm_C
2025-01-11 19:00:00,-26.49,-10.7922222222222,-10.4761111111111,-9.885,-9.43888888888889,0,0,0,0,0
2025-01-11 20:00:00,-26.0772222222222,-10.6511111111111,-10.4061111111111,-9.81611111111111,-9.37111111111111,0,0,0,0,0
2025-01-11 21:00:00,-22.7288888888889,-10.6511111111111,-10.4061111111111,-9.81611111111111,-9.37111111111111,0,0,0,0,0
2025-01-11 22:00:00,-20.12,-10.6511111111111,-10.4061111111111,-9.81611111111111,-9.37111111111111,0,0,0,0,0
2025-01-11 23:00:00,-17.8127777777778,-10.6161111111111,-10.4061111111111,-9.81611111111111,-9.37111111111111,0,0,0,0,0
2025-01-12 00:00:00,-19.3772222222222,-10.6161111111111,-10.4061111111111,-9.81611111111111,-9.37111111111111,0,0,0,0,0
2025-01-12 01:00:00,-19.1027777777778,-10.6161111111111,-10.4061111111111,-9.78222222222222,-9.37111111111111,0,0,0,0,0
2025-01-12 02:00:00,-17.4238888888889,-10.6161111111111,-10.3711111111111,-9.78222222222222,-9.33722222222222,0,0,0,0,0
2025-01-12 03:00:00,-16.9122222222222,-10.6161111111111,-10.3711111111111,-9.78222222222222,-9.33722222222222,0,0,0,0,0
2025-01-12 04:00:00,-14.865,-10.5811111111111,-10.3711111111111,-9.78222222222222,-9.33722222222222,0,0,0,0,0
2025-01-12 05:00:00,-15.1038888888889,-10.5811111111111,-10.3711111111111,-9.78222222222222,-9.33722222222222,0,0,0,0,0
2025-01-12 06:00:00,-14.4711111111111,-10.5461111111111,-10.3361111111111,-9.78222222222222,-9.33722222222222,0,0,0,0,0
2025-01-12 07:00:00,-15.385,-10.5461111111111,-10.3361111111111,-9.78222222222222,-9.33722222222222,0,0,0,0,0
2025-01-12 08:00:00,-15.0638888888889,-10.5111111111111,-10.3361111111111,-9.74722222222222,-9.33722222222222,0,0,0,0,0
2025-01-12 09:00:00,-16.2427777777778,-10.4761111111111,-10.3011111111111,-9.74722222222222,-9.33722222222222,0,0,0,0,0
2025-01-12 10:00:00,-16.8277777777778,-10.4761111111111,-10.2661111111111,-9.74722222222222,-9.30277777777778,0,0,0,0,0
2025-01-12 11:00:00,-18.6522222222222,-10.4411111111111,-10.2661111111111,-9.71277777777778,-9.33722222222222,0,0,0,0,0
2025-01-12 12:00:00,-18.9222222222222,-10.4061111111111,-10.2661111111111,-9.71277777777778,-9.30277777777778,0,0,0,0,0
2025-01-12 13:00:00,-20.8827777777778,-10.4061111111111,-10.2311111111111,-9.71277777777778,-9.30277777777778,0,0,0,0,0
2025-01-12 14:00:00,-19.6538888888889,-10.3711111111111,-10.2311111111111,-9.71277777777778,-9.30277777777778,0,0,0,0,0
2025-01-12 15:00:00,-19.3311111111111,-10.3361111111111,-10.1972222222222,-9.67888888888889,-9.26888888888889,0,0,0,0,0
2025-01-12 16:00:00,-19.3311111111111,-10.3011111111111,-10.1622222222222,-9.67888888888889,-9.26888888888889,0,0,0,0,0
2025-01-12 17:00:00,-19.7461111111111,-10.3011111111111,-10.1622222222222,-9.64388888888889,-9.26888888888889,0,0,0,0,0
2025-01-12 18:00:00,-20.0727777777778,-10.2661111111111,-10.1272222222222,-9.64388888888889,-9.26888888888889,0,0,0,0,0
2025-01-12 19:00:00,-19.3311111111111,-10.2661111111111,-10.1272222222222,-9.64388888888889,-9.235,0,0,0,0,0
2025-01-12 20:00:00,-18.2961111111111,-10.2311111111111,-10.0922222222222,-9.61,-9.235,0,0,0,0,0
2025-01-12 21:00:00,-18.9222222222222,-10.2311111111111,-10.0922222222222,-9.61,-9.235,0,0,0,0,0
2025-01-12 22:00:00,-18.12,-10.2311111111111,-10.0577777777778,-9.57611111111111,-9.20222222222222,0,0,0,0,0
2025-01-12 23:00:00,-16.9972222222222,-10.1972222222222,-10.0577777777778,-9.57611111111111,-9.20222222222222,0,0,0,0,0
2025-01-13 00:00:00,-16.2838888888889,-10.1972222222222,-10.0577777777778,-9.57611111111111,-9.20222222222222,0,0,0,0,0
2025-01-13 01:00:00,-15.5472222222222,-10.1622222222222,-10.0577777777778,-9.57611111111111,-9.20222222222222,0,0,0,0,0
2025-01-13 02:00:00,-15.0238888888889,-10.1622222222222,-10.0227777777778,-9.54222222222222,-9.16777777777778,0,0,0,0,0
2025-01-13 03:00:00,-14.3922222222222,-10.1622222222222,-10.0227777777778,-9.54222222222222,-9.16777777777778,0,0,0,0,0
2025-01-13 04:00:00,-13.9261111111111,-10.1272222222222,-9.98888888888889,-9.54222222222222,-9.16777777777778,0,0,0,0,0
2025-01-13 05:00:00,-13.315,-10.1272222222222,-9.98888888888889,-9.54222222222222,-9.13388888888889,0,0,0,0,0
2025-01-13 06:00:00,-12.8627777777778,-10.1272222222222,-9.98888888888889,-9.50777777777778,-9.13388888888889,0,0,0,0,0
2025-01-13 07:00:00,-12.38,-10.0922222222222,-9.95388888888889,-9.50777777777778,-9.13388888888889,0,0,0,0,0
2025-01-13 08:00:00,-11.04,-10.0577777777778,-9.91888888888889,-9.50777777777778,-9.13388888888889,0,0,0,0,0
2025-01-13 09:00:00,-10.4411111111111,-10.0227777777778,-9.91888888888889,-9.47277777777778,-9.13388888888889,0,0,0,0,0
2025-01-13 10:00:00,-11.2177777777778,-9.98888888888889,-9.885,-9.47277777777778,-9.1,0,0,0,0,0
2025-01-13 11:00:00,-10.8272222222222,-9.95388888888889,-9.85111111111111,-9.43888888888889,-9.1,1,0,0,0,0
2025-01-13 12:00:00,1.45277777777778,-9.91888888888889,-9.85111111111111,-9.43888888888889,-9.1,1,0,0,0,0
2025-01-13 13:00:00,-0.93,-9.91888888888889,-9.81611111111111,-9.43888888888889,-9.06611111111111,0,0,0,0,0
2025-01-13 14:00:00,-0.535000000000001,-9.85111111111111,-9.78222222222222,-9.405,-9.06611111111111,0,0,0,0,0
2025-01-13 15:00:00,-2.97611111111111,-9.81611111111111,-9.74722222222222,-9.405,-9.06611111111111,0,0,0,0,0
2025-01-13 16:00:00,-1.38388888888889,-9.71277777777778,-9.71277777777778,-9.37111111111111,-9.06611111111111,0,0,0,0,0
2025-01-13 17:00:00,-3.00611111111111,-9.67888888888889,-9.67888888888889,-9.37111111111111,-9.03277777777778,0,0,0,0,0
2025-01-13 18:00:00,-0.98611111111111,-9.57611111111111,-9.64388888888889,-9.33722222222222,-9.03277777777778,0,0,0,0,0
2025-01-13 19:00:00,0.412222222222221,-9.54222222222222,-9.57611111111111,-9.30277777777778,-8.99888888888889,0,0,0,0,0
2025-01-13 20:00:00,0.550000000000001,-9.47277777777778,-9.54222222222222,-9.30277777777778,-8.99888888888889,0,0,0,0,0
2025-01-13 21:00:00,0.962222222222222,-9.43888888888889,-9.50777777777778,-9.26888888888889,-8.965,0,0,0,0,0
2025-01-13 22:00:00,0.438888888888888,-9.37111111111111,-9.43888888888889,-9.235,-8.965,0,0,0,0,0
2025-01-13 23:00:00,-0.902222222222222,-9.26888888888889,-9.405,-9.20222222222222,-8.93222222222222,0,0,0,0,0
2025-01-14 00:00:00,-1.27,-9.20222222222222,-9.37111111111111,-9.16777777777778,-8.93222222222222,0,0,0,0,0
2025-01-14 01:00:00,-3.00611111111111,-9.16777777777778,-9.30277777777778,-9.16777777777778,-8.89777777777778,0,0,0,0,0
2025-01-14 02:00:00,-1.1,-9.1,-9.26888888888889,-9.1,-8.86388888888889,0,0,0,0,0
2025-01-14 03:00:00,-0.255,-9.03277777777778,-9.20222222222222,-9.06611111111111,-8.86388888888889,0,0,0,0,0
2025-01-14 04:00:00,-1.185,-8.99888888888889,-9.16777777777778,-9.03277777777778,-8.83111111111111,0,0,0,0,0
2025-01-14 05:00:00,-2.305,-8.93222222222222,-9.1,-9.03277777777778,-8.79722222222222,0,0,0,0,0
2025-01-14 06:00:00,-1.58388888888889,-8.89777777777778,-9.06611111111111,-8.965,-8.76388888888889,0,0,0,0,0
2025-01-14 07:00:00,-2.21777777777778,-8.83111111111111,-9.03277777777778,-8.965,-8.76388888888889,0,0,0,0,0
2025-01-14 08:00:00,-2.71222222222222,-8.76388888888889,-8.965,-8.89777777777778,-8.73,0,0,0,0,0
2025-01-14 09:00:00,-2.74222222222222,-8.73,-8.93222222222222,-8.89777777777778,-8.69722222222222,0,0,0,0,0
2025-01-14 10:00:00,-3.035,-8.69722222222222,-8.89777777777778,-8.83111111111111,-8.66277777777778,0,0,0,0,0
2025-01-14 11:00:00,-4.49888888888889,-8.63,-8.86388888888889,-8.83111111111111,-8.66277777777778,0,0,0,0,0
2025-01-14 12:00:00,-5.04888888888889,-8.59722222222222,-8.79722222222222,-8.79722222222222,-8.63,0,0,0,0,0
2025-01-14 13:00:00,-7.05777777777778,-8.59722222222222,-8.76388888888889,-8.76388888888889,-8.59722222222222,0,0,0,0,0
2025-01-14 14:00:00,-9.03277777777778,-8.56277777777778,-8.73,-8.73,-8.56277777777778,0,0,0,0,0
2025-01-14 15:00:00,-8.49722222222222,-8.53,-8.69722222222222,-8.69722222222222,-8.53,0,0,0,0,0
2025-01-14 16:00:00,-7.155,-8.53,-8.69722222222222,-8.66277777777778,-8.49722222222222,0,0,0,0,0
2025-01-14 17:00:00,-6.83388888888889,-8.53,-8.66277777777778,-8.63,-8.49722222222222,0,0,0,0,0
2025-01-14 18:00:00,-7.31611111111111,-8.53,-8.66277777777778,-8.59722222222222,-8.46277777777778,0,0,0,0,0
2025-01-14 19:00:00,-7.575,-8.53,-8.63,-8.56277777777778,-8.43,0,0,0,0,0
2025-01-14 20:00:00,-11.65,-8.53,-8.63,-8.56277777777778,-8.43,0,0,0,0,0
2025-01-14 21:00:00,-15.5061111111111,-8.49722222222222,-8.63,-8.53,-8.39722222222222,0,0,0,0,0
2025-01-14 22:00:00,-14.6277777777778,-8.49722222222222,-8.59722222222222,-8.53,-8.36388888888889,0,0,0,0,0
2025-01-14 23:00:00,-18.8772222222222,-8.53,-8.59722222222222,-8.49722222222222,-8.36388888888889,0,0,0,0,0
2025-01-15 00:00:00,-18.8772222222222,-8.56277777777778,-8.59722222222222,-8.46277777777778,-8.33111111111111,0,0,0,0,0
2025-01-15 01:00:00,-21.37,-8.59722222222222,-8.59722222222222,-8.46277777777778,-8.29722222222222,0,0,0,0,0
2025-01-15 02:00:00,-22.4222222222222,-8.66277777777778,-8.63,-8.43,-8.29722222222222,0,0,0,0,0
2025-01-15 03:00:00,-21.8661111111111,-8.69722222222222,-8.63,-8.43,-8.26388888888889,0,0,0,0,0
2025-01-15 04:00:00,-23.1977777777778,-8.79722222222222,-8.66277777777778,-8.43,-8.26388888888889,0,0,0,0,0
2025-01-15 05:00:00,-23.3561111111111,-8.86388888888889,-8.69722222222222,-8.43,-8.23111111111111,0,0,0,0,0
2025-01-15 06:00:00,-24.5427777777778,-8.93222222222222,-8.73,-8.43,-8.23111111111111,0,0,0,0,0
2025-01-15 07:00:00,-22.7811111111111,-8.99888888888889,-8.76388888888889,-8.43,-8.23111111111111,0,0,0,0,0
2025-01-15 08:00:00,-17.295,-9.1,-8.83111111111111,-8.43,-8.23111111111111,1,0,0,0,0
2025-01-15 09:00:00,-14.945,-9.16777777777778,-8.86388888888889,-8.46277777777778,-8.23111111111111,0,0,0,0,0
2025-01-15 10:00:00,-13.4661111111111,-9.26888888888889,-8.93222222222222,-8.46277777777778,-8.23111111111111,0,0,0,0,0
2025-01-15 11:00:00,-13.6961111111111,-9.33722222222222,-8.965,-8.49722222222222,-8.23111111111111,0,0,0,0,0
2025-01-15 12:00:00,-14.0422222222222,-9.37111111111111,-9.03277777777778,-8.53,-8.23111111111111,0,0,0,0,0
2025-01-15 13:00:00,-14.3138888888889,-9.37111111111111,-9.06611111111111,-8.56277777777778,-8.26388888888889,0,0,0,0,0
2025-01-15 14:00:00,-14.905,-9.37111111111111,-9.06611111111111,-8.56277777777778,-8.26388888888889,0,0,0,0,0
2025-01-15 15:00:00,-16.2427777777778,-9.37111111111111,-9.06611111111111,-8.59722222222222,-8.26388888888889,0,0,0,0,0
2025-01-15 16:00:00,-17.1672222222222,-9.30277777777778,-9.06611111111111,-8.59722222222222,-8.26388888888889,0,0,0,0,0
2025-01-15 17:00:00,-16.66,-9.30277777777778,-9.06611111111111,-8.59722222222222,-8.29722222222222,0,0,0,0,0
2025-01-15 18:00:00,-19.8388888888889,-9.26888888888889,-9.06611111111111,-8.59722222222222,-8.29722222222222,0,0,0,0,0
2025-01-15 19:00:00,-22.8327777777778,-9.235,-9.06611111111111,-8.59722222222222,-8.29722222222222,0,0,0,0,0
2025-01-15 20:00:00,-26.0772222222222,-9.235,-9.03277777777778,-8.59722222222222,-8.29722222222222,0,0,0,0,0
2025-01-15 21:00:00,-25.045,-9.20222222222222,-9.03277777777778,-8.59722222222222,-8.29722222222222,0,0,0,0,0
2025-01-15 22:00:00,-24.5427777777778,-9.20222222222222,-9.03277777777778,-8.59722222222222,-8.29722222222222,0,0,0,0,0
2025-01-15 23:00:00,-25.2138888888889,-9.20222222222222,-9.03277777777778,-8.59722222222222,-8.29722222222222,0,0,0,0,0
2025-01-16 00:00:00,-21.6672222222222,-9.20222222222222,-9.03277777777778,-8.59722222222222,-8.29722222222222,0,0,0,0,0
2025-01-16 01:00:00,-27.3372222222222,-9.235,-9.03277777777778,-8.59722222222222,-8.29722222222222,1,0,0,0,0
2025-01-16 02:00:00,-26.1938888888889,-9.235,-9.03277777777778,-8.59722222222222,-8.29722222222222,0,0,0,0,0
2025-01-16 03:00:00,-22.9888888888889,-9.26888888888889,-9.06611111111111,-8.59722222222222,-8.29722222222222,0,0,0,0,0
2025-01-16 04:00:00,-24.0511111111111,-9.30277777777778,-9.1,-8.59722222222222,-8.29722222222222,0,0,0,0,0
2025-01-16 05:00:00,-18.5177777777778,-9.30277777777778,-9.1,-8.63,-8.29722222222222,1,0,0,0,0
2025-01-16 06:00:00,-19.1027777777778,-9.33722222222222,-9.13388888888889,-8.63,-8.33111111111111,0,0,0,0,0
2025-01-16 07:00:00,-17.4238888888889,-9.37111111111111,-9.13388888888889,-8.63,-8.33111111111111,0,0,0,0,0
2025-01-16 08:00:00,-15.425,-9.37111111111111,-9.16777777777778,-8.66277777777778,-8.33111111111111,0,0,0,0,0
2025-01-16 09:00:00,-14.0038888888889,-9.405,-9.16777777777778,-8.66277777777778,-8.33111111111111,0,0,0,0,0
2025-01-16 10:00:00,-14.0811111111111,-9.405,-9.16777777777778,-8.69722222222222,-8.33111111111111,0,0,0,0,0
2025-01-16 11:00:00,-13.6188888888889,-9.43888888888889,-9.16777777777778,-8.69722222222222,-8.36388888888889,0,0,0,0,0
2025-01-16 12:00:00,-14.2361111111111,-9.43888888888889,-9.20222222222222,-8.69722222222222,-8.36388888888889,0,0,0,0,0
2025-01-16 13:00:00,-14.3922222222222,-9.43888888888889,-9.20222222222222,-8.73,-8.36388888888889,0,0,0,0,0
2025-01-16 14:00:00,-13.6961111111111,-9.43888888888889,-9.20222222222222,-8.73,-8.36388888888889,0,0,0,0,0
2025-01-16 15:00:00,-15.1438888888889,-9.43888888888889,-9.235,-8.73,-8.39722222222222,0,0,0,0,0
2025-01-16 16:00:00,-14.7072222222222,-9.405,-9.235,-8.73,-8.39722222222222,0,0,0,0,0
2025-01-16 17:00:00,-14.3527777777778,-9.405,-9.20222222222222,-8.73,-8.39722222222222,0,0,0,0,0
2025-01-16 18:00:00,-14.5488888888889,-9.405,-9.235,-8.73,-8.39722222222222,0,0,0,0,0
2025-01-16 19:00:00,-14.3138888888889,-9.37111111111111,-9.20222222222222,-8.73,-8.39722222222222,0,0,0,0,0
2025-01-16 20:00:00,-16.1188888888889,-9.37111111111111,-9.20222222222222,-8.76388888888889,-8.39722222222222,0,0,0,0,0
2025-01-16 21:00:00,-14.7072222222222,-9.37111111111111,-9.16777777777778,-8.73,-8.39722222222222,0,0,0,0,0
2025-01-16 22:00:00,-15.0638888888889,-9.37111111111111,-9.16777777777778,-8.76388888888889,-8.39722222222222,0,0,0,0,0
2025-01-16 23:00:00,-14.865,-9.33722222222222,-9.16777777777778,-8.73,-8.39722222222222,0,0,0,0,0
2025-01-17 00:00:00,-14.3527777777778,-9.33722222222222,-9.16777777777778,-8.73,-8.39722222222222,0,0,0,0,0
2025-01-17 01:00:00,-20.2622222222222,-9.33722222222222,-9.16777777777778,-8.73,-8.39722222222222,1,0,0,0,0
2025-01-17 02:00:00,-24.765,-9.30277777777778,-9.16777777777778,-8.73,-8.39722222222222,0,0,0,0,0
2025-01-17 03:00:00,-24.7088888888889,-9.30277777777778,-9.16777777777778,-8.73,-8.39722222222222,0,0,0,0,0
2025-01-17 04:00:00,-26.1361111111111,-9.26888888888889,-9.16777777777778,-8.73,-8.39722222222222,0,0,0,0,0
2025-01-17 05:00:00,-27.275,-9.26888888888889,-9.13388888888889,-8.73,-8.39722222222222,0,0,0,0,0
2025-01-17 06:00:00,-28.2127777777778,-9.26888888888889,-9.13388888888889,-8.73,-8.39722222222222,0,0,0,0,0
2025-01-17 07:00:00,-28.2761111111111,-9.30277777777778,-9.13388888888889,-8.69722222222222,-8.39722222222222,0,0,0,0,0
2025-01-17 08:00:00,-29.4527777777778,-9.30277777777778,-9.13388888888889,-8.69722222222222,-8.39722222222222,0,0,0,0,0
2025-01-17 09:00:00,-28.6622222222222,-9.33722222222222,-9.16777777777778,-8.69722222222222,-8.39722222222222,0,0,0,0,0
2025-01-17 10:00:00,-28.2127777777778,-9.33722222222222,-9.16777777777778,-8.69722222222222,-8.39722222222222,0,0,0,0,0
2025-01-17 11:00:00,-28.2127777777778,-9.37111111111111,-9.16777777777778,-8.69722222222222,-8.39722222222222,0,0,0,0,0
2025-01-17 12:00:00,-27.7077777777778,-9.405,-9.16777777777778,-8.69722222222222,-8.39722222222222,0,0,0,0,0
2025-01-17 13:00:00,-29.52,-9.43888888888889,-9.20222222222222,-8.73,-8.39722222222222,0,0,0,0,0
2025-01-17 14:00:00,-28.2127777777778,-9.47277777777778,-9.235,-8.73,-8.39722222222222,0,0,0,0,0
2025-01-17 15:00:00,-26.91,-9.50777777777778,-9.235,-8.73,-8.39722222222222,0,0,0,0,0
2025-01-17 16:00:00,-26.55,-9.54222222222222,-9.26888888888889,-8.73,-8.39722222222222,0,0,0,0,0
2025-01-17 17:00:00,-28.2761111111111,-9.57611111111111,-9.30277777777778,-8.76388888888889,-8.39722222222222,0,0,0,0,0
2025-01-17 18:00:00,-28.7922222222222,-9.57611111111111,-9.30277777777778,-8.76388888888889,-8.39722222222222,0,0,0,0,0
2025-01-17 19:00:00,-27.46,-9.61,-9.33722222222222,-8.76388888888889,-8.43,0,0,0,0,0
2025-01-17 20:00:00,-27.7711111111111,-9.64388888888889,-9.37111111111111,-8.76388888888889,-8.43,0,0,0,0,0
2025-01-17 21:00:00,-27.8961111111111,-9.67888888888889,-9.37111111111111,-8.79722222222222,-8.43,0,0,0,0,0
2025-01-17 22:00:00,-28.2761111111111,-9.67888888888889,-9.37111111111111,-8.79722222222222,-8.43,0,0,0,0,0
2025-01-17 23:00:00,-27.8961111111111,-9.71277777777778,-9.405,-8.83111111111111,-8.43,0,0,0,0,0
2025-01-18 00:00:00,-22.885,-9.74722222222222,-9.43888888888889,-8.83111111111111,-8.46277777777778,1,0,0,0,0
2025-01-18 01:00:00,-23.4622222222222,-9.78222222222222,-9.43888888888889,-8.86388888888889,-8.46277777777778,0,0,0,0,0
2025-01-18 02:00:00,-23.6738888888889,-9.81611111111111,-9.47277777777778,-8.86388888888889,-8.46277777777778,0,0,0,0,0
2025-01-18 03:00:00,-19.515,-9.81611111111111,-9.50777777777778,-8.89777777777778,-8.49722222222222,0,0,0,0,0
2025-01-18 04:00:00,-16.4088888888889,-9.85111111111111,-9.50777777777778,-8.89777777777778,-8.49722222222222,0,0,0,0,0
2025-01-18 05:00:00,-14.3527777777778,-9.85111111111111,-9.54222222222222,-8.89777777777778,-8.53,0,0,0,0,0
2025-01-18 06:00:00,-12.1227777777778,-9.885,-9.54222222222222,-8.93222222222222,-8.53,0,0,0,0,0
2025-01-18 07:00:00,-9.81611111111111,-9.885,-9.57611111111111,-8.93222222222222,-8.53,0,0,0,0,0
2025-01-18 08:00:00,-9.81611111111111,-9.885,-9.57611111111111,-8.965,-8.56277777777778,0,0,0,0,0
2025-01-18 09:00:00,-9.74722222222222,-9.885,-9.57611111111111,-8.99888888888889,-8.56277777777778,0,0,0,0,0
2025-01-18 10:00:00,-7.90222222222222,-9.85111111111111,-9.57611111111111,-8.99888888888889,-8.59722222222222,0,0,0,0,0
2025-01-18 11:00:00,-10.5111111111111,-9.85111111111111,-9.57611111111111,-8.99888888888889,-8.59722222222222,0,0,0,0,0
2025-01-18 12:00:00,-11.505,-9.81611111111111,-9.57611111111111,-9.03277777777778,-8.59722222222222,0,0,0,0,0
2025-01-18 13:00:00,-14.9838888888889,-9.78222222222222,-9.57611111111111,-9.03277777777778,-8.59722222222222,0,0,0,0,0
2025-01-18 14:00:00,-13.0877777777778,-9.74722222222222,-9.54222222222222,-9.03277777777778,-8.59722222222222,0,0,0,0,0
2025-01-18 15:00:00,-13.6188888888889,-9.71277777777778,-9.54222222222222,-9.03277777777778,-8.63,0,0,0,0,0
2025-01-18 16:00:00,-14.7861111111111,-9.71277777777778,-9.50777777777778,-8.99888888888889,-8.63,0,0,0,0,0
2025-01-18 17:00:00,-10.5111111111111,-9.67888888888889,-9.50777777777778,-8.99888888888889,-8.63,0,0,0,0,0
2025-01-18 18:00:00,-9.235,-9.67888888888889,-9.50777777777778,-8.99888888888889,-8.63,0,0,0,0,0
2025-01-18 19:00:00,-9.03277777777778,-9.64388888888889,-9.47277777777778,-8.99888888888889,-8.63,0,0,0,0,0
2025-01-18 20:00:00,-8.36388888888889,-9.64388888888889,-9.47277777777778,-8.99888888888889,-8.63,0,0,0,0,0
2025-01-18 21:00:00,-6.04222222222222,-9.61,-9.43888888888889,-8.99888888888889,-8.63,0,0,0,0,0
2025-01-18 22:00:00,-5.44888888888889,-9.57611111111111,-9.43888888888889,-8.99888888888889,-8.63,0,0,0,0,0
2025-01-18 23:00:00,-0.591111111111111,-9.57611111111111,-9.43888888888889,-8.99888888888889,-8.63,0,0,0,0,0
2025-01-19 00:00:00,-1.24222222222222,-9.54222222222222,-9.405,-8.965,-8.63,0,0,0,0,0
2025-01-19 01:00:00,-0.562777777777779,-9.50777777777778,-9.37111111111111,-8.965,-8.63,0,0,0,0,0
2025-01-19 02:00:00,1.12611111111111,-9.47277777777778,-9.37111111111111,-8.965,-8.63,0,0,0,0,0
2025-01-19 03:00:00,2.10111111111111,-9.43888888888889,-9.33722222222222,-8.965,-8.63,0,0,0,0,0
2025-01-19 04:00:00,2.37,-9.37111111111111,-9.30277777777778,-8.93222222222222,-8.59722222222222,0,0,0,0,0
2025-01-19 05:00:00,2.63722222222222,-9.30277777777778,-9.26888888888889,-8.93222222222222,-8.59722222222222,0,0,0,0,0
2025-01-19 06:00:00,2.34277777777778,-9.26888888888889,-9.235,-8.89777777777778,-8.59722222222222,0,0,0,0,0
2025-01-19 07:00:00,3.61722222222222,-9.20222222222222,-9.16777777777778,-8.89777777777778,-8.59722222222222,0,0,0,0,0
2025-01-19 08:00:00,3.22111111111111,-9.16777777777778,-9.13388888888889,-8.89777777777778,-8.59722222222222,0,0,0,0,0
2025-01-19 09:00:00,3.56388888888889,-9.1,-9.1,-8.86388888888889,-8.56277777777778,0,0,0,0,0
2025-01-19 10:00:00,2.53,-9.03277777777778,-9.03277777777778,-8.83111111111111,-8.56277777777778,0,0,0,0,0
2025-01-19 11:00:00,3.00888888888889,-8.965,-8.99888888888889,-8.83111111111111,-8.56277777777778,0,0,0,0,0
2025-01-19 12:00:00,2.69,-8.89777777777778,-8.965,-8.79722222222222,-8.53,0,0,0,0,0
2025-01-19 13:00:00,2.50277777777778,-8.83111111111111,-8.89777777777778,-8.76388888888889,-8.53,0,0,0,0,0
2025-01-19 14:00:00,2.69,-8.76388888888889,-8.83111111111111,-8.73,-8.49722222222222,0,0,0,0,0
2025-01-19 15:00:00,3.24777777777778,-8.69722222222222,-8.76388888888889,-8.69722222222222,-8.49722222222222,0,0,0,0,0
2025-01-19 16:00:00,2.71722222222222,-8.59722222222222,-8.73,-8.63,-8.46277777777778,0,0,0,0,0
2025-01-19 17:00:00,-0.142777777777779,-8.49722222222222,-8.63,-8.63,-8.43,0,0,0,0,0
2025-01-19 18:00:00,-0.591111111111111,-8.39722222222222,-8.59722222222222,-8.59722222222222,-8.39722222222222,0,0,0,0,0
2025-01-19 19:00:00,-1.9,-8.33111111111111,-8.53,-8.53,-8.36388888888889,0,0,0,0,0
2025-01-19 20:00:00,-1.38388888888889,-8.23111111111111,-8.46277777777778,-8.49722222222222,-8.33111111111111,0,0,0,0,0
2025-01-19 21:00:00,-2.68277777777778,-8.19777777777778,-8.39722222222222,-8.43,-8.29722222222222,0,0,0,0,0
2025-01-19 22:00:00,-1.61277777777778,-8.09888888888889,-8.36388888888889,-8.39722222222222,-8.26388888888889,0,0,0,0,0
2025-01-19 23:00:00,-0.367222222222223,-8.09888888888889,-8.29722222222222,-8.36388888888889,-8.26388888888889,0,0,0,0,0
2025-01-20 00:00:00,-0.282777777777778,-8.09888888888889,-8.26388888888889,-8.33111111111111,-8.23111111111111,0,0,0,0,0
2025-01-20 01:00:00,-0.872777777777779,-8.06611111111111,-8.23111111111111,-8.29722222222222,-8.19777777777778,0,0,0,0,0
2025-01-20 02:00:00,1.77777777777778,-8.03277777777778,-8.23111111111111,-8.26388888888889,-8.165,0,0,0,0,0
2025-01-20 03:00:00,0.770000000000002,-8,-8.165,-8.23111111111111,-8.13222222222222,0,0,0,0,0
2025-01-20 04:00:00,-0.367222222222223,-7.96777777777778,-8.13222222222222,-8.23111111111111,-8.09888888888889,0,0,0,0,0
2025-01-20 05:00:00,-0.338888888888889,-7.935,-8.09888888888889,-8.165,-8.09888888888889,0,0,0,0,0
2025-01-20 06:00:00,-0.255,-7.90222222222222,-8.06611111111111,-8.165,-8.06611111111111,0,0,0,0,0
2025-01-20 07:00:00,0.135000000000001,-7.83611111111111,-8.03277777777778,-8.09888888888889,-8.03277777777778,0,0,0,0,0
2025-01-20 08:00:00,-1.61277777777778,-7.80388888888889,-8,-8.09888888888889,-8.03277777777778,0,0,0,0,0
2025-01-20 09:00:00,-2.71222222222222,-7.77111111111111,-7.96777777777778,-8.06611111111111,-8,0,0,0,0,0
2025-01-20 10:00:00,-2.97611111111111,-7.70611111111111,-7.935,-8.03277777777778,-7.96777777777778,0,0,0,0,0
2025-01-20 11:00:00,-3.27111111111111,-7.70611111111111,-7.90222222222222,-8,-7.935,0,0,0,0,0
2025-01-20 12:00:00,-1.61277777777778,-7.67277777777778,-7.86888888888889,-7.96777777777778,-7.935,0,0,0,0,0
2025-01-20 13:00:00,-1.98611111111111,-7.67277777777778,-7.83611111111111,-7.96777777777778,-7.90222222222222,0,0,0,0,0
2025-01-20 14:00:00,-3.53777777777778,-7.64,-7.83611111111111,-7.935,-7.86888888888889,0,0,0,0,0
2025-01-20 15:00:00,-2.21777777777778,-7.64,-7.80388888888889,-7.90222222222222,-7.83611111111111,0,0,0,0,0
2025-01-20 16:00:00,-2.24722222222222,-7.64,-7.77111111111111,-7.86888888888889,-7.83611111111111,0,0,0,0,0
2025-01-20 17:00:00,-1.12777777777778,-7.64,-7.77111111111111,-7.83611111111111,-7.80388888888889,0,0,0,0,0
2025-01-20 18:00:00,-1.04277777777778,-7.575,-7.73777777777778,-7.83611111111111,-7.80388888888889,0,0,0,0,0
2025-01-20 19:00:00,-1.69888888888889,-7.575,-7.70611111111111,-7.83611111111111,-7.77111111111111,0,0,0,0,0
2025-01-20 20:00:00,-2.53722222222222,-7.54277777777778,-7.70611111111111,-7.80388888888889,-7.73777777777778,0,0,0,0,0
2025-01-20 21:00:00,-2.36277777777778,-7.51,-7.67277777777778,-7.77111111111111,-7.73777777777778,0,0,0,0,0
2025-01-20 22:00:00,-1.785,-7.51,-7.64,-7.77111111111111,-7.70611111111111,0,0,0,0,0
2025-01-20 23:00:00,-2.39222222222222,-7.445,-7.60777777777778,-7.73777777777778,-7.70611111111111,0,0,0,0,0
2025-01-21 00:00:00,-8.69722222222222,-7.41277777777778,-7.575,-7.70611111111111,-7.67277777777778,1,0,0,0,0
2025-01-21 01:00:00,-8.23111111111111,-7.38111111111111,-7.575,-7.67277777777778,-7.64,0,0,0,0,0
2025-01-21 02:00:00,-8.09888888888889,-7.38111111111111,-7.54277777777778,-7.64,-7.60777777777778,0,0,0,0,0
2025-01-21 03:00:00,-8.46277777777778,-7.38111111111111,-7.54277777777778,-7.64,-7.60777777777778,0,0,0,0,0
2025-01-21 04:00:00,-9.16777777777778,-7.41277777777778,-7.54277777777778,-7.64,-7.575,0,0,0,0,0
2025-01-21 05:00:00,-9.30277777777778,-7.41277777777778,-7.54277777777778,-7.575,-7.575,0,0,0,0,0
2025-01-21 06:00:00,-9.81611111111111,-7.445,-7.54277777777778,-7.575,-7.54277777777778,0,0,0,0,0
2025-01-21 07:00:00,-10.2311111111111,-7.445,-7.54277777777778,-7.575,-7.54277777777778,0,0,0,0,0
2025-01-21 08:00:00,-13.965,-7.445,-7.54277777777778,-7.575,-7.51,0,0,0,0,0
2025-01-21 09:00:00,-15.8727777777778,-7.445,-7.54277777777778,-7.54277777777778,-7.51,0,0,0,0,0
2025-01-21 10:00:00,-15.6688888888889,-7.47777777777778,-7.54277777777778,-7.54277777777778,-7.47777777777778,0,0,0,0,0
2025-01-21 11:00:00,-14.2361111111111,-7.51,-7.54277777777778,-7.54277777777778,-7.47777777777778,0,0,0,0,0
2025-01-21 12:00:00,-13.6188888888889,-7.54277777777778,-7.575,-7.51,-7.47777777777778,0,0,0,0,0
2025-01-21 13:00:00,-14.9838888888889,-7.575,-7.575,-7.51,-7.445,0,0,0,0,0
2025-01-21 14:00:00,-14.905,-7.64,-7.60777777777778,-7.51,-7.445,0,0,0,0,0
2025-01-21 15:00:00,-12.8627777777778,-7.67277777777778,-7.60777777777778,-7.51,-7.445,0,0,0,0,0
2025-01-21 16:00:00,-10.3011111111111,-7.70611111111111,-7.64,-7.51,-7.445,0,0,0,0,0
2025-01-21 17:00:00,-11.3261111111111,-7.73777777777778,-7.67277777777778,-7.54277777777778,-7.445,0,0,0,0,0
2025-01-21 18:00:00,-11.3972222222222,-7.77111111111111,-7.67277777777778,-7.54277777777778,-7.445,0,0,0,0,0
2025-01-21 19:00:00,-11.8311111111111,-7.83611111111111,-7.70611111111111,-7.54277777777778,-7.445,0,0,0,0,0
2025-01-21 20:00:00,-13.0877777777778,-7.83611111111111,-7.73777777777778,-7.54277777777778,-7.41277777777778,0,0,0,0,0
2025-01-21 21:00:00,-13.2011111111111,-7.90222222222222,-7.73777777777778,-7.575,-7.445,0,0,0,0,0
2025-01-21 22:00:00,-13.4661111111111,-7.90222222222222,-7.77111111111111,-7.575,-7.41277777777778,0,0,0,0,0
2025-01-21 23:00:00,-13.5427777777778,-7.935,-7.80388888888889,-7.575,-7.445,0,0,0,0,0
2025-01-22 00:00:00,-14.5488888888889,-7.935,-7.80388888888889,-7.575,-7.445,0,0,0,0,0
2025-01-22 01:00:00,-15.1838888888889,-7.96777777777778,-7.83611111111111,-7.575,-7.445,0,0,0,0,0
2025-01-22 02:00:00,-15.6688888888889,-7.96777777777778,-7.83611111111111,-7.575,-7.445,0,0,0,0,0
2025-01-22 03:00:00,-15.6688888888889,-7.96777777777778,-7.83611111111111,-7.60777777777778,-7.445,0,0,0,0,0
2025-01-22 04:00:00,-15.9127777777778,-7.96777777777778,-7.83611111111111,-7.575,-7.445,0,0,0,0,0
2025-01-22 05:00:00,-16.3672222222222,-7.96777777777778,-7.83611111111111,-7.60777777777778,-7.445,0,0,0,0,0
2025-01-22 06:00:00,-16.0777777777778,-7.96777777777778,-7.86888888888889,-7.60777777777778,-7.445,0,0,0,0,0
2025-01-22 07:00:00,-16.2838888888889,-8,-7.86888888888889,-7.60777777777778,-7.445,0,0,0,0,0
2025-01-22 08:00:00,-15.5872222222222,-8,-7.86888888888889,-7.60777777777778,-7.445,0,0,0,0,0
2025-01-22 09:00:00,-16.3261111111111,-8,-7.86888888888889,-7.64,-7.445,0,0,0,0,0
2025-01-22 10:00:00,-14.905,-8,-7.86888888888889,-7.60777777777778,-7.445,0,0,0,0,0
2025-01-22 11:00:00,-14.275,-8,-7.90222222222222,-7.64,-7.445,0,0,0,0,0
2025-01-22 12:00:00,-14.275,-8,-7.90222222222222,-7.64,-7.445,0,0,0,0,0
2025-01-22 13:00:00,-14.7461111111111,-8.03277777777778,-7.90222222222222,-7.64,-7.445,0,0,0,0,0
2025-01-22 14:00:00,-14.905,-8.03277777777778,-7.90222222222222,-7.64,-7.445,0,0,0,0,0
2025-01-22 15:00:00,-14.865,-8.06611111111111,-7.90222222222222,-7.64,-7.445,0,0,0,0,0
2025-01-22 16:00:00,-14.5488888888889,-8.03277777777778,-7.935,-7.64,-7.445,0,0,0,0,0
2025-01-22 17:00:00,-14.1588888888889,-8.06611111111111,-7.935,-7.64,-7.445,0,0,0,0,0
2025-01-22 18:00:00,-14.0422222222222,-8.09888888888889,-7.935,-7.67277777777778,-7.47777777777778,0,0,0,0,0
2025-01-22 19:00:00,-13.9261111111111,-8.09888888888889,-7.96777777777778,-7.67277777777778,-7.47777777777778,0,0,0,0,0
2025-01-22 20:00:00,-13.5811111111111,-8.09888888888889,-7.96777777777778,-7.67277777777778,-7.47777777777778,0,0,0,0,0
2025-01-22 21:00:00,-13.965,-8.09888888888889,-7.96777777777778,-7.67277777777778,-7.47777777777778,0,0,0,0,0
2025-01-22 22:00:00,-13.7722222222222,-8.09888888888889,-7.96777777777778,-7.67277777777778,-7.47777777777778,0,0,0,0,0
2025-01-22 23:00:00,-13.9261111111111,-8.09888888888889,-7.96777777777778,-7.67277777777778,-7.47777777777778,0,0,0,0,0
2025-01-23 00:00:00,-14.5488888888889,-8.09888888888889,-7.96777777777778,-7.67277777777778,-7.47777777777778,0,0,0,0,0
2025-01-23 01:00:00,-14.5488888888889,-8.09888888888889,-8,-7.70611111111111,-7.47777777777778,0,0,0,0,0
2025-01-23 02:00:00,-14.7861111111111,-8.09888888888889,-8,-7.70611111111111,-7.47777777777778,0,0,0,0,0
2025-01-23 03:00:00,-15.1838888888889,-8.09888888888889,-8,-7.70611111111111,-7.47777777777778,0,0,0,0,0
2025-01-23 04:00:00,-16.8277777777778,-8.09888888888889,-8,-7.70611111111111,-7.47777777777778,0,0,0,0,0
2025-01-23 05:00:00,-15.9127777777778,-8.09888888888889,-8,-7.70611111111111,-7.47777777777778,0,0,0,0,0
2025-01-23 06:00:00,-15.305,-8.09888888888889,-8,-7.70611111111111,-7.47777777777778,0,0,0,0,0
2025-01-23 07:00:00,-15.2638888888889,-8.13222222222222,-8.03277777777778,-7.70611111111111,-7.47777777777778,0,0,0,0,0
2025-01-23 08:00:00,-15.2638888888889,-8.13222222222222,-8,-7.70611111111111,-7.51,0,0,0,0,0
2025-01-23 09:00:00,-14.9838888888889,-8.13222222222222,-8.03277777777778,-7.70611111111111,-7.47777777777778,0,0,0,0,0
2025-01-23 10:00:00,-14.6277777777778,-8.13222222222222,-8.03277777777778,-7.70611111111111,-7.47777777777778,0,0,0,0,0
2025-01-23 11:00:00,-14.5488888888889,-8.13222222222222,-8.03277777777778,-7.70611111111111,-7.51,0,0,0,0,0
2025-01-23 12:00:00,-15.2638888888889,-8.13222222222222,-8.03277777777778,-7.70611111111111,-7.51,0,0,0,0,0
2025-01-23 13:00:00,-15.345,-8.13222222222222,-8.03277777777778,-7.70611111111111,-7.51,0,0,0,0,0
2025-01-23 14:00:00,-14.5888888888889,-8.13222222222222,-8.03277777777778,-7.70611111111111,-7.51,0,0,0,0,0
2025-01-23 15:00:00,-14.865,-8.13222222222222,-8.03277777777778,-7.70611111111111,-7.51,0,0,0,0,0
2025-01-23 16:00:00,-15.0238888888889,-8.13222222222222,-8.03277777777778,-7.70611111111111,-7.51,0,0,0,0,0
2025-01-23 17:00:00,-15.0638888888889,-8.13222222222222,-8.03277777777778,-7.70611111111111,-7.51,0,0,0,0,0
2025-01-23 18:00:00,-14.865,-8.13222222222222,-8.03277777777778,-7.70611111111111,-7.51,0,0,0,0,0
2025-01-23 19:00:00,-14.7861111111111,-8.13222222222222,-8.03277777777778,-7.73777777777778,-7.51,0,0,0,0,0
2025-01-23 20:00:00,-14.945,-8.13222222222222,-8.03277777777778,-7.73777777777778,-7.51,0,0,0,0,0
2025-01-23 21:00:00,-15.4661111111111,-8.13222222222222,-8.03277777777778,-7.70611111111111,-7.51,0,0,0,0,0
2025-01-23 22:00:00,-15.0238888888889,-8.13222222222222,-8.03277777777778,-7.73777777777778,-7.51,0,0,0,0,0
2025-01-23 23:00:00,-15.1038888888889,-8.13222222222222,-8.03277777777778,-7.70611111111111,-7.51,0,0,0,0,0
2025-01-24 00:00:00,-15.0238888888889,-8.09888888888889,-8.03277777777778,-7.70611111111111,-7.51,0,0,0,0,0
2025-01-24 01:00:00,-14.4711111111111,-8.13222222222222,-8.03277777777778,-7.73777777777778,-7.51,0,0,0,0,0
2025-01-24 02:00:00,-14.12,-8.09888888888889,-8.03277777777778,-7.73777777777778,-7.51,0,0,0,0,0
2025-01-24 03:00:00,-15.1838888888889,-8.13222222222222,-8.03277777777778,-7.73777777777778,-7.51,0,0,0,0,0
2025-01-24 04:00:00,-18.0761111111111,-8.09888888888889,-8.03277777777778,-7.70611111111111,-7.51,0,0,0,0,0
2025-01-24 05:00:00,-16.9972222222222,-8.09888888888889,-8.03277777777778,-7.70611111111111,-7.51,0,0,0,0,0
2025-01-24 06:00:00,-13.0877777777778,-8.09888888888889,-8.03277777777778,-7.70611111111111,-7.51,0,0,0,0,0
2025-01-24 07:00:00,-12.7511111111111,-8.09888888888889,-8.03277777777778,-7.70611111111111,-7.51,0,0,0,0,0
2025-01-24 08:00:00,-11.3611111111111,-8.09888888888889,-8.03277777777778,-7.70611111111111,-7.51,0,0,0,0,0
2025-01-24 09:00:00,-10.7572222222222,-8.09888888888889,-8,-7.70611111111111,-7.51,0,0,0,0,0
2025-01-24 10:00:00,-12.4911111111111,-8.09888888888889,-8.03277777777778,-7.70611111111111,-7.51,0,0,0,0,0
2025-01-24 11:00:00,-9.16777777777778,-8.09888888888889,-8.03277777777778,-7.70611111111111,-7.51,0,0,0,0,0
2025-01-24 12:00:00,-7.09,-8.09888888888889,-8.03277777777778,-7.73777777777778,-7.51,0,0,0,0,0
2025-01-24 13:00:00,-4.865,-8.09888888888889,-8.03277777777778,-7.73777777777778,-7.51,0,0,0,0,0
2025-01-24 14:00:00,-0.478888888888888,-8.09888888888889,-8.03277777777778,-7.73777777777778,-7.51,0,0,0,0,0
2025-01-24 15:00:00,-0.872777777777779,-8.09888888888889,-8.03277777777778,-7.70611111111111,-7.51,0,0,0,0,0
2025-01-24 16:00:00,-0.198888888888889,-8.09888888888889,-8.03277777777778,-7.70611111111111,-7.51,0,0,0,0,0
2025-01-24 17:00:00,0.438888888888888,-8.09888888888889,-8,-7.73777777777778,-7.51,0,0,0,0,0
2025-01-24 18:00:00,-0.00388888888888969,-8.06611111111111,-8,-7.70611111111111,-7.51,0,0,0,0,0
2025-01-24 19:00:00,0.660000000000001,-8.06611111111111,-7.96777777777778,-7.70611111111111,-7.51,0,0,0,0,0
2025-01-24 20:00:00,0.272777777777778,-8.03277777777778,-7.96777777777778,-7.70611111111111,-7.51,0,0,0,0,0
2025-01-24 21:00:00,0.35611111111111,-8,-7.935,-7.70611111111111,-7.51,0,0,0,0,0
2025-01-24 22:00:00,-0.282777777777778,-7.96777777777778,-7.935,-7.70611111111111,-7.51,0,0,0,0,0
2025-01-24 23:00:00,-4.31777777777778,-7.96777777777778,-7.90222222222222,-7.70611111111111,-7.51,0,0,0,0,0
2025-01-25 00:00:00,-6.04222222222222,-7.90222222222222,-7.86888888888889,-7.70611111111111,-7.51,0,0,0,0,0
2025-01-25 01:00:00,-8,-7.83611111111111,-7.83611111111111,-7.67277777777778,-7.51,0,0,0,0,0
2025-01-25 02:00:00,-8.76388888888889,-7.77111111111111,-7.80388888888889,-7.67277777777778,-7.47777777777778,0,0,0,0,0
2025-01-25 03:00:00,-8.89777777777778,-7.77111111111111,-7.77111111111111,-7.64,-7.47777777777778,0,0,0,0,0
2025-01-25 04:00:00,-8.53,-7.73777777777778,-7.77111111111111,-7.64,-7.47777777777778,0,0,0,0,0
2025-01-25 05:00:00,-8.165,-7.73777777777778,-7.73777777777778,-7.60777777777778,-7.445,0,0,0,0,0
2025-01-25 06:00:00,-8.49722222222222,-7.70611111111111,-7.73777777777778,-7.60777777777778,-7.445,0,0,0,0,0
2025-01-25 07:00:00,-8.69722222222222,-7.70611111111111,-7.70611111111111,-7.575,-7.445,0,0,0,0,0
2025-01-25 08:00:00,-8.83111111111111,-7.70611111111111,-7.70611111111111,-7.575,-7.41277777777778,0,0,0,0,0
2025-01-25 09:00:00,-8.66277777777778,-7.70611111111111,-7.70611111111111,-7.575,-7.41277777777778,0,0,0,0,0
2025-01-25 10:00:00,-9.47277777777778,-7.70611111111111,-7.70611111111111,-7.575,-7.41277777777778,0,0,0,0,0
2025-01-25 11:00:00,-8.76388888888889,-7.70611111111111,-7.70611111111111,-7.54277777777778,-7.38111111111111,0,0,0,0,0
2025-01-25 12:00:00,-10.8977777777778,-7.70611111111111,-7.70611111111111,-7.54277777777778,-7.38111111111111,0,0,0,0,0
2025-01-25 13:00:00,-13.2772222222222,-7.70611111111111,-7.67277777777778,-7.54277777777778,-7.38111111111111,0,0,0,0,0
2025-01-25 14:00:00,-13.8877777777778,-7.70611111111111,-7.67277777777778,-7.51,-7.38111111111111,0,0,0,0,0
2025-01-25 15:00:00,-14.4711111111111,-7.70611111111111,-7.67277777777778,-7.51,-7.38111111111111,0,0,0,0,0
2025-01-25 16:00:00,-14.51,-7.70611111111111,-7.67277777777778,-7.51,-7.34777777777778,0,0,0,0,0
2025-01-25 17:00:00,-14.5488888888889,-7.73777777777778,-7.70611111111111,-7.51,-7.34777777777778,0,0,0,0,0
2025-01-25 18:00:00,-14.7861111111111,-7.77111111111111,-7.70611111111111,-7.51,-7.34777777777778,0,0,0,0,0
2025-01-25 19:00:00,-14.7861111111111,-7.77111111111111,-7.70611111111111,-7.51,-7.34777777777778,0,0,0,0,0
2025-01-25 20:00:00,-14.8261111111111,-7.77111111111111,-7.70611111111111,-7.51,-7.34777777777778,0,0,0,0,0
2025-01-25 21:00:00,-14.3138888888889,-7.80388888888889,-7.70611111111111,-7.51,-7.34777777777778,0,0,0,0,0
2025-01-25 22:00:00,-11.7222222222222,-7.80388888888889,-7.70611111111111,-7.47777777777778,-7.31611111111111,0,0,0,0,0
2025-01-25 23:00:00,-11.6127777777778,-7.83611111111111,-7.73777777777778,-7.51,-7.31611111111111,0,0,0,0,0
2025-01-26 00:00:00,-14.3138888888889,-7.83611111111111,-7.73777777777778,-7.51,-7.31611111111111,0,0,0,0,0
2025-01-26 01:00:00,-17.8127777777778,-7.86888888888889,-7.77111111111111,-7.51,-7.31611111111111,0,0,0,0,0
2025-01-26 02:00:00,-18.8772222222222,-7.90222222222222,-7.77111111111111,-7.51,-7.31611111111111,0,0,0,0,0
2025-01-26 03:00:00,-19.6538888888889,-7.935,-7.77111111111111,-7.51,-7.31611111111111,0,0,0,0,0
2025-01-26 04:00:00,-20.4511111111111,-7.96777777777778,-7.80388888888889,-7.51,-7.31611111111111,0,0,0,0,0
2025-01-26 05:00:00,-20.7861111111111,-8.03277777777778,-7.83611111111111,-7.51,-7.31611111111111,0,0,0,0,0
2025-01-26 06:00:00,-21.37,-8.06611111111111,-7.86888888888889,-7.51,-7.31611111111111,0,0,0,0,0
2025-01-26 07:00:00,-22.3711111111111,-8.09888888888889,-7.90222222222222,-7.54277777777778,-7.31611111111111,0,0,0,0,0
2025-01-26 08:00:00,-22.9372222222222,-8.165,-7.935,-7.54277777777778,-7.31611111111111,0,0,0,0,0
2025-01-26 09:00:00,-22.9372222222222,-8.19777777777778,-7.96777777777778,-7.54277777777778,-7.34777777777778,0,0,0,0,0
2025-01-26 10:00:00,-23.0927777777778,-8.26388888888889,-8,-7.575,-7.34777777777778,0,0,0,0,0
2025-01-26 11:00:00,-22.9888888888889,-8.29722222222222,-8.03277777777778,-7.575,-7.34777777777778,0,0,0,0,0
2025-01-26 12:00:00,-23.4622222222222,-8.33111111111111,-8.06611111111111,-7.60777777777778,-7.34777777777778,0,0,0,0,0
2025-01-26 13:00:00,-24.0511111111111,-8.36388888888889,-8.09888888888889,-7.60777777777778,-7.34777777777778,0,0,0,0,0
2025-01-26 14:00:00,-24.4327777777778,-8.43,-8.09888888888889,-7.64,-7.38111111111111,0,0,0,0,0
2025-01-26 15:00:00,-24.5977777777778,-8.53,-8.165,-7.64,-7.38111111111111,0,0,0,0,0
2025-01-26 16:00:00,-24.4877777777778,-8.56277777777778,-8.23111111111111,-7.67277777777778,-7.38111111111111,0,0,0,0,0
2025-01-26 17:00:00,-24.8211111111111,-8.66277777777778,-8.26388888888889,-7.67277777777778,-7.41277777777778,0,0,0,0,0
2025-01-26 18:00:00,-25.045,-8.69722222222222,-8.29722222222222,-7.70611111111111,-7.41277777777778,0,0,0,0,0
2025-01-26 19:00:00,-24.8211111111111,-8.73,-8.36388888888889,-7.73777777777778,-7.445,0,0,0,0,0
2025-01-26 20:00:00,-24.9322222222222,-8.79722222222222,-8.36388888888889,-7.77111111111111,-7.445,0,0,0,0,0
2025-01-26 21:00:00,-25.6127777777778,-8.83111111111111,-8.39722222222222,-7.80388888888889,-7.47777777777778,0,0,0,0,0
2025-01-26 22:00:00,-25.96,-8.83111111111111,-8.46277777777778,-7.80388888888889,-7.47777777777778,0,0,0,0,0
2025-01-26 23:00:00,-25.96,-8.86388888888889,-8.46277777777778,-7.83611111111111,-7.51,0,0,0,0,0
2025-01-27 00:00:00,-25.6127777777778,-8.89777777777778,-8.49722222222222,-7.86888888888889,-7.51,0,0,0,0,0
2025-01-27 01:00:00,-25.3838888888889,-8.93222222222222,-8.53,-7.86888888888889,-7.54277777777778,0,0,0,0,0
2025-01-27 02:00:00,-25.3838888888889,-8.965,-8.56277777777778,-7.90222222222222,-7.54277777777778,0,0,0,0,0
2025-01-27 03:00:00,-25.4411111111111,-8.99888888888889,-8.59722222222222,-7.935,-7.575,0,0,0,0,0
2025-01-27 04:00:00,-25.3272222222222,-9.03277777777778,-8.63,-7.96777777777778,-7.60777777777778,0,0,0,0,0
2025-01-27 05:00:00,-25.3838888888889,-9.06611111111111,-8.66277777777778,-7.96777777777778,-7.60777777777778,0,0,0,0,0
2025-01-27 06:00:00,-25.3838888888889,-9.1,-8.69722222222222,-8,-7.64,0,0,0,0,0
2025-01-27 07:00:00,-25.3272222222222,-9.13388888888889,-8.73,-8.03277777777778,-7.64,0,0,0,0,0
2025-01-27 08:00:00,-24.4877777777778,-9.16777777777778,-8.73,-8.03277777777778,-7.67277777777778,0,0,0,0,0
2025-01-27 09:00:00,-25.27,-9.16777777777778,-8.76388888888889,-8.06611111111111,-7.67277777777778,0,0,0,0,0
2025-01-27 10:00:00,-25.5561111111111,-9.20222222222222,-8.76388888888889,-8.09888888888889,-7.70611111111111,0,0,0,0,0
2025-01-27 11:00:00,-25.5561111111111,-9.20222222222222,-8.79722222222222,-8.09888888888889,-7.70611111111111,0,0,0,0,0
2025-01-27 12:00:00,-25.27,-9.20222222222222,-8.83111111111111,-8.13222222222222,-7.73777777777778,0,0,0,0,0
2025-01-27 13:00:00,-24.8211111111111,-9.20222222222222,-8.83111111111111,-8.165,-7.77111111111111,0,0,0,0,0
2025-01-27 14:00:00,-25.1011111111111,-9.20222222222222,-8.83111111111111,-8.165,-7.77111111111111,0,0,0,0,0
2025-01-27 15:00:00,-24.2688888888889,-9.235,-8.86388888888889,-8.19777777777778,-7.80388888888889,0,0,0,0,0
2025-01-27 16:00:00,-25.4977777777778,-9.235,-8.86388888888889,-8.19777777777778,-7.80388888888889,0,0,0,0,0
2025-01-27 17:00:00,-27.46,-9.235,-8.86388888888889,-8.19777777777778,-7.80388888888889,0,0,0,0,0
2025-01-27 18:00:00,-27.3977777777778,-9.235,-8.89777777777778,-8.23111111111111,-7.83611111111111,0,0,0,0,0
2025-01-27 19:00:00,-26.55,-9.235,-8.89777777777778,-8.23111111111111,-7.83611111111111,0,0,0,0,0
2025-01-27 20:00:00,-27.5222222222222,-9.235,-8.89777777777778,-8.26388888888889,-7.86888888888889,0,0,0,0,0
2025-01-27 21:00:00,-26.7888888888889,-9.20222222222222,-8.89777777777778,-8.26388888888889,-7.86888888888889,0,0,0,0,0
2025-01-27 22:00:00,-25.7277777777778,-9.20222222222222,-8.89777777777778,-8.26388888888889,-7.90222222222222,0,0,0,0,0
2025-01-27 23:00:00,-26.1938888888889,-9.235,-8.89777777777778,-8.29722222222222,-7.90222222222222,0,0,0,0,0
2025-01-28 00:00:00,-24.9322222222222,-9.235,-8.93222222222222,-8.29722222222222,-7.90222222222222,0,0,0,0,0
2025-01-28 01:00:00,-27.275,-9.235,-8.93222222222222,-8.29722222222222,-7.935,0,0,0,0,0
2025-01-28 02:00:00,-28.1488888888889,-9.26888888888889,-8.965,-8.33111111111111,-7.935,0,0,0,0,0
2025-01-28 03:00:00,-27.0922222222222,-9.26888888888889,-8.965,-8.33111111111111,-7.96777777777778,0,0,0,0,0
2025-01-28 04:00:00,-27.1527777777778,-9.26888888888889,-8.965,-8.33111111111111,-7.935,0,0,0,0,0
2025-01-28 05:00:00,-25.1572222222222,-9.26888888888889,-8.99888888888889,-8.36388888888889,-7.96777777777778,0,0,0,0,0
2025-01-28 06:00:00,-24.3777777777778,-9.26888888888889,-8.99888888888889,-8.36388888888889,-8,0,0,0,0,0
2025-01-28 07:00:00,-24.2138888888889,-9.26888888888889,-8.99888888888889,-8.36388888888889,-8,0,0,0,0,0
2025-01-28 08:00:00,-23.7811111111111,-9.30277777777778,-8.99888888888889,-8.39722222222222,-8,0,0,0,0,0
2025-01-28 09:00:00,-23.3027777777778,-9.26888888888889,-8.99888888888889,-8.39722222222222,-8,0,0,0,0,0
2025-01-28 10:00:00,-22.575,-9.30277777777778,-9.03277777777778,-8.39722222222222,-8.03277777777778,0,0,0,0,0
2025-01-28 11:00:00,-21.7161111111111,-9.30277777777778,-9.03277777777778,-8.39722222222222,-8.03277777777778,0,0,0,0,0
2025-01-28 12:00:00,-21.2722222222222,-9.30277777777778,-9.03277777777778,-8.43,-8.03277777777778,0,0,0,0,0
2025-01-28 13:00:00,-21.7661111111111,-9.33722222222222,-9.03277777777778,-8.43,-8.06611111111111,0,0,0,0,0
2025-01-28 14:00:00,-21.37,-9.33722222222222,-9.03277777777778,-8.43,-8.06611111111111,0,0,0,0,0
2025-01-28 15:00:00,-21.0772222222222,-9.33722222222222,-9.03277777777778,-8.43,-8.06611111111111,0,0,0,0,0
2025-01-28 16:00:00,-21.125,-9.33722222222222,-9.06611111111111,-8.46277777777778,-8.06611111111111,0,0,0,0,0
2025-01-28 17:00:00,-21.1738888888889,-9.33722222222222,-9.06611111111111,-8.46277777777778,-8.06611111111111,0,0,0,0,0
2025-01-28 18:00:00,-20.98,-9.37111111111111,-9.1,-8.46277777777778,-8.09888888888889,0,0,0,0,0
2025-01-28 19:00:00,-21.2722222222222,-9.37111111111111,-9.1,-8.49722222222222,-8.09888888888889,0,0,0,0,0
2025-01-28 20:00:00,-21.2722222222222,-9.37111111111111,-9.1,-8.49722222222222,-8.09888888888889,0,0,0,0,0
2025-01-28 21:00:00,-20.835,-9.405,-9.1,-8.49722222222222,-8.13222222222222,0,0,0,0,0
2025-01-28 22:00:00,-20.595,-9.405,-9.13388888888889,-8.49722222222222,-8.13222222222222,0,0,0,0,0
2025-01-28 23:00:00,-20.7861111111111,-9.405,-9.13388888888889,-8.53,-8.13222222222222,0,0,0,0,0
2025-01-29 00:00:00,-21.37,-9.43888888888889,-9.13388888888889,-8.53,-8.13222222222222,0,0,0,0,0
2025-01-29 01:00:00,-21.8661111111111,-9.43888888888889,-9.16777777777778,-8.53,-8.13222222222222,0,0,0,0,0
2025-01-29 02:00:00,-22.4222222222222,-9.43888888888889,-9.16777777777778,-8.53,-8.13222222222222,0,0,0,0,0
2025-01-29 03:00:00,-22.6777777777778,-9.47277777777778,-9.16777777777778,-8.53,-8.165,0,0,0,0,0
2025-01-29 04:00:00,-23.25,-9.47277777777778,-9.16777777777778,-8.56277777777778,-8.165,0,0,0,0,0
2025-01-29 05:00:00,-23.7277777777778,-9.47277777777778,-9.16777777777778,-8.56277777777778,-8.165,0,0,0,0,0
2025-01-29 06:00:00,-24.3777777777778,-9.50777777777778,-9.20222222222222,-8.56277777777778,-8.165,0,0,0,0,0
2025-01-29 07:00:00,-25.1011111111111,-9.50777777777778,-9.20222222222222,-8.56277777777778,-8.19777777777778,0,0,0,0,0
2025-01-29 08:00:00,-26.1938888888889,-9.50777777777778,-9.235,-8.59722222222222,-8.19777777777778,0,0,0,0,0
2025-01-29 09:00:00,-28.2127777777778,-9.54222222222222,-9.235,-8.59722222222222,-8.19777777777778,0,0,0,0,0
2025-01-29 10:00:00,-29.52,-9.57611111111111,-9.235,-8.59722222222222,-8.19777777777778,0,0,0,0,0
2025-01-29 11:00:00,-30.69,-9.57611111111111,-9.26888888888889,-8.59722222222222,-8.19777777777778,0,0,0,0,0
2025-01-29 12:00:00,-31.405,-9.61,-9.26888888888889,-8.59722222222222,-8.19777777777778,0,0,0,0,0
2025-01-29 13:00:00,-31.6977777777778,-9.64388888888889,-9.30277777777778,-8.63,-8.19777777777778,0,0,0,0,0
2025-01-29 14:00:00,-32.5977777777778,-9.67888888888889,-9.30277777777778,-8.63,-8.23111111111111,0,0,0,0,0
2025-01-29 15:00:00,-32.445,-9.74722222222222,-9.37111111111111,-8.66277777777778,-8.23111111111111,0,0,0,0,0
2025-01-29 16:00:00,-31.845,-9.78222222222222,-9.37111111111111,-8.66277777777778,-8.26388888888889,0,0,0,0,0
2025-01-29 17:00:00,-31.92,-9.81611111111111,-9.43888888888889,-8.66277777777778,-8.26388888888889,0,0,0,0,0
2025-01-29 18:00:00,-32.3688888888889,-9.885,-9.43888888888889,-8.69722222222222,-8.26388888888889,0,0,0,0,0
2025-01-29 19:00:00,-32.1427777777778,-9.95388888888889,-9.50777777777778,-8.73,-8.29722222222222,0,0,0,0,0
2025-01-29 20:00:00,-31.6238888888889,-10.0227777777778,-9.54222222222222,-8.73,-8.29722222222222,0,0,0,0,0
2025-01-29 21:00:00,-31.1172222222222,-10.0577777777778,-9.57611111111111,-8.76388888888889,-8.33111111111111,0,0,0,0,0
2025-01-29 22:00:00,-31.1877777777778,-10.1272222222222,-9.64388888888889,-8.79722222222222,-8.33111111111111,0,0,0,0,0
2025-01-29 23:00:00,-31.6977777777778,-10.1622222222222,-9.67888888888889,-8.83111111111111,-8.36388888888889,0,0,0,0,0
2025-01-30 00:00:00,-32.2938888888889,-10.1972222222222,-9.71277777777778,-8.83111111111111,-8.39722222222222,0,0,0,0,0
2025-01-30 01:00:00,-32.1427777777778,-10.3011111111111,-9.74722222222222,-8.86388888888889,-8.39722222222222,0,0,0,0,0
2025-01-30 02:00:00,-33.2961111111111,-10.3011111111111,-9.78222222222222,-8.89777777777778,-8.39722222222222,0,0,0,0,0
2025-01-30 03:00:00,-34.18,-10.3361111111111,-9.81611111111111,-8.93222222222222,-8.43,0,0,0,0,0
2025-01-30 04:00:00,-34.0977777777778,-10.3711111111111,-9.85111111111111,-8.965,-8.46277777777778,0,0,0,0,0
2025-01-30 05:00:00,-33.9361111111111,-10.4411111111111,-9.885,-8.965,-8.46277777777778,0,0,0,0,0
2025-01-30 06:00:00,-33.2177777777778,-10.4761111111111,-9.91888888888889,-8.99888888888889,-8.49722222222222,0,0,0,0,0
2025-01-30 07:00:00,-32.1427777777778,-10.5111111111111,-9.95388888888889,-9.03277777777778,-8.53,0,0,0,0,0
2025-01-30 08:00:00,-32.2188888888889,-10.5461111111111,-9.98888888888889,-9.06611111111111,-8.53,0,0,0,0,0
2025-01-30 09:00:00,-32.2188888888889,-10.5811111111111,-10.0577777777778,-9.1,-8.56277777777778,0,0,0,0,0
2025-01-30 10:00:00,-32.5211111111111,-10.5811111111111,-10.0577777777778,-9.13388888888889,-8.59722222222222,0,0,0,0,0
2025-01-30 11:00:00,-32.6738888888889,-10.5811111111111,-10.0922222222222,-9.13388888888889,-8.59722222222222,0,0,0,0,0
2025-01-30 12:00:00,-32.6738888888889,-10.6161111111111,-10.1272222222222,-9.16777777777778,-8.66277777777778,0,0,0,0,0
2025-01-30 13:00:00,-32.7511111111111,-10.6511111111111,-10.1272222222222,-9.20222222222222,-8.66277777777778,0,0,0,0,0
2025-01-30 14:00:00,-31.6977777777778,-10.6511111111111,-10.1622222222222,-9.235,-8.66277777777778,0,0,0,0,0
2025-01-30 15:00:00,-31.5511111111111,-10.6511111111111,-10.1972222222222,-9.235,-8.69722222222222,0,0,0,0,0
2025-01-30 16:00:00,-31.92,-10.6861111111111,-10.2311111111111,-9.26888888888889,-8.73,0,0,0,0,0
2025-01-30 17:00:00,-31.3327777777778,-10.7222222222222,-10.2311111111111,-9.30277777777778,-8.73,0,0,0,0,0
2025-01-30 18:00:00,-31.6977777777778,-10.7222222222222,-10.2661111111111,-9.33722222222222,-8.76388888888889,0,0,0,0,0
2025-01-30 19:00:00,-31.9938888888889,-10.7222222222222,-10.2661111111111,-9.33722222222222,-8.79722222222222,0,0,0,0,0
2025-01-30 20:00:00,-32.7511111111111,-10.7572222222222,-10.3011111111111,-9.37111111111111,-8.79722222222222,0,0,0,0,0
2025-01-30 21:00:00,-31.405,-10.7572222222222,-10.3361111111111,-9.405,-8.83111111111111,0,0,0,0,0
2025-01-30 22:00:00,-32.3688888888889,-10.7922222222222,-10.3711111111111,-9.405,-8.86388888888889,0,0,0,0,0
2025-01-30 23:00:00,-32.7511111111111,-10.7922222222222,-10.3711111111111,-9.43888888888889,-8.86388888888889,0,0,0,0,0
2025-01-31 00:00:00,-32.7511111111111,-10.8627777777778,-10.4061111111111,-9.47277777777778,-8.89777777777778,0,0,0,0,0
2025-01-31 01:00:00,-33.0611111111111,-10.8627777777778,-10.4411111111111,-9.47277777777778,-8.93222222222222,0,0,0,0,0
2025-01-31 02:00:00,-31.9938888888889,-10.8977777777778,-10.4761111111111,-9.50777777777778,-8.93222222222222,0,0,0,0,0
2025-01-31 03:00:00,-32.1427777777778,-10.9338888888889,-10.4761111111111,-9.50777777777778,-8.965,0,0,0,0,0
2025-01-31 04:00:00,-33.4538888888889,-10.9688888888889,-10.5111111111111,-9.54222222222222,-8.965,0,0,0,0,0
2025-01-31 05:00:00,-33.6938888888889,-11.005,-10.5461111111111,-9.57611111111111,-8.99888888888889,0,0,0,0,0
2025-01-31 06:00:00,-32.0688888888889,-11.005,-10.5461111111111,-9.57611111111111,-8.99888888888889,0,0,0,0,0
2025-01-31 07:00:00,-33.375,-11.04,-10.5811111111111,-9.61,-9.03277777777778,0,0,0,0,0
2025-01-31 08:00:00,-34.18,-11.0761111111111,-10.6161111111111,-9.64388888888889,-9.06611111111111,0,0,0,0,0
2025-01-31 09:00:00,-33.9361111111111,-11.1472222222222,-10.6511111111111,-9.67888888888889,-9.06611111111111,0,0,0,0,0
2025-01-31 10:00:00,-34.7611111111111,-11.1472222222222,-10.6861111111111,-9.67888888888889,-9.1,0,0,0,0,0
2025-01-31 11:00:00,-34.5927777777778,-11.2177777777778,-10.6861111111111,-9.71277777777778,-9.13388888888889,0,0,0,0,0
2025-01-31 12:00:00,-37.8211111111111,-11.2177777777778,-10.7222222222222,-9.74722222222222,-9.13388888888889,0,0,0,0,0
2025-01-31 13:00:00,-37.8211111111111,-11.29,-10.7572222222222,-9.74722222222222,-9.13388888888889,0,0,0,0,0
2025-01-31 14:00:00,-39.3211111111111,-11.3261111111111,-10.7922222222222,-9.78222222222222,-9.20222222222222,0,0,0,0,0
2025-01-31 15:00:00,-39.0122222222222,-11.4327777777778,-10.8272222222222,-9.78222222222222,-9.20222222222222,0,0,0,0,0
2025-01-31 16:00:00,-38.5077777777778,-11.4327777777778,-10.8627777777778,-9.81611111111111,-9.235,0,0,0,0,0
2025-01-31 17:00:00,-38.91,-11.505,-10.8977777777778,-9.85111111111111,-9.235,0,0,0,0,0
2025-01-31 18:00:00,-39.845,-11.5411111111111,-10.9338888888889,-9.885,-9.26888888888889,0,0,0,0,0
2025-01-31 19:00:00,-39.1138888888889,-11.5772222222222,-10.9688888888889,-9.885,-9.26888888888889,0,0,0,0,0
2025-01-31 20:00:00,-38.6072222222222,-11.65,-11.005,-9.91888888888889,-9.33722222222222,0,0,0,0,0
2025-01-31 21:00:00,-37.7238888888889,-11.7222222222222,-11.04,-9.95388888888889,-9.33722222222222,0,0,0,0,0
2025-01-31 22:00:00,-38.015,-11.7222222222222,-11.0761111111111,-9.98888888888889,-9.37111111111111,0,0,0,0,0
2025-01-31 23:00:00,-37.9172222222222,-11.7938888888889,-11.1472222222222,-10.0227777777778,-9.405,0,0,0,0,0
2025-02-01 00:00:00,-37.7238888888889,-11.7938888888889,-11.1827777777778,-10.0577777777778,-9.405,0,0,0,0,0
2025-02-01 01:00:00,-37.7238888888889,-11.8672222222222,-11.2177777777778,-10.0922222222222,-9.43888888888889,0,0,0,0,0
2025-02-01 02:00:00,-37.155,-11.8672222222222,-11.2538888888889,-10.1272222222222,-9.47277777777778,0,0,0,0,0
2025-02-01 03:00:00,-36.6911111111111,-11.94,-11.29,-10.1622222222222,-9.47277777777778,0,0,0,0,0
2025-02-01 04:00:00,-35.5311111111111,-12.0127777777778,-11.3261111111111,-10.1622222222222,-9.50777777777778,0,0,0,0,0
2025-02-01 05:00:00,-37.2488888888889,-12.0127777777778,-11.3611111111111,-10.1972222222222,-9.54222222222222,0,0,0,0,0
2025-02-01 06:00:00,-37.8211111111111,-12.0127777777778,-11.3972222222222,-10.2311111111111,-9.57611111111111,0,0,0,0,0
2025-02-01 07:00:00,-38.3088888888889,-12.0861111111111,-11.3972222222222,-10.3011111111111,-9.61,0,0,0,0,0
2025-02-01 08:00:00,-39.3211111111111,-12.0861111111111,-11.4688888888889,-10.3011111111111,-9.61,0,0,0,0,0
2025-02-01 09:00:00,-38.91,-12.1588888888889,-11.4688888888889,-10.3361111111111,-9.64388888888889,0,0,0,0,0
2025-02-01 10:00:00,-38.7077777777778,-12.1588888888889,-11.505,-10.3361111111111,-9.67888888888889,0,0,0,0,0
2025-02-01 11:00:00,-38.4077777777778,-12.1961111111111,-11.5411111111111,-10.3711111111111,-9.67888888888889,0,0,0,0,0
2025-02-01 12:00:00,-38.91,-12.2327777777778,-11.5772222222222,-10.4061111111111,-9.74722222222222,0,0,0,0,0
2025-02-01 13:00:00,-38.21,-12.3061111111111,-11.6127777777778,-10.4411111111111,-9.74722222222222,0,0,0,0,0
2025-02-01 14:00:00,-38.21,-12.3061111111111,-11.65,-10.4761111111111,-9.78222222222222,0,0,0,0,0
2025-02-01 15:00:00,-38.1122222222222,-12.3427777777778,-11.6861111111111,-10.5111111111111,-9.81611111111111,0,0,0,0,0
2025-02-01 16:00:00,-37.155,-12.38,-11.6861111111111,-10.5111111111111,-9.81611111111111,0,0,0,0,0
2025-02-01 17:00:00,-35.2711111111111,-12.38,-11.7577777777778,-10.5461111111111,-9.85111111111111,0,0,0,0,0
2025-02-01 18:00:00,-33.1388888888889,-12.4538888888889,-11.7577777777778,-10.5811111111111,-9.885,0,0,0,0,0
2025-02-01 19:00:00,-31.92,-12.4538888888889,-11.7938888888889,-10.6161111111111,-9.885,0,0,0,0,0
2025-02-01 20:00:00,-30.0627777777778,-12.4538888888889,-11.8311111111111,-10.6161111111111,-9.91888888888889,0,0,0,0,0
2025-02-01 21:00:00,-28.1488888888889,-12.4538888888889,-11.8672222222222,-10.6511111111111,-9.95388888888889,0,0,0,0,0
2025-02-01 22:00:00,-27.0311111111111,-12.4538888888889,-11.8672222222222,-10.6861111111111,-9.95388888888889,0,0,0,0,0
2025-02-01 23:00:00,-26.6688888888889,-12.4538888888889,-11.9027777777778,-10.6861111111111,-9.95388888888889,0,0,0,0,0
2025-02-02 00:00:00,-25.7277777777778,-12.4538888888889,-11.9027777777778,-10.7222222222222,-10.0227777777778,0,0,0,0,0
2025-02-02 01:00:00,-24.8211111111111,-12.4172222222222,-11.9027777777778,-10.7222222222222,-10.0227777777778,0,0,0,0,0
2025-02-02 02:00:00,-23.9972222222222,-12.38,-11.8672222222222,-10.7572222222222,-10.0227777777778,0,0,0,0,0
2025-02-02 03:00:00,-22.885,-12.3427777777778,-11.8672222222222,-10.7572222222222,-10.0577777777778,0,0,0,0,0
2025-02-02 04:00:00,-21.5177777777778,-12.3061111111111,-11.8311111111111,-10.7922222222222,-10.0577777777778,0,0,0,0,0
2025-02-02 05:00:00,-20.1672222222222,-12.2688888888889,-11.8311111111111,-10.7922222222222,-10.0922222222222,0,0,0,0,0
2025-02-02 06:00:00,-18.12,-12.2327777777778,-11.8311111111111,-10.7922222222222,-10.0922222222222,0,0,0,0,0
2025-02-02 07:00:00,-14.51,-12.1588888888889,-11.7938888888889,-10.7922222222222,-10.1272222222222,0,0,0,0,0
2025-02-02 08:00:00,-9.85111111111111,-12.1227777777778,-11.7577777777778,-10.7922222222222,-10.1272222222222,0,0,0,0,0
2025-02-02 09:00:00,-9.26888888888889,-12.0861111111111,-11.7577777777778,-10.7922222222222,-10.1272222222222,0,0,0,0,0
2025-02-02 10:00:00,-9.30277777777778,-12.0488888888889,-11.7222222222222,-10.7922222222222,-10.1272222222222,0,0,0,0,0
2025-02-02 11:00:00,-7.51,-11.9761111111111,-11.6861111111111,-10.7922222222222,-10.1272222222222,0,0,0,0,0
2025-02-02 12:00:00,-8.26388888888889,-11.94,-11.65,-10.7922222222222,-10.1622222222222,0,0,0,0,0
2025-02-02 13:00:00,-7.41277777777778,-11.8672222222222,-11.6127777777778,-10.7572222222222,-10.1622222222222,0,0,0,0,0
2025-02-02 14:00:00,-8.66277777777778,-11.7938888888889,-11.5411111111111,-10.7572222222222,-10.1622222222222,0,0,0,0,0
2025-02-02 15:00:00,-7.86888888888889,-11.7222222222222,-11.505,-10.7572222222222,-10.1272222222222,0,0,0,0,0
2025-02-02 16:00:00,-8.06611111111111,-11.65,-11.4688888888889,-10.7222222222222,-10.1272222222222,0,0,0,0,0
2025-02-02 17:00:00,-7.73777777777778,-11.6127777777778,-11.3972222222222,-10.6861111111111,-10.1272222222222,0,0,0,0,0
2025-02-02 18:00:00,-7.575,-11.5411111111111,-11.3611111111111,-10.6861111111111,-10.1272222222222,0,0,0,0,0
2025-02-02 19:00:00,-6.89777777777778,-11.4688888888889,-11.3261111111111,-10.6861111111111,-10.1272222222222,0,0,0,0,0
2025-02-02 20:00:00,-6.93,-11.3611111111111,-11.2538888888889,-10.6511111111111,-10.1272222222222,0,0,0,0,0
2025-02-02 21:00:00,-6.42,-11.3261111111111,-11.1827777777778,-10.6161111111111,-10.0922222222222,0,0,0,0,0
2025-02-02 22:00:00,-4.19722222222222,-11.2538888888889,-11.1472222222222,-10.5811111111111,-10.0922222222222,0,0,0,0,0
2025-02-02 23:00:00,-4.43888888888889,-11.1827777777778,-11.1111111111111,-10.5461111111111,-10.0577777777778,0,0,0,0,0
2025-02-03 00:00:00,-4.68222222222222,-11.1111111111111,-11.04,-10.5461111111111,-10.0577777777778,0,0,0,0,0
2025-02-03 01:00:00,-4.53,-11.04,-10.9688888888889,-10.4761111111111,-10.0227777777778,0,0,0,0,0
2025-02-03 02:00:00,-4.83388888888889,-10.9688888888889,-10.9338888888889,-10.4761111111111,-10.0227777777778,0,0,0,0,0
2025-02-03 03:00:00,-4.07611111111111,-10.8977777777778,-10.8977777777778,-10.4411111111111,-9.98888888888889,0,0,0,0,0
2025-02-03 04:00:00,-4.07611111111111,-10.8272222222222,-10.8272222222222,-10.4061111111111,-9.98888888888889,0,0,0,0,0
2025-02-03 05:00:00,-2.94722222222222,-10.7572222222222,-10.7572222222222,-10.3711111111111,-9.95388888888889,0,0,0,0,0
2025-02-03 06:00:00,-3.77722222222222,-10.6861111111111,-10.7222222222222,-10.3361111111111,-9.95388888888889,0,0,0,0,0
2025-02-03 07:00:00,-3.62722222222222,-10.6161111111111,-10.6511111111111,-10.3011111111111,-9.91888888888889,0,0,0,0,0
2025-02-03 08:00:00,-5.57388888888889,-10.5461111111111,-10.6161111111111,-10.2661111111111,-9.885,0,0,0,0,0
2025-02-03 09:00:00,-6.93,-10.5111111111111,-10.5461111111111,-10.2311111111111,-9.885,0,0,0,0,0
2025-02-03 10:00:00,-6.93,-10.4411111111111,-10.4761111111111,-10.1972222222222,-9.85111111111111,0,0,0,0,0
2025-02-03 11:00:00,-10.0922222222222,-10.3711111111111,-10.4411111111111,-10.1622222222222,-9.81611111111111,0,0,0,0,0
2025-02-03 12:00:00,-8.89777777777778,-10.3011111111111,-10.4061111111111,-10.1272222222222,-9.81611111111111,0,0,0,0,0
2025-02-03 13:00:00,-8.66277777777778,-10.2661111111111,-10.3361111111111,-10.0922222222222,-9.78222222222222,0,0,0,0,0
2025-02-03 14:00:00,-9.57611111111111,-10.1972222222222,-10.2661111111111,-10.0577777777778,-9.74722222222222,0,0,0,0,0
2025-02-03 15:00:00,-13.2388888888889,-10.1622222222222,-10.2661111111111,-9.98888888888889,-9.71277777777778,0,0,0,0,0
2025-02-03 16:00:00,-15.425,-10.1272222222222,-10.1972222222222,-9.98888888888889,-9.67888888888889,0,0,0,0,0
2025-02-03 17:00:00,-14.9838888888889,-10.0922222222222,-10.1622222222222,-9.95388888888889,-9.64388888888889,0,0,0,0,0
2025-02-03 18:00:00,-10.9338888888889,-10.0577777777778,-10.1272222222222,-9.91888888888889,-9.64388888888889,0,0,0,0,0
2025-02-03 19:00:00,-10.3011111111111,-10.0577777777778,-10.1272222222222,-9.885,-9.61,0,0,0,0,0
2025-02-03 20:00:00,-12.1961111111111,-10.0577777777778,-10.0922222222222,-9.85111111111111,-9.57611111111111,0,0,0,0,0
2025-02-03 21:00:00,-11.6861111111111,-10.0577777777778,-10.0922222222222,-9.81611111111111,-9.54222222222222,0,0,0,0,0
2025-02-03 22:00:00,-7.05777777777778,-10.0227777777778,-10.0577777777778,-9.78222222222222,-9.50777777777778,0,0,0,0,0
2025-02-03 23:00:00,-8.63,-10.0227777777778,-10.0577777777778,-9.78222222222222,-9.50777777777778,0,0,0,0,0
2025-02-04 00:00:00,-11.9027777777778,-10.0227777777778,-10.0227777777778,-9.78222222222222,-9.50777777777778,0,0,0,0,0
2025-02-04 01:00:00,-7.41277777777778,-9.98888888888889,-9.98888888888889,-9.74722222222222,-9.47277777777778,0,0,0,0,0
2025-02-04 02:00:00,-9.16777777777778,-9.98888888888889,-9.98888888888889,-9.71277777777778,-9.43888888888889,0,0,0,0,0
2025-02-04 03:00:00,-6.83388888888889,-9.95388888888889,-9.98888888888889,-9.71277777777778,-9.43888888888889,0,0,0,0,0
2025-02-04 04:00:00,-8.83111111111111,-9.95388888888889,-9.95388888888889,-9.67888888888889,-9.405,0,0,0,0,0
2025-02-04 05:00:00,-5.82277777777778,-9.91888888888889,-9.95388888888889,-9.67888888888889,-9.405,0,0,0,0,0
2025-02-04 06:00:00,-3.71722222222222,-9.91888888888889,-9.91888888888889,-9.64388888888889,-9.405,0,0,0,0,0
2025-02-04 07:00:00,-3.95611111111111,-9.91888888888889,-9.91888888888889,-9.64388888888889,-9.37111111111111,0,0,0,0,0
2025-02-04 08:00:00,-2.24722222222222,-9.885,-9.885,-9.61,-9.37111111111111,0,0,0,0,0
2025-02-04 09:00:00,-2.36277777777778,-9.85111111111111,-9.885,-9.61,-9.33722222222222,0,0,0,0,0
2025-02-04 10:00:00,-2.97611111111111,-9.85111111111111,-9.85111111111111,-9.57611111111111,-9.33722222222222,0,0,0,0,0
2025-02-04 11:00:00,-3.59777777777778,-9.78222222222222,-9.81611111111111,-9.57611111111111,-9.30277777777778,0,0,0,0,0
2025-02-04 12:00:00,-2.94722222222222,-9.74722222222222,-9.78222222222222,-9.54222222222222,-9.30277777777778,0,0,0,0,0
2025-02-04 13:00:00,-3.53777777777778,-9.71277777777778,-9.74722222222222,-9.54222222222222,-9.30277777777778,0,0,0,0,0
2025-02-04 14:00:00,-4.01611111111111,-9.67888888888889,-9.71277777777778,-9.50777777777778,-9.26888888888889,0,0,0,0,0
2025-02-04 15:00:00,-4.98722222222222,-9.64388888888889,-9.67888888888889,-9.50777777777778,-9.26888888888889,0,0,0,0,0
2025-02-04 16:00:00,-5.76,-9.57611111111111,-9.64388888888889,-9.47277777777778,-9.235,0,0,0,0,0
2025-02-04 17:00:00,-5.01777777777778,-9.54222222222222,-9.61,-9.43888888888889,-9.235,0,0,0,0,0
2025-02-04 18:00:00,-5.26388888888889,-9.50777777777778,-9.57611111111111,-9.43888888888889,-9.20222222222222,0,0,0,0,0
2025-02-04 19:00:00,-6.01,-9.47277777777778,-9.54222222222222,-9.405,-9.20222222222222,0,0,0,0,0
2025-02-04 20:00:00,-6.73777777777778,-9.43888888888889,-9.50777777777778,-9.37111111111111,-9.16777777777778,0,0,0,0,0
2025-02-04 21:00:00,-7.96777777777778,-9.405,-9.47277777777778,-9.37111111111111,-9.16777777777778,0,0,0,0,0
2025-02-04 22:00:00,-8.46277777777778,-9.37111111111111,-9.43888888888889,-9.33722222222222,-9.13388888888889,0,0,0,0,0
2025-02-04 23:00:00,-8.53,-9.33722222222222,-9.43888888888889,-9.30277777777778,-9.1,0,0,0,0,0
2025-02-05 00:00:00,-9.33722222222222,-9.30277777777778,-9.405,-9.26888888888889,-9.1,0,0,0,0,0
2025-02-05 01:00:00,-9.06611111111111,-9.30277777777778,-9.37111111111111,-9.26888888888889,-9.06611111111111,0,0,0,0,0
2025-02-05 02:00:00,-6.54722222222222,-9.26888888888889,-9.37111111111111,-9.235,-9.06611111111111,0,0,0,0,0
2025-02-05 03:00:00,-5.54222222222222,-9.26888888888889,-9.33722222222222,-9.235,-9.03277777777778,0,0,0,0,0
2025-02-05 04:00:00,-5.23277777777778,-9.26888888888889,-9.30277777777778,-9.20222222222222,-9.03277777777778,0,0,0,0,0
2025-02-05 05:00:00,-5.35722222222222,-9.26888888888889,-9.30277777777778,-9.16777777777778,-8.99888888888889,0,0,0,0,0
2025-02-05 06:00:00,-5.91611111111111,-9.235,-9.30277777777778,-9.16777777777778,-8.99888888888889,0,0,0,0,0
2025-02-05 07:00:00,-7.575,-9.235,-9.26888888888889,-9.16777777777778,-8.965,0,0,0,0,0
2025-02-05 08:00:00,-9.30277777777778,-9.20222222222222,-9.26888888888889,-9.13388888888889,-8.965,0,0,0,0,0
2025-02-05 09:00:00,-9.235,-9.16777777777778,-9.235,-9.1,-8.93222222222222,0,0,0,0,0
2025-02-05 10:00:00,-8.29722222222222,-9.16777777777778,-9.235,-9.1,-8.93222222222222,0,0,0,0,0
2025-02-05 11:00:00,-7.54277777777778,-9.13388888888889,-9.20222222222222,-9.06611111111111,-8.89777777777778,0,0,0,0,0
2025-02-05 12:00:00,-7.25111111111111,-9.1,-9.16777777777778,-9.06611111111111,-8.89777777777778,0,0,0,0,0
2025-02-05 13:00:00,-6.29388888888889,-9.1,-9.16777777777778,-9.03277777777778,-8.86388888888889,0,0,0,0,0
2025-02-05 14:00:00,-5.54222222222222,-9.1,-9.16777777777778,-9.03277777777778,-8.86388888888889,0,0,0,0,0
2025-02-05 15:00:00,-5.44888888888889,-9.06611111111111,-9.13388888888889,-8.99888888888889,-8.86388888888889,0,0,0,0,0
2025-02-05 16:00:00,-4.77277777777778,-9.03277777777778,-9.1,-8.99888888888889,-8.83111111111111,1,0,0,0,0
2025-02-05 17:00:00,-10.5461111111111,-9.03277777777778,-9.1,-8.99888888888889,-8.83111111111111,1,0,0,0,0
2025-02-05 18:00:00,-12.3061111111111,-8.99888888888889,-9.06611111111111,-8.965,-8.79722222222222,0,0,0,0,0
2025-02-05 19:00:00,-13.0877777777778,-8.965,-9.06611111111111,-8.965,-8.79722222222222,0,0,0,0,0
2025-02-05 20:00:00,-14.6277777777778,-8.965,-9.03277777777778,-8.93222222222222,-8.76388888888889,0,0,0,0,0
2025-02-05 21:00:00,-15.425,-8.93222222222222,-9.03277777777778,-8.89777777777778,-8.76388888888889,0,0,0,0,0
2025-02-05 22:00:00,-16.4922222222222,-8.89777777777778,-8.99888888888889,-8.89777777777778,-8.73,0,0,0,0,0
2025-02-05 23:00:00,-17.4672222222222,-8.93222222222222,-8.99888888888889,-8.89777777777778,-8.73,0,0,0,0,0
2025-02-06 00:00:00,-18.385,-8.93222222222222,-8.99888888888889,-8.86388888888889,-8.69722222222222,0,0,0,0,0
2025-02-06 01:00:00,-19.6538888888889,-8.965,-8.99888888888889,-8.86388888888889,-8.69722222222222,0,0,0,0,0
2025-02-06 02:00:00,-19.9327777777778,-8.965,-8.99888888888889,-8.83111111111111,-8.69722222222222,0,0,0,0,0
2025-02-06 03:00:00,-20.98,-8.99888888888889,-8.99888888888889,-8.83111111111111,-8.66277777777778,0,0,0,0,0
2025-02-06 04:00:00,-21.7161111111111,-9.03277777777778,-8.99888888888889,-8.83111111111111,-8.66277777777778,0,0,0,0,0
2025-02-06 05:00:00,-22.4727777777778,-9.06611111111111,-9.03277777777778,-8.79722222222222,-8.66277777777778,0,0,0,0,0
2025-02-06 06:00:00,-22.9372222222222,-9.1,-9.03277777777778,-8.79722222222222,-8.63,0,0,0,0,0
2025-02-06 07:00:00,-23.1977777777778,-9.13388888888889,-9.06611111111111,-8.79722222222222,-8.63,0,0,0,0,0
2025-02-06 08:00:00,-23.6211111111111,-9.16777777777778,-9.06611111111111,-8.79722222222222,-8.63,0,0,0,0,0
2025-02-06 09:00:00,-24.6538888888889,-9.20222222222222,-9.1,-8.79722222222222,-8.59722222222222,0,0,0,0,0
2025-02-06 10:00:00,-24.7088888888889,-9.235,-9.1,-8.79722222222222,-8.59722222222222,0,0,0,0,0
2025-02-06 11:00:00,-24.8211111111111,-9.26888888888889,-9.13388888888889,-8.79722222222222,-8.59722222222222,0,0,0,0,0
2025-02-06 12:00:00,-24.8761111111111,-9.30277777777778,-9.16777777777778,-8.79722222222222,-8.59722222222222,0,0,0,0,0
2025-02-06 13:00:00,-24.8211111111111,-9.33722222222222,-9.16777777777778,-8.83111111111111,-8.59722222222222,0,0,0,0,0
2025-02-06 14:00:00,-24.9322222222222,-9.37111111111111,-9.20222222222222,-8.83111111111111,-8.59722222222222,0,0,0,0,0
2025-02-06 15:00:00,-25.045,-9.405,-9.235,-8.83111111111111,-8.59722222222222,0,0,0,0,0
2025-02-06 16:00:00,-25.4977777777778,-9.43888888888889,-9.26888888888889,-8.83111111111111,-8.59722222222222,0,0,0,0,0
2025-02-06 17:00:00,-26.55,-9.47277777777778,-9.30277777777778,-8.86388888888889,-8.63,0,0,0,0,0
2025-02-06 18:00:00,-27.275,-9.50777777777778,-9.30277777777778,-8.86388888888889,-8.59722222222222,0,0,0,0,0
2025-02-06 19:00:00,-28.2761111111111,-9.54222222222222,-9.33722222222222,-8.89777777777778,-8.63,0,0,0,0,0
2025-02-06 20:00:00,-28.2127777777778,-9.54222222222222,-9.37111111111111,-8.89777777777778,-8.63,0,0,0,0,0
2025-02-06 21:00:00,-29.2527777777778,-9.61,-9.37111111111111,-8.89777777777778,-8.63,0,0,0,0,0
2025-02-06 22:00:00,-30.9727777777778,-9.64388888888889,-9.405,-8.93222222222222,-8.63,0,0,0,0,0
2025-02-06 23:00:00,-31.2611111111111,-9.67888888888889,-9.43888888888889,-8.93222222222222,-8.66277777777778,0,0,0,0,0
2025-02-07 00:00:00,-31.4777777777778,-9.67888888888889,-9.47277777777778,-8.93222222222222,-8.66277777777778,0,0,0,0,0
2025-02-07 01:00:00,-32.445,-9.74722222222222,-9.50777777777778,-8.965,-8.66277777777778,0,0,0,0,0
2025-02-07 02:00:00,-32.5977777777778,-9.78222222222222,-9.54222222222222,-8.99888888888889,-8.66277777777778,0,0,0,0,0
2025-02-07 03:00:00,-32.5977777777778,-9.81611111111111,-9.57611111111111,-8.99888888888889,-8.66277777777778,0,0,0,0,0
2025-02-07 04:00:00,-32.5211111111111,-9.885,-9.57611111111111,-9.03277777777778,-8.69722222222222,0,0,0,0,0
2025-02-07 05:00:00,-30.76,-9.95388888888889,-9.64388888888889,-9.03277777777778,-8.73,0,0,0,0,0
2025-02-07 06:00:00,-29.055,-10.0227777777778,-9.67888888888889,-9.06611111111111,-8.73,0,0,0,0,0
2025-02-07 07:00:00,-28.2761111111111,-10.0922222222222,-9.71277777777778,-9.06611111111111,-8.73,0,0,0,0,0
2025-02-07 08:00:00,-28.1488888888889,-10.1622222222222,-9.78222222222222,-9.13388888888889,-8.76388888888889,0,0,0,0,0
2025-02-07 09:00:00,-28.1488888888889,-10.2311111111111,-9.81611111111111,-9.13388888888889,-8.79722222222222,0,0,0,0,0
2025-02-07 10:00:00,-28.6622222222222,-10.3011111111111,-9.885,-9.20222222222222,-8.79722222222222,0,0,0,0,0
2025-02-07 11:00:00,-29.1211111111111,-10.3361111111111,-9.91888888888889,-9.20222222222222,-8.83111111111111,0,0,0,0,0
2025-02-07 12:00:00,-29.995,-10.3711111111111,-9.98888888888889,-9.235,-8.83111111111111,0,0,0,0,0
2025-02-07 13:00:00,-29.32,-10.4061111111111,-9.98888888888889,-9.26888888888889,-8.86388888888889,0,0,0,0,0
2025-02-07 14:00:00,-28.9888888888889,-10.4411111111111,-10.0227777777778,-9.30277777777778,-8.86388888888889,0,0,0,0,0
2025-02-07 15:00:00,-28.1488888888889,-10.4761111111111,-10.0577777777778,-9.30277777777778,-8.93222222222222,0,0,0,0,0
2025-02-07 16:00:00,-27.9588888888889,-10.5111111111111,-10.0922222222222,-9.33722222222222,-8.93222222222222,0,0,0,0,0
2025-02-07 17:00:00,-27.0922222222222,-10.5461111111111,-10.1272222222222,-9.37111111111111,-8.93222222222222,0,0,0,0,0
2025-02-07 18:00:00,-26.97,-10.5811111111111,-10.1622222222222,-9.405,-8.965,0,0,0,0,0
2025-02-07 19:00:00,-27.275,-10.5811111111111,-10.1972222222222,-9.43888888888889,-8.99888888888889,0,0,0,0,0
2025-02-07 20:00:00,-27.5838888888889,-10.6161111111111,-10.1972222222222,-9.43888888888889,-8.99888888888889,0,0,0,0,0
2025-02-07 21:00:00,-28.6622222222222,-10.6511111111111,-10.2661111111111,-9.47277777777778,-9.03277777777778,0,0,0,0,0
2025-02-07 22:00:00,-30.4788888888889,-10.6511111111111,-10.2661111111111,-9.50777777777778,-9.06611111111111,0,0,0,0,0
2025-02-07 23:00:00,-31.6977777777778,-10.6861111111111,-10.2661111111111,-9.50777777777778,-9.06611111111111,0,0,0,0,0
2025-02-08 00:00:00,-31.6977777777778,-10.6861111111111,-10.3011111111111,-9.54222222222222,-9.1,0,0,0,0,0
2025-02-08 01:00:00,-32.5977777777778,-10.7222222222222,-10.3361111111111,-9.54222222222222,-9.1,0,0,0,0,0
2025-02-08 02:00:00,-33.4538888888889,-10.7222222222222,-10.3361111111111,-9.57611111111111,-9.1,0,0,0,0,0
2025-02-08 03:00:00,-33.1388888888889,-10.7572222222222,-10.3711111111111,-9.61,-9.13388888888889,0,0,0,0,0
2025-02-08 04:00:00,-34.2622222222222,-10.7922222222222,-10.4061111111111,-9.61,-9.16777777777778,0,0,0,0,0
2025-02-08 05:00:00,-35.5311111111111,-10.8272222222222,-10.4061111111111,-9.64388888888889,-9.20222222222222,0,0,0,0,0
2025-02-08 06:00:00,-36.6,-10.8627777777778,-10.4411111111111,-9.64388888888889,-9.20222222222222,0,0,0,0,0
2025-02-08 07:00:00,-36.7827777777778,-10.8977777777778,-10.4761111111111,-9.67888888888889,-9.20222222222222,0,0,0,0,0
2025-02-08 08:00:00,-37.2488888888889,-10.9338888888889,-10.5111111111111,-9.71277777777778,-9.235,0,0,0,0,0
2025-02-08 09:00:00,-37.3427777777778,-11.005,-10.5461111111111,-9.74722222222222,-9.26888888888889,0,0,0,0,0
2025-02-08 10:00:00,-37.6277777777778,-11.005,-10.5811111111111,-9.74722222222222,-9.26888888888889,0,0,0,0,0
2025-02-08 11:00:00,-37.8211111111111,-11.0761111111111,-10.6161111111111,-9.78222222222222,-9.30277777777778,0,0,0,0,0
2025-02-08 12:00:00,-37.5327777777778,-11.1472222222222,-10.6511111111111,-9.81611111111111,-9.33722222222222,0,0,0,0,0
2025-02-08 13:00:00,-38.3088888888889,-11.1827777777778,-10.7222222222222,-9.85111111111111,-9.33722222222222,0,0,0,0,0
2025-02-08 14:00:00,-37.9172222222222,-11.2177777777778,-10.7572222222222,-9.85111111111111,-9.37111111111111,0,0,0,0,0
2025-02-08 15:00:00,-38.21,-11.29,-10.7922222222222,-9.885,-9.37111111111111,0,0,0,0,0
2025-02-08 16:00:00,-38.015,-11.3611111111111,-10.8272222222222,-9.91888888888889,-9.405,0,0,0,0,0
2025-02-08 17:00:00,-37.8211111111111,-11.4327777777778,-10.8627777777778,-9.95388888888889,-9.43888888888889,0,0,0,0,0
2025-02-08 18:00:00,-38.5077777777778,-11.4327777777778,-10.9338888888889,-9.98888888888889,-9.47277777777778,0,0,0,0,0
2025-02-08 19:00:00,-38.7077777777778,-11.505,-10.9688888888889,-10.0227777777778,-9.47277777777778,0,0,0,0,0
2025-02-08 20:00:00,-36.3277777777778,-11.5772222222222,-11.005,-10.0577777777778,-9.50777777777778,0,0,0,0,0
2025-02-08 21:00:00,-35.1,-11.5772222222222,-11.04,-10.0922222222222,-9.54222222222222,0,0,0,0,0
2025-02-08 22:00:00,-33.0611111111111,-11.65,-11.1111111111111,-10.1272222222222,-9.54222222222222,0,0,0,0,0
2025-02-08 23:00:00,-32.445,-11.7222222222222,-11.1472222222222,-10.1622222222222,-9.61,0,0,0,0,0
2025-02-09 00:00:00,-33.4538888888889,-11.7222222222222,-11.1827777777778,-10.1972222222222,-9.61,0,0,0,0,0
2025-02-09 01:00:00,-33.4538888888889,-11.7938888888889,-11.2538888888889,-10.2311111111111,-9.64388888888889,0,0,0,0,0
2025-02-09 02:00:00,-32.5977777777778,-11.8311111111111,-11.2538888888889,-10.2661111111111,-9.67888888888889,0,0,0,0,0
2025-02-09 03:00:00,-32.9827777777778,-11.8672222222222,-11.3261111111111,-10.3011111111111,-9.67888888888889,0,0,0,0,0
2025-02-09 04:00:00,-31.1172222222222,-11.8672222222222,-11.3261111111111,-10.3011111111111,-9.74722222222222,0,0,0,0,0
2025-02-09 05:00:00,-31.6977777777778,-11.9027777777778,-11.3611111111111,-10.3361111111111,-9.74722222222222,0,0,0,0,0
2025-02-09 06:00:00,-29.79,-11.94,-11.3972222222222,-10.3711111111111,-9.78222222222222,0,0,0,0,0
2025-02-09 07:00:00,-28.1488888888889,-11.94,-11.4327777777778,-10.4061111111111,-9.81611111111111,0,0,0,0,0
2025-02-09 08:00:00,-25.7277777777778,-12.0127777777778,-11.4688888888889,-10.4411111111111,-9.81611111111111,0,0,0,0,0
2025-02-09 09:00:00,-23.9427777777778,-12.0127777777778,-11.4688888888889,-10.4761111111111,-9.85111111111111,0,0,0,0,0
2025-02-09 10:00:00,-22.1677777777778,-12.0127777777778,-11.505,-10.4761111111111,-9.885,0,0,0,0,0
2025-02-09 11:00:00,-22.9372222222222,-12.0127777777778,-11.505,-10.5111111111111,-9.885,0,0,0,0,0
2025-02-09 12:00:00,-21.5177777777778,-11.9761111111111,-11.5411111111111,-10.5111111111111,-9.91888888888889,0,0,0,0,0
2025-02-09 13:00:00,-21.4188888888889,-11.9761111111111,-11.5411111111111,-10.5461111111111,-9.95388888888889,0,0,0,0,0
2025-02-09 14:00:00,-19.1488888888889,-11.94,-11.5411111111111,-10.5811111111111,-9.95388888888889,0,0,0,0,0
2025-02-09 15:00:00,-17.295,-11.9027777777778,-11.5411111111111,-10.5811111111111,-9.98888888888889,0,0,0,0,0
2025-02-09 16:00:00,-20.2138888888889,-11.9027777777778,-11.5411111111111,-10.5811111111111,-10.0227777777778,0,0,0,0,0
2025-02-09 17:00:00,-21.5672222222222,-11.8672222222222,-11.5411111111111,-10.6161111111111,-10.0227777777778,0,0,0,0,0
2025-02-09 18:00:00,-22.9372222222222,-11.8672222222222,-11.505,-10.6161111111111,-10.0227777777778,0,0,0,0,0
2025-02-09 19:00:00,-22.1172222222222,-11.8311111111111,-11.505,-10.6161111111111,-10.0577777777778,0,0,0,0,0
2025-02-09 20:00:00,-21.2722222222222,-11.7938888888889,-11.505,-10.6161111111111,-10.0577777777778,0,0,0,0,0
2025-02-09 21:00:00,-19.285,-11.7938888888889,-11.4688888888889,-10.6511111111111,-10.0577777777778,0,0,0,0,0
2025-02-09 22:00:00,-19.24,-11.7577777777778,-11.4688888888889,-10.6511111111111,-10.0577777777778,0,0,0,0,0
2025-02-09 23:00:00,-14.7461111111111,-11.7577777777778,-11.4688888888889,-10.6511111111111,-10.0922222222222,0,0,0,0,0
2025-02-10 00:00:00,-18.385,-11.7222222222222,-11.4327777777778,-10.6511111111111,-10.0922222222222,0,0,0,0,0
2025-02-10 01:00:00,-16.8277777777778,-11.7222222222222,-11.3972222222222,-10.6511111111111,-10.0922222222222,0,0,0,0,0
2025-02-10 02:00:00,-17.4238888888889,-11.6861111111111,-11.3972222222222,-10.6511111111111,-10.0922222222222,0,0,0,0,0
2025-02-10 03:00:00,-18.5627777777778,-11.65,-11.3972222222222,-10.6511111111111,-10.0922222222222,0,0,0,0,0
2025-02-10 04:00:00,-18.12,-11.65,-11.3972222222222,-10.6161111111111,-10.0922222222222,0,0,0,0,0
2025-02-10 05:00:00,-18.8322222222222,-11.6127777777778,-11.3611111111111,-10.6161111111111,-10.0922222222222,0,0,0,0,0
2025-02-10 06:00:00,-19.7,-11.6127777777778,-11.3611111111111,-10.6161111111111,-10.1272222222222,0,0,0,0,0
2025-02-10 07:00:00,-20.9311111111111,-11.6127777777778,-11.3611111111111,-10.6161111111111,-10.1272222222222,0,0,0,0,0
2025-02-10 08:00:00,-18.385,-11.5772222222222,-11.3261111111111,-10.6161111111111,-10.0922222222222,0,0,0,0,0
2025-02-10 09:00:00,-17.5972222222222,-11.5772222222222,-11.3261111111111,-10.6161111111111,-10.1272222222222,0,0,0,0,0
2025-02-10 10:00:00,-15.75,-11.5411111111111,-11.3261111111111,-10.6161111111111,-10.1272222222222,0,0,0,0,0
2025-02-10 11:00:00,-14.0422222222222,-11.5411111111111,-11.3261111111111,-10.6161111111111,-10.1272222222222,0,0,0,0,0
2025-02-10 12:00:00,-14.0811111111111,-11.505,-11.29,-10.6161111111111,-10.1272222222222,0,0,0,0,0
2025-02-10 13:00:00,-12.825,-11.505,-11.29,-10.5811111111111,-10.0922222222222,0,0,0,0,0
2025-02-10 14:00:00,-14.2361111111111,-11.505,-11.29,-10.5811111111111,-10.1272222222222,0,0,0,0,0
2025-02-10 15:00:00,-14.3922222222222,-11.4688888888889,-11.2538888888889,-10.5811111111111,-10.1272222222222,0,0,0,0,0
2025-02-10 16:00:00,-12.2327777777778,-11.4327777777778,-11.2538888888889,-10.5811111111111,-10.0922222222222,0,0,0,0,0
2025-02-10 17:00:00,-9.78222222222222,-11.4327777777778,-11.2538888888889,-10.5811111111111,-10.1272222222222,0,0,0,0,0
2025-02-10 18:00:00,-11.0761111111111,-11.3972222222222,-11.2177777777778,-10.5811111111111,-10.0922222222222,0,0,0,0,0
2025-02-10 19:00:00,-12.7138888888889,-11.3611111111111,-11.1827777777778,-10.5811111111111,-10.1272222222222,0,0,0,0,0
2025-02-10 20:00:00,-11.9027777777778,-11.3261111111111,-11.1827777777778,-10.5811111111111,-10.0922222222222,0,0,0,0,0
2025-02-10 21:00:00,-8.73,-11.29,-11.1472222222222,-10.5461111111111,-10.0922222222222,0,0,0,0,0
2025-02-10 22:00:00,-9.71277777777778,-11.2538888888889,-11.1111111111111,-10.5461111111111,-10.0922222222222,0,0,0,0,0
2025-02-10 23:00:00,-9.71277777777778,-11.2177777777778,-11.0761111111111,-10.5461111111111,-10.0922222222222,0,0,0,0,0
2025-02-11 00:00:00,-9.91888888888889,-11.1827777777778,-11.0761111111111,-10.5111111111111,-10.0922222222222,0,0,0,0,0
2025-02-11 01:00:00,-11.3972222222222,-11.1472222222222,-11.04,-10.5111111111111,-10.0922222222222,0,0,0,0,0
2025-02-11 02:00:00,-13.6961111111111,-11.1111111111111,-11.005,-10.4761111111111,-10.0922222222222,0,0,0,0,0
2025-02-11 03:00:00,-13.6961111111111,-11.0761111111111,-10.9688888888889,-10.4761111111111,-10.0577777777778,0,0,0,0,0
2025-02-11 04:00:00,-13.2388888888889,-11.04,-10.9338888888889,-10.4761111111111,-10.0577777777778,0,0,0,0,0
2025-02-11 05:00:00,-15.2238888888889,-10.9688888888889,-10.8977777777778,-10.4411111111111,-10.0227777777778,0,0,0,0,0
2025-02-11 06:00:00,-14.865,-10.9338888888889,-10.8977777777778,-10.4411111111111,-10.0227777777778,0,0,0,0,0
2025-02-11 07:00:00,-15.5061111111111,-10.9338888888889,-10.8272222222222,-10.4061111111111,-10.0227777777778,0,0,0,0,0
2025-02-11 08:00:00,-14.8261111111111,-10.8977777777778,-10.8272222222222,-10.3711111111111,-10.0227777777778,0,0,0,0,0
2025-02-11 09:00:00,-15.1438888888889,-10.8627777777778,-10.8272222222222,-10.3711111111111,-9.98888888888889,0,0,0,0,0
2025-02-11 10:00:00,-16.7438888888889,-10.8627777777778,-10.7922222222222,-10.3361111111111,-9.98888888888889,0,0,0,0,0
2025-02-11 11:00:00,-15.5872222222222,-10.8272222222222,-10.7572222222222,-10.3361111111111,-9.95388888888889,0,0,0,0,0
2025-02-11 12:00:00,-16.8277777777778,-10.8272222222222,-10.7572222222222,-10.3011111111111,-9.95388888888889,0,0,0,0,0
2025-02-11 13:00:00,-16.955,-10.7922222222222,-10.7222222222222,-10.3011111111111,-9.95388888888889,0,0,0,0,0
2025-02-11 14:00:00,-17.4238888888889,-10.7922222222222,-10.7222222222222,-10.2661111111111,-9.95388888888889,0,0,0,0,0
2025-02-11 15:00:00,-18.0322222222222,-10.7922222222222,-10.6861111111111,-10.2661111111111,-9.91888888888889,0,0,0,0,0
2025-02-11 16:00:00,-17.6827777777778,-10.7922222222222,-10.6861111111111,-10.2661111111111,-9.91888888888889,0,0,0,0,0
2025-02-11 17:00:00,-17.51,-10.7572222222222,-10.6861111111111,-10.2311111111111,-9.91888888888889,0,0,0,0,0
2025-02-11 18:00:00,-15.8322222222222,-10.7572222222222,-10.6861111111111,-10.2311111111111,-9.885,0,0,0,0,0
2025-02-11 19:00:00,-14.2361111111111,-10.7572222222222,-10.6511111111111,-10.2311111111111,-9.885,0,0,0,0,0
2025-02-11 20:00:00,-16.1188888888889,-10.7572222222222,-10.6861111111111,-10.2311111111111,-9.885,0,0,0,0,0
2025-02-11 21:00:00,-15.5472222222222,-10.7572222222222,-10.6511111111111,-10.1972222222222,-9.885,0,0,0,0,0
2025-02-11 22:00:00,-13.2772222222222,-10.7572222222222,-10.6511111111111,-10.1972222222222,-9.85111111111111,0,0,0,0,0
2025-02-11 23:00:00,-15.5472222222222,-10.7572222222222,-10.6511111111111,-10.1972222222222,-9.85111111111111,0,0,0,0,0
2025-02-12 00:00:00,-14.1972222222222,-10.7572222222222,-10.6511111111111,-10.1972222222222,-9.85111111111111,0,0,0,0,0
2025-02-12 01:00:00,-17.3377777777778,-10.7222222222222,-10.6161111111111,-10.1972222222222,-9.85111111111111,0,0,0,0,0
2025-02-12 02:00:00,-18.8322222222222,-10.7222222222222,-10.6161111111111,-10.1972222222222,-9.85111111111111,0,0,0,0,0
2025-02-12 03:00:00,-17.4672222222222,-10.7222222222222,-10.6161111111111,-10.1622222222222,-9.81611111111111,0,0,0,0,0
2025-02-12 04:00:00,-16.955,-10.7222222222222,-10.6161111111111,-10.1622222222222,-9.81611111111111,0,0,0,0,0
2025-02-12 05:00:00,-20.2622222222222,-10.7222222222222,-10.6161111111111,-10.1622222222222,-9.81611111111111,0,0,0,0,0
2025-02-12 06:00:00,-20.4511111111111,-10.6861111111111,-10.6161111111111,-10.1622222222222,-9.81611111111111,0,0,0,0,0
2025-02-12 07:00:00,-18.4288888888889,-10.6861111111111,-10.5811111111111,-10.1272222222222,-9.81611111111111,0,0,0,0,0
2025-02-12 08:00:00,-15.2638888888889,-10.6861111111111,-10.5811111111111,-10.1272222222222,-9.81611111111111,0,0,0,0,0
2025-02-12 09:00:00,-14.3922222222222,-10.7222222222222,-10.5811111111111,-10.1272222222222,-9.78222222222222,0,0,0,0,0
2025-02-12 10:00:00,-16.16,-10.7222222222222,-10.5811111111111,-10.1272222222222,-9.78222222222222,0,0,0,0,0
2025-02-12 11:00:00,-13.2388888888889,-10.7222222222222,-10.5811111111111,-10.1272222222222,-9.78222222222222,0,0,0,0,0
2025-02-12 12:00:00,-13.1261111111111,-10.7222222222222,-10.6161111111111,-10.1272222222222,-9.78222222222222,0,0,0,0,0
2025-02-12 13:00:00,-12.8627777777778,-10.7222222222222,-10.6161111111111,-10.1272222222222,-9.78222222222222,0,0,0,0,0
2025-02-12 14:00:00,-13.8488888888889,-10.7222222222222,-10.5811111111111,-10.1272222222222,-9.78222222222222,0,0,0,0,0
2025-02-12 15:00:00,-15.2638888888889,-10.6861111111111,-10.5811111111111,-10.1272222222222,-9.78222222222222,0,0,0,0,0
2025-02-12 16:00:00,-16.66,-10.6861111111111,-10.5461111111111,-10.1272222222222,-9.78222222222222,0,0,0,0,0
2025-02-12 17:00:00,-17.64,-10.6511111111111,-10.5461111111111,-10.1272222222222,-9.78222222222222,0,0,0,0,0
2025-02-12 18:00:00,-19.1488888888889,-10.6511111111111,-10.5461111111111,-10.1272222222222,-9.78222222222222,0,0,0,0,0
2025-02-12 19:00:00,-19.7,-10.6161111111111,-10.5461111111111,-10.0922222222222,-9.74722222222222,0,0,0,0,0
2025-02-12 20:00:00,-19.4227777777778,-10.6161111111111,-10.5111111111111,-10.0922222222222,-9.74722222222222,0,0,0,0,0
2025-02-12 21:00:00,-19.1938888888889,-10.5811111111111,-10.5111111111111,-10.0922222222222,-9.74722222222222,0,0,0,0,0
2025-02-12 22:00:00,-20.2138888888889,-10.5811111111111,-10.4761111111111,-10.0577777777778,-9.74722222222222,0,0,0,0,0
2025-02-12 23:00:00,-21.6672222222222,-10.5811111111111,-10.4761111111111,-10.0577777777778,-9.74722222222222,0,0,0,0,0
2025-02-13 00:00:00,-22.32,-10.5811111111111,-10.4761111111111,-10.0577777777778,-9.74722222222222,0,0,0,0,0
2025-02-13 01:00:00,-22.7288888888889,-10.5811111111111,-10.4761111111111,-10.0577777777778,-9.71277777777778,0,0,0,0,0
2025-02-13 02:00:00,-22.9888888888889,-10.5811111111111,-10.4761111111111,-10.0227777777778,-9.71277777777778,0,0,0,0,0
2025-02-13 03:00:00,-23.5677777777778,-10.6161111111111,-10.4761111111111,-10.0227777777778,-9.71277777777778,0,0,0,0,0
2025-02-13 04:00:00,-23.9427777777778,-10.6161111111111,-10.4761111111111,-10.0227777777778,-9.71277777777778,0,0,0,0,0
2025-02-13 05:00:00,-24.0511111111111,-10.6161111111111,-10.4761111111111,-10.0227777777778,-9.71277777777778,0,0,0,0,0
2025-02-13 06:00:00,-23.9972222222222,-10.6511111111111,-10.5111111111111,-10.0227777777778,-9.67888888888889,0,0,0,0,0
2025-02-13 07:00:00,-24.4327777777778,-10.7222222222222,-10.5461111111111,-10.0227777777778,-9.71277777777778,0,0,0,0,0
2025-02-13 08:00:00,-24.5977777777778,-10.7572222222222,-10.5461111111111,-10.0227777777778,-9.71277777777778,0,0,0,0,0
2025-02-13 09:00:00,-25.1011111111111,-10.7922222222222,-10.5811111111111,-10.0577777777778,-9.71277777777778,0,0,0,0,0
2025-02-13 10:00:00,-25.96,-10.8272222222222,-10.6161111111111,-10.0227777777778,-9.67888888888889,0,0,0,0,0
2025-02-13 11:00:00,-26.1938888888889,-10.8627777777778,-10.6161111111111,-10.0577777777778,-9.71277777777778,0,0,0,0,0
2025-02-13 12:00:00,-26.91,-10.9338888888889,-10.6511111111111,-10.0577777777778,-9.71277777777778,0,0,0,0,0
2025-02-13 13:00:00,-26.1938888888889,-10.9688888888889,-10.6861111111111,-10.0577777777778,-9.71277777777778,0,0,0,0,0
2025-02-13 14:00:00,-25.7277777777778,-11.005,-10.7222222222222,-10.0922222222222,-9.71277777777778,0,0,0,0,0
2025-02-13 15:00:00,-25.8438888888889,-11.0761111111111,-10.7572222222222,-10.0922222222222,-9.74722222222222,0,0,0,0,0
2025-02-13 16:00:00,-25.8438888888889,-11.1472222222222,-10.7922222222222,-10.0922222222222,-9.74722222222222,0,0,0,0,0
2025-02-13 17:00:00,-26.0772222222222,-11.1827777777778,-10.8272222222222,-10.1272222222222,-9.74722222222222,0,0,0,0,0
2025-02-13 18:00:00,-26.1938888888889,-11.2177777777778,-10.8977777777778,-10.1622222222222,-9.74722222222222,0,0,0,0,0
2025-02-13 19:00:00,-26.6088888888889,-11.2538888888889,-10.8977777777778,-10.1972222222222,-9.78222222222222,0,0,0,0,0
2025-02-13 20:00:00,-26.0772222222222,-11.2538888888889,-10.9338888888889,-10.1972222222222,-9.78222222222222,0,0,0,0,0
2025-02-13 21:00:00,-26.6088888888889,-11.2177777777778,-10.9688888888889,-10.2311111111111,-9.78222222222222,0,0,0,0,0
2025-02-13 22:00:00,-26.55,-11.2538888888889,-10.9688888888889,-10.2311111111111,-9.81611111111111,0,0,0,0,0
2025-02-13 23:00:00,-25.96,-11.29,-10.9688888888889,-10.2661111111111,-9.81611111111111,0,0,0,0,0
2025-02-14 00:00:00,-25.5561111111111,-11.29,-11.005,-10.2661111111111,-9.81611111111111,0,0,0,0,0
2025-02-14 01:00:00,-26.49,-11.3611111111111,-11.04,-10.2661111111111,-9.85111111111111,0,0,0,0,0
2025-02-14 02:00:00,-26.3711111111111,-11.4327777777778,-11.04,-10.3011111111111,-9.85111111111111,0,0,0,0,0
2025-02-14 03:00:00,-25.96,-11.4688888888889,-11.1111111111111,-10.3011111111111,-9.85111111111111,0,0,0,0,0
2025-02-14 04:00:00,-25.1572222222222,-11.5411111111111,-11.1472222222222,-10.3361111111111,-9.885,0,0,0,0,0
2025-02-14 05:00:00,-25.6711111111111,-11.6127777777778,-11.1827777777778,-10.3361111111111,-9.885,0,0,0,0,0
2025-02-14 06:00:00,-25.7277777777778,-11.6861111111111,-11.2538888888889,-10.3711111111111,-9.91888888888889,0,0,0,0,0
2025-02-14 07:00:00,-25.96,-11.7222222222222,-11.29,-10.4061111111111,-9.91888888888889,0,0,0,0,0
2025-02-14 08:00:00,-26.3122222222222,-11.7938888888889,-11.3261111111111,-10.4411111111111,-9.95388888888889,0,0,0,0,0
2025-02-14 09:00:00,-26.6688888888889,-11.7938888888889,-11.3611111111111,-10.4411111111111,-9.95388888888889,0,0,0,0,0
2025-02-14 10:00:00,-26.7888888888889,-11.8311111111111,-11.3972222222222,-10.4761111111111,-9.98888888888889,0,0,0,0,0
2025-02-14 11:00:00,-26.3711111111111,-11.8672222222222,-11.3972222222222,-10.4761111111111,-9.98888888888889,0,0,0,0,0
2025-02-14 12:00:00,-27.6461111111111,-11.9027777777778,-11.4327777777778,-10.5111111111111,-10.0227777777778,0,0,0,0,0
2025-02-14 13:00:00,-27.46,-11.9027777777778,-11.4688888888889,-10.5461111111111,-10.0227777777778,0,0,0,0,0
2025-02-14 14:00:00,-27.6461111111111,-11.9027777777778,-11.4688888888889,-10.5461111111111,-10.0227777777778,0,0,0,0,0
2025-02-14 15:00:00,-28.1488888888889,-11.9027777777778,-11.4688888888889,-10.5811111111111,-10.0577777777778,0,0,0,0,0
2025-02-14 16:00:00,-31.3327777777778,-11.9027777777778,-11.4688888888889,-10.5811111111111,-10.0577777777778,0,0,0,0,0
2025-02-14 17:00:00,-33.855,-11.8672222222222,-11.4688888888889,-10.5811111111111,-10.0922222222222,0,0,0,0,0
2025-02-14 18:00:00,-35.185,-11.8672222222222,-11.4688888888889,-10.5811111111111,-10.0922222222222,0,0,0,0,0
2025-02-14 19:00:00,-34.0977777777778,-11.8311111111111,-11.4327777777778,-10.5811111111111,-10.0922222222222,0,0,0,0,0
2025-02-14 20:00:00,-33.7738888888889,-11.8672222222222,-11.4327777777778,-10.5811111111111,-10.0922222222222,0,0,0,0,0
2025-02-14 21:00:00,-31.045,-11.8672222222222,-11.4688888888889,-10.6161111111111,-10.1272222222222,0,0,0,0,0
2025-02-14 22:00:00,-32.6738888888889,-11.8672222222222,-11.4688888888889,-10.6161111111111,-10.1272222222222,0,0,0,0,0
2025-02-14 23:00:00,-32.7511111111111,-11.9027777777778,-11.4688888888889,-10.6161111111111,-10.1272222222222,0,0,0,0,0
2025-02-15 00:00:00,-30.5488888888889,-11.94,-11.505,-10.6511111111111,-10.1622222222222,0,0,0,0,0
2025-02-15 01:00:00,-30.1322222222222,-11.94,-11.505,-10.6511111111111,-10.1622222222222,0,0,0,0,0
2025-02-15 02:00:00,-31.1172222222222,-11.94,-11.5411111111111,-10.6511111111111,-10.1622222222222,0,0,0,0,0
2025-02-15 03:00:00,-26.7288888888889,-12.0127777777778,-11.5411111111111,-10.6861111111111,-10.1622222222222,0,0,0,0,0
2025-02-15 04:00:00,-27.1527777777778,-12.0127777777778,-11.5772222222222,-10.6861111111111,-10.1622222222222,0,0,0,0,0
2025-02-15 05:00:00,-32.5211111111111,-12.0127777777778,-11.6127777777778,-10.7222222222222,-10.1972222222222,1,0,0,0,0
2025-02-15 06:00:00,-31.6977777777778,-12.0488888888889,-11.6127777777778,-10.7222222222222,-10.1972222222222,0,0,0,0,0
2025-02-15 07:00:00,-33.0611111111111,-12.0861111111111,-11.6127777777778,-10.7572222222222,-10.2311111111111,0,0,0,0,0
2025-02-15 08:00:00,-33.1388888888889,-12.0861111111111,-11.65,-10.7572222222222,-10.2311111111111,0,0,0,0,0
2025-02-15 09:00:00,-32.3688888888889,-12.1227777777778,-11.6861111111111,-10.7572222222222,-10.2311111111111,0,0,0,0,0
2025-02-15 10:00:00,-31.6977777777778,-12.1588888888889,-11.6861111111111,-10.7922222222222,-10.3011111111111,0,0,0,0,0
2025-02-15 11:00:00,-31.2611111111111,-12.2327777777778,-11.7222222222222,-10.7922222222222,-10.3011111111111,0,0,0,0,0
2025-02-15 12:00:00,-30.5488888888889,-12.2327777777778,-11.7577777777778,-10.8272222222222,-10.3011111111111,0,0,0,0,0
2025-02-15 13:00:00,-30.5488888888889,-12.3061111111111,-11.7577777777778,-10.8627777777778,-10.3011111111111,0,0,0,0,0
2025-02-15 14:00:00,-30.8311111111111,-12.3061111111111,-11.7938888888889,-10.8627777777778,-10.3361111111111,0,0,0,0,0
2025-02-15 15:00:00,-30.9022222222222,-12.3427777777778,-11.8311111111111,-10.8627777777778,-10.3361111111111,0,0,0,0,0
2025-02-15 16:00:00,-31.1172222222222,-12.3427777777778,-11.8311111111111,-10.8977777777778,-10.3711111111111,0,0,0,0,0
2025-02-15 17:00:00,-31.4777777777778,-12.3427777777778,-11.8672222222222,-10.9338888888889,-10.3711111111111,0,0,0,0,0
2025-02-15 18:00:00,-30.9727777777778,-12.38,-11.8672222222222,-10.9338888888889,-10.3711111111111,0,0,0,0,0
2025-02-15 19:00:00,-30.4788888888889,-12.38,-11.9027777777778,-10.9338888888889,-10.4061111111111,0,0,0,0,0
2025-02-15 20:00:00,-30.1322222222222,-12.38,-11.9027777777778,-10.9688888888889,-10.4061111111111,0,0,0,0,0
2025-02-15 21:00:00,-29.1872222222222,-12.38,-11.9027777777778,-10.9688888888889,-10.4411111111111,0,0,0,0,0
2025-02-15 22:00:00,-29.055,-12.38,-11.94,-11.005,-10.4411111111111,0,0,0,0,0
2025-02-15 23:00:00,-29.1872222222222,-12.38,-11.94,-11.005,-10.4411111111111,0,0,0,0,0
2025-02-16 00:00:00,-29.055,-12.38,-11.94,-11.04,-10.4761111111111,0,0,0,0,0
2025-02-16 01:00:00,-31.1877777777778,-12.38,-11.9761111111111,-11.04,-10.4761111111111,1,0,0,0,0
2025-02-16 02:00:00,-29.055,-12.38,-11.9761111111111,-11.04,-10.5111111111111,0,0,0,0,0
2025-02-16 03:00:00,-26.6088888888889,-12.38,-11.9761111111111,-11.0761111111111,-10.5111111111111,0,0,0,0,0
2025-02-16 04:00:00,-24.9877777777778,-12.38,-11.9761111111111,-11.0761111111111,-10.5111111111111,0,0,0,0,0
2025-02-16 05:00:00,-25.1572222222222,-12.4172222222222,-11.9761111111111,-11.0761111111111,-10.5111111111111,0,0,0,0,0
2025-02-16 06:00:00,-24.105,-12.4172222222222,-12.0127777777778,-11.0761111111111,-10.5461111111111,0,0,0,0,0
2025-02-16 07:00:00,-23.6211111111111,-12.4172222222222,-12.0127777777778,-11.1111111111111,-10.5461111111111,0,0,0,0,0
2025-02-16 08:00:00,-23.7277777777778,-12.38,-12.0127777777778,-11.1472222222222,-10.5811111111111,0,0,0,0,0
2025-02-16 09:00:00,-24.4327777777778,-12.38,-12.0127777777778,-11.1472222222222,-10.5811111111111,0,0,0,0,0
2025-02-16 10:00:00,-24.2688888888889,-12.38,-12.0127777777778,-11.1472222222222,-10.5811111111111,0,0,0,0,0
2025-02-16 11:00:00,-23.9972222222222,-12.3427777777778,-11.9761111111111,-11.1472222222222,-10.5811111111111,0,0,0,0,0
2025-02-16 12:00:00,-23.7277777777778,-12.3061111111111,-11.9761111111111,-11.1472222222222,-10.6161111111111,0,0,0,0,0
2025-02-16 13:00:00,-23.3027777777778,-12.3061111111111,-11.9761111111111,-11.1472222222222,-10.6161111111111,0,0,0,0,0
2025-02-16 14:00:00,-22.7811111111111,-12.2688888888889,-11.9761111111111,-11.1472222222222,-10.6161111111111,0,0,0,0,0
2025-02-16 15:00:00,-23.0927777777778,-12.2688888888889,-11.9761111111111,-11.1472222222222,-10.6161111111111,0,0,0,0,0
2025-02-16 16:00:00,-24.3777777777778,-12.2327777777778,-11.9761111111111,-11.1472222222222,-10.6161111111111,0,0,0,0,0
2025-02-16 17:00:00,-26.0772222222222,-12.1961111111111,-11.94,-11.1472222222222,-10.6161111111111,0,0,0,0,0
2025-02-16 18:00:00,-24.9877777777778,-12.1961111111111,-11.9027777777778,-11.1472222222222,-10.6511111111111,0,0,0,0,0
2025-02-16 19:00:00,-23.145,-12.1961111111111,-11.9027777777778,-11.1472222222222,-10.6511111111111,0,0,0,0,0
2025-02-16 20:00:00,-21.8161111111111,-12.1961111111111,-11.9027777777778,-11.1472222222222,-10.6511111111111,0,0,0,0,0
2025-02-16 21:00:00,-21.6172222222222,-12.1961111111111,-11.9027777777778,-11.1472222222222,-10.6511111111111,0,0,0,0,0
2025-02-16 22:00:00,-21.2722222222222,-12.1588888888889,-11.9027777777778,-11.1472222222222,-10.6511111111111,0,0,0,0,0
2025-02-16 23:00:00,-20.0727777777778,-12.1588888888889,-11.9027777777778,-11.1472222222222,-10.6511111111111,0,0,0,0,0
2025-02-17 00:00:00,-19.8388888888889,-12.1227777777778,-11.8672222222222,-11.1472222222222,-10.6511111111111,0,0,0,0,0
2025-02-17 01:00:00,-19.9327777777778,-12.1227777777778,-11.8672222222222,-11.1472222222222,-10.6511111111111,0,0,0,0,0
2025-02-17 02:00:00,-19.4688888888889,-12.0861111111111,-11.8311111111111,-11.1472222222222,-10.6511111111111,0,0,0,0,0
2025-02-17 03:00:00,-19.4688888888889,-12.0488888888889,-11.8311111111111,-11.1472222222222,-10.6511111111111,0,0,0,0,0
2025-02-17 04:00:00,-19.7,-12.0127777777778,-11.8311111111111,-11.1111111111111,-10.6511111111111,0,0,0,0,0
2025-02-17 05:00:00,-19.8388888888889,-12.0127777777778,-11.7938888888889,-11.1111111111111,-10.6511111111111,0,0,0,0,0
2025-02-17 06:00:00,-19.9788888888889,-11.9761111111111,-11.7938888888889,-11.1111111111111,-10.6511111111111,0,0,0,0,0
2025-02-17 07:00:00,-20.69,-11.94,-11.7577777777778,-11.1111111111111,-10.6511111111111,0,0,0,0,0
2025-02-17 08:00:00,-21.5672222222222,-11.94,-11.7577777777778,-11.1111111111111,-10.6511111111111,0,0,0,0,0
2025-02-17 09:00:00,-21.37,-11.9027777777778,-11.7222222222222,-11.0761111111111,-10.6511111111111,0,0,0,0,0
2025-02-17 10:00:00,-22.3711111111111,-11.8672222222222,-11.6861111111111,-11.0761111111111,-10.6161111111111,0,0,0,0,0
2025-02-17 11:00:00,-22.3711111111111,-11.8311111111111,-11.6861111111111,-11.0761111111111,-10.6161111111111,0,0,0,0,0
2025-02-17 12:00:00,-22.575,-11.8311111111111,-11.6861111111111,-11.04,-10.6161111111111,0,0,0,0,0
2025-02-17 13:00:00,-22.32,-11.7938888888889,-11.65,-11.04,-10.6161111111111,0,0,0,0,0
2025-02-17 14:00:00,-22.2177777777778,-11.7938888888889,-11.6127777777778,-11.04,-10.6161111111111,0,0,0,0,0
2025-02-17 15:00:00,-21.6672222222222,-11.7577777777778,-11.6127777777778,-11.005,-10.5811111111111,0,0,0,0,0
2025-02-17 16:00:00,-21.2722222222222,-11.7577777777778,-11.6127777777778,-11.04,-10.5811111111111,0,0,0,0,0
2025-02-17 17:00:00,-21.4688888888889,-11.7577777777778,-11.6127777777778,-11.005,-10.5811111111111,0,0,0,0,0
2025-02-17 18:00:00,-21.4688888888889,-11.7577777777778,-11.5772222222222,-11.005,-10.5811111111111,0,0,0,0,0
2025-02-17 19:00:00,-22.0672222222222,-11.7577777777778,-11.5772222222222,-11.005,-10.5811111111111,0,0,0,0,0
2025-02-17 20:00:00,-22.5238888888889,-11.7577777777778,-11.5411111111111,-11.005,-10.5811111111111,0,0,0,0,0
2025-02-17 21:00:00,-23.0411111111111,-11.7222222222222,-11.5772222222222,-10.9688888888889,-10.5811111111111,0,0,0,0,0
2025-02-17 22:00:00,-24.3777777777778,-11.7222222222222,-11.5411111111111,-10.9688888888889,-10.5811111111111,0,0,0,0,0
2025-02-17 23:00:00,-24.5427777777778,-11.7222222222222,-11.5411111111111,-10.9688888888889,-10.5811111111111,0,0,0,0,0
2025-02-18 00:00:00,-24.9877777777778,-11.6861111111111,-11.5411111111111,-10.9688888888889,-10.5461111111111,0,0,0,0,0
2025-02-18 01:00:00,-26.4311111111111,-11.6861111111111,-11.5411111111111,-10.9688888888889,-10.5461111111111,0,0,0,0,0
2025-02-18 02:00:00,-26.3122222222222,-11.6861111111111,-11.5411111111111,-10.9338888888889,-10.5461111111111,0,0,0,0,0
2025-02-18 03:00:00,-25.3838888888889,-11.6861111111111,-11.5411111111111,-10.9338888888889,-10.5461111111111,0,0,0,0,0
2025-02-18 04:00:00,-26.97,-11.7222222222222,-11.505,-10.9338888888889,-10.5461111111111,0,0,0,0,0
2025-02-18 05:00:00,-29.2527777777778,-11.7222222222222,-11.5411111111111,-10.9338888888889,-10.5461111111111,0,0,0,0,0
2025-02-18 06:00:00,-28.7922222222222,-11.7222222222222,-11.5411111111111,-10.9338888888889,-10.5111111111111,0,0,0,0,0
2025-02-18 07:00:00,-30.9022222222222,-11.7222222222222,-11.5411111111111,-10.9338888888889,-10.5111111111111,0,0,0,0,0
2025-02-18 08:00:00,-30.76,-11.7577777777778,-11.5411111111111,-10.9338888888889,-10.5111111111111,0,0,0,0,0
2025-02-18 09:00:00,-31.2611111111111,-11.7938888888889,-11.5411111111111,-10.9338888888889,-10.5111111111111,0,0,0,0,0
2025-02-18 10:00:00,-30.2011111111111,-11.7938888888889,-11.5772222222222,-10.9338888888889,-10.5111111111111,0,0,0,0,0
2025-02-18 11:00:00,-31.2611111111111,-11.8311111111111,-11.5772222222222,-10.9338888888889,-10.5111111111111,0,0,0,0,0
2025-02-18 12:00:00,-30.9727777777778,-11.8672222222222,-11.6127777777778,-10.9338888888889,-10.5461111111111,0,0,0,0,0
2025-02-18 13:00:00,-28.2127777777778,-11.94,-11.6127777777778,-10.9688888888889,-10.5461111111111,0,0,0,0,0
2025-02-18 14:00:00,-29.3861111111111,-11.94,-11.65,-10.9688888888889,-10.5461111111111,0,0,0,0,0
2025-02-18 15:00:00,-29.3861111111111,-12.0127777777778,-11.6861111111111,-10.9688888888889,-10.5461111111111,0,0,0,0,0
2025-02-18 16:00:00,-28.4038888888889,-12.0127777777778,-11.6861111111111,-11.005,-10.5811111111111,0,0,0,0,0
2025-02-18 17:00:00,-27.5222222222222,-12.0488888888889,-11.7577777777778,-11.005,-10.5811111111111,0,0,0,0,0
2025-02-18 18:00:00,-28.2761111111111,-12.0861111111111,-11.7577777777778,-11.005,-10.5811111111111,0,0,0,0,0
2025-02-18 19:00:00,-25.7861111111111,-12.1227777777778,-11.7938888888889,-11.04,-10.5811111111111,0,0,0,0,0
2025-02-18 20:00:00,-26.0772222222222,-12.1588888888889,-11.8311111111111,-11.04,-10.5811111111111,0,0,0,0,0
2025-02-18 21:00:00,-24.8211111111111,-12.1961111111111,-11.8311111111111,-11.0761111111111,-10.6161111111111,0,0,0,0,0
2025-02-18 22:00:00,-24.105,-12.1961111111111,-11.8672222222222,-11.0761111111111,-10.6161111111111,0,0,0,0,0
2025-02-18 23:00:00,-25.7277777777778,-12.1961111111111,-11.9027777777778,-11.1111111111111,-10.6161111111111,0,0,0,0,0
2025-02-19 00:00:00,-25.3272222222222,-12.2327777777778,-11.9027777777778,-11.1111111111111,-10.6511111111111,0,0,0,0,0
2025-02-19 01:00:00,-25.045,-12.2327777777778,-11.9027777777778,-11.1472222222222,-10.6511111111111,0,0,0,0,0
2025-02-19 02:00:00,-24.9877777777778,-12.2327777777778,-11.9027777777778,-11.1472222222222,-10.6511111111111,0,0,0,0,0
2025-02-19 03:00:00,-24.8761111111111,-12.2327777777778,-11.94,-11.1472222222222,-10.6861111111111,0,0,0,0,0
2025-02-19 04:00:00,-25.27,-12.2327777777778,-11.94,-11.1827777777778,-10.6861111111111,0,0,0,0,0
2025-02-19 05:00:00,-25.6127777777778,-12.2327777777778,-11.94,-11.1827777777778,-10.6861111111111,0,0,0,0,0
2025-02-19 06:00:00,-25.2138888888889,-12.1961111111111,-11.94,-11.1827777777778,-10.7222222222222,0,0,0,0,0
2025-02-19 07:00:00,-25.1011111111111,-12.1961111111111,-11.94,-11.1827777777778,-10.7222222222222,0,0,0,0,0
2025-02-19 08:00:00,-25.1011111111111,-12.1961111111111,-11.94,-11.1827777777778,-10.7222222222222,0,0,0,0,0
2025-02-19 09:00:00,-24.4877777777778,-12.1961111111111,-11.94,-11.1827777777778,-10.7222222222222,0,0,0,0,0
2025-02-19 10:00:00,-24.16,-12.1961111111111,-11.94,-11.2177777777778,-10.7222222222222,0,0,0,0,0
2025-02-19 11:00:00,-23.7811111111111,-12.1961111111111,-11.94,-11.2177777777778,-10.7222222222222,0,0,0,0,0
2025-02-19 12:00:00,-23.6738888888889,-12.1961111111111,-11.94,-11.2177777777778,-10.7572222222222,0,0,0,0,0
2025-02-19 13:00:00,-23.6738888888889,-12.1961111111111,-11.94,-11.2177777777778,-10.7572222222222,0,0,0,0,0
2025-02-19 14:00:00,-24.0511111111111,-12.1961111111111,-11.94,-11.2177777777778,-10.7572222222222,0,0,0,0,0
2025-02-19 15:00:00,-24.8761111111111,-12.1961111111111,-11.94,-11.2177777777778,-10.7572222222222,0,0,0,0,0
2025-02-19 16:00:00,-25.4977777777778,-12.1961111111111,-11.94,-11.2177777777778,-10.7572222222222,0,0,0,0,0
2025-02-19 17:00:00,-26.0188888888889,-12.1961111111111,-11.94,-11.2177777777778,-10.7572222222222,0,0,0,0,0
2025-02-19 18:00:00,-27.2138888888889,-12.1588888888889,-11.94,-11.2177777777778,-10.7572222222222,0,0,0,0,0
2025-02-19 19:00:00,-27.7077777777778,-12.1588888888889,-11.94,-11.2177777777778,-10.7922222222222,0,0,0,0,0
2025-02-19 20:00:00,-27.6461111111111,-12.1588888888889,-11.9027777777778,-11.2177777777778,-10.7572222222222,0,0,0,0,0
2025-02-19 21:00:00,-28.2761111111111,-12.1588888888889,-11.9027777777778,-11.2538888888889,-10.7922222222222,0,0,0,0,0
2025-02-19 22:00:00,-28.5977777777778,-12.1588888888889,-11.9027777777778,-11.2538888888889,-10.7922222222222,0,0,0,0,0
2025-02-19 23:00:00,-28.34,-12.1588888888889,-11.9027777777778,-11.2177777777778,-10.7922222222222,0,0,0,0,0
2025-02-20 00:00:00,-28.8577777777778,-12.1227777777778,-11.9027777777778,-11.2177777777778,-10.7922222222222,0,0,0,0,0
2025-02-20 01:00:00,-28.2127777777778,-12.1227777777778,-11.9027777777778,-11.2177777777778,-10.7922222222222,0,0,0,0,0
2025-02-20 02:00:00,-29.1211111111111,-12.1588888888889,-11.9027777777778,-11.2177777777778,-10.7922222222222,0,0,0,0,0
2025-02-20 03:00:00,-29.4527777777778,-12.1588888888889,-11.9027777777778,-11.2177777777778,-10.7922222222222,0,0,0,0,0
2025-02-20 04:00:00,-30.4088888888889,-12.1588888888889,-11.9027777777778,-11.2177777777778,-10.7922222222222,0,0,0,0,0
2025-02-20 05:00:00,-31.045,-12.1588888888889,-11.9027777777778,-11.2538888888889,-10.7922222222222,0,0,0,0,0
2025-02-20 06:00:00,-32.2188888888889,-12.1588888888889,-11.9027777777778,-11.2177777777778,-10.7922222222222,0,0,0,0,0
2025-02-20 07:00:00,-32.5977777777778,-12.1588888888889,-11.94,-11.2538888888889,-10.7922222222222,0,0,0,0,0
2025-02-20 08:00:00,-34.2622222222222,-12.1961111111111,-11.94,-11.2177777777778,-10.7922222222222,0,0,0,0,0
2025-02-20 09:00:00,-34.345,-12.1961111111111,-11.94,-11.2538888888889,-10.7922222222222,0,0,0,0,0
2025-02-20 10:00:00,-34.345,-12.1961111111111,-11.94,-11.2538888888889,-10.7922222222222,0,0,0,0,0
2025-02-20 11:00:00,-32.9827777777778,-12.2327777777778,-11.9761111111111,-11.2538888888889,-10.7922222222222,0,0,0,0,0
2025-02-20 12:00:00,-31.5511111111111,-12.2327777777778,-11.9761111111111,-11.2538888888889,-10.7922222222222,0,0,0,0,0
2025-02-20 13:00:00,-31.6977777777778,-12.3061111111111,-11.9761111111111,-11.2538888888889,-10.7922222222222,0,0,0,0,0
2025-02-20 14:00:00,-31.9938888888889,-12.3061111111111,-12.0127777777778,-11.29,-10.7922222222222,0,0,0,0,0
2025-02-20 15:00:00,-31.2611111111111,-12.38,-12.0488888888889,-11.29,-10.8272222222222,0,0,0,0,0
2025-02-20 16:00:00,-30.4088888888889,-12.38,-12.0488888888889,-11.29,-10.8272222222222,0,0,0,0,0
2025-02-20 17:00:00,-30.1322222222222,-12.4538888888889,-12.0861111111111,-11.29,-10.8627777777778,0,0,0,0,0
2025-02-20 18:00:00,-33.2177777777778,-12.4538888888889,-12.0861111111111,-11.3261111111111,-10.8627777777778,1,0,0,0,0
2025-02-20 19:00:00,-30.9022222222222,-12.4538888888889,-12.1227777777778,-11.3261111111111,-10.8627777777778,0,0,0,0,0
2025-02-20 20:00:00,-30.5488888888889,-12.4538888888889,-12.1227777777778,-11.3261111111111,-10.8627777777778,0,0,0,0,0
2025-02-20 21:00:00,-30.5488888888889,-12.4911111111111,-12.1227777777778,-11.3611111111111,-10.8627777777778,0,0,0,0,0
2025-02-20 22:00:00,-29.995,-12.4911111111111,-12.1588888888889,-11.3611111111111,-10.8627777777778,0,0,0,0,0
2025-02-20 23:00:00,-30.69,-12.4911111111111,-12.1588888888889,-11.3611111111111,-10.8977777777778,0,0,0,0,0
2025-02-21 00:00:00,-30.27,-12.5277777777778,-12.1961111111111,-11.3972222222222,-10.8977777777778,0,0,0,0,0
2025-02-21 01:00:00,-30.1322222222222,-12.4911111111111,-12.1961111111111,-11.3972222222222,-10.8977777777778,0,0,0,0,0
2025-02-21 02:00:00,-29.995,-12.5277777777778,-12.1961111111111,-11.3972222222222,-10.8977777777778,0,0,0,0,0
2025-02-21 03:00:00,-29.79,-12.5277777777778,-12.1961111111111,-11.4327777777778,-10.9338888888889,0,0,0,0,0
2025-02-21 04:00:00,-29.5872222222222,-12.5277777777778,-12.1961111111111,-11.4327777777778,-10.9338888888889,0,0,0,0,0
2025-02-21 05:00:00,-29.1872222222222,-12.5277777777778,-12.2327777777778,-11.4327777777778,-10.9338888888889,0,0,0,0,0
2025-02-21 06:00:00,-28.9227777777778,-12.5277777777778,-12.1961111111111,-11.4327777777778,-10.9338888888889,0,0,0,0,0
2025-02-21 07:00:00,-28.5327777777778,-12.6022222222222,-12.2327777777778,-11.4327777777778,-10.9338888888889,0,0,0,0,0
2025-02-21 08:00:00,-28.1488888888889,-12.6022222222222,-12.2327777777778,-11.4327777777778,-10.9688888888889,0,0,0,0,0
2025-02-21 09:00:00,-27.7711111111111,-12.6022222222222,-12.2327777777778,-11.4688888888889,-10.9688888888889,0,0,0,0,0
2025-02-21 10:00:00,-28.0222222222222,-12.5277777777778,-12.2688888888889,-11.4688888888889,-10.9688888888889,0,0,0,0,0
2025-02-21 11:00:00,-28.5977777777778,-12.5277777777778,-12.2327777777778,-11.4688888888889,-10.9688888888889,0,0,0,0,0
2025-02-21 12:00:00,-30.0627777777778,-12.5277777777778,-12.2327777777778,-11.4688888888889,-10.9688888888889,0,0,0,0,0
2025-02-21 13:00:00,-29.5872222222222,-12.5277777777778,-12.2327777777778,-11.4688888888889,-11.005,0,0,0,0,0
2025-02-21 14:00:00,-29.3861111111111,-12.5277777777778,-12.2688888888889,-11.505,-11.005,0,0,0,0,0
2025-02-21 15:00:00,-29.4527777777778,-12.5277777777778,-12.2327777777778,-11.505,-11.005,0,0,0,0,0
2025-02-21 16:00:00,-29.32,-12.5277777777778,-12.2327777777778,-11.505,-11.005,0,0,0,0,0
2025-02-21 17:00:00,-30.69,-12.5277777777778,-12.2688888888889,-11.505,-11.005,0,0,0,0,0
2025-02-21 18:00:00,-31.6238888888889,-12.5277777777778,-12.2688888888889,-11.505,-11.005,0,0,0,0,0
2025-02-21 19:00:00,-31.6977777777778,-12.5277777777778,-12.2688888888889,-11.505,-11.04,0,0,0,0,0
2025-02-21 20:00:00,-30.0627777777778,-12.5277777777778,-12.2688888888889,-11.505,-11.04,0,0,0,0,0
2025-02-21 21:00:00,-29.2527777777778,-12.5277777777778,-12.2688888888889,-11.505,-11.04,0,0,0,0,0
2025-02-21 22:00:00,-27.8961111111111,-12.5277777777778,-12.2688888888889,-11.505,-11.04,0,0,0,0,0
2025-02-21 23:00:00,-26.6688888888889,-12.5277777777778,-12.2688888888889,-11.5411111111111,-11.0761111111111,0,0,0,0,0
2025-02-22 00:00:00,-27.0311111111111,-12.5277777777778,-12.2688888888889,-11.5411111111111,-11.04,0,0,0,0,0
2025-02-22 01:00:00,-27.3372222222222,-12.5277777777778,-12.2688888888889,-11.5411111111111,-11.04,0,0,0,0,0
2025-02-22 02:00:00,-27.7711111111111,-12.6022222222222,-12.2688888888889,-11.5411111111111,-11.0761111111111,0,0,0,0,0
2025-02-22 03:00:00,-29.655,-12.5277777777778,-12.2688888888889,-11.5411111111111,-11.0761111111111,0,0,0,0,0
2025-02-22 04:00:00,-30.0627777777778,-12.6022222222222,-12.2688888888889,-11.5411111111111,-11.0761111111111,0,0,0,0,0
2025-02-22 05:00:00,-30.0627777777778,-12.6022222222222,-12.2688888888889,-11.5411111111111,-11.0761111111111,0,0,0,0,0
2025-02-22 06:00:00,-30.0627777777778,-12.6022222222222,-12.2688888888889,-11.5411111111111,-11.0761111111111,0,0,0,0,0
2025-02-22 07:00:00,-30.9022222222222,-12.6022222222222,-12.2688888888889,-11.5411111111111,-11.0761111111111,0,0,0,0,0
2025-02-22 08:00:00,-31.2611111111111,-12.6022222222222,-12.2688888888889,-11.5772222222222,-11.0761111111111,0,0,0,0,0
2025-02-22 09:00:00,-30.9727777777778,-12.6022222222222,-12.2688888888889,-11.5772222222222,-11.0761111111111,0,0,0,0,0
2025-02-22 10:00:00,-30.0627777777778,-12.6022222222222,-12.3061111111111,-11.5772222222222,-11.1111111111111,0,0,0,0,0
2025-02-22 11:00:00,-28.9888888888889,-12.6022222222222,-12.3061111111111,-11.5772222222222,-11.1111111111111,0,0,0,0,0
2025-02-22 12:00:00,-27.2138888888889,-12.6022222222222,-12.3061111111111,-11.5772222222222,-11.1111111111111,0,0,0,0,0
2025-02-22 13:00:00,-27.275,-12.6022222222222,-12.3061111111111,-11.5772222222222,-11.1111111111111,0,0,0,0,0
2025-02-22 14:00:00,-27.5222222222222,-12.6022222222222,-12.3427777777778,-11.5772222222222,-11.1111111111111,0,0,0,0,0
2025-02-22 15:00:00,-27.5222222222222,-12.6022222222222,-12.3427777777778,-11.6127777777778,-11.1472222222222,0,0,0,0,0
2025-02-22 16:00:00,-27.46,-12.6022222222222,-12.3427777777778,-11.6127777777778,-11.1472222222222,0,0,0,0,0
2025-02-22 17:00:00,-27.1527777777778,-12.6022222222222,-12.3427777777778,-11.6127777777778,-11.1472222222222,0,0,0,0,0
2025-02-22 18:00:00,-26.7288888888889,-12.6022222222222,-12.3427777777778,-11.6127777777778,-11.1472222222222,0,0,0,0,0
2025-02-22 19:00:00,-24.5977777777778,-12.6388888888889,-12.3427777777778,-11.6127777777778,-11.1472222222222,0,0,0,0,0
2025-02-22 20:00:00,-24.9322222222222,-12.6388888888889,-12.3427777777778,-11.6127777777778,-11.1472222222222,0,0,0,0,0
2025-02-22 21:00:00,-25.9022222222222,-12.6388888888889,-12.38,-11.6127777777778,-11.1472222222222,0,0,0,0,0
2025-02-22 22:00:00,-25.1572222222222,-12.6022222222222,-12.3427777777778,-11.6127777777778,-11.1472222222222,0,0,0,0,0
2025-02-22 23:00:00,-25.9022222222222,-12.6022222222222,-12.3427777777778,-11.6127777777778,-11.1472222222222,0,0,0,0,0
2025-02-23 00:00:00,-25.7861111111111,-12.6022222222222,-12.3427777777778,-11.65,-11.1472222222222,0,0,0,0,0
2025-02-23 01:00:00,-24.0511111111111,-12.6022222222222,-12.3427777777778,-11.65,-11.1472222222222,0,0,0,0,0
2025-02-23 02:00:00,-24.16,-12.6022222222222,-12.3427777777778,-11.65,-11.1827777777778,0,0,0,0,0
2025-02-23 03:00:00,-24.9322222222222,-12.6022222222222,-12.3427777777778,-11.65,-11.1827777777778,0,0,0,0,0
2025-02-23 04:00:00,-25.3272222222222,-12.6022222222222,-12.3427777777778,-11.65,-11.1827777777778,0,0,0,0,0
2025-02-23 05:00:00,-24.3227777777778,-12.6022222222222,-12.3427777777778,-11.65,-11.1827777777778,0,0,0,0,0
2025-02-23 06:00:00,-25.1572222222222,-12.6022222222222,-12.3427777777778,-11.65,-11.1827777777778,0,0,0,0,0
2025-02-23 07:00:00,-24.9877777777778,-12.6022222222222,-12.3427777777778,-11.65,-11.1827777777778,0,0,0,0,0
2025-02-23 08:00:00,-25.3272222222222,-12.6022222222222,-12.3427777777778,-11.65,-11.1827777777778,0,0,0,0,0
2025-02-23 09:00:00,-25.9022222222222,-12.6022222222222,-12.3427777777778,-11.65,-11.1827777777778,0,0,0,0,0
2025-02-23 10:00:00,-26.49,-12.6022222222222,-12.3427777777778,-11.65,-11.1827777777778,0,0,0,0,0
2025-02-23 11:00:00,-26.3711111111111,-12.6022222222222,-12.3427777777778,-11.65,-11.1827777777778,0,0,0,0,0
2025-02-23 12:00:00,-26.3122222222222,-12.6022222222222,-12.3427777777778,-11.65,-11.1827777777778,0,0,0,0,0
2025-02-23 13:00:00,-26.55,-12.6022222222222,-12.3427777777778,-11.65,-11.1827777777778,0,0,0,0,0
2025-02-23 14:00:00,-26.6088888888889,-12.6022222222222,-12.3427777777778,-11.65,-11.1827777777778,0,0,0,0,0
2025-02-23 15:00:00,-26.91,-12.6022222222222,-12.3427777777778,-11.65,-11.1827777777778,0,0,0,0,0
2025-02-23 16:00:00,-26.91,-12.6022222222222,-12.3427777777778,-11.65,-11.1827777777778,0,0,0,0,0
2025-02-23 17:00:00,-27.46,-12.6022222222222,-12.3427777777778,-11.65,-11.1827777777778,0,0,0,0,0
2025-02-23 18:00:00,-28.0222222222222,-12.6022222222222,-12.3427777777778,-11.65,-11.2177777777778,0,0,0,0,0
2025-02-23 19:00:00,-28.0222222222222,-12.6022222222222,-12.3427777777778,-11.65,-11.2177777777778,0,0,0,0,0
2025-02-23 20:00:00,-28.4038888888889,-12.6022222222222,-12.3427777777778,-11.65,-11.1827777777778,0,0,0,0,0
2025-02-23 21:00:00,-28.2761111111111,-12.6022222222222,-12.3427777777778,-11.65,-11.2177777777778,0,0,0,0,0
2025-02-23 22:00:00,-25.9022222222222,-12.6022222222222,-12.3427777777778,-11.65,-11.2177777777778,0,0,0,0,0
2025-02-23 23:00:00,-25.8438888888889,-12.6388888888889,-12.38,-11.65,-11.2177777777778,0,0,0,0,0
2025-02-24 00:00:00,-25.3272222222222,-12.6388888888889,-12.38,-11.6861111111111,-11.2177777777778,0,0,0,0,0
2025-02-24 01:00:00,-25.27,-12.6388888888889,-12.38,-11.6861111111111,-11.2177777777778,0,0,0,0,0
2025-02-24 02:00:00,-25.1572222222222,-12.6761111111111,-12.4172222222222,-11.6861111111111,-11.2177777777778,0,0,0,0,0
2025-02-24 03:00:00,-24.9877777777778,-12.6761111111111,-12.38,-11.6861111111111,-11.2177777777778,0,0,0,0,0
2025-02-24 04:00:00,-25.1572222222222,-12.6761111111111,-12.4172222222222,-11.6861111111111,-11.2177777777778,0,0,0,0,0
2025-02-24 05:00:00,-26.0772222222222,-12.6761111111111,-12.4172222222222,-11.6861111111111,-11.2177777777778,0,0,0,0,0
2025-02-24 06:00:00,-25.96,-12.6761111111111,-12.4172222222222,-11.6861111111111,-11.2538888888889,0,0,0,0,0
2025-02-24 07:00:00,-25.8438888888889,-12.6761111111111,-12.4172222222222,-11.7222222222222,-11.2538888888889,0,0,0,0,0
2025-02-24 08:00:00,-25.6127777777778,-12.6761111111111,-12.4172222222222,-11.7222222222222,-11.2538888888889,0,0,0,0,0
2025-02-24 09:00:00,-27.2138888888889,-12.6761111111111,-12.4172222222222,-11.7222222222222,-11.2538888888889,0,0,0,0,0
2025-02-24 10:00:00,-29.055,-12.6388888888889,-12.4172222222222,-11.7222222222222,-11.2538888888889,1,0,0,0,0
2025-02-24 11:00:00,-26.97,-12.6388888888889,-12.4172222222222,-11.7222222222222,-11.2538888888889,0,0,0,0,0
2025-02-24 12:00:00,-27.0311111111111,-12.6388888888889,-12.4172222222222,-11.7222222222222,-11.2538888888889,0,0,0,0,0
2025-02-24 13:00:00,-29.1211111111111,-12.6388888888889,-12.4172222222222,-11.7222222222222,-11.2538888888889,0,0,0,0,0
2025-02-24 14:00:00,-30.9727777777778,-12.6388888888889,-12.4172222222222,-11.7222222222222,-11.2538888888889,0,0,0,0,0
2025-02-24 15:00:00,-30.27,-12.6388888888889,-12.4172222222222,-11.7222222222222,-11.2538888888889,0,0,0,0,0
2025-02-24 16:00:00,-29.79,-12.6388888888889,-12.4172222222222,-11.7222222222222,-11.2538888888889,0,0,0,0,0
2025-02-24 17:00:00,-29.4527777777778,-12.6388888888889,-12.4172222222222,-11.7222222222222,-11.2538888888889,0,0,0,0,0
2025-02-24 18:00:00,-28.6622222222222,-12.6761111111111,-12.4172222222222,-11.7222222222222,-11.2538888888889,0,0,0,0,0
2025-02-24 19:00:00,-28.0861111111111,-12.6761111111111,-12.4172222222222,-11.7222222222222,-11.29,0,0,0,0,0
2025-02-24 20:00:00,-27.6461111111111,-12.6761111111111,-12.4172222222222,-11.7222222222222,-11.29,0,0,0,0,0
2025-02-24 21:00:00,-29.5872222222222,-12.7138888888889,-12.4172222222222,-11.7222222222222,-11.29,0,0,0,0,0
2025-02-24 22:00:00,-28.9227777777778,-12.7138888888889,-12.4538888888889,-11.7222222222222,-11.29,0,0,0,0,0
2025-02-24 23:00:00,-24.2688888888889,-12.7138888888889,-12.4538888888889,-11.7222222222222,-11.29,1,0,0,0,0
2025-02-25 00:00:00,-28.0222222222222,-12.7138888888889,-12.4538888888889,-11.7222222222222,-11.29,0,0,0,0,0
2025-02-25 01:00:00,-30.8311111111111,-12.7138888888889,-12.4538888888889,-11.7577777777778,-11.29,0,0,0,0,0
2025-02-25 02:00:00,-34.51,-12.7511111111111,-12.4911111111111,-11.7577777777778,-11.29,0,0,0,0,0
2025-02-25 03:00:00,-36.6,-12.7511111111111,-12.4911111111111,-11.7577777777778,-11.29,0,0,0,0,0
2025-02-25 04:00:00,-37.5327777777778,-12.7511111111111,-12.4911111111111,-11.7577777777778,-11.29,0,0,0,0,0
2025-02-25 05:00:00,-38.3088888888889,-12.7877777777778,-12.4911111111111,-11.7577777777778,-11.29,0,0,0,0,0
2025-02-25 06:00:00,-38.4077777777778,-12.825,-12.4911111111111,-11.7577777777778,-11.3261111111111,0,0,0,0,0
2025-02-25 07:00:00,-39.1138888888889,-12.9,-12.5277777777778,-11.7577777777778,-11.3261111111111,0,0,0,0,0
2025-02-25 08:00:00,-39.5288888888889,-12.9,-12.565,-11.7938888888889,-11.3261111111111,0,0,0,0,0
2025-02-25 09:00:00,-39.7388888888889,-12.975,-12.565,-11.7938888888889,-11.3261111111111,0,0,0,0,0
2025-02-25 10:00:00,-40.0588888888889,-13.0127777777778,-12.6022222222222,-11.8311111111111,-11.3611111111111,1,0,0,0,0
2025-02-25 11:00:00,-40.3827777777778,-13.05,-12.6388888888889,-11.8311111111111,-11.3611111111111,1,0,0,0,0
2025-02-25 12:00:00,-40.4922222222222,-13.1261111111111,-12.6761111111111,-11.8672222222222,-11.3611111111111,1,0,0,0,0
2025-02-25 13:00:00,-40.1661111111111,-13.2011111111111,-12.7138888888889,-11.8672222222222,-11.3611111111111,1,0,0,0,0
2025-02-25 14:00:00,-40.3827777777778,-13.2388888888889,-12.7511111111111,-11.9027777777778,-11.4327777777778,1,0,0,0,0
2025-02-25 15:00:00,-40.6022222222222,-13.2772222222222,-12.7877777777778,-11.9027777777778,-11.4327777777778,1,0,0,0,0
2025-02-25 16:00:00,-40.8227777777778,-13.3522222222222,-12.825,-11.94,-11.4327777777778,1,0,0,0,0
2025-02-25 17:00:00,-40.7122222222222,-13.39,-12.8627777777778,-11.9761111111111,-11.4327777777778,1,0,0,0,0
2025-02-25 18:00:00,-39.845,-13.505,-12.9,-12.0127777777778,-11.4688888888889,0,0,0,0,0
2025-02-25 19:00:00,-38.5077777777778,-13.505,-12.9377777777778,-12.0127777777778,-11.505,0,0,0,0,0
2025-02-25 20:00:00,-37.3427777777778,-13.5427777777778,-13.0127777777778,-12.0488888888889,-11.505,0,0,0,0,0
2025-02-25 21:00:00,-35.4438888888889,-13.5811111111111,-13.05,-12.0861111111111,-11.505,0,0,0,0,0
2025-02-25 22:00:00,-33.375,-13.6572222222222,-13.0877777777778,-12.0861111111111,-11.5411111111111,0,0,0,0,0
2025-02-25 23:00:00,-34.4272222222222,-13.6572222222222,-13.1261111111111,-12.1227777777778,-11.5772222222222,0,0,0,0,0
2025-02-26 00:00:00,-32.8277777777778,-13.6961111111111,-13.1627777777778,-12.1588888888889,-11.5772222222222,0,0,0,0,0
2025-02-26 01:00:00,-35.1,-13.7338888888889,-13.2011111111111,-12.1961111111111,-11.6127777777778,0,0,0,0,0
2025-02-26 02:00:00,-36.6911111111111,-13.8111111111111,-13.2388888888889,-12.2327777777778,-11.65,0,0,0,0,0
2025-02-26 03:00:00,-38.3088888888889,-13.8111111111111,-13.2772222222222,-12.2327777777778,-11.65,0,0,0,0,0
2025-02-26 04:00:00,-37.8211111111111,-13.8111111111111,-13.2772222222222,-12.2688888888889,-11.65,0,0,0,0,0
2025-02-26 05:00:00,-38.8088888888889,-13.8111111111111,-13.315,-12.3061111111111,-11.7222222222222,0,0,0,0,0
2025-02-26 06:00:00,-39.0122222222222,-13.8877777777778,-13.315,-12.3061111111111,-11.7222222222222,0,0,0,0,0
2025-02-26 07:00:00,-38.4077777777778,-13.8877777777778,-13.3522222222222,-12.3427777777778,-11.7222222222222,0,0,0,0,0
2025-02-26 08:00:00,-38.1122222222222,-13.9261111111111,-13.39,-12.38,-11.7577777777778,0,0,0,0,0
2025-02-26 09:00:00,-38.1122222222222,-13.965,-13.39,-12.38,-11.7938888888889,0,0,0,0,0
2025-02-26 10:00:00,-38.7077777777778,-13.965,-13.4277777777778,-12.38,-11.7938888888889,0,0,0,0,0
2025-02-26 11:00:00,-38.6072222222222,-14.0038888888889,-13.4661111111111,-12.4538888888889,-11.8311111111111,0,0,0,0,0
2025-02-26 12:00:00,-38.4077777777778,-14.0422222222222,-13.4661111111111,-12.4538888888889,-11.8672222222222,0,0,0,0,0
2025-02-26 13:00:00,-38.91,-14.0422222222222,-13.505,-12.4911111111111,-11.8672222222222,0,0,0,0,0
2025-02-26 14:00:00,-39.4238888888889,-14.12,-13.5427777777778,-12.4911111111111,-11.8672222222222,0,0,0,0,0
2025-02-26 15:00:00,-39.1138888888889,-14.12,-13.5427777777778,-12.5277777777778,-11.9027777777778,0,0,0,0,0
2025-02-26 16:00:00,-39.6338888888889,-14.12,-13.5811111111111,-12.5277777777778,-11.94,0,0,0,0,0
2025-02-26 17:00:00,-39.6338888888889,-14.1972222222222,-13.6188888888889,-12.6022222222222,-11.94,0,0,0,0,0
2025-02-26 18:00:00,-37.9172222222222,-14.1972222222222,-13.6188888888889,-12.6022222222222,-11.9761111111111,0,0,0,0,0
2025-02-26 19:00:00,-34.7611111111111,-14.275,-13.6572222222222,-12.6022222222222,-12.0127777777778,0,0,0,0,0
2025-02-26 20:00:00,-32.1427777777778,-14.275,-13.6961111111111,-12.6388888888889,-12.0127777777778,0,0,0,0,0
2025-02-26 21:00:00,-30.9727777777778,-14.275,-13.7338888888889,-12.6761111111111,-12.0127777777778,0,0,0,0,0
2025-02-26 22:00:00,-31.9938888888889,-14.275,-13.7338888888889,-12.6761111111111,-12.0488888888889,0,0,0,0,0
2025-02-26 23:00:00,-32.0688888888889,-14.3527777777778,-13.7722222222222,-12.6761111111111,-12.0488888888889,0,0,0,0,0
2025-02-27 00:00:00,-32.7511111111111,-14.3527777777778,-13.7722222222222,-12.7138888888889,-12.0861111111111,0,0,0,0,0
2025-02-27 01:00:00,-33.0611111111111,-14.3527777777778,-13.8111111111111,-12.7511111111111,-12.0861111111111,0,0,0,0,0
2025-02-27 02:00:00,-34.5927777777778,-14.3527777777778,-13.8488888888889,-12.7511111111111,-12.0861111111111,0,0,0,0,0
2025-02-27 03:00:00,-36.4177777777778,-14.3527777777778,-13.8488888888889,-12.7877777777778,-12.1588888888889,0,0,0,0,0
2025-02-27 04:00:00,-38.21,-14.3527777777778,-13.8488888888889,-12.7877777777778,-12.1588888888889,0,0,0,0,0
2025-02-27 05:00:00,-37.7238888888889,-14.3527777777778,-13.8488888888889,-12.825,-12.1588888888889,0,0,0,0,0
2025-02-27 06:00:00,-39.6338888888889,-14.4322222222222,-13.8488888888889,-12.825,-12.1961111111111,0,0,0,0,0
2025-02-27 07:00:00,-39.9522222222222,-14.4322222222222,-13.8488888888889,-12.825,-12.1961111111111,0,0,0,0,0
2025-02-27 08:00:00,-39.9522222222222,-14.4322222222222,-13.8877777777778,-12.8627777777778,-12.2327777777778,0,0,0,0,0
2025-02-27 09:00:00,-39.7388888888889,-14.4322222222222,-13.8877777777778,-12.8627777777778,-12.2327777777778,0,0,0,0,0
2025-02-27 10:00:00,-39.1138888888889,-14.4322222222222,-13.9261111111111,-12.9,-12.2327777777778,0,0,0,0,0
2025-02-27 11:00:00,-38.5077777777778,-14.4711111111111,-13.9261111111111,-12.9,-12.2688888888889,0,0,0,0,0
2025-02-27 12:00:00,-37.5327777777778,-14.51,-13.9261111111111,-12.9,-12.3061111111111,0,0,0,0,0
2025-02-27 13:00:00,-36.7827777777778,-14.51,-13.965,-12.9377777777778,-12.3061111111111,0,0,0,0,0
2025-02-27 14:00:00,-36.6,-14.5888888888889,-14.0038888888889,-12.9377777777778,-12.3061111111111,0,0,0,0,0
2025-02-27 15:00:00,-36.3277777777778,-14.5888888888889,-14.0422222222222,-12.975,-12.3061111111111,0,0,0,0,0
2025-02-27 16:00:00,-36.5088888888889,-14.6277777777778,-14.0422222222222,-12.975,-12.3427777777778,0,0,0,0,0
2025-02-27 17:00:00,-37.0611111111111,-14.6672222222222,-14.0811111111111,-13.0127777777778,-12.3427777777778,0,0,0,0,0
2025-02-27 18:00:00,-36.4177777777778,-14.6672222222222,-14.0811111111111,-13.05,-12.38,0,0,0,0,0
2025-02-27 19:00:00,-35.705,-14.7461111111111,-14.12,-13.05,-12.38,0,0,0,0,0
2025-02-27 20:00:00,-34.0172222222222,-14.7461111111111,-14.1588888888889,-13.05,-12.4172222222222,0,0,0,0,0
2025-02-27 21:00:00,-33.6138888888889,-14.7461111111111,-14.1588888888889,-13.0877777777778,-12.4172222222222,0,0,0,0,0
2025-02-27 22:00:00,-32.9827777777778,-14.7461111111111,-14.1972222222222,-13.0877777777778,-12.4538888888889,0,0,0,0,0
2025-02-27 23:00:00,-32.445,-14.7461111111111,-14.1972222222222,-13.1261111111111,-12.4538888888889,0,0,0,0,0
2025-02-28 00:00:00,-33.0611111111111,-14.7461111111111,-14.2361111111111,-13.1261111111111,-12.4538888888889,0,0,0,0,0
2025-02-28 01:00:00,-34.7611111111111,-14.7461111111111,-14.2361111111111,-13.1627777777778,-12.4911111111111,0,0,0,0,0
2025-02-28 02:00:00,-36.9677777777778,-14.7461111111111,-14.2361111111111,-13.1627777777778,-12.4911111111111,0,0,0,0,0
2025-02-28 03:00:00,-38.015,-14.7461111111111,-14.2361111111111,-13.2011111111111,-12.5277777777778,0,0,0,0,0
2025-02-28 04:00:00,-39.7388888888889,-14.7461111111111,-14.2361111111111,-13.2011111111111,-12.5277777777778,0,0,0,0,0
2025-02-28 05:00:00,-40.1661111111111,-14.7461111111111,-14.2361111111111,-13.2011111111111,-12.6022222222222,1,0,0,0,0
2025-02-28 06:00:00,-40.0588888888889,-14.7461111111111,-14.2361111111111,-13.2011111111111,-12.6022222222222,1,0,0,0,0
2025-02-28 07:00:00,-40.7122222222222,-14.7461111111111,-14.2361111111111,-13.2011111111111,-12.6022222222222,1,0,0,0,0
2025-02-28 08:00:00,-41.0472222222222,-14.7461111111111,-14.275,-13.2388888888889,-12.6022222222222,1,0,0,0,0
2025-02-28 09:00:00,-41.85,-14.7861111111111,-14.275,-13.2388888888889,-12.6022222222222,1,0,0,0,0
2025-02-28 10:00:00,-41.5022222222222,-14.8261111111111,-14.275,-13.2388888888889,-12.6022222222222,1,0,0,0,0
2025-02-28 11:00:00,-41.3877777777778,-14.8261111111111,-14.3138888888889,-13.2772222222222,-12.6022222222222,1,0,0,0,0
2025-02-28 12:00:00,-41.5022222222222,-14.905,-14.3138888888889,-13.2772222222222,-12.6388888888889,1,0,0,0,0
2025-02-28 13:00:00,-41.0472222222222,-14.905,-14.3527777777778,-13.2772222222222,-12.6388888888889,1,0,0,0,0
2025-02-28 14:00:00,-41.2727777777778,-14.905,-14.3527777777778,-13.315,-12.6761111111111,1,0,0,0,0
2025-02-28 15:00:00,-41.2727777777778,-15.0638888888889,-14.3922222222222,-13.315,-12.6761111111111,1,0,0,0,0
2025-02-28 16:00:00,-41.3877777777778,-15.0638888888889,-14.3922222222222,-13.3522222222222,-12.6761111111111,1,0,0,0,0
2025-02-28 17:00:00,-40.935,-15.0638888888889,-14.4322222222222,-13.3522222222222,-12.7138888888889,1,0,0,0,0
2025-02-28 18:00:00,-38.5077777777778,-15.0638888888889,-14.4711111111111,-13.39,-12.7511111111111,0,0,0,0,0
2025-02-28 19:00:00,-38.1122222222222,-15.0638888888889,-14.4711111111111,-13.39,-12.7511111111111,0,0,0,0,0
2025-02-28 20:00:00,-34.5927777777778,-15.1438888888889,-14.51,-13.4277777777778,-12.7511111111111,0,0,0,0,0
2025-02-28 21:00:00,-33.2961111111111,-15.1438888888889,-14.5488888888889,-13.4277777777778,-12.7511111111111,0,0,0,0,0
2025-02-28 22:00:00,-32.6738888888889,-15.1438888888889,-14.5888888888889,-13.4661111111111,-12.7877777777778,0,0,0,0,0
2025-02-28 23:00:00,-32.445,-15.1438888888889,-14.5888888888889,-13.505,-12.7877777777778,0,0,0,0,0
2025-03-01 00:00:00,-32.9827777777778,-15.1438888888889,-14.6277777777778,-13.505,-12.825,0,0,0,0,0
2025-03-01 01:00:00,-34.18,-15.1438888888889,-14.6277777777778,-13.505,-12.825,0,0,0,0,0
2025-03-01 02:00:00,-34.0172222222222,-15.1438888888889,-14.6277777777778,-13.505,-12.825,0,0,0,0,0
2025-03-01 03:00:00,-34.93,-15.1438888888889,-14.6277777777778,-13.5427777777778,-12.825,0,0,0,0,0
2025-03-01 04:00:00,-36.5088888888889,-15.1438888888889,-14.6277777777778,-13.5427777777778,-12.9,0,0,0,0,0
2025-03-01 05:00:00,-36.9677777777778,-15.1438888888889,-14.6277777777778,-13.5811111111111,-12.9,0,0,0,0,0
2025-03-01 06:00:00,-37.3427777777778,-15.1438888888889,-14.6672222222222,-13.5811111111111,-12.9,0,0,0,0,0
2025-03-01 07:00:00,-36.9677777777778,-15.1438888888889,-14.6277777777778,-13.5811111111111,-12.9,0,0,0,0,0
2025-03-01 08:00:00,-35.705,-15.1438888888889,-14.6277777777778,-13.5811111111111,-12.9,0,0,0,0,0
2025-03-01 09:00:00,-35.97,-15.1438888888889,-14.6672222222222,-13.5811111111111,-12.9377777777778,0,0,0,0,0
2025-03-01 10:00:00,-36.7827777777778,-15.1438888888889,-14.6672222222222,-13.6188888888889,-12.9377777777778,0,0,0,0,0
2025-03-01 11:00:00,-36.5088888888889,-15.1438888888889,-14.6672222222222,-13.6188888888889,-12.9377777777778,0,0,0,0,0
2025-03-01 12:00:00,-34.5927777777778,-15.1438888888889,-14.6672222222222,-13.6188888888889,-12.975,0,0,0,0,0
2025-03-01 13:00:00,-33.1388888888889,-15.1438888888889,-14.6672222222222,-13.6188888888889,-12.975,0,0,0,0,0
2025-03-01 14:00:00,-32.1427777777778,-15.1438888888889,-14.6672222222222,-13.6572222222222,-12.975,0,0,0,0,0
2025-03-01 15:00:00,-31.6238888888889,-15.1438888888889,-14.7072222222222,-13.6572222222222,-12.975,0,0,0,0,0
2025-03-01 16:00:00,-31.405,-15.1438888888889,-14.7072222222222,-13.6572222222222,-12.975,0,0,0,0,0
2025-03-01 17:00:00,-30.8311111111111,-15.1438888888889,-14.7072222222222,-13.6572222222222,-12.975,0,0,0,0,0
2025-03-01 18:00:00,-30.69,-15.1438888888889,-14.7072222222222,-13.6572222222222,-13.0127777777778,0,0,0,0,0
2025-03-01 19:00:00,-28.7272222222222,-15.1438888888889,-14.7072222222222,-13.6572222222222,-13.0127777777778,0,0,0,0,0
2025-03-01 20:00:00,-27.5838888888889,-15.1038888888889,-14.7072222222222,-13.6572222222222,-13.05,0,0,0,0,0
2025-03-01 21:00:00,-27.8327777777778,-15.0638888888889,-14.7072222222222,-13.6961111111111,-13.05,0,0,0,0,0
2025-03-01 22:00:00,-27.6461111111111,-15.0638888888889,-14.7072222222222,-13.6961111111111,-13.05,0,0,0,0,0
2025-03-01 23:00:00,-26.91,-15.0638888888889,-14.6672222222222,-13.6961111111111,-13.05,0,0,0,0,0
2025-03-02 00:00:00,-28.5327777777778,-15.0638888888889,-14.6672222222222,-13.6961111111111,-13.05,0,0,0,0,0
2025-03-02 01:00:00,-28.7922222222222,-14.9838888888889,-14.6277777777778,-13.6961111111111,-13.05,0,0,0,0,0
2025-03-02 02:00:00,-30.4088888888889,-14.945,-14.6277777777778,-13.6572222222222,-13.05,0,0,0,0,0
2025-03-02 03:00:00,-31.5511111111111,-14.905,-14.6277777777778,-13.6572222222222,-13.05,0,0,0,0,0
2025-03-02 04:00:00,-31.7722222222222,-14.905,-14.5888888888889,-13.6572222222222,-13.05,0,0,0,0,0
2025-03-02 05:00:00,-31.1172222222222,-14.905,-14.5888888888889,-13.6572222222222,-13.05,0,0,0,0,0
2025-03-02 06:00:00,-29.8577777777778,-14.865,-14.5488888888889,-13.6572222222222,-13.05,0,0,0,0,0
2025-03-02 07:00:00,-30.1322222222222,-14.8261111111111,-14.5488888888889,-13.6572222222222,-13.05,0,0,0,0,0
2025-03-02 08:00:00,-29.7222222222222,-14.865,-14.5488888888889,-13.6572222222222,-13.05,0,0,0,0,0
2025-03-02 09:00:00,-29.5872222222222,-14.8261111111111,-14.5488888888889,-13.6572222222222,-13.05,0,0,0,0,0
2025-03-02 10:00:00,-28.8577777777778,-14.8261111111111,-14.5488888888889,-13.6572222222222,-13.05,0,0,0,0,0
2025-03-02 11:00:00,-28.2761111111111,-14.8261111111111,-14.51,-13.6572222222222,-13.05,0,0,0,0,0
2025-03-02 12:00:00,-27.275,-14.8261111111111,-14.51,-13.6572222222222,-13.05,0,0,0,0,0
2025-03-02 13:00:00,-26.91,-14.7861111111111,-14.51,-13.6572222222222,-13.05,0,0,0,0,0
2025-03-02 14:00:00,-27.9588888888889,-14.7861111111111,-14.51,-13.6188888888889,-13.05,0,0,0,0,0
2025-03-02 15:00:00,-26.4311111111111,-14.7461111111111,-14.4711111111111,-13.6188888888889,-13.05,0,0,0,0,0
2025-03-02 16:00:00,-25.6127777777778,-14.7461111111111,-14.4711111111111,-13.6188888888889,-13.05,0,0,0,0,0
2025-03-02 17:00:00,-24.9322222222222,-14.7461111111111,-14.4711111111111,-13.6188888888889,-13.05,0,0,0,0,0
2025-03-02 18:00:00,-23.7811111111111,-14.7461111111111,-14.4711111111111,-13.6188888888889,-13.05,0,0,0,0,0
2025-03-02 19:00:00,-22.4727777777778,-14.7072222222222,-14.4711111111111,-13.6188888888889,-13.05,0,0,0,0,0
2025-03-02 20:00:00,-22.2688888888889,-14.6672222222222,-14.4322222222222,-13.5811111111111,-13.05,0,0,0,0,0
2025-03-02 21:00:00,-22.1677777777778,-14.6672222222222,-14.3922222222222,-13.5811111111111,-13.0127777777778,0,0,0,0,0
2025-03-02 22:00:00,-22.2688888888889,-14.6277777777778,-14.3922222222222,-13.5811111111111,-13.0127777777778,0,0,0,0,0
2025-03-02 23:00:00,-20.3088888888889,-14.5888888888889,-14.3922222222222,-13.5811111111111,-13.0127777777778,0,0,0,0,0
2025-03-03 00:00:00,-20.2622222222222,-14.5488888888889,-14.3527777777778,-13.5811111111111,-13.0127777777778,0,0,0,0,0
2025-03-03 01:00:00,-21.6172222222222,-14.51,-14.3138888888889,-13.5811111111111,-13.0127777777778,0,0,0,0,0
2025-03-03 02:00:00,-21.1738888888889,-14.4711111111111,-14.3138888888889,-13.5427777777778,-13.0127777777778,0,0,0,0,0
2025-03-03 03:00:00,-20.98,-14.4322222222222,-14.275,-13.5427777777778,-12.975,0,0,0,0,0
2025-03-03 04:00:00,-20.7861111111111,-14.3922222222222,-14.2361111111111,-13.505,-12.975,0,0,0,0,0
2025-03-03 05:00:00,-20.6422222222222,-14.3527777777778,-14.1972222222222,-13.505,-12.975,0,0,0,0,0
2025-03-03 06:00:00,-20.595,-14.3138888888889,-14.1588888888889,-13.505,-12.975,0,0,0,0,0
2025-03-03 07:00:00,-20.8827777777778,-14.275,-14.1588888888889,-13.4661111111111,-12.975,0,0,0,0,0
2025-03-03 08:00:00,-21.6172222222222,-14.2361111111111,-14.12,-13.4277777777778,-12.9377777777778,0,0,0,0,0
2025-03-03 09:00:00,-21.8661111111111,-14.2361111111111,-14.0811111111111,-13.4277777777778,-12.9377777777778,0,0,0,0,0
2025-03-03 10:00:00,-21.8661111111111,-14.1972222222222,-14.0811111111111,-13.4277777777778,-12.9377777777778,0,0,0,0,0
2025-03-03 11:00:00,-21.5672222222222,-14.1588888888889,-14.0422222222222,-13.39,-12.9,0,0,0,0,0
2025-03-03 12:00:00,-21.4688888888889,-14.12,-14.0038888888889,-13.39,-12.9,0,0,0,0,0
2025-03-03 13:00:00,-20.98,-14.0811111111111,-14.0038888888889,-13.3522222222222,-12.9,0,0,0,0,0
2025-03-03 14:00:00,-20.7861111111111,-14.0811111111111,-13.965,-13.3522222222222,-12.9,0,0,0,0,0
2025-03-03 15:00:00,-21.3211111111111,-14.0422222222222,-13.9261111111111,-13.315,-12.8627777777778,0,0,0,0,0
2025-03-03 16:00:00,-20.9311111111111,-14.0038888888889,-13.9261111111111,-13.315,-12.8627777777778,0,0,0,0,0
2025-03-03 17:00:00,-21.37,-13.965,-13.8877777777778,-13.2772222222222,-12.825,0,0,0,0,0
2025-03-03 18:00:00,-21.0772222222222,-13.965,-13.8488888888889,-13.2772222222222,-12.825,0,0,0,0,0
2025-03-03 19:00:00,-20.0727777777778,-13.9261111111111,-13.8488888888889,-13.2388888888889,-12.825,0,0,0,0,0
2025-03-03 20:00:00,-19.7461111111111,-13.8877777777778,-13.8111111111111,-13.2388888888889,-12.7877777777778,0,0,0,0,0
2025-03-03 21:00:00,-19.0122222222222,-13.8877777777778,-13.7722222222222,-13.2388888888889,-12.7877777777778,0,0,0,0,0
2025-03-03 22:00:00,-18.2961111111111,-13.8877777777778,-13.7722222222222,-13.2011111111111,-12.7511111111111,0,0,0,0,0
2025-03-03 23:00:00,-16.2022222222222,-13.8488888888889,-13.7722222222222,-13.2011111111111,-12.7511111111111,0,0,0,0,0
2025-03-04 00:00:00,-16.2022222222222,-13.8111111111111,-13.7338888888889,-13.1627777777778,-12.7511111111111,0,0,0,0,0
2025-03-04 01:00:00,-18.7422222222222,-13.7722222222222,-13.6961111111111,-13.1627777777778,-12.7138888888889,0,0,0,0,0
2025-03-04 02:00:00,-19.8388888888889,-13.7722222222222,-13.6961111111111,-13.1261111111111,-12.7138888888889,0,0,0,0,0
2025-03-04 03:00:00,-20.8827777777778,-13.7338888888889,-13.6961111111111,-13.1261111111111,-12.7138888888889,0,0,0,0,0
2025-03-04 04:00:00,-21.5672222222222,-13.6961111111111,-13.6188888888889,-13.0877777777778,-12.7138888888889,0,0,0,0,0
2025-03-04 05:00:00,-22.1172222222222,-13.6961111111111,-13.6188888888889,-13.0877777777778,-12.6761111111111,0,0,0,0,0
2025-03-04 06:00:00,-22.0672222222222,-13.6572222222222,-13.6188888888889,-13.0877777777778,-12.6761111111111,0,0,0,0,0
2025-03-04 07:00:00,-21.5177777777778,-13.6572222222222,-13.5811111111111,-13.05,-12.6388888888889,0,0,0,0,0
2025-03-04 08:00:00,-20.5472222222222,-13.6188888888889,-13.5427777777778,-13.05,-12.6388888888889,0,0,0,0,0
2025-03-04 09:00:00,-19.1027777777778,-13.6188888888889,-13.5427777777778,-13.0127777777778,-12.6388888888889,0,0,0,0,0
2025-03-04 10:00:00,-18.4738888888889,-13.6188888888889,-13.5427777777778,-13.0127777777778,-12.6022222222222,0,0,0,0,0
2025-03-04 11:00:00,-17.295,-13.6188888888889,-13.5427777777778,-13.0127777777778,-12.6022222222222,0,0,0,0,0
2025-03-04 12:00:00,-18.9222222222222,-13.6188888888889,-13.505,-13.0127777777778,-12.6022222222222,0,0,0,0,0
2025-03-04 13:00:00,-18.8322222222222,-13.5811111111111,-13.505,-12.975,-12.6022222222222,0,0,0,0,0
2025-03-04 14:00:00,-17.5972222222222,-13.5811111111111,-13.4661111111111,-12.975,-12.6022222222222,0,0,0,0,0
2025-03-04 15:00:00,-18.12,-13.5427777777778,-13.4661111111111,-12.9377777777778,-12.6022222222222,0,0,0,0,0
2025-03-04 16:00:00,-18.8322222222222,-13.505,-13.4661111111111,-12.9377777777778,-12.5277777777778,0,0,0,0,0
2025-03-04 17:00:00,-19.7927777777778,-13.505,-13.4277777777778,-12.9377777777778,-12.5277777777778,0,0,0,0,0
2025-03-04 18:00:00,-19.1027777777778,-13.4661111111111,-13.4277777777778,-12.9,-12.5277777777778,0,0,0,0,0
2025-03-04 19:00:00,-15.5472222222222,-13.4277777777778,-13.39,-12.9,-12.5277777777778,0,0,0,0,0
2025-03-04 20:00:00,-14.7072222222222,-13.4277777777778,-13.39,-12.8627777777778,-12.4911111111111,0,0,0,0,0
2025-03-04 21:00:00,-12.1227777777778,-13.39,-13.3522222222222,-12.8627777777778,-12.4911111111111,0,0,0,0,0
2025-03-04 22:00:00,-13.5811111111111,-13.39,-13.315,-12.8627777777778,-12.4911111111111,0,0,0,0,0
2025-03-04 23:00:00,-13.39,-13.39,-13.315,-12.8627777777778,-12.4911111111111,0,0,0,0,0
2025-03-05 00:00:00,-13.1627777777778,-13.3522222222222,-13.315,-12.825,-12.4538888888889,0,0,0,0,0
2025-03-05 01:00:00,-14.5888888888889,-13.315,-13.2772222222222,-12.825,-12.4538888888889,0,0,0,0,0
2025-03-05 02:00:00,-15.7088888888889,-13.2772222222222,-13.2388888888889,-12.7877777777778,-12.4538888888889,0,0,0,0,0
2025-03-05 03:00:00,-17.0822222222222,-13.2388888888889,-13.2388888888889,-12.7877777777778,-12.4172222222222,0,0,0,0,0
2025-03-05 04:00:00,-17.6827777777778,-13.2011111111111,-13.2011111111111,-12.7511111111111,-12.4172222222222,0,0,0,0,0
2025-03-05 05:00:00,-17.8572222222222,-13.1627777777778,-13.1627777777778,-12.7511111111111,-12.4172222222222,0,0,0,0,0
2025-03-05 06:00:00,-18.0761111111111,-13.1261111111111,-13.1627777777778,-12.7138888888889,-12.38,0,0,0,0,0
2025-03-05 07:00:00,-19.1027777777778,-13.1261111111111,-13.1261111111111,-12.7138888888889,-12.38,0,0,0,0,0
2025-03-05 08:00:00,-19.3772222222222,-13.0877777777778,-13.0877777777778,-12.6761111111111,-12.3427777777778,0,0,0,0,0
2025-03-05 09:00:00,-19.9327777777778,-13.0877777777778,-13.0877777777778,-12.6761111111111,-12.3427777777778,0,0,0,0,0
2025-03-05 10:00:00,-19.8388888888889,-13.05,-13.05,-12.6388888888889,-12.3427777777778,0,0,0,0,0
2025-03-05 11:00:00,-19.4227777777778,-13.05,-13.05,-12.6388888888889,-12.3061111111111,0,0,0,0,0
2025-03-05 12:00:00,-19.1027777777778,-13.05,-13.0127777777778,-12.6388888888889,-12.3061111111111,0,0,0,0,0
2025-03-05 13:00:00,-19.285,-13.05,-13.0127777777778,-12.6022222222222,-12.3061111111111,0,0,0,0,0
2025-03-05 14:00:00,-18.2077777777778,-13.0127777777778,-13.0127777777778,-12.6022222222222,-12.2688888888889,0,0,0,0,0
2025-03-05 15:00:00,-17.6827777777778,-13.0127777777778,-13.0127777777778,-12.565,-12.2688888888889,0,0,0,0,0
2025-03-05 16:00:00,-16.955,-13.0127777777778,-13.0127777777778,-12.565,-12.2327777777778,0,0,0,0,0
2025-03-05 17:00:00,-15.425,-13.0127777777778,-12.975,-12.565,-12.2327777777778,0,0,0,0,0
2025-03-05 18:00:00,-14.7072222222222,-13.0127777777778,-12.975,-12.565,-12.2327777777778,0,0,0,0,0
2025-03-05 19:00:00,-15.9127777777778,-12.975,-12.9377777777778,-12.5277777777778,-12.2327777777778,0,0,0,0,0
2025-03-05 20:00:00,-15.2638888888889,-12.975,-12.9377777777778,-12.5277777777778,-12.1961111111111,0,0,0,0,0
2025-03-05 21:00:00,-14.6277777777778,-12.9377777777778,-12.9377777777778,-12.5277777777778,-12.1961111111111,0,0,0,0,0
2025-03-05 22:00:00,-14.905,-12.9377777777778,-12.9,-12.4911111111111,-12.1588888888889,0,0,0,0,0
2025-03-05 23:00:00,-15.5061111111111,-12.9377777777778,-12.9,-12.4911111111111,-12.1588888888889,0,0,0,0,0
2025-03-06 00:00:00,-15.345,-12.9,-12.8627777777778,-12.4911111111111,-12.1588888888889,0,0,0,0,0
2025-03-06 01:00:00,-16.6177777777778,-12.8627777777778,-12.8627777777778,-12.4538888888889,-12.1588888888889,0,0,0,0,0
2025-03-06 02:00:00,-17.2527777777778,-12.825,-12.8627777777778,-12.4538888888889,-12.1588888888889,0,0,0,0,0
2025-03-06 03:00:00,-17.6827777777778,-12.7877777777778,-12.7877777777778,-12.4538888888889,-12.1227777777778,0,0,0,0,0
2025-03-06 04:00:00,-18.7422222222222,-12.7877777777778,-12.7877777777778,-12.4172222222222,-12.1227777777778,0,0,0,0,0
2025-03-06 05:00:00,-19.4227777777778,-12.7511111111111,-12.7877777777778,-12.4172222222222,-12.1227777777778,0,0,0,0,0
2025-03-06 06:00:00,-18.7422222222222,-12.7138888888889,-12.7511111111111,-12.38,-12.0861111111111,0,0,0,0,0
2025-03-06 07:00:00,-17.6827777777778,-12.7138888888889,-12.7138888888889,-12.38,-12.0861111111111,0,0,0,0,0
2025-03-06 08:00:00,-16.3261111111111,-12.7138888888889,-12.7138888888889,-12.3427777777778,-12.0861111111111,0,0,0,0,0
2025-03-06 09:00:00,-17.8572222222222,-12.7138888888889,-12.7138888888889,-12.3427777777778,-12.0488888888889,0,0,0,0,0
2025-03-06 10:00:00,-16.0777777777778,-12.7138888888889,-12.7138888888889,-12.3427777777778,-12.0488888888889,0,0,0,0,0
2025-03-06 11:00:00,-15.1038888888889,-12.7138888888889,-12.7138888888889,-12.3061111111111,-12.0127777777778,0,0,0,0,0
2025-03-06 12:00:00,-14.865,-12.7138888888889,-12.6761111111111,-12.3061111111111,-12.0127777777778,0,0,0,0,0
2025-03-06 13:00:00,-14.865,-12.7138888888889,-12.7138888888889,-12.3061111111111,-12.0127777777778,0,0,0,0,0
2025-03-06 14:00:00,-15.1038888888889,-12.7138888888889,-12.6761111111111,-12.2688888888889,-12.0127777777778,0,0,0,0,0
2025-03-06 15:00:00,-15.5061111111111,-12.7138888888889,-12.6761111111111,-12.2688888888889,-11.9761111111111,0,0,0,0,0
2025-03-06 16:00:00,-16.7022222222222,-12.6761111111111,-12.6388888888889,-12.2688888888889,-11.9761111111111,0,0,0,0,0
2025-03-06 17:00:00,-17.125,-12.6388888888889,-12.6388888888889,-12.2688888888889,-11.9761111111111,0,0,0,0,0
2025-03-06 18:00:00,-16.8277777777778,-12.6388888888889,-12.6388888888889,-12.2327777777778,-11.94,0,0,0,0,0
2025-03-06 19:00:00,-15.9127777777778,-12.6388888888889,-12.6022222222222,-12.2327777777778,-11.94,0,0,0,0,0
2025-03-06 20:00:00,-14.0422222222222,-12.6022222222222,-12.565,-12.2327777777778,-11.94,0,0,0,0,0
2025-03-06 21:00:00,-14.3138888888889,-12.6022222222222,-12.565,-12.2327777777778,-11.94,0,0,0,0,0
2025-03-06 22:00:00,-13.5811111111111,-12.565,-12.565,-12.1961111111111,-11.9027777777778,0,0,0,0,0
2025-03-06 23:00:00,-13.5811111111111,-12.565,-12.565,-12.1961111111111,-11.9027777777778,0,0,0,0,0
2025-03-07 00:00:00,-13.3522222222222,-12.5277777777778,-12.5277777777778,-12.1961111111111,-11.9027777777778,0,0,0,0,0
2025-03-07 01:00:00,-14.5888888888889,-12.5277777777778,-12.5277777777778,-12.1588888888889,-11.9027777777778,0,0,0,0,0
2025-03-07 02:00:00,-15.8322222222222,-12.4911111111111,-12.4911111111111,-12.1588888888889,-11.8672222222222,0,0,0,0,0
2025-03-07 03:00:00,-17.5527777777778,-12.4911111111111,-12.4911111111111,-12.1227777777778,-11.8672222222222,0,0,0,0,0
2025-03-07 04:00:00,-17.77,-12.4172222222222,-12.4538888888889,-12.1227777777778,-11.8672222222222,0,0,0,0,0
2025-03-07 05:00:00,-19.6538888888889,-12.4172222222222,-12.4172222222222,-12.1227777777778,-11.8311111111111,0,0,0,0,0
2025-03-07 06:00:00,-18.0761111111111,-12.4172222222222,-12.4172222222222,-12.0861111111111,-11.8311111111111,0,0,0,0,0
2025-03-07 07:00:00,-16.5761111111111,-12.38,-12.4172222222222,-12.0861111111111,-11.8311111111111,0,0,0,0,0
2025-03-07 08:00:00,-15.2238888888889,-12.38,-12.4172222222222,-12.0861111111111,-11.7938888888889,0,0,0,0,0
2025-03-07 09:00:00,-14.4711111111111,-12.4172222222222,-12.4172222222222,-12.0488888888889,-11.7938888888889,0,0,0,0,0
2025-03-07 10:00:00,-14.0422222222222,-12.38,-12.38,-12.0488888888889,-11.7938888888889,0,0,0,0,0
2025-03-07 11:00:00,-14.3922222222222,-12.38,-12.38,-12.0488888888889,-11.7577777777778,0,0,0,0,0
2025-03-07 12:00:00,-14.6277777777778,-12.38,-12.38,-12.0488888888889,-11.7938888888889,0,0,0,0,0
2025-03-07 13:00:00,-14.7861111111111,-12.38,-12.3427777777778,-12.0127777777778,-11.7577777777778,0,0,0,0,0
2025-03-07 14:00:00,-14.945,-12.3427777777778,-12.3427777777778,-12.0127777777778,-11.7577777777778,0,0,0,0,0
2025-03-07 15:00:00,-15.0238888888889,-12.3427777777778,-12.3427777777778,-12.0127777777778,-11.7577777777778,0,0,0,0,0
2025-03-07 16:00:00,-15.0238888888889,-12.3427777777778,-12.3427777777778,-12.0127777777778,-11.7577777777778,0,0,0,0,0
2025-03-07 17:00:00,-15.0638888888889,-12.3061111111111,-12.3061111111111,-11.9761111111111,-11.7222222222222,0,0,0,0,0
2025-03-07 18:00:00,-15.1038888888889,-12.3061111111111,-12.2688888888889,-11.9761111111111,-11.7222222222222,0,0,0,0,0
2025-03-07 19:00:00,-14.905,-12.2688888888889,-12.2688888888889,-11.9761111111111,-11.7222222222222,0,0,0,0,0
2025-03-07 20:00:00,-14.6277777777778,-12.2688888888889,-12.2688888888889,-11.9761111111111,-11.6861111111111,0,0,0,0,0
2025-03-07 21:00:00,-14.6277777777778,-12.2327777777778,-12.2327777777778,-11.94,-11.6861111111111,0,0,0,0,0
2025-03-07 22:00:00,-14.6672222222222,-12.2327777777778,-12.2327777777778,-11.94,-11.6861111111111,0,0,0,0,0
2025-03-07 23:00:00,-14.9838888888889,-12.1961111111111,-12.2327777777778,-11.94,-11.6861111111111,0,0,0,0,0
2025-03-08 00:00:00,-14.905,-12.1961111111111,-12.1961111111111,-11.9027777777778,-11.65,0,0,0,0,0
2025-03-08 01:00:00,-16.4922222222222,-12.1588888888889,-12.1961111111111,-11.9027777777778,-11.65,0,0,0,0,0
2025-03-08 02:00:00,-16.7861111111111,-12.1227777777778,-12.1588888888889,-11.8672222222222,-11.65,0,0,0,0,0
2025-03-08 03:00:00,-16.66,-12.1227777777778,-12.1227777777778,-11.8672222222222,-11.6127777777778,0,0,0,0,0
2025-03-08 04:00:00,-16.1188888888889,-12.0861111111111,-12.1227777777778,-11.8672222222222,-11.6127777777778,0,0,0,0,0
2025-03-08 05:00:00,-16.2022222222222,-12.0861111111111,-12.1227777777778,-11.8311111111111,-11.6127777777778,0,0,0,0,0
2025-03-08 06:00:00,-16.3261111111111,-12.0861111111111,-12.1227777777778,-11.8311111111111,-11.5772222222222,0,0,0,0,0
2025-03-08 07:00:00,-16.1188888888889,-12.0861111111111,-12.0861111111111,-11.7938888888889,-11.5772222222222,0,0,0,0,0
2025-03-08 08:00:00,-15.9538888888889,-12.0488888888889,-12.0861111111111,-11.7938888888889,-11.5772222222222,0,0,0,0,0
2025-03-08 09:00:00,-16.0777777777778,-12.0488888888889,-12.0861111111111,-11.7938888888889,-11.5772222222222,0,0,0,0,0
2025-03-08 10:00:00,-15.9961111111111,-12.0488888888889,-12.0488888888889,-11.7577777777778,-11.5411111111111,0,0,0,0,0
2025-03-08 11:00:00,-16.2427777777778,-12.0488888888889,-12.0488888888889,-11.7577777777778,-11.5411111111111,0,0,0,0,0
2025-03-08 12:00:00,-16.3261111111111,-12.0488888888889,-12.0488888888889,-11.7577777777778,-11.5411111111111,0,0,0,0,0
2025-03-08 13:00:00,-16.3672222222222,-12.0488888888889,-12.0488888888889,-11.7577777777778,-11.505,0,0,0,0,0
2025-03-08 14:00:00,-16.5338888888889,-12.0488888888889,-12.0488888888889,-11.7222222222222,-11.505,0,0,0,0,0
2025-03-08 15:00:00,-16.7438888888889,-12.0127777777778,-12.0127777777778,-11.7222222222222,-11.505,0,0,0,0,0
2025-03-08 16:00:00,-16.955,-12.0127777777778,-12.0127777777778,-11.7222222222222,-11.505,0,0,0,0,0
2025-03-08 17:00:00,-16.9972222222222,-12.0127777777778,-12.0127777777778,-11.7222222222222,-11.4688888888889,0,0,0,0,0
2025-03-08 18:00:00,-16.87,-12.0127777777778,-11.9761111111111,-11.7222222222222,-11.4688888888889,0,0,0,0,0
2025-03-08 19:00:00,-16.9122222222222,-11.9761111111111,-11.9761111111111,-11.6861111111111,-11.4688888888889,0,0,0,0,0
2025-03-08 20:00:00,-16.5761111111111,-11.9761111111111,-11.9761111111111,-11.6861111111111,-11.4688888888889,0,0,0,0,0
2025-03-08 21:00:00,-15.2238888888889,-11.9761111111111,-11.9761111111111,-11.6861111111111,-11.4327777777778,0,0,0,0,0
2025-03-08 22:00:00,-15.4661111111111,-11.9761111111111,-11.9761111111111,-11.6861111111111,-11.4327777777778,0,0,0,0,0
2025-03-08 23:00:00,-15.345,-11.94,-11.9761111111111,-11.6861111111111,-11.4327777777778,0,0,0,0,0
2025-03-09 00:00:00,-15.2238888888889,-11.94,-11.94,-11.65,-11.4327777777778,0,0,0,0,0
2025-03-09 01:00:00,-16.9122222222222,-11.94,-11.94,-11.65,-11.4327777777778,0,0,0,0,0
2025-03-09 02:00:00,-17.9438888888889,-11.9027777777778,-11.94,-11.65,-11.4327777777778,0,0,0,0,0
2025-03-09 03:00:00,-18.6972222222222,-11.9027777777778,-11.9027777777778,-11.6127777777778,-11.3972222222222,0,0,0,0,0
2025-03-09 04:00:00,-19.1938888888889,-11.8672222222222,-11.9027777777778,-11.6127777777778,-11.3972222222222,0,0,0,0,0
2025-03-09 05:00:00,-19.3311111111111,-11.8672222222222,-11.9027777777778,-11.6127777777778,-11.3972222222222,0,0,0,0,0
2025-03-09 06:00:00,-19.4688888888889,-11.8311111111111,-11.8672222222222,-11.6127777777778,-11.3611111111111,0,0,0,0,0
2025-03-09 07:00:00,-19.6072222222222,-11.8311111111111,-11.8672222222222,-11.5772222222222,-11.3611111111111,0,0,0,0,0
2025-03-09 08:00:00,-20.7861111111111,-11.8311111111111,-11.8672222222222,-11.5772222222222,-11.3611111111111,0,0,0,0,0
2025-03-09 09:00:00,-21.5672222222222,-11.8311111111111,-11.8311111111111,-11.5772222222222,-11.3611111111111,0,0,0,0,0
2025-03-09 10:00:00,-22.32,-11.8311111111111,-11.8311111111111,-11.5772222222222,-11.3261111111111,0,0,0,0,0
2025-03-09 11:00:00,-23.6211111111111,-11.8311111111111,-11.8311111111111,-11.5411111111111,-11.3261111111111,0,0,0,0,0
2025-03-09 12:00:00,-25.6711111111111,-11.8311111111111,-11.8311111111111,-11.5411111111111,-11.3261111111111,0,0,0,0,0
2025-03-09 13:00:00,-28.4038888888889,-11.8311111111111,-11.8311111111111,-11.5411111111111,-11.3261111111111,0,0,0,0,0
2025-03-09 14:00:00,-30.8311111111111,-11.8311111111111,-11.8311111111111,-11.5411111111111,-11.3261111111111,0,0,0,0,0
2025-03-09 15:00:00,-31.405,-11.8672222222222,-11.8311111111111,-11.5411111111111,-11.29,0,0,0,0,0
2025-03-09 16:00:00,-33.2177777777778,-11.8672222222222,-11.8311111111111,-11.505,-11.29,0,0,0,0,0
2025-03-09 17:00:00,-32.7511111111111,-11.9027777777778,-11.8311111111111,-11.505,-11.29,0,0,0,0,0
2025-03-09 18:00:00,-30.76,-11.9027777777778,-11.8672222222222,-11.505,-11.29,0,0,0,0,0
2025-03-09 19:00:00,-28.9227777777778,-11.94,-11.8672222222222,-11.505,-11.29,0,0,0,0,0
2025-03-09 20:00:00,-27.46,-12.0127777777778,-11.9027777777778,-11.505,-11.29,0,0,0,0,0
2025-03-09 21:00:00,-26.3711111111111,-12.0488888888889,-11.94,-11.5411111111111,-11.29,0,0,0,0,0
2025-03-09 22:00:00,-23.3561111111111,-12.0861111111111,-11.9761111111111,-11.505,-11.29,0,0,0,0,0
2025-03-09 23:00:00,-19.8861111111111,-12.1588888888889,-11.9761111111111,-11.5411111111111,-11.29,0,0,0,0,0
2025-03-10 00:00:00,-16.2427777777778,-12.1961111111111,-12.0488888888889,-11.5411111111111,-11.29,1,0,0,0,0
2025-03-10 01:00:00,-24.105,-12.2327777777778,-12.0488888888889,-11.5772222222222,-11.29,1,0,0,0,0
2025-03-10 02:00:00,-26.2527777777778,-12.2688888888889,-12.0861111111111,-11.5772222222222,-11.29,0,0,0,0,0
2025-03-10 03:00:00,-30.0627777777778,-12.3061111111111,-12.1227777777778,-11.6127777777778,-11.29,0,0,0,0,0
2025-03-10 04:00:00,-31.5511111111111,-12.3061111111111,-12.1227777777778,-11.6127777777778,-11.29,0,0,0,0,0
2025-03-10 05:00:00,-31.5511111111111,-12.3427777777778,-12.1227777777778,-11.6127777777778,-11.3261111111111,0,0,0,0,0
2025-03-10 06:00:00,-32.2938888888889,-12.38,-12.1961111111111,-11.65,-11.3261111111111,0,0,0,0,0
2025-03-10 07:00:00,-32.3688888888889,-12.38,-12.1961111111111,-11.65,-11.3261111111111,0,0,0,0,0
2025-03-10 08:00:00,-32.1427777777778,-12.4538888888889,-12.1961111111111,-11.65,-11.3611111111111,0,0,0,0,0
2025-03-10 09:00:00,-31.845,-12.4538888888889,-12.2327777777778,-11.65,-11.3611111111111,0,0,0,0,0
2025-03-10 10:00:00,-31.845,-12.4911111111111,-12.2688888888889,-11.6861111111111,-11.3611111111111,0,0,0,0,0
2025-03-10 11:00:00,-31.845,-12.6022222222222,-12.2688888888889,-11.7222222222222,-11.3611111111111,0,0,0,0,0
2025-03-10 12:00:00,-31.845,-12.6022222222222,-12.3427777777778,-11.7222222222222,-11.3611111111111,0,0,0,0,0
2025-03-10 13:00:00,-31.045,-12.6388888888889,-12.3427777777778,-11.7222222222222,-11.3972222222222,0,0,0,0,0
2025-03-10 14:00:00,-30.9727777777778,-12.6761111111111,-12.38,-11.7577777777778,-11.4327777777778,0,0,0,0,0
2025-03-10 15:00:00,-30.69,-12.6761111111111,-12.4172222222222,-11.7938888888889,-11.4327777777778,0,0,0,0,0
2025-03-10 16:00:00,-29.7222222222222,-12.7511111111111,-12.4538888888889,-11.7938888888889,-11.4327777777778,0,0,0,0,0
2025-03-10 17:00:00,-30.2011111111111,-12.7877777777778,-12.4911111111111,-11.8311111111111,-11.4327777777778,0,0,0,0,0
2025-03-10 18:00:00,-27.3977777777778,-12.825,-12.4911111111111,-11.8311111111111,-11.4688888888889,0,0,0,0,0
2025-03-10 19:00:00,-22.7811111111111,-12.825,-12.5277777777778,-11.8672222222222,-11.4688888888889,0,0,0,0,0
2025-03-10 20:00:00,-19.515,-12.9,-12.565,-11.9027777777778,-11.505,0,0,0,0,0
2025-03-10 21:00:00,-16.955,-12.9,-12.6022222222222,-11.9027777777778,-11.505,0,0,0,0,0
2025-03-10 22:00:00,-21.4688888888889,-12.9377777777778,-12.6388888888889,-11.94,-11.505,0,0,0,0,0
2025-03-10 23:00:00,-19.1938888888889,-12.9377777777778,-12.6761111111111,-11.94,-11.5411111111111,0,0,0,0,0
2025-03-11 00:00:00,-20.8827777777778,-12.975,-12.6761111111111,-11.9761111111111,-11.5411111111111,0,0,0,0,0
2025-03-11 01:00:00,-22.7288888888889,-12.975,-12.7138888888889,-11.9761111111111,-11.5772222222222,0,0,0,0,0
2025-03-11 02:00:00,-23.145,-12.975,-12.7138888888889,-12.0127777777778,-11.5772222222222,0,0,0,0,0
2025-03-11 03:00:00,-27.6461111111111,-12.975,-12.7138888888889,-12.0127777777778,-11.6127777777778,0,0,0,0,0
2025-03-11 04:00:00,-28.4038888888889,-12.975,-12.7138888888889,-12.0488888888889,-11.6127777777778,0,0,0,0,0
2025-03-11 05:00:00,-30.1322222222222,-12.975,-12.7138888888889,-12.0488888888889,-11.6127777777778,0,0,0,0,0
2025-03-11 06:00:00,-30.2011111111111,-12.975,-12.7138888888889,-12.0488888888889,-11.65,0,0,0,0,0
2025-03-11 07:00:00,-31.6977777777778,-12.975,-12.7138888888889,-12.0488888888889,-11.65,0,0,0,0,0
2025-03-11 08:00:00,-31.4777777777778,-12.975,-12.7511111111111,-12.0861111111111,-11.65,0,0,0,0,0
2025-03-11 09:00:00,-31.92,-12.975,-12.7511111111111,-12.0861111111111,-11.65,0,0,0,0,0
2025-03-11 10:00:00,-32.1427777777778,-13.0127777777778,-12.7511111111111,-12.0861111111111,-11.6861111111111,0,0,0,0,0
2025-03-11 11:00:00,-31.405,-13.05,-12.7877777777778,-12.0861111111111,-11.6861111111111,0,0,0,0,0
2025-03-11 12:00:00,-33.6138888888889,-13.05,-12.7877777777778,-12.1227777777778,-11.7222222222222,0,0,0,0,0
2025-03-11 13:00:00,-31.9938888888889,-13.05,-12.7877777777778,-12.1227777777778,-11.7222222222222,0,0,0,0,0
2025-03-11 14:00:00,-32.9061111111111,-13.0877777777778,-12.825,-12.1227777777778,-11.7222222222222,0,0,0,0,0
2025-03-11 15:00:00,-33.2177777777778,-13.1261111111111,-12.8627777777778,-12.1588888888889,-11.7222222222222,0,0,0,0,0
2025-03-11 16:00:00,-31.92,-13.2011111111111,-12.8627777777778,-12.1588888888889,-11.7222222222222,0,0,0,0,0
2025-03-11 17:00:00,-31.1877777777778,-13.2011111111111,-12.8627777777778,-12.1588888888889,-11.7577777777778,0,0,0,0,0
2025-03-11 18:00:00,-29.655,-13.2388888888889,-12.9,-12.1961111111111,-11.7577777777778,0,0,0,0,0
2025-03-11 19:00:00,-28.7272222222222,-13.2772222222222,-12.9377777777778,-12.1961111111111,-11.7938888888889,0,0,0,0,0
2025-03-11 20:00:00,-26.0772222222222,-13.2772222222222,-12.975,-12.2327777777778,-11.7938888888889,0,0,0,0,0
2025-03-11 21:00:00,-26.1361111111111,-13.315,-13.0127777777778,-12.2327777777778,-11.7938888888889,0,0,0,0,0
2025-03-11 22:00:00,-25.4411111111111,-13.3522222222222,-13.0127777777778,-12.2688888888889,-11.8311111111111,0,0,0,0,0
2025-03-11 23:00:00,-25.6711111111111,-13.3522222222222,-13.05,-12.2688888888889,-11.8311111111111,0,0,0,0,0
2025-03-12 00:00:00,-25.7277777777778,-13.39,-13.0877777777778,-12.3061111111111,-11.8672222222222,0,0,0,0,0
2025-03-12 01:00:00,-26.7288888888889,-13.39,-13.0877777777778,-12.3427777777778,-11.8672222222222,0,0,0,0,0
2025-03-12 02:00:00,-29.055,-13.39,-13.0877777777778,-12.3427777777778,-11.8672222222222,0,0,0,0,0
2025-03-12 03:00:00,-29.32,-13.39,-13.1261111111111,-12.3427777777778,-11.8672222222222,0,0,0,0,0
2025-03-12 04:00:00,-27.3372222222222,-13.39,-13.1261111111111,-12.3427777777778,-11.9027777777778,0,0,0,0,0
2025-03-12 05:00:00,-24.9877777777778,-13.39,-13.1261111111111,-12.38,-11.9027777777778,0,0,0,0,0
2025-03-12 06:00:00,-24.0511111111111,-13.39,-13.1261111111111,-12.38,-11.94,0,0,0,0,0
2025-03-12 07:00:00,-23.3027777777778,-13.39,-13.1261111111111,-12.38,-11.94,0,0,0,0,0
2025-03-12 08:00:00,-23.145,-13.39,-13.1627777777778,-12.4172222222222,-11.94,0,0,0,0,0
2025-03-12 09:00:00,-22.8327777777778,-13.39,-13.1627777777778,-12.4172222222222,-11.94,0,0,0,0,0
2025-03-12 10:00:00,-22.885,-13.39,-13.1627777777778,-12.4172222222222,-11.9761111111111,0,0,0,0,0
2025-03-12 11:00:00,-22.8327777777778,-13.39,-13.1627777777778,-12.4538888888889,-11.9761111111111,0,0,0,0,0
2025-03-12 12:00:00,-23.0411111111111,-13.3522222222222,-13.1261111111111,-12.4538888888889,-11.9761111111111,0,0,0,0,0
2025-03-12 13:00:00,-22.9372222222222,-13.3522222222222,-13.1261111111111,-12.4538888888889,-12.0127777777778,0,0,0,0,0
2025-03-12 14:00:00,-22.885,-13.3522222222222,-13.1261111111111,-12.4538888888889,-12.0127777777778,0,0,0,0,0
2025-03-12 15:00:00,-22.7288888888889,-13.315,-13.1261111111111,-12.4538888888889,-12.0127777777778,0,0,0,0,0
2025-03-12 16:00:00,-22.6777777777778,-13.315,-13.1261111111111,-12.4538888888889,-12.0127777777778,0,0,0,0,0
2025-03-12 17:00:00,-22.1172222222222,-13.2772222222222,-13.1261111111111,-12.4538888888889,-12.0127777777778,0,0,0,0,0
2025-03-12 18:00:00,-21.6672222222222,-13.2772222222222,-13.0877777777778,-12.4538888888889,-12.0127777777778,0,0,0,0,0
2025-03-12 19:00:00,-21.37,-13.2772222222222,-13.0877777777778,-12.4538888888889,-12.0127777777778,0,0,0,0,0
2025-03-12 20:00:00,-20.8827777777778,-13.2388888888889,-13.0877777777778,-12.4538888888889,-12.0127777777778,0,0,0,0,0
2025-03-12 21:00:00,-20.5472222222222,-13.2388888888889,-13.0877777777778,-12.4538888888889,-12.0127777777778,0,0,0,0,0
2025-03-12 22:00:00,-20.0261111111111,-13.2011111111111,-13.05,-12.4538888888889,-12.0127777777778,0,0,0,0,0
2025-03-12 23:00:00,-20.2622222222222,-13.2011111111111,-13.05,-12.4538888888889,-12.0127777777778,0,0,0,0,0
2025-03-13 00:00:00,-21.2722222222222,-13.1627777777778,-13.0127777777778,-12.4538888888889,-12.0127777777778,0,0,0,0,0
2025-03-13 01:00:00,-22.6777777777778,-13.1261111111111,-13.0127777777778,-12.4538888888889,-12.0127777777778,0,0,0,0,0
2025-03-13 02:00:00,-24.0511111111111,-13.0877777777778,-13.0127777777778,-12.4172222222222,-12.0127777777778,0,0,0,0,0
2025-03-13 03:00:00,-25.045,-13.05,-12.975,-12.4172222222222,-12.0127777777778,0,0,0,0,0
2025-03-13 04:00:00,-25.5561111111111,-13.05,-12.9377777777778,-12.4172222222222,-12.0127777777778,0,0,0,0,0
2025-03-13 05:00:00,-25.6127777777778,-13.05,-12.9377777777778,-12.4172222222222,-12.0127777777778,0,0,0,0,0
2025-03-13 06:00:00,-26.3122222222222,-13.0127777777778,-12.9377777777778,-12.38,-12.0127777777778,0,0,0,0,0
2025-03-13 07:00:00,-26.4311111111111,-13.0127777777778,-12.9,-12.38,-12.0127777777778,0,0,0,0,0
2025-03-13 08:00:00,-25.6711111111111,-13.0127777777778,-12.9377777777778,-12.38,-12.0127777777778,0,0,0,0,0
2025-03-13 09:00:00,-25.2138888888889,-13.0127777777778,-12.9,-12.38,-12.0127777777778,0,0,0,0,0
2025-03-13 10:00:00,-24.8761111111111,-13.0127777777778,-12.9,-12.38,-12.0127777777778,0,0,0,0,0
2025-03-13 11:00:00,-24.5427777777778,-13.0127777777778,-12.9,-12.38,-12.0127777777778,0,0,0,0,0
2025-03-13 12:00:00,-24.2688888888889,-13.0127777777778,-12.9,-12.3427777777778,-11.9761111111111,0,0,0,0,0
2025-03-13 13:00:00,-24.2688888888889,-13.0127777777778,-12.9,-12.3427777777778,-11.9761111111111,0,0,0,0,0
2025-03-13 14:00:00,-24.5977777777778,-13.0127777777778,-12.9,-12.3427777777778,-11.9761111111111,0,0,0,0,0
2025-03-13 15:00:00,-24.7088888888889,-13.0127777777778,-12.9,-12.3427777777778,-11.9761111111111,0,0,0,0,0
2025-03-13 16:00:00,-24.9877777777778,-13.0127777777778,-12.9,-12.3427777777778,-11.9761111111111,0,0,0,0,0
2025-03-13 17:00:00,-24.9322222222222,-13.0127777777778,-12.8627777777778,-12.3427777777778,-11.9761111111111,0,0,0,0,0
2025-03-13 18:00:00,-24.105,-13.0127777777778,-12.8627777777778,-12.3427777777778,-11.9761111111111,0,0,0,0,0
2025-03-13 19:00:00,-23.1977777777778,-13.0127777777778,-12.8627777777778,-12.3427777777778,-11.9761111111111,0,0,0,0,0
2025-03-13 20:00:00,-22.7288888888889,-12.975,-12.8627777777778,-12.3427777777778,-11.94,0,0,0,0,0
2025-03-13 21:00:00,-22.4727777777778,-12.975,-12.8627777777778,-12.3427777777778,-11.9761111111111,0,0,0,0,0
2025-03-13 22:00:00,-21.8161111111111,-12.975,-12.8627777777778,-12.3427777777778,-11.9761111111111,0,0,0,0,0
2025-03-13 23:00:00,-20.7377777777778,-12.975,-12.8627777777778,-12.3427777777778,-11.9761111111111,0,0,0,0,0
2025-03-14 00:00:00,-21.7661111111111,-12.975,-12.8627777777778,-12.3427777777778,-11.9761111111111,0,0,0,0,0
2025-03-14 01:00:00,-21.4688888888889,-12.9377777777778,-12.8627777777778,-12.3061111111111,-11.9761111111111,0,0,0,0,0
2025-03-14 02:00:00,-23.835,-12.9377777777778,-12.8627777777778,-12.3061111111111,-11.94,0,0,0,0,0
2025-03-14 03:00:00,-27.7711111111111,-12.9,-12.8627777777778,-12.3061111111111,-11.94,0,0,0,0,0
2025-03-14 04:00:00,-29.055,-12.9,-12.825,-12.3061111111111,-11.94,0,0,0,0,0
2025-03-14 05:00:00,-29.8577777777778,-12.9,-12.825,-12.3061111111111,-11.94,0,0,0,0,0
2025-03-14 06:00:00,-32.2188888888889,-12.9,-12.7877777777778,-12.3061111111111,-11.94,0,0,0,0,0
2025-03-14 07:00:00,-32.1427777777778,-12.9,-12.7877777777778,-12.3061111111111,-11.94,0,0,0,0,0
2025-03-14 08:00:00,-32.5977777777778,-12.9,-12.7877777777778,-12.3061111111111,-11.94,0,0,0,0,0
2025-03-14 09:00:00,-33.6138888888889,-12.9,-12.7877777777778,-12.2688888888889,-11.94,0,0,0,0,0
2025-03-14 10:00:00,-33.0611111111111,-12.9,-12.7877777777778,-12.2688888888889,-11.94,0,0,0,0,0
2025-03-14 11:00:00,-32.8277777777778,-12.9377777777778,-12.7877777777778,-12.2688888888889,-11.94,0,0,0,0,0
2025-03-14 12:00:00,-31.6977777777778,-12.9377777777778,-12.825,-12.2688888888889,-11.94,0,0,0,0,0
2025-03-14 13:00:00,-31.9938888888889,-12.975,-12.825,-12.2688888888889,-11.94,0,0,0,0,0
2025-03-14 14:00:00,-33.2961111111111,-12.975,-12.825,-12.2688888888889,-11.94,0,0,0,0,0
2025-03-14 15:00:00,-34.345,-13.0127777777778,-12.8627777777778,-12.3061111111111,-11.94,0,0,0,0,0
2025-03-14 16:00:00,-34.6772222222222,-13.05,-12.8627777777778,-12.2688888888889,-11.94,0,0,0,0,0
2025-03-14 17:00:00,-34.845,-13.05,-12.8627777777778,-12.3061111111111,-11.94,0,0,0,0,0
2025-03-14 18:00:00,-34.51,-13.0877777777778,-12.9,-12.3061111111111,-11.94,0,0,0,0,0
2025-03-14 19:00:00,-30.27,-13.1261111111111,-12.9377777777778,-12.3061111111111,-11.94,0,0,0,0,0
2025-03-14 20:00:00,-24.3227777777778,-13.2011111111111,-12.9377777777778,-12.3061111111111,-11.94,1,0,0,0,0
2025-03-14 21:00:00,-28.5327777777778,-13.2011111111111,-12.9377777777778,-12.3427777777778,-11.94,0,0,0,0,0
2025-03-14 22:00:00,-21.5672222222222,-13.2011111111111,-12.975,-12.3427777777778,-11.94,1,0,0,0,0
2025-03-14 23:00:00,-22.575,-13.2388888888889,-13.0127777777778,-12.3427777777778,-11.9761111111111,0,0,0,0,0
2025-03-15 00:00:00,-26.0772222222222,-13.2772222222222,-13.0127777777778,-12.38,-11.9761111111111,0,0,0,0,0
2025-03-15 01:00:00,-26.3122222222222,-13.2772222222222,-13.05,-12.38,-12.0127777777778,0,0,0,0,0
2025-03-15 02:00:00,-27.8327777777778,-13.2772222222222,-13.0877777777778,-12.38,-12.0127777777778,0,0,0,0,0
2025-03-15 03:00:00,-29.7222222222222,-13.315,-13.0877777777778,-12.4172222222222,-12.0127777777778,0,0,0,0,0
2025-03-15 04:00:00,-31.6977777777778,-13.315,-13.0877777777778,-12.4172222222222,-12.0127777777778,0,0,0,0,0
2025-03-15 05:00:00,-31.405,-13.315,-13.0877777777778,-12.4172222222222,-12.0127777777778,0,0,0,0,0
2025-03-15 06:00:00,-32.445,-13.315,-13.0877777777778,-12.4538888888889,-12.0488888888889,0,0,0,0,0
2025-03-15 07:00:00,-32.8277777777778,-13.3522222222222,-13.1261111111111,-12.4538888888889,-12.0127777777778,0,0,0,0,0
2025-03-15 08:00:00,-31.5511111111111,-13.3522222222222,-13.1261111111111,-12.4538888888889,-12.0488888888889,0,0,0,0,0
2025-03-15 09:00:00,-31.1172222222222,-13.3522222222222,-13.1261111111111,-12.4538888888889,-12.0488888888889,0,0,0,0,0
2025-03-15 10:00:00,-33.0611111111111,-13.3522222222222,-13.1627777777778,-12.4911111111111,-12.0488888888889,0,0,0,0,0
2025-03-15 11:00:00,-32.5977777777778,-13.39,-13.1627777777778,-12.4911111111111,-12.0861111111111,0,0,0,0,0
2025-03-15 12:00:00,-30.8311111111111,-13.39,-13.1627777777778,-12.4911111111111,-12.0861111111111,0,0,0,0,0
2025-03-15 13:00:00,-29.655,-13.39,-13.1627777777778,-12.4911111111111,-12.0861111111111,0,0,0,0,0
2025-03-15 14:00:00,-30.69,-13.4277777777778,-13.1627777777778,-12.4911111111111,-12.0861111111111,0,0,0,0,0
2025-03-15 15:00:00,-31.2611111111111,-13.4277777777778,-13.2011111111111,-12.5277777777778,-12.0861111111111,0,0,0,0,0
2025-03-15 16:00:00,-31.2611111111111,-13.505,-13.2388888888889,-12.5277777777778,-12.1227777777778,0,0,0,0,0
2025-03-15 17:00:00,-31.405,-13.505,-13.2388888888889,-12.565,-12.1227777777778,0,0,0,0,0
2025-03-15 18:00:00,-30.2011111111111,-13.505,-13.2388888888889,-12.565,-12.1227777777778,0,0,0,0,0
2025-03-15 19:00:00,-28.6622222222222,-13.505,-13.2772222222222,-12.6022222222222,-12.1227777777778,0,0,0,0,0
2025-03-15 20:00:00,-29.1211111111111,-13.5427777777778,-13.2772222222222,-12.6022222222222,-12.1588888888889,0,0,0,0,0
2025-03-15 21:00:00,-28.2761111111111,-13.5427777777778,-13.2772222222222,-12.6022222222222,-12.1588888888889,0,0,0,0,0
2025-03-15 22:00:00,-27.7711111111111,-13.5811111111111,-13.315,-12.6022222222222,-12.1588888888889,0,0,0,0,0
2025-03-15 23:00:00,-26.7288888888889,-13.5811111111111,-13.315,-12.6022222222222,-12.1588888888889,0,0,0,0,0
2025-03-16 00:00:00,-27.0922222222222,-13.5811111111111,-13.315,-12.6388888888889,-12.1961111111111,0,0,0,0,0
2025-03-16 01:00:00,-27.7711111111111,-13.5811111111111,-13.315,-12.6388888888889,-12.1961111111111,0,0,0,0,0
2025-03-16 02:00:00,-28.7922222222222,-13.5811111111111,-13.315,-12.6388888888889,-12.1961111111111,0,0,0,0,0
2025-03-16 03:00:00,-29.7222222222222,-13.5811111111111,-13.3522222222222,-12.6388888888889,-12.1961111111111,0,0,0,0,0
2025-03-16 04:00:00,-30.0627777777778,-13.5811111111111,-13.3522222222222,-12.6388888888889,-12.2327777777778,0,0,0,0,0
2025-03-16 05:00:00,-29.8577777777778,-13.5811111111111,-13.3522222222222,-12.6761111111111,-12.2327777777778,0,0,0,0,0
2025-03-16 06:00:00,-29.995,-13.5811111111111,-13.315,-12.6761111111111,-12.2327777777778,0,0,0,0,0
2025-03-16 07:00:00,-30.34,-13.5811111111111,-13.3522222222222,-12.6761111111111,-12.2327777777778,0,0,0,0,0
2025-03-16 08:00:00,-31.5511111111111,-13.5811111111111,-13.3522222222222,-12.6761111111111,-12.2327777777778,0,0,0,0,0
2025-03-16 09:00:00,-29.79,-13.5811111111111,-13.3522222222222,-12.6761111111111,-12.2327777777778,0,0,0,0,0
2025-03-16 10:00:00,-29.1211111111111,-13.5811111111111,-13.3522222222222,-12.6761111111111,-12.2327777777778,0,0,0,0,0
2025-03-16 11:00:00,-29.2527777777778,-13.5811111111111,-13.39,-12.6761111111111,-12.2688888888889,0,0,0,0,0
2025-03-16 12:00:00,-28.9227777777778,-13.6188888888889,-13.39,-12.7138888888889,-12.2688888888889,0,0,0,0,0
2025-03-16 13:00:00,-28.9227777777778,-13.6188888888889,-13.39,-12.7138888888889,-12.2688888888889,0,0,0,0,0
2025-03-16 14:00:00,-29.5872222222222,-13.6572222222222,-13.39,-12.7138888888889,-12.3061111111111,0,0,0,0,0
2025-03-16 15:00:00,-29.9272222222222,-13.6572222222222,-13.4277777777778,-12.7138888888889,-12.3061111111111,0,0,0,0,0
2025-03-16 16:00:00,-32.9061111111111,-13.6572222222222,-13.4277777777778,-12.7138888888889,-12.3061111111111,0,0,0,0,0
2025-03-16 17:00:00,-31.845,-13.6572222222222,-13.4277777777778,-12.7511111111111,-12.3061111111111,0,0,0,0,0
2025-03-16 18:00:00,-29.2527777777778,-13.6572222222222,-13.4277777777778,-12.7511111111111,-12.3061111111111,0,0,0,0,0
2025-03-16 19:00:00,-29.9272222222222,-13.6961111111111,-13.4661111111111,-12.7511111111111,-12.3061111111111,1,0,0,0,0
2025-03-16 20:00:00,-23.6738888888889,-13.6961111111111,-13.4661111111111,-12.7511111111111,-12.3061111111111,1,0,0,0,0
2025-03-16 21:00:00,-18.9222222222222,-13.6961111111111,-13.4661111111111,-12.7511111111111,-12.3061111111111,1,0,0,0,0
2025-03-16 22:00:00,-27.2138888888889,-13.6961111111111,-13.4661111111111,-12.7877777777778,-12.3427777777778,1,0,0,0,0
2025-03-16 23:00:00,-26.0188888888889,-13.7338888888889,-13.4661111111111,-12.7877777777778,-12.3427777777778,0,0,0,0,0
2025-03-17 00:00:00,-26.1361111111111,-13.7338888888889,-13.505,-12.7877777777778,-12.3427777777778,0,0,0,0,0
2025-03-17 01:00:00,-25.96,-13.7338888888889,-13.505,-12.7877777777778,-12.3427777777778,0,0,0,0,0
2025-03-17 02:00:00,-26.2527777777778,-13.7338888888889,-13.505,-12.825,-12.3427777777778,0,0,0,0,0
2025-03-17 03:00:00,-28.7922222222222,-13.7338888888889,-13.505,-12.825,-12.38,0,0,0,0,0
2025-03-17 04:00:00,-31.3327777777778,-13.7338888888889,-13.5427777777778,-12.825,-12.38,0,0,0,0,0
2025-03-17 05:00:00,-29.1872222222222,-13.7338888888889,-13.505,-12.825,-12.38,0,0,0,0,0
2025-03-17 06:00:00,-28.1488888888889,-13.7338888888889,-13.505,-12.825,-12.38,0,0,0,0,0
2025-03-17 07:00:00,-27.8961111111111,-13.7338888888889,-13.505,-12.825,-12.38,0,0,0,0,0
2025-03-17 08:00:00,-27.9588888888889,-13.6961111111111,-13.505,-12.825,-12.38,0,0,0,0,0
2025-03-17 09:00:00,-29.1872222222222,-13.6961111111111,-13.505,-12.825,-12.38,0,0,0,0,0
2025-03-17 10:00:00,-32.0688888888889,-13.6961111111111,-13.505,-12.8627777777778,-12.38,0,0,0,0,0
2025-03-17 11:00:00,-33.4538888888889,-13.6961111111111,-13.505,-12.825,-12.4172222222222,0,0,0,0,0
2025-03-17 12:00:00,-34.51,-13.6961111111111,-13.505,-12.825,-12.38,0,0,0,0,0
2025-03-17 13:00:00,-34.4272222222222,-13.6961111111111,-13.505,-12.825,-12.4172222222222,0,0,0,0,0
2025-03-17 14:00:00,-33.6138888888889,-13.6572222222222,-13.505,-12.825,-12.4172222222222,0,0,0,0,0
2025-03-17 15:00:00,-33.6938888888889,-13.6961111111111,-13.505,-12.8627777777778,-12.4172222222222,0,0,0,0,0
2025-03-17 16:00:00,-35.97,-13.6961111111111,-13.505,-12.8627777777778,-12.4172222222222,0,0,0,0,0
2025-03-17 17:00:00,-34.5927777777778,-13.6961111111111,-13.505,-12.8627777777778,-12.4172222222222,0,0,0,0,0
2025-03-17 18:00:00,-28.2761111111111,-13.6961111111111,-13.505,-12.8627777777778,-12.4172222222222,1,0,0,0,0
2025-03-17 19:00:00,-28.4688888888889,-13.6961111111111,-13.505,-12.8627777777778,-12.4172222222222,0,0,0,0,0
2025-03-17 20:00:00,-28.2761111111111,-13.7338888888889,-13.5427777777778,-12.8627777777778,-12.4172222222222,0,0,0,0,0
2025-03-17 21:00:00,-27.0311111111111,-13.7338888888889,-13.5427777777778,-12.8627777777778,-12.4538888888889,0,0,0,0,0
2025-03-17 22:00:00,-25.2138888888889,-13.7338888888889,-13.5427777777778,-12.8627777777778,-12.4538888888889,0,0,0,0,0
2025-03-17 23:00:00,-24.105,-13.8111111111111,-13.5427777777778,-12.9,-12.4538888888889,0,0,0,0,0
2025-03-18 00:00:00,-20.3088888888889,-13.8111111111111,-13.5811111111111,-12.9,-12.4538888888889,0,0,0,0,0
2025-03-18 01:00:00,-25.3838888888889,-13.8111111111111,-13.5811111111111,-12.9,-12.4538888888889,1,0,0,0,0
2025-03-18 02:00:00,-27.46,-13.8111111111111,-13.5811111111111,-12.9,-12.4538888888889,0,0,0,0,0
2025-03-18 03:00:00,-30.4088888888889,-13.8111111111111,-13.5811111111111,-12.9,-12.4538888888889,0,0,0,0,0
2025-03-18 04:00:00,-29.79,-13.8111111111111,-13.5811111111111,-12.9,-12.4538888888889,0,0,0,0,0
2025-03-18 05:00:00,-29.5872222222222,-13.7722222222222,-13.5811111111111,-12.9,-12.4538888888889,0,0,0,0,0
2025-03-18 06:00:00,-31.3327777777778,-13.7722222222222,-13.5811111111111,-12.9,-12.4538888888889,0,0,0,0,0
2025-03-18 07:00:00,-30.69,-13.7338888888889,-13.5811111111111,-12.9,-12.4538888888889,0,0,0,0,0
2025-03-18 08:00:00,-31.6977777777778,-13.7338888888889,-13.5811111111111,-12.9,-12.4538888888889,0,0,0,0,0
2025-03-18 09:00:00,-31.9938888888889,-13.7338888888889,-13.5427777777778,-12.9,-12.4538888888889,0,0,0,0,0
2025-03-18 10:00:00,-35.5311111111111,-13.7338888888889,-13.5427777777778,-12.9,-12.4538888888889,0,0,0,0,0
2025-03-18 11:00:00,-36.9677777777778,-13.7338888888889,-13.5427777777778,-12.9,-12.4538888888889,0,0,0,0,0
2025-03-18 12:00:00,-38.6072222222222,-13.7338888888889,-13.5427777777778,-12.9,-12.4911111111111,0,0,0,0,0
2025-03-18 13:00:00,-38.8088888888889,-13.7338888888889,-13.5427777777778,-12.9,-12.4911111111111,0,0,0,0,0
2025-03-18 14:00:00,-39.4238888888889,-13.7338888888889,-13.5427777777778,-12.9,-12.4911111111111,0,0,0,0,0
2025-03-18 15:00:00,-39.845,-13.7338888888889,-13.5427777777778,-12.9,-12.4911111111111,0,0,0,0,0
2025-03-18 16:00:00,-39.845,-13.7338888888889,-13.5427777777778,-12.9,-12.4911111111111,0,0,0,0,0
2025-03-18 17:00:00,-38.4077777777778,-13.7338888888889,-13.5427777777778,-12.9,-12.4911111111111,0,0,0,0,0
2025-03-18 18:00:00,-31.4777777777778,-13.8111111111111,-13.5811111111111,-12.9,-12.4911111111111,1,0,0,0,0
2025-03-18 19:00:00,-24.5977777777778,-13.8111111111111,-13.5811111111111,-12.9377777777778,-12.4911111111111,1,0,0,0,0
2025-03-18 20:00:00,-27.8961111111111,-13.8111111111111,-13.5811111111111,-12.9,-12.4911111111111,0,0,0,0,0
2025-03-18 21:00:00,-22.885,-13.8111111111111,-13.6188888888889,-12.9377777777778,-12.4911111111111,1,0,0,0,0
2025-03-18 22:00:00,-26.7888888888889,-13.8488888888889,-13.6188888888889,-12.9377777777778,-12.5277777777778,0,0,0,0,0
2025-03-18 23:00:00,-31.045,-13.8877777777778,-13.6188888888889,-12.9377777777778,-12.5277777777778,0,0,0,0,0
2025-03-19 00:00:00,-29.1872222222222,-13.8877777777778,-13.6572222222222,-12.975,-12.5277777777778,0,0,0,0,0
2025-03-19 01:00:00,-28.5327777777778,-13.9261111111111,-13.6961111111111,-12.975,-12.5277777777778,0,0,0,0,0
2025-03-19 02:00:00,-32.9061111111111,-13.965,-13.6961111111111,-12.975,-12.5277777777778,0,0,0,0,0
2025-03-19 03:00:00,-35.5311111111111,-13.965,-13.6961111111111,-12.975,-12.5277777777778,0,0,0,0,0
2025-03-19 04:00:00,-36.8761111111111,-13.965,-13.6961111111111,-12.975,-12.6022222222222,0,0,0,0,0
2025-03-19 05:00:00,-37.9172222222222,-13.965,-13.7338888888889,-13.0127777777778,-12.6022222222222,0,0,0,0,0
2025-03-19 06:00:00,-34.4272222222222,-13.965,-13.7338888888889,-13.0127777777778,-12.6022222222222,0,0,0,0,0
2025-03-19 07:00:00,-33.9361111111111,-14.0038888888889,-13.7338888888889,-13.0127777777778,-12.6022222222222,0,0,0,0,0
2025-03-19 08:00:00,-34.5927777777778,-14.0038888888889,-13.7338888888889,-13.0127777777778,-12.6022222222222,0,0,0,0,0
2025-03-19 09:00:00,-37.9172222222222,-14.0422222222222,-13.7722222222222,-13.05,-12.6022222222222,0,0,0,0,0
2025-03-19 10:00:00,-38.21,-14.0422222222222,-13.7722222222222,-13.05,-12.6022222222222,0,0,0,0,0
2025-03-19 11:00:00,-37.3427777777778,-14.0422222222222,-13.7722222222222,-13.05,-12.6022222222222,0,0,0,0,0
2025-03-19 12:00:00,-37.7238888888889,-14.0811111111111,-13.7722222222222,-13.05,-12.6022222222222,0,0,0,0,0
2025-03-19 13:00:00,-34.345,-14.12,-13.8111111111111,-13.0877777777778,-12.6022222222222,0,0,0,0,0
2025-03-19 14:00:00,-35.015,-14.12,-13.8488888888889,-13.0877777777778,-12.6022222222222,0,0,0,0,0
2025-03-19 15:00:00,-32.3688888888889,-14.12,-13.8488888888889,-13.0877777777778,-12.6388888888889,0,0,0,0,0
2025-03-19 16:00:00,-31.6977777777778,-14.1588888888889,-13.8488888888889,-13.1261111111111,-12.6388888888889,0,0,0,0,0
2025-03-19 17:00:00,-31.1877777777778,-14.1972222222222,-13.8877777777778,-13.1261111111111,-12.6761111111111,0,0,0,0,0
2025-03-19 18:00:00,-30.4088888888889,-14.1972222222222,-13.8877777777778,-13.1261111111111,-12.6761111111111,0,0,0,0,0
2025-03-19 19:00:00,-29.995,-14.1972222222222,-13.9261111111111,-13.1261111111111,-12.6761111111111,0,0,0,0,0
2025-03-19 20:00:00,-29.52,-14.1972222222222,-13.9261111111111,-13.1627777777778,-12.6761111111111,0,0,0,0,0
2025-03-19 21:00:00,-28.34,-14.2361111111111,-13.9261111111111,-13.1627777777778,-12.6761111111111,0,0,0,0,0
2025-03-19 22:00:00,-27.5222222222222,-14.2361111111111,-13.965,-13.2011111111111,-12.6761111111111,0,0,0,0,0
2025-03-19 23:00:00,-27.9588888888889,-14.2361111111111,-13.965,-13.2011111111111,-12.7138888888889,0,0,0,0,0
2025-03-20 00:00:00,-27.3977777777778,-14.2361111111111,-13.965,-13.2011111111111,-12.7138888888889,0,0,0,0,0
2025-03-20 01:00:00,-28.34,-14.2361111111111,-13.965,-13.2011111111111,-12.7138888888889,0,0,0,0,0
2025-03-20 02:00:00,-28.8577777777778,-14.2361111111111,-14.0038888888889,-13.2011111111111,-12.7511111111111,0,0,0,0,0
2025-03-20 03:00:00,-29.1211111111111,-14.1972222222222,-13.965,-13.2011111111111,-12.7511111111111,0,0,0,0,0
2025-03-20 04:00:00,-30.4088888888889,-14.1972222222222,-13.965,-13.2388888888889,-12.7511111111111,0,0,0,0,0
2025-03-20 05:00:00,-28.9227777777778,-14.1972222222222,-13.965,-13.2388888888889,-12.7511111111111,0,0,0,0,0
2025-03-20 06:00:00,-27.7711111111111,-14.1588888888889,-13.9261111111111,-13.2388888888889,-12.7511111111111,0,0,0,0,0
2025-03-20 07:00:00,-26.6688888888889,-14.1588888888889,-13.9261111111111,-13.2388888888889,-12.7511111111111,0,0,0,0,0
2025-03-20 08:00:00,-26.0772222222222,-14.12,-13.9261111111111,-13.2388888888889,-12.7511111111111,0,0,0,0,0
2025-03-20 09:00:00,-25.9022222222222,-14.12,-13.9261111111111,-13.2388888888889,-12.7511111111111,0,0,0,0,0
2025-03-20 10:00:00,-25.7277777777778,-14.12,-13.9261111111111,-13.2388888888889,-12.7511111111111,0,0,0,0,0
2025-03-20 11:00:00,-27.3977777777778,-14.12,-13.9261111111111,-13.2388888888889,-12.7511111111111,0,0,0,0,0
2025-03-20 12:00:00,-28.4038888888889,-14.12,-13.9261111111111,-13.2388888888889,-12.7877777777778,0,0,0,0,0
2025-03-20 13:00:00,-27.9588888888889,-14.0811111111111,-13.9261111111111,-13.2388888888889,-12.7877777777778,0,0,0,0,0
2025-03-20 14:00:00,-27.5222222222222,-14.0422222222222,-13.8877777777778,-13.2388888888889,-12.7877777777778,0,0,0,0,0
2025-03-20 15:00:00,-27.7711111111111,-14.0422222222222,-13.8877777777778,-13.2388888888889,-12.7877777777778,0,0,0,0,0
2025-03-20 16:00:00,-26.97,-14.0038888888889,-13.8488888888889,-13.2388888888889,-12.7877777777778,0,0,0,0,0
2025-03-20 17:00:00,-27.0922222222222,-14.0038888888889,-13.8488888888889,-13.2011111111111,-12.7877777777778,0,0,0,0,0
2025-03-20 18:00:00,-26.49,-14.0038888888889,-13.8488888888889,-13.2011111111111,-12.7877777777778,0,0,0,0,0
2025-03-20 19:00:00,-25.7277777777778,-14.0038888888889,-13.8488888888889,-13.2011111111111,-12.7877777777778,0,0,0,0,0
2025-03-20 20:00:00,-24.4327777777778,-13.965,-13.8488888888889,-13.2011111111111,-12.7877777777778,0,0,0,0,0
2025-03-20 21:00:00,-23.0927777777778,-13.965,-13.8488888888889,-13.2011111111111,-12.7877777777778,0,0,0,0,0
2025-03-20 22:00:00,-22.2688888888889,-13.965,-13.8488888888889,-13.2011111111111,-12.7877777777778,0,0,0,0,0
2025-03-20 23:00:00,-20.6422222222222,-13.965,-13.8488888888889,-13.2011111111111,-12.7511111111111,0,0,0,0,0
2025-03-21 00:00:00,-21.1738888888889,-13.965,-13.8488888888889,-13.2011111111111,-12.7877777777778,0,0,0,0,0
2025-03-21 01:00:00,-22.0672222222222,-13.965,-13.8111111111111,-13.2011111111111,-12.7877777777778,0,0,0,0,0
2025-03-21 02:00:00,-20.8827777777778,-13.965,-13.7722222222222,-13.2011111111111,-12.7511111111111,0,0,0,0,0
2025-03-21 03:00:00,-22.9888888888889,-13.9261111111111,-13.7722222222222,-13.2011111111111,-12.7511111111111,0,0,0,0,0
2025-03-21 04:00:00,-24.4877777777778,-13.9261111111111,-13.7722222222222,-13.2011111111111,-12.7511111111111,0,0,0,0,0
2025-03-21 05:00:00,-25.7277777777778,-13.8877777777778,-13.7722222222222,-13.2011111111111,-12.7511111111111,0,0,0,0,0
2025-03-21 06:00:00,-26.3122222222222,-13.8877777777778,-13.7722222222222,-13.1627777777778,-12.7511111111111,0,0,0,0,0
2025-03-21 07:00:00,-26.2527777777778,-13.8488888888889,-13.7338888888889,-13.1627777777778,-12.7511111111111,0,0,0,0,0
2025-03-21 08:00:00,-26.4311111111111,-13.8488888888889,-13.7338888888889,-13.1627777777778,-12.7511111111111,0,0,0,0,0
2025-03-21 09:00:00,-26.3711111111111,-13.8111111111111,-13.7338888888889,-13.1627777777778,-12.7511111111111,0,0,0,0,0
2025-03-21 10:00:00,-27.0311111111111,-13.8111111111111,-13.6961111111111,-13.1627777777778,-12.7511111111111,0,0,0,0,0
2025-03-21 11:00:00,-26.7888888888889,-13.8111111111111,-13.6961111111111,-13.1261111111111,-12.7511111111111,0,0,0,0,0
2025-03-21 12:00:00,-28.1488888888889,-13.8111111111111,-13.6961111111111,-13.1261111111111,-12.7511111111111,0,0,0,0,0
2025-03-21 13:00:00,-27.275,-13.8111111111111,-13.6961111111111,-13.1261111111111,-12.7511111111111,0,0,0,0,0
2025-03-21 14:00:00,-29.32,-13.8111111111111,-13.6961111111111,-13.1261111111111,-12.7511111111111,0,0,0,0,0
2025-03-21 15:00:00,-28.8577777777778,-13.8111111111111,-13.6961111111111,-13.1261111111111,-12.7511111111111,0,0,0,0,0
2025-03-21 16:00:00,-27.6461111111111,-13.8111111111111,-13.6961111111111,-13.1261111111111,-12.7138888888889,0,0,0,0,0
2025-03-21 17:00:00,-26.7888888888889,-13.8111111111111,-13.6961111111111,-13.0877777777778,-12.7138888888889,0,0,0,0,0
2025-03-21 18:00:00,-21.0772222222222,-13.8111111111111,-13.6961111111111,-13.1261111111111,-12.7138888888889,1,0,0,0,0
2025-03-21 19:00:00,-17.3377777777778,-13.8111111111111,-13.6961111111111,-13.0877777777778,-12.7138888888889,0,0,0,0,0
2025-03-21 20:00:00,-20.9311111111111,-13.8111111111111,-13.6961111111111,-13.0877777777778,-12.7138888888889,0,0,0,0,0
2025-03-21 21:00:00,-20.98,-13.8111111111111,-13.6961111111111,-13.0877777777778,-12.7138888888889,0,0,0,0,0
2025-03-21 22:00:00,-20.4511111111111,-13.8488888888889,-13.6961111111111,-13.0877777777778,-12.7138888888889,0,0,0,0,0
2025-03-21 23:00:00,-19.8388888888889,-13.8488888888889,-13.6961111111111,-13.0877777777778,-12.7138888888889,0,0,0,0,0
2025-03-22 00:00:00,-18.4738888888889,-13.8488888888889,-13.6961111111111,-13.0877777777778,-12.7138888888889,0,0,0,0,0
2025-03-22 01:00:00,-20.69,-13.8488888888889,-13.6961111111111,-13.0877777777778,-12.7138888888889,0,0,0,0,0
2025-03-22 02:00:00,-19.6538888888889,-13.8488888888889,-13.6961111111111,-13.1261111111111,-12.7138888888889,0,0,0,0,0
2025-03-22 03:00:00,-22.885,-13.8111111111111,-13.6961111111111,-13.0877777777778,-12.7138888888889,0,0,0,0,0
2025-03-22 04:00:00,-25.27,-13.8111111111111,-13.6961111111111,-13.1261111111111,-12.7138888888889,0,0,0,0,0
2025-03-22 05:00:00,-27.46,-13.8111111111111,-13.6961111111111,-13.0877777777778,-12.7138888888889,0,0,0,0,0
2025-03-22 06:00:00,-27.7711111111111,-13.8111111111111,-13.6572222222222,-13.0877777777778,-12.7138888888889,0,0,0,0,0
2025-03-22 07:00:00,-28.34,-13.7722222222222,-13.6572222222222,-13.0877777777778,-12.7138888888889,0,0,0,0,0
2025-03-22 08:00:00,-28.5327777777778,-13.7722222222222,-13.6572222222222,-13.0877777777778,-12.7138888888889,0,0,0,0,0
2025-03-22 09:00:00,-28.9227777777778,-13.7338888888889,-13.6188888888889,-13.0877777777778,-12.6761111111111,0,0,0,0,0
2025-03-22 10:00:00,-29.32,-13.7338888888889,-13.6188888888889,-13.0877777777778,-12.6761111111111,0,0,0,0,0
2025-03-22 11:00:00,-29.055,-13.7338888888889,-13.6188888888889,-13.0877777777778,-12.6761111111111,0,0,0,0,0
2025-03-22 12:00:00,-29.1211111111111,-13.7338888888889,-13.6188888888889,-13.05,-12.6761111111111,0,0,0,0,0
2025-03-22 13:00:00,-29.8577777777778,-13.7338888888889,-13.6188888888889,-13.05,-12.6761111111111,0,0,0,0,0
2025-03-22 14:00:00,-29.5872222222222,-13.7338888888889,-13.6188888888889,-13.05,-12.6761111111111,0,0,0,0,0
2025-03-22 15:00:00,-28.7922222222222,-13.8111111111111,-13.6188888888889,-13.05,-12.6761111111111,0,0,0,0,0
2025-03-22 16:00:00,-27.8327777777778,-13.8111111111111,-13.6188888888889,-13.05,-12.6761111111111,0,0,0,0,0
2025-03-22 17:00:00,-26.1938888888889,-13.8111111111111,-13.6188888888889,-13.05,-12.6761111111111,0,0,0,0,0
2025-03-22 18:00:00,-25.1011111111111,-13.8111111111111,-13.6572222222222,-13.05,-12.6761111111111,0,0,0,0,0
2025-03-22 19:00:00,-23.9972222222222,-13.8111111111111,-13.6572222222222,-13.05,-12.6761111111111,0,0,0,0,0
2025-03-22 20:00:00,-22.575,-13.8111111111111,-13.6572222222222,-13.05,-12.6761111111111,0,0,0,0,0
2025-03-22 21:00:00,-20.4038888888889,-13.8111111111111,-13.6572222222222,-13.05,-12.6761111111111,0,0,0,0,0
2025-03-22 22:00:00,-19.4688888888889,-13.8111111111111,-13.6961111111111,-13.0877777777778,-12.6761111111111,0,0,0,0,0
2025-03-22 23:00:00,-19.3311111111111,-13.8488888888889,-13.6961111111111,-13.0877777777778,-12.6761111111111,0,0,0,0,0
2025-03-23 00:00:00,-19.5611111111111,-13.8488888888889,-13.6961111111111,-13.0877777777778,-12.6761111111111,0,0,0,0,0
2025-03-23 01:00:00,-19.8861111111111,-13.8111111111111,-13.6961111111111,-13.0877777777778,-12.6761111111111,0,0,0,0,0
2025-03-23 02:00:00,-21.1738888888889,-13.8111111111111,-13.6961111111111,-13.0877777777778,-12.7138888888889,0,0,0,0,0
2025-03-23 03:00:00,-23.0411111111111,-13.8111111111111,-13.6961111111111,-13.0877777777778,-12.6761111111111,0,0,0,0,0
2025-03-23 04:00:00,-26.91,-13.8111111111111,-13.6572222222222,-13.0877777777778,-12.6761111111111,0,0,0,0,0
2025-03-23 05:00:00,-27.8961111111111,-13.8111111111111,-13.6572222222222,-13.05,-12.6761111111111,0,0,0,0,0
2025-03-23 06:00:00,-28.4688888888889,-13.7722222222222,-13.6188888888889,-13.0877777777778,-12.7138888888889,0,0,0,0,0
2025-03-23 07:00:00,-28.9227777777778,-13.7338888888889,-13.6188888888889,-13.0877777777778,-12.6761111111111,0,0,0,0,0
2025-03-23 08:00:00,-29.32,-13.7338888888889,-13.6188888888889,-13.0877777777778,-12.6761111111111,0,0,0,0,0
2025-03-23 09:00:00,-28.9227777777778,-13.7338888888889,-13.6188888888889,-13.05,-12.6761111111111,0,0,0,0,0
2025-03-23 10:00:00,-29.32,-13.7338888888889,-13.6188888888889,-13.05,-12.6761111111111,0,0,0,0,0
2025-03-23 11:00:00,-29.1211111111111,-13.7338888888889,-13.6188888888889,-13.05,-12.6761111111111,0,0,0,0,0
2025-03-23 12:00:00,-29.995,-13.7338888888889,-13.6188888888889,-13.05,-12.6761111111111,0,0,0,0,0
2025-03-23 13:00:00,-30.69,-13.7338888888889,-13.6188888888889,-13.05,-12.6761111111111,0,0,0,0,0
2025-03-23 14:00:00,-30.76,-13.7338888888889,-13.6188888888889,-13.05,-12.6761111111111,0,0,0,0,0
2025-03-23 15:00:00,-31.405,-13.7338888888889,-13.6188888888889,-13.05,-12.6761111111111,0,0,0,0,0
2025-03-23 16:00:00,-29.32,-13.7338888888889,-13.6188888888889,-13.05,-12.6761111111111,0,0,0,0,0
2025-03-23 17:00:00,-25.3272222222222,-13.8111111111111,-13.6188888888889,-13.05,-12.6761111111111,0,0,0,0,0
2025-03-23 18:00:00,-22.4222222222222,-13.8111111111111,-13.6188888888889,-13.05,-12.6761111111111,0,0,0,0,0
2025-03-23 19:00:00,-21.9661111111111,-13.8111111111111,-13.6188888888889,-13.05,-12.6761111111111,0,0,0,0,0
2025-03-23 20:00:00,-21.9161111111111,-13.8111111111111,-13.6572222222222,-13.05,-12.6761111111111,0,0,0,0,0
2025-03-23 21:00:00,-21.4188888888889,-13.8111111111111,-13.6572222222222,-13.05,-12.6761111111111,0,0,0,0,0
2025-03-23 22:00:00,-19.8388888888889,-13.8111111111111,-13.6961111111111,-13.0877777777778,-12.6761111111111,0,0,0,0,0
2025-03-23 23:00:00,-18.6522222222222,-13.8111111111111,-13.6961111111111,-13.0877777777778,-12.6761111111111,0,0,0,0,0
2025-03-24 00:00:00,-18.385,-13.8111111111111,-13.6961111111111,-13.0877777777778,-12.6761111111111,0,0,0,0,0
2025-03-24 01:00:00,-18.9672222222222,-13.8488888888889,-13.6961111111111,-13.0877777777778,-12.6761111111111,0,0,0,0,0
2025-03-24 02:00:00,-19.6072222222222,-13.8488888888889,-13.6961111111111,-13.0877777777778,-12.6761111111111,0,0,0,0,0
2025-03-24 03:00:00,-20.3088888888889,-13.8111111111111,-13.6961111111111,-13.0877777777778,-12.6761111111111,0,0,0,0,0
2025-03-24 04:00:00,-21.7661111111111,-13.8111111111111,-13.6961111111111,-13.0877777777778,-12.7138888888889,0,0,0,0,0
2025-03-24 05:00:00,-21.9661111111111,-13.8111111111111,-13.6961111111111,-13.0877777777778,-12.7138888888889,0,0,0,0,0
2025-03-24 06:00:00,-22.6261111111111,-13.7722222222222,-13.6572222222222,-13.0877777777778,-12.6761111111111,0,0,0,0,0
2025-03-24 07:00:00,-24.105,-13.7722222222222,-13.6572222222222,-13.0877777777778,-12.7138888888889,0,0,0,0,0
2025-03-24 08:00:00,-25.9022222222222,-13.7338888888889,-13.6188888888889,-13.0877777777778,-12.6761111111111,0,0,0,0,0
2025-03-24 09:00:00,-28.5977777777778,-13.7338888888889,-13.6188888888889,-13.0877777777778,-12.7138888888889,0,0,0,0,0
2025-03-24 10:00:00,-31.92,-13.6961111111111,-13.6188888888889,-13.05,-12.6761111111111,0,0,0,0,0
2025-03-24 11:00:00,-32.0688888888889,-13.6961111111111,-13.6188888888889,-13.05,-12.6761111111111,0,0,0,0,0
2025-03-24 12:00:00,-32.1427777777778,-13.6572222222222,-13.5811111111111,-13.0877777777778,-12.6761111111111,0,0,0,0,0
2025-03-24 13:00:00,-32.7511111111111,-13.6572222222222,-13.5811111111111,-13.05,-12.6761111111111,0,0,0,0,0
2025-03-24 14:00:00,-32.445,-13.6572222222222,-13.5811111111111,-13.05,-12.6761111111111,0,0,0,0,0
2025-03-24 15:00:00,-30.9022222222222,-13.6572222222222,-13.5811111111111,-13.05,-12.6761111111111,0,0,0,0,0
2025-03-24 16:00:00,-32.1427777777778,-13.6572222222222,-13.5811111111111,-13.05,-12.6761111111111,0,0,0,0,0
2025-03-24 17:00:00,-27.5222222222222,-13.6961111111111,-13.5811111111111,-13.05,-12.6761111111111,0,0,0,0,0
2025-03-24 18:00:00,-27.46,-13.6961111111111,-13.5811111111111,-13.05,-12.6761111111111,0,0,0,0,0
2025-03-24 19:00:00,-24.765,-13.7338888888889,-13.5811111111111,-13.05,-12.6761111111111,0,0,0,0,0
2025-03-24 20:00:00,-23.9972222222222,-13.7338888888889,-13.6188888888889,-13.05,-12.6761111111111,0,0,0,0,0
2025-03-24 21:00:00,-22.8327777777778,-13.7338888888889,-13.6188888888889,-13.05,-12.6761111111111,0,0,0,0,0
2025-03-24 22:00:00,-21.7661111111111,-13.8111111111111,-13.6188888888889,-13.05,-12.6761111111111,0,0,0,0,0
2025-03-24 23:00:00,-20.7377777777778,-13.8111111111111,-13.6572222222222,-13.05,-12.6761111111111,0,0,0,0,0
2025-03-25 00:00:00,-18.9222222222222,-13.8111111111111,-13.6572222222222,-13.05,-12.6761111111111,0,0,0,0,0
2025-03-25 01:00:00,-20.7861111111111,-13.8111111111111,-13.6572222222222,-13.05,-12.6761111111111,0,0,0,0,0
2025-03-25 02:00:00,-20.5472222222222,-13.8111111111111,-13.6572222222222,-13.0877777777778,-12.6761111111111,0,0,0,0,0
2025-03-25 03:00:00,-24.4877777777778,-13.8111111111111,-13.6961111111111,-13.0877777777778,-12.6761111111111,0,0,0,0,0
2025-03-25 04:00:00,-28.6622222222222,-13.8111111111111,-13.6572222222222,-13.0877777777778,-12.6761111111111,0,0,0,0,0
2025-03-25 05:00:00,-29.9272222222222,-13.8111111111111,-13.6572222222222,-13.0877777777778,-12.7138888888889,0,0,0,0,0
2025-03-25 06:00:00,-30.0627777777778,-13.8111111111111,-13.6572222222222,-13.0877777777778,-12.6761111111111,0,0,0,0,0
2025-03-25 07:00:00,-31.6238888888889,-13.8111111111111,-13.6572222222222,-13.0877777777778,-12.6761111111111,0,0,0,0,0
2025-03-25 08:00:00,-32.8277777777778,-13.8111111111111,-13.6572222222222,-13.0877777777778,-12.7138888888889,0,0,0,0,0
2025-03-25 09:00:00,-32.9061111111111,-13.8111111111111,-13.6572222222222,-13.0877777777778,-12.7138888888889,0,0,0,0,0
2025-03-25 10:00:00,-33.0611111111111,-13.8111111111111,-13.6572222222222,-13.0877777777778,-12.7138888888889,0,0,0,0,0
2025-03-25 11:00:00,-33.375,-13.8111111111111,-13.6572222222222,-13.0877777777778,-12.7138888888889,0,0,0,0,0
2025-03-25 12:00:00,-33.375,-13.8111111111111,-13.6961111111111,-13.0877777777778,-12.7138888888889,0,0,0,0,0
2025-03-25 13:00:00,-32.3688888888889,-13.8111111111111,-13.6961111111111,-13.0877777777778,-12.7138888888889,0,0,0,0,0
2025-03-25 14:00:00,-32.0688888888889,-13.8488888888889,-13.6961111111111,-13.0877777777778,-12.7138888888889,0,0,0,0,0
2025-03-25 15:00:00,-32.0688888888889,-13.8488888888889,-13.6961111111111,-13.0877777777778,-12.7138888888889,0,0,0,0,0
2025-03-25 16:00:00,-32.3688888888889,-13.8877777777778,-13.7338888888889,-13.1261111111111,-12.7511111111111,0,0,0,0,0
2025-03-25 17:00:00,-30.9727777777778,-13.8877777777778,-13.7338888888889,-13.1261111111111,-12.7138888888889,0,0,0,0,0
2025-03-25 18:00:00,-28.8577777777778,-13.9261111111111,-13.7338888888889,-13.1261111111111,-12.7511111111111,0,0,0,0,0
2025-03-25 19:00:00,-26.55,-13.965,-13.7722222222222,-13.1261111111111,-12.7511111111111,0,0,0,0,0
2025-03-25 20:00:00,-25.27,-13.965,-13.7722222222222,-13.1261111111111,-12.7511111111111,0,0,0,0,0
2025-03-25 21:00:00,-17.04,-13.965,-13.7722222222222,-13.1627777777778,-12.7511111111111,1,0,0,0,0
2025-03-25 22:00:00,-22.9888888888889,-14.0038888888889,-13.8111111111111,-13.1627777777778,-12.7511111111111,1,0,0,0,0
2025-03-25 23:00:00,-22.8327777777778,-14.0422222222222,-13.8488888888889,-13.1627777777778,-12.7511111111111,0,0,0,0,0
2025-03-26 00:00:00,-23.7277777777778,-14.0422222222222,-13.8488888888889,-13.2011111111111,-12.7511111111111,0,0,0,0,0
2025-03-26 01:00:00,-23.8888888888889,-14.0422222222222,-13.8488888888889,-13.2011111111111,-12.7877777777778,0,0,0,0,0
2025-03-26 02:00:00,-25.045,-14.0422222222222,-13.8488888888889,-13.2011111111111,-12.7877777777778,0,0,0,0,0
2025-03-26 03:00:00,-25.2138888888889,-14.0422222222222,-13.8488888888889,-13.2011111111111,-12.7877777777778,0,0,0,0,0
2025-03-26 04:00:00,-29.1211111111111,-14.0422222222222,-13.8488888888889,-13.2011111111111,-12.7877777777778,0,0,0,0,0
2025-03-26 05:00:00,-28.2127777777778,-14.0422222222222,-13.8877777777778,-13.2011111111111,-12.7877777777778,0,0,0,0,0
2025-03-26 06:00:00,-27.46,-14.0422222222222,-13.8488888888889,-13.2388888888889,-12.825,0,0,0,0,0
2025-03-26 07:00:00,-29.1211111111111,-14.0422222222222,-13.8488888888889,-13.2011111111111,-12.825,0,0,0,0,0
2025-03-26 08:00:00,-30.8311111111111,-14.0422222222222,-13.8877777777778,-13.2388888888889,-12.825,0,0,0,0,0
2025-03-26 09:00:00,-30.5488888888889,-14.0422222222222,-13.8488888888889,-13.2388888888889,-12.825,0,0,0,0,0
2025-03-26 10:00:00,-32.2188888888889,-14.0422222222222,-13.8877777777778,-13.2388888888889,-12.825,0,0,0,0,0
2025-03-26 11:00:00,-35.97,-14.0422222222222,-13.8877777777778,-13.2388888888889,-12.825,0,0,0,0,0
2025-03-26 12:00:00,-36.6,-14.0422222222222,-13.8877777777778,-13.2388888888889,-12.825,0,0,0,0,0
2025-03-26 13:00:00,-37.2488888888889,-14.0422222222222,-13.8877777777778,-13.2388888888889,-12.825,0,0,0,0,0
2025-03-26 14:00:00,-37.3427777777778,-14.12,-13.8877777777778,-13.2388888888889,-12.825,0,0,0,0,0
2025-03-26 15:00:00,-37.3427777777778,-14.12,-13.9261111111111,-13.2772222222222,-12.8627777777778,0,0,0,0,0
2025-03-26 16:00:00,-36.0588888888889,-14.12,-13.9261111111111,-13.2772222222222,-12.8627777777778,0,0,0,0,0
2025-03-26 17:00:00,-32.9061111111111,-14.1588888888889,-13.9261111111111,-13.2772222222222,-12.8627777777778,0,0,0,0,0
2025-03-26 18:00:00,-30.34,-14.1972222222222,-13.9261111111111,-13.2772222222222,-12.9,0,0,0,0,0
2025-03-26 19:00:00,-29.1872222222222,-14.1972222222222,-13.965,-13.2772222222222,-12.9,0,0,0,0,0
2025-03-26 20:00:00,-25.3838888888889,-14.275,-14.0038888888889,-13.315,-12.9,0,0,0,0,0
2025-03-26 21:00:00,-23.3027777777778,-14.275,-14.0038888888889,-13.315,-12.9,0,0,0,0,0
2025-03-26 22:00:00,-24.765,-14.275,-14.0422222222222,-13.3522222222222,-12.9,0,0,0,0,0
2025-03-26 23:00:00,-19.9327777777778,-14.3138888888889,-14.0811111111111,-13.3522222222222,-12.9,0,0,0,0,0
2025-03-27 00:00:00,-24.2688888888889,-14.3527777777778,-14.0811111111111,-13.3522222222222,-12.9,0,0,0,0,0
2025-03-27 01:00:00,-24.105,-14.3527777777778,-14.0811111111111,-13.39,-12.9377777777778,0,0,0,0,0
2025-03-27 02:00:00,-23.8888888888889,-14.3527777777778,-14.12,-13.39,-12.9377777777778,0,0,0,0,0
2025-03-27 03:00:00,-28.6622222222222,-14.3527777777778,-14.12,-13.39,-12.9377777777778,0,0,0,0,0
2025-03-27 04:00:00,-30.2011111111111,-14.3527777777778,-14.12,-13.4277777777778,-12.975,0,0,0,0,0
2025-03-27 05:00:00,-31.5511111111111,-14.3527777777778,-14.12,-13.4277777777778,-12.975,0,0,0,0,0
2025-03-27 06:00:00,-32.7511111111111,-14.3527777777778,-14.1588888888889,-13.4277777777778,-12.975,0,0,0,0,0
2025-03-27 07:00:00,-33.855,-14.3527777777778,-14.12,-13.4277777777778,-12.975,0,0,0,0,0
2025-03-27 08:00:00,-34.6772222222222,-14.3527777777778,-14.12,-13.4277777777778,-12.975,0,0,0,0,0
2025-03-27 09:00:00,-34.845,-14.3527777777778,-14.12,-13.4277777777778,-12.975,0,0,0,0,0
2025-03-27 10:00:00,-35.185,-14.3527777777778,-14.12,-13.4277777777778,-13.0127777777778,0,0,0,0,0
2025-03-27 11:00:00,-35.705,-14.3527777777778,-14.12,-13.4277777777778,-13.0127777777778,0,0,0,0,0
2025-03-27 12:00:00,-34.845,-14.3527777777778,-14.12,-13.4277777777778,-13.0127777777778,0,0,0,0,0
2025-03-27 13:00:00,-35.015,-14.3527777777778,-14.1588888888889,-13.4661111111111,-13.0127777777778,0,0,0,0,0
2025-03-27 14:00:00,-35.7927777777778,-14.3527777777778,-14.1588888888889,-13.4661111111111,-13.0127777777778,0,0,0,0,0
2025-03-27 15:00:00,-36.3277777777778,-14.4322222222222,-14.1588888888889,-13.4661111111111,-13.05,0,0,0,0,0
2025-03-27 16:00:00,-36.3277777777778,-14.4322222222222,-14.1588888888889,-13.4661111111111,-13.05,0,0,0,0,0
2025-03-27 17:00:00,-34.0172222222222,-14.4322222222222,-14.1972222222222,-13.505,-13.05,0,0,0,0,0
2025-03-27 18:00:00,-32.2188888888889,-14.4322222222222,-14.1972222222222,-13.505,-13.05,0,0,0,0,0
2025-03-27 19:00:00,-29.7222222222222,-14.4711111111111,-14.2361111111111,-13.505,-13.05,0,0,0,0,0
2025-03-27 20:00:00,-28.2127777777778,-14.51,-14.2361111111111,-13.505,-13.05,0,0,0,0,0
2025-03-27 21:00:00,-27.1527777777778,-14.51,-14.2361111111111,-13.505,-13.05,0,0,0,0,0
2025-03-27 22:00:00,-25.96,-14.51,-14.275,-13.5427777777778,-13.05,0,0,0,0,0
2025-03-27 23:00:00,-25.7861111111111,-14.5488888888889,-14.3138888888889,-13.5427777777778,-13.0877777777778,0,0,0,0,0
2025-03-28 00:00:00,-24.3227777777778,-14.5888888888889,-14.3138888888889,-13.5427777777778,-13.0877777777778,0,0,0,0,0
2025-03-28 01:00:00,-22.9372222222222,-14.5888888888889,-14.3138888888889,-13.5811111111111,-13.0877777777778,0,0,0,0,0
2025-03-28 02:00:00,-24.8211111111111,-14.5888888888889,-14.3138888888889,-13.5811111111111,-13.1261111111111,0,0,0,0,0
2025-03-28 03:00:00,-26.4311111111111,-14.5488888888889,-14.3138888888889,-13.5811111111111,-13.1261111111111,0,0,0,0,0
2025-03-28 04:00:00,-29.055,-14.5888888888889,-14.3527777777778,-13.5811111111111,-13.1261111111111,0,0,0,0,0
2025-03-28 05:00:00,-31.1172222222222,-14.5888888888889,-14.3527777777778,-13.6188888888889,-13.1261111111111,0,0,0,0,0
2025-03-28 06:00:00,-31.405,-14.5488888888889,-14.3138888888889,-13.6188888888889,-13.1261111111111,0,0,0,0,0
2025-03-28 07:00:00,-31.5511111111111,-14.5488888888889,-14.3527777777778,-13.6188888888889,-13.1627777777778,0,0,0,0,0
2025-03-28 08:00:00,-32.2938888888889,-14.51,-14.3138888888889,-13.6188888888889,-13.1627777777778,0,0,0,0,0
2025-03-28 09:00:00,-32.5977777777778,-14.51,-14.3138888888889,-13.6188888888889,-13.2011111111111,0,0,0,0,0
2025-03-28 10:00:00,-32.7511111111111,-14.51,-14.3138888888889,-13.6188888888889,-13.2011111111111,0,0,0,0,0
2025-03-28 11:00:00,-32.6738888888889,-14.51,-14.3138888888889,-13.6188888888889,-13.2011111111111,0,0,0,0,0
2025-03-28 12:00:00,-30.9727777777778,-14.51,-14.3138888888889,-13.6188888888889,-13.2011111111111,0,0,0,0,0
2025-03-28 13:00:00,-32.6738888888889,-14.51,-14.3138888888889,-13.6188888888889,-13.2011111111111,0,0,0,0,0
2025-03-28 14:00:00,-32.7511111111111,-14.51,-14.3527777777778,-13.6572222222222,-13.2011111111111,0,0,0,0,0
2025-03-28 15:00:00,-32.445,-14.51,-14.3138888888889,-13.6572222222222,-13.2011111111111,0,0,0,0,0
2025-03-28 16:00:00,-30.34,-14.5488888888889,-14.3527777777778,-13.6572222222222,-13.2011111111111,0,0,0,0,0
2025-03-28 17:00:00,-29.79,-14.5888888888889,-14.3527777777778,-13.6572222222222,-13.2011111111111,0,0,0,0,0
2025-03-28 18:00:00,-30.8311111111111,-14.5888888888889,-14.3527777777778,-13.6572222222222,-13.2011111111111,0,0,0,0,0
2025-03-28 19:00:00,-27.3372222222222,-14.5888888888889,-14.3527777777778,-13.6572222222222,-13.2011111111111,0,0,0,0,0
2025-03-28 20:00:00,-27.275,-14.5888888888889,-14.3922222222222,-13.6572222222222,-13.2011111111111,0,0,0,0,0
2025-03-28 21:00:00,-26.7288888888889,-14.5888888888889,-14.3922222222222,-13.6572222222222,-13.2011111111111,0,0,0,0,0
2025-03-28 22:00:00,-25.8438888888889,-14.5888888888889,-14.3922222222222,-13.6961111111111,-13.2011111111111,0,0,0,0,0
2025-03-28 23:00:00,-25.3838888888889,-14.5888888888889,-14.3922222222222,-13.6961111111111,-13.2388888888889,0,0,0,0,0
2025-03-29 00:00:00,-24.7088888888889,-14.6277777777778,-14.3922222222222,-13.6961111111111,-13.2388888888889,0,0,0,0,0
2025-03-29 01:00:00,-24.7088888888889,-14.5888888888889,-14.3922222222222,-13.6961111111111,-13.2388888888889,0,0,0,0,0
2025-03-29 02:00:00,-23.7277777777778,-14.5888888888889,-14.3922222222222,-13.6961111111111,-13.2388888888889,0,0,0,0,0
2025-03-29 03:00:00,-24.0511111111111,-14.5888888888889,-14.3922222222222,-13.6961111111111,-13.2388888888889,0,0,0,0,0
2025-03-29 04:00:00,-28.2127777777778,-14.5888888888889,-14.3922222222222,-13.6961111111111,-13.2388888888889,0,0,0,0,0
2025-03-29 05:00:00,-31.7722222222222,-14.5888888888889,-14.3922222222222,-13.6961111111111,-13.2772222222222,0,0,0,0,0
2025-03-29 06:00:00,-33.375,-14.5488888888889,-14.3922222222222,-13.6961111111111,-13.2388888888889,0,0,0,0,0
2025-03-29 07:00:00,-34.18,-14.5488888888889,-14.3922222222222,-13.6961111111111,-13.2772222222222,0,0,0,0,0
2025-03-29 08:00:00,-34.845,-14.5488888888889,-14.3922222222222,-13.7338888888889,-13.2772222222222,0,0,0,0,0
2025-03-29 09:00:00,-34.845,-14.51,-14.3922222222222,-13.6961111111111,-13.2772222222222,0,0,0,0,0
2025-03-29 10:00:00,-34.6772222222222,-14.5488888888889,-14.3527777777778,-13.6961111111111,-13.2772222222222,0,0,0,0,0
2025-03-29 11:00:00,-35.2711111111111,-14.51,-14.3527777777778,-13.6961111111111,-13.2772222222222,0,0,0,0,0
2025-03-29 12:00:00,-34.845,-14.5488888888889,-14.3527777777778,-13.6961111111111,-13.2772222222222,0,0,0,0,0
2025-03-29 13:00:00,-34.4272222222222,-14.5488888888889,-14.3922222222222,-13.6961111111111,-13.2772222222222,0,0,0,0,0
2025-03-29 14:00:00,-34.6772222222222,-14.5888888888889,-14.3922222222222,-13.6961111111111,-13.2772222222222,0,0,0,0,0
2025-03-29 15:00:00,-34.2622222222222,-14.5888888888889,-14.3922222222222,-13.7338888888889,-13.2772222222222,0,0,0,0,0
2025-03-29 16:00:00,-32.7511111111111,-14.5888888888889,-14.3922222222222,-13.6961111111111,-13.2772222222222,0,0,0,0,0
2025-03-29 17:00:00,-30.4088888888889,-14.5888888888889,-14.3922222222222,-13.7338888888889,-13.2772222222222,0,0,0,0,0
2025-03-29 18:00:00,-28.0222222222222,-14.6277777777778,-14.3922222222222,-13.7338888888889,-13.2772222222222,0,0,0,0,0
2025-03-29 19:00:00,-26.49,-14.6672222222222,-14.4322222222222,-13.7338888888889,-13.2772222222222,0,0,0,0,0
2025-03-29 20:00:00,-23.4622222222222,-14.6672222222222,-14.4711111111111,-13.7338888888889,-13.2772222222222,0,0,0,0,0
2025-03-29 21:00:00,-23.1977777777778,-14.6672222222222,-14.4711111111111,-13.7338888888889,-13.2772222222222,0,0,0,0,0
2025-03-29 22:00:00,-21.9161111111111,-14.6672222222222,-14.4711111111111,-13.7722222222222,-13.315,0,0,0,0,0
2025-03-29 23:00:00,-20.69,-14.7072222222222,-14.4711111111111,-13.7722222222222,-13.315,0,0,0,0,0
2025-03-30 00:00:00,-20.3088888888889,-14.7461111111111,-14.4711111111111,-13.8111111111111,-13.315,0,0,0,0,0
2025-03-30 01:00:00,-20.3088888888889,-14.7461111111111,-14.51,-13.7722222222222,-13.315,0,0,0,0,0
2025-03-30 02:00:00,-19.8861111111111,-14.7072222222222,-14.51,-13.8111111111111,-13.3522222222222,0,0,0,0,0
2025-03-30 03:00:00,-23.4088888888889,-14.7072222222222,-14.51,-13.8111111111111,-13.3522222222222,0,0,0,0,0
2025-03-30 04:00:00,-26.7888888888889,-14.6672222222222,-14.51,-13.8111111111111,-13.3522222222222,0,0,0,0,0
2025-03-30 05:00:00,-28.34,-14.6672222222222,-14.4711111111111,-13.8111111111111,-13.3522222222222,0,0,0,0,0
2025-03-30 06:00:00,-28.7922222222222,-14.6277777777778,-14.4711111111111,-13.8111111111111,-13.3522222222222,0,0,0,0,0
2025-03-30 07:00:00,-27.9588888888889,-14.6277777777778,-14.4711111111111,-13.8111111111111,-13.3522222222222,0,0,0,0,0
2025-03-30 08:00:00,-27.9588888888889,-14.5888888888889,-14.4711111111111,-13.8111111111111,-13.3522222222222,0,0,0,0,0
2025-03-30 09:00:00,-28.34,-14.5888888888889,-14.4711111111111,-13.8111111111111,-13.3522222222222,0,0,0,0,0
2025-03-30 10:00:00,-27.46,-14.5888888888889,-14.4322222222222,-13.8111111111111,-13.3522222222222,0,0,0,0,0
2025-03-30 11:00:00,-27.7077777777778,-14.5888888888889,-14.4322222222222,-13.8111111111111,-13.3522222222222,0,0,0,0,0
2025-03-30 12:00:00,-24.2688888888889,-14.5888888888889,-14.4322222222222,-13.8111111111111,-13.3522222222222,0,0,0,0,0
2025-03-30 13:00:00,-26.0772222222222,-14.5888888888889,-14.4322222222222,-13.8111111111111,-13.3522222222222,0,0,0,0,0
2025-03-30 14:00:00,-27.0311111111111,-14.5888888888889,-14.4322222222222,-13.8111111111111,-13.3522222222222,0,0,0,0,0
2025-03-30 15:00:00,-24.9877777777778,-14.5888888888889,-14.4322222222222,-13.8111111111111,-13.3522222222222,0,0,0,0,0
2025-03-30 16:00:00,-23.9972222222222,-14.5488888888889,-14.3922222222222,-13.8111111111111,-13.3522222222222,0,0,0,0,0
2025-03-30 17:00:00,-22.6777777777778,-14.5488888888889,-14.3922222222222,-13.7722222222222,-13.3522222222222,0,0,0,0,0
2025-03-30 18:00:00,-19.7,-14.5488888888889,-14.3922222222222,-13.8111111111111,-13.3522222222222,0,0,0,0,0
2025-03-30 19:00:00,-18.4738888888889,-14.5488888888889,-14.3922222222222,-13.8111111111111,-13.3522222222222,0,0,0,0,0
2025-03-30 20:00:00,-15.305,-14.5488888888889,-14.3922222222222,-13.8111111111111,-13.3522222222222,0,0,0,0,0
2025-03-30 21:00:00,-13.2388888888889,-14.5488888888889,-14.3922222222222,-13.8111111111111,-13.3522222222222,0,0,0,0,0
2025-03-30 22:00:00,-11.6861111111111,-14.51,-14.3922222222222,-13.7722222222222,-13.3522222222222,0,0,0,0,0
2025-03-30 23:00:00,-10.5811111111111,-14.5488888888889,-14.3922222222222,-13.8111111111111,-13.3522222222222,0,0,0,0,0
2025-03-31 00:00:00,-10.0922222222222,-14.51,-14.3922222222222,-13.8111111111111,-13.3522222222222,0,0,0,0,0
2025-03-31 01:00:00,-7.155,-14.51,-14.3922222222222,-13.8111111111111,-13.3522222222222,1,0,0,0,0
2025-03-31 02:00:00,-9.13388888888889,-14.4711111111111,-14.3527777777778,-13.7722222222222,-13.3522222222222,1,0,0,0,0
2025-03-31 03:00:00,-7.09,-14.4711111111111,-14.3527777777778,-13.7722222222222,-13.3522222222222,0,0,0,0,0
2025-03-31 04:00:00,-5.79111111111111,-14.3922222222222,-14.3138888888889,-13.7722222222222,-13.3522222222222,0,0,0,0,0
2025-03-31 05:00:00,-4.74277777777778,-14.3922222222222,-14.3138888888889,-13.7722222222222,-13.3522222222222,0,0,0,0,0
2025-03-31 06:00:00,-4.04611111111111,-14.3138888888889,-14.275,-13.7338888888889,-13.3522222222222,0,0,0,0,0
2025-03-31 07:00:00,-3.92611111111111,-14.3138888888889,-14.2361111111111,-13.7338888888889,-13.3522222222222,0,0,0,0,0
2025-03-31 08:00:00,-3.95611111111111,-14.2361111111111,-14.2361111111111,-13.7338888888889,-13.3522222222222,0,0,0,0,0
2025-03-31 09:00:00,-3.89611111111111,-14.1972222222222,-14.1588888888889,-13.7338888888889,-13.315,0,0,0,0,0
2025-03-31 10:00:00,-3.65722222222222,-14.1588888888889,-14.1588888888889,-13.6961111111111,-13.315,0,0,0,0,0
2025-03-31 11:00:00,-3.74722222222222,-14.0811111111111,-14.0811111111111,-13.6961111111111,-13.315,0,0,0,0,0
2025-03-31 12:00:00,-3.86611111111111,-14.0422222222222,-14.0422222222222,-13.6572222222222,-13.2772222222222,0,0,0,0,0
2025-03-31 13:00:00,-4.04611111111111,-13.965,-14.0038888888889,-13.6188888888889,-13.2772222222222,0,0,0,0,0
2025-03-31 14:00:00,-4.04611111111111,-13.8877777777778,-13.965,-13.6188888888889,-13.2772222222222,0,0,0,0,0
2025-03-31 15:00:00,-4.13722222222222,-13.8488888888889,-13.9261111111111,-13.5811111111111,-13.2772222222222,0,0,0,0,0
2025-03-31 16:00:00,-4.13722222222222,-13.7722222222222,-13.8877777777778,-13.5811111111111,-13.2388888888889,0,0,0,0,0
2025-03-31 17:00:00,-4.13722222222222,-13.6961111111111,-13.8111111111111,-13.5427777777778,-13.2011111111111,0,0,0,0,0
2025-03-31 18:00:00,-3.89611111111111,-13.6188888888889,-13.7722222222222,-13.505,-13.2011111111111,0,0,0,0,0
2025-03-31 19:00:00,-4.22722222222222,-13.5811111111111,-13.6961111111111,-13.4661111111111,-13.2011111111111,0,0,0,0,0
2025-03-31 20:00:00,-4.01611111111111,-13.505,-13.6572222222222,-13.4277777777778,-13.1627777777778,0,0,0,0,0
2025-03-31 21:00:00,-3.50777777777778,-13.4277777777778,-13.6188888888889,-13.39,-13.1261111111111,0,0,0,0,0
2025-03-31 22:00:00,-4.59,-13.3522222222222,-13.5427777777778,-13.3522222222222,-13.1261111111111,0,0,0,0,0
2025-03-31 23:00:00,-4.40777777777778,-13.315,-13.505,-13.315,-13.0877777777778,0,0,0,0,0
2025-04-01 00:00:00,-3.30111111111111,-13.2388888888889,-13.4277777777778,-13.315,-13.05,0,0,0,0,0
2025-04-01 01:00:00,-4.34777777777778,-13.1627777777778,-13.39,-13.2772222222222,-13.05,0,0,0,0,0
2025-04-01 02:00:00,-3.50777777777778,-13.1261111111111,-13.3522222222222,-13.2388888888889,-13.0127777777778,1,0,0,0,0
2025-04-01 03:00:00,-8.165,-13.05,-13.2772222222222,-13.2011111111111,-12.975,1,0,0,0,0
2025-04-01 04:00:00,-5.07888888888889,-13.0127777777778,-13.2388888888889,-13.1627777777778,-12.975,0,0,0,0,0
2025-04-01 05:00:00,-6.04222222222222,-12.9377777777778,-13.1627777777778,-13.1261111111111,-12.9377777777778,0,0,0,0,0
2025-04-01 06:00:00,-6.35722222222222,-12.8627777777778,-13.1261111111111,-13.0877777777778,-12.9,0,0,0,0,0
2025-04-01 07:00:00,-7.05777777777778,-12.825,-13.0877777777778,-13.0127777777778,-12.8627777777778,0,0,0,0,0
2025-04-01 08:00:00,-7.12222222222222,-12.7877777777778,-13.0127777777778,-13.0127777777778,-12.825,0,0,0,0,0
2025-04-01 09:00:00,-7.64,-12.7511111111111,-12.975,-12.975,-12.7877777777778,0,0,0,0,0
2025-04-01 10:00:00,-7.77111111111111,-12.7138888888889,-12.9377777777778,-12.9377777777778,-12.7877777777778,0,0,0,0,0
2025-04-01 11:00:00,-8.165,-12.6388888888889,-12.9,-12.9,-12.7511111111111,0,0,0,0,0
2025-04-01 12:00:00,-8.66277777777778,-12.6388888888889,-12.8627777777778,-12.8627777777778,-12.7138888888889,0,0,0,0,0
2025-04-01 13:00:00,-9.06611111111111,-12.565,-12.825,-12.825,-12.6761111111111,0,0,0,0,0
2025-04-01 14:00:00,-11.1472222222222,-12.565,-12.7877777777778,-12.7877777777778,-12.6388888888889,0,0,0,0,0
2025-04-01 15:00:00,-13.315,-12.4911111111111,-12.7511111111111,-12.7511111111111,-12.6388888888889,0,0,0,0,0
2025-04-01 16:00:00,-12.825,-12.4911111111111,-12.7138888888889,-12.7138888888889,-12.6022222222222,0,0,0,0,0
2025-04-01 17:00:00,-11.94,-12.4538888888889,-12.6761111111111,-12.6761111111111,-12.565,0,0,0,0,0
2025-04-01 18:00:00,-10.3361111111111,-12.4172222222222,-12.6388888888889,-12.6388888888889,-12.5277777777778,0,0,0,0,0
2025-04-01 19:00:00,-10.2661111111111,-12.4172222222222,-12.6388888888889,-12.6388888888889,-12.5277777777778,0,0,0,0,0
2025-04-01 20:00:00,-11.5772222222222,-12.38,-12.6022222222222,-12.6022222222222,-12.4911111111111,0,0,0,0,0
2025-04-01 21:00:00,-11.7577777777778,-12.38,-12.565,-12.565,-12.4538888888889,0,0,0,0,0
2025-04-01 22:00:00,-11.6861111111111,-12.3427777777778,-12.565,-12.5277777777778,-12.4538888888889,0,0,0,0,0
2025-04-01 23:00:00,-11.005,-12.3427777777778,-12.565,-12.5277777777778,-12.4172222222222,0,0,0,0,0
2025-04-02 00:00:00,-12.7138888888889,-12.3061111111111,-12.5277777777778,-12.4911111111111,-12.38,0,0,0,0,0
2025-04-02 01:00:00,-11.3972222222222,-12.2688888888889,-12.4911111111111,-12.4911111111111,-12.38,0,0,0,0,0
2025-04-02 02:00:00,-12.9377777777778,-12.2688888888889,-12.4911111111111,-12.4538888888889,-12.3427777777778,0,0,0,0,0
2025-04-02 03:00:00,-13.3522222222222,-12.2688888888889,-12.4538888888889,-12.4172222222222,-12.3427777777778,0,0,0,0,0
2025-04-02 04:00:00,-14.3922222222222,-12.2327777777778,-12.4172222222222,-12.4172222222222,-12.3061111111111,0,0,0,0,0
2025-04-02 05:00:00,-15.9127777777778,-12.2327777777778,-12.4172222222222,-12.38,-12.2688888888889,0,0,0,0,0
2025-04-02 06:00:00,-17.9011111111111,-12.1961111111111,-12.4172222222222,-12.3427777777778,-12.2688888888889,0,0,0,0,0
2025-04-02 07:00:00,-17.77,-12.1961111111111,-12.38,-12.3427777777778,-12.2327777777778,0,0,0,0,0
2025-04-02 08:00:00,-19.3772222222222,-12.1961111111111,-12.38,-12.3061111111111,-12.2327777777778,0,0,0,0,0
2025-04-02 09:00:00,-20.98,-12.1961111111111,-12.3427777777778,-12.3061111111111,-12.1961111111111,0,0,0,0,0
2025-04-02 10:00:00,-21.6172222222222,-12.1961111111111,-12.3427777777778,-12.2688888888889,-12.1961111111111,0,0,0,0,0
2025-04-02 11:00:00,-23.5677777777778,-12.1961111111111,-12.3427777777778,-12.2688888888889,-12.1588888888889,0,0,0,0,0
2025-04-02 12:00:00,-24.2138888888889,-12.1961111111111,-12.3427777777778,-12.2327777777778,-12.1588888888889,0,0,0,0,0
2025-04-02 13:00:00,-24.4877777777778,-12.1961111111111,-12.3427777777778,-12.2327777777778,-12.1227777777778,0,0,0,0,0
2025-04-02 14:00:00,-27.0922222222222,-12.2327777777778,-12.3427777777778,-12.2327777777778,-12.1227777777778,0,0,0,0,0
2025-04-02 15:00:00,-26.1361111111111,-12.2688888888889,-12.3427777777778,-12.2327777777778,-12.1227777777778,0,0,0,0,0
2025-04-02 16:00:00,-24.8211111111111,-12.2688888888889,-12.3427777777778,-12.1961111111111,-12.0861111111111,0,0,0,0,0
2025-04-02 17:00:00,-22.6777777777778,-12.3061111111111,-12.3427777777778,-12.1961111111111,-12.0861111111111,0,0,0,0,0
2025-04-02 18:00:00,-17.9877777777778,-12.3061111111111,-12.38,-12.1961111111111,-12.0488888888889,0,0,0,0,0
2025-04-02 19:00:00,-17.9877777777778,-12.3427777777778,-12.4172222222222,-12.1961111111111,-12.0488888888889,0,0,0,0,0
2025-04-02 20:00:00,-17.2527777777778,-12.38,-12.4172222222222,-12.1961111111111,-12.0488888888889,0,0,0,0,0
2025-04-02 21:00:00,-13.39,-12.4538888888889,-12.4538888888889,-12.1961111111111,-12.0488888888889,0,0,0,0,0
2025-04-02 22:00:00,-14.12,-12.4911111111111,-12.4911111111111,-12.1961111111111,-12.0488888888889,0,0,0,0,0
2025-04-02 23:00:00,-14.6277777777778,-12.4911111111111,-12.4911111111111,-12.1961111111111,-12.0488888888889,0,0,0,0,0
2025-04-03 00:00:00,-14.3922222222222,-12.5277777777778,-12.4911111111111,-12.2327777777778,-12.0488888888889,0,0,0,0,0
2025-04-03 01:00:00,-14.3527777777778,-12.5277777777778,-12.5277777777778,-12.2327777777778,-12.0488888888889,0,0,0,0,0
2025-04-03 02:00:00,-14.7861111111111,-12.565,-12.5277777777778,-12.2327777777778,-12.0488888888889,0,0,0,0,0
2025-04-03 03:00:00,-15.1038888888889,-12.565,-12.5277777777778,-12.2327777777778,-12.0488888888889,0,0,0,0,0
2025-04-03 04:00:00,-15.2238888888889,-12.565,-12.565,-12.2688888888889,-12.0488888888889,0,0,0,0,0
2025-04-03 05:00:00,-17.9438888888889,-12.565,-12.5277777777778,-12.2688888888889,-12.0488888888889,0,0,0,0,0
2025-04-03 06:00:00,-16.5761111111111,-12.565,-12.565,-12.2688888888889,-12.0488888888889,0,0,0,0,0
2025-04-03 07:00:00,-16.955,-12.5277777777778,-12.5277777777778,-12.2688888888889,-12.0488888888889,0,0,0,0,0
2025-04-03 08:00:00,-17.8572222222222,-12.5277777777778,-12.5277777777778,-12.2688888888889,-12.0488888888889,0,0,0,0,0
2025-04-03 09:00:00,-20.4038888888889,-12.5277777777778,-12.5277777777778,-12.2688888888889,-12.0488888888889,0,0,0,0,0
2025-04-03 10:00:00,-24.2688888888889,-12.5277777777778,-12.5277777777778,-12.2688888888889,-12.0488888888889,0,0,0,0,0
2025-04-03 11:00:00,-22.9372222222222,-12.4911111111111,-12.5277777777778,-12.2327777777778,-12.0488888888889,0,0,0,0,0
2025-04-03 12:00:00,-23.6211111111111,-12.4911111111111,-12.5277777777778,-12.2327777777778,-12.0488888888889,0,0,0,0,0
2025-04-03 13:00:00,-20.5472222222222,-12.4911111111111,-12.4911111111111,-12.2327777777778,-12.0488888888889,0,0,0,0,0
2025-04-03 14:00:00,-19.6538888888889,-12.4911111111111,-12.4911111111111,-12.2327777777778,-12.0488888888889,0,0,0,0,0
2025-04-03 15:00:00,-19.285,-12.4911111111111,-12.4911111111111,-12.2327777777778,-12.0488888888889,0,0,0,0,0
2025-04-03 16:00:00,-18.1638888888889,-12.4538888888889,-12.4911111111111,-12.2327777777778,-12.0127777777778,0,0,0,0,0
2025-04-03 17:00:00,-17.6827777777778,-12.4538888888889,-12.4911111111111,-12.2327777777778,-12.0127777777778,0,0,0,0,0
2025-04-03 18:00:00,-15.4661111111111,-12.4538888888889,-12.4911111111111,-12.2327777777778,-12.0127777777778,0,0,0,0,0
2025-04-03 19:00:00,-15.305,-12.4538888888889,-12.4911111111111,-12.2327777777778,-12.0127777777778,0,0,0,0,0
2025-04-03 20:00:00,-13.8111111111111,-12.4538888888889,-12.4911111111111,-12.1961111111111,-12.0127777777778,0,0,0,0,0
2025-04-03 21:00:00,-16.4922222222222,-12.4538888888889,-12.4911111111111,-12.1961111111111,-12.0127777777778,0,0,0,0,0
2025-04-03 22:00:00,-13.7722222222222,-12.4538888888889,-12.4911111111111,-12.2327777777778,-12.0127777777778,0,0,0,0,0
2025-04-03 23:00:00,-14.9838888888889,-12.4538888888889,-12.4911111111111,-12.1961111111111,-12.0127777777778,0,0,0,0,0
2025-04-04 00:00:00,-14.1588888888889,-12.4172222222222,-12.4538888888889,-12.1961111111111,-12.0127777777778,0,0,0,0,0
2025-04-04 01:00:00,-14.3138888888889,-12.4172222222222,-12.4538888888889,-12.1961111111111,-12.0127777777778,0,0,0,0,0
2025-04-04 02:00:00,-14.945,-12.4172222222222,-12.4538888888889,-12.1961111111111,-12.0127777777778,0,0,0,0,0
2025-04-04 03:00:00,-15.6688888888889,-12.38,-12.4172222222222,-12.1961111111111,-11.9761111111111,0,0,0,0,0
2025-04-04 04:00:00,-16.3672222222222,-12.3427777777778,-12.4172222222222,-12.1961111111111,-11.9761111111111,0,0,0,0,0
2025-04-04 05:00:00,-17.2527777777778,-12.3427777777778,-12.4172222222222,-12.1588888888889,-11.9761111111111,0,0,0,0,0
2025-04-04 06:00:00,-17.4238888888889,-12.3061111111111,-12.38,-12.1588888888889,-11.9761111111111,0,0,0,0,0
2025-04-04 07:00:00,-18.12,-12.2688888888889,-12.3427777777778,-12.1588888888889,-11.9761111111111,0,0,0,0,0
2025-04-04 08:00:00,-18.2522222222222,-12.2688888888889,-12.3427777777778,-12.1227777777778,-11.9761111111111,0,0,0,0,0
2025-04-04 09:00:00,-19.0577777777778,-12.2327777777778,-12.3427777777778,-12.1227777777778,-11.94,0,0,0,0,0
2025-04-04 10:00:00,-21.5672222222222,-12.2327777777778,-12.3061111111111,-12.1227777777778,-11.94,0,0,0,0,0
2025-04-04 11:00:00,-28.7272222222222,-12.1961111111111,-12.2688888888889,-12.0861111111111,-11.94,1,0,0,0,0
2025-04-04 12:00:00,-30.34,-12.1961111111111,-12.2688888888889,-12.0861111111111,-11.94,0,0,0,0,0
2025-04-04 13:00:00,-29.2527777777778,-12.1961111111111,-12.2688888888889,-12.0861111111111,-11.9027777777778,0,0,0,0,0
2025-04-04 14:00:00,-30.8311111111111,-12.1588888888889,-12.2688888888889,-12.0861111111111,-11.9027777777778,0,0,0,0,0
2025-04-04 15:00:00,-28.5327777777778,-12.1588888888889,-12.2327777777778,-12.0488888888889,-11.9027777777778,0,0,0,0,0
2025-04-04 16:00:00,-23.0927777777778,-12.1227777777778,-12.2327777777778,-12.0488888888889,-11.8672222222222,1,0,0,0,0
2025-04-04 17:00:00,-21.2227777777778,-12.1227777777778,-12.2327777777778,-12.0488888888889,-11.8672222222222,0,0,0,0,0
2025-04-04 18:00:00,-19.3772222222222,-12.1227777777778,-12.1961111111111,-12.0127777777778,-11.8672222222222,0,0,0,0,0
2025-04-04 19:00:00,-17.4672222222222,-12.1588888888889,-12.1961111111111,-12.0127777777778,-11.8311111111111,0,0,0,0,0
2025-04-04 20:00:00,-12.7138888888889,-12.1227777777778,-12.1961111111111,-12.0127777777778,-11.8311111111111,0,0,0,0,0
2025-04-04 21:00:00,-12.2327777777778,-12.1588888888889,-12.1961111111111,-11.9761111111111,-11.8311111111111,0,0,0,0,0
2025-04-04 22:00:00,-14.5488888888889,-12.1588888888889,-12.1961111111111,-12.0127777777778,-11.8311111111111,0,0,0,0,0
2025-04-04 23:00:00,-14.7861111111111,-12.1588888888889,-12.1961111111111,-11.9761111111111,-11.8311111111111,0,0,0,0,0
2025-04-05 00:00:00,-14.8261111111111,-12.1588888888889,-12.1961111111111,-11.9761111111111,-11.8311111111111,0,0,0,0,0
2025-04-05 01:00:00,-14.7861111111111,-12.1227777777778,-12.1961111111111,-11.9761111111111,-11.7938888888889,0,0,0,0,0
2025-04-05 02:00:00,-14.7072222222222,-12.1227777777778,-12.1961111111111,-11.9761111111111,-11.7938888888889,0,0,0,0,0
2025-04-05 03:00:00,-14.6277777777778,-12.1227777777778,-12.1961111111111,-11.9761111111111,-11.7938888888889,0,0,0,0,0
2025-04-05 04:00:00,-15.305,-12.1227777777778,-12.1588888888889,-11.9761111111111,-11.7938888888889,0,0,0,0,0
2025-04-05 05:00:00,-15.1838888888889,-12.0861111111111,-12.1588888888889,-11.94,-11.7938888888889,0,0,0,0,0
2025-04-05 06:00:00,-15.345,-12.0861111111111,-12.1588888888889,-11.94,-11.7577777777778,0,0,0,0,0
2025-04-05 07:00:00,-15.7088888888889,-12.0488888888889,-12.1227777777778,-11.94,-11.7577777777778,0,0,0,0,0
2025-04-05 08:00:00,-18.2077777777778,-12.0488888888889,-12.1227777777778,-11.94,-11.7577777777778,0,0,0,0,0
2025-04-05 09:00:00,-18.2522222222222,-12.0488888888889,-12.1227777777778,-11.9027777777778,-11.7577777777778,0,0,0,0,0
2025-04-05 10:00:00,-16.955,-12.0488888888889,-12.1227777777778,-11.9027777777778,-11.7577777777778,0,0,0,0,0
2025-04-05 11:00:00,-15.9961111111111,-12.0488888888889,-12.0861111111111,-11.9027777777778,-11.7577777777778,0,0,0,0,0
2025-04-05 12:00:00,-15.8322222222222,-12.0127777777778,-12.0861111111111,-11.9027777777778,-11.7222222222222,0,0,0,0,0
2025-04-05 13:00:00,-15.8322222222222,-12.0488888888889,-12.0861111111111,-11.9027777777778,-11.7222222222222,0,0,0,0,0
2025-04-05 14:00:00,-15.385,-12.0488888888889,-12.0861111111111,-11.9027777777778,-11.7222222222222,0,0,0,0,0
2025-04-05 15:00:00,-14.8261111111111,-12.0488888888889,-12.0861111111111,-11.8672222222222,-11.7222222222222,0,0,0,0,0
2025-04-05 16:00:00,-14.1972222222222,-12.0127777777778,-12.0861111111111,-11.8672222222222,-11.7222222222222,0,0,0,0,0
2025-04-05 17:00:00,-13.505,-12.0488888888889,-12.0861111111111,-11.8672222222222,-11.6861111111111,0,0,0,0,0
2025-04-05 18:00:00,-13.2772222222222,-12.0127777777778,-12.0861111111111,-11.8672222222222,-11.7222222222222,0,0,0,0,0
2025-04-05 19:00:00,-13.1627777777778,-12.0127777777778,-12.0488888888889,-11.8672222222222,-11.6861111111111,0,0,0,0,0
2025-04-05 20:00:00,-13.2388888888889,-12.0127777777778,-12.0488888888889,-11.8672222222222,-11.6861111111111,0,0,0,0,0
2025-04-05 21:00:00,-12.565,-11.9761111111111,-12.0488888888889,-11.8311111111111,-11.6861111111111,0,0,0,0,0
2025-04-05 22:00:00,-12.0488888888889,-11.9761111111111,-12.0488888888889,-11.8311111111111,-11.6861111111111,0,0,0,0,0
2025-04-05 23:00:00,-11.7577777777778,-11.9761111111111,-12.0488888888889,-11.8311111111111,-11.65,0,0,0,0,0
2025-04-06 00:00:00,-11.9761111111111,-11.94,-12.0127777777778,-11.8311111111111,-11.65,0,0,0,0,0
2025-04-06 01:00:00,-12.2688888888889,-11.94,-11.9761111111111,-11.8311111111111,-11.65,0,0,0,0,0
2025-04-06 02:00:00,-12.565,-11.9027777777778,-11.9761111111111,-11.8311111111111,-11.65,0,0,0,0,0
2025-04-06 03:00:00,-12.565,-11.9027777777778,-11.9761111111111,-11.7938888888889,-11.65,0,0,0,0,0
2025-04-06 04:00:00,-12.7877777777778,-11.8672222222222,-11.94,-11.7938888888889,-11.65,0,0,0,0,0
2025-04-06 05:00:00,-12.825,-11.8311111111111,-11.94,-11.7938888888889,-11.6127777777778,0,0,0,0,0
2025-04-06 06:00:00,-12.9,-11.8311111111111,-11.94,-11.7577777777778,-11.6127777777778,0,0,0,0,0
2025-04-06 07:00:00,-13.0127777777778,-11.7938888888889,-11.9027777777778,-11.7577777777778,-11.6127777777778,0,0,0,0,0
2025-04-06 08:00:00,-13.1627777777778,-11.7938888888889,-11.8672222222222,-11.7577777777778,-11.6127777777778,0,0,0,0,0
2025-04-06 09:00:00,-13.39,-11.7577777777778,-11.8672222222222,-11.7222222222222,-11.5772222222222,0,0,0,0,0
2025-04-06 10:00:00,-13.7338888888889,-11.7577777777778,-11.8672222222222,-11.7222222222222,-11.5772222222222,0,0,0,0,0
2025-04-06 11:00:00,-13.8488888888889,-11.7222222222222,-11.8311111111111,-11.7222222222222,-11.5772222222222,0,0,0,0,0
2025-04-06 12:00:00,-13.9261111111111,-11.7222222222222,-11.8311111111111,-11.6861111111111,-11.5772222222222,0,0,0,0,0
2025-04-06 13:00:00,-14.0811111111111,-11.7222222222222,-11.8311111111111,-11.6861111111111,-11.5411111111111,0,0,0,0,0
2025-04-06 14:00:00,-13.7722222222222,-11.6861111111111,-11.8311111111111,-11.6861111111111,-11.5411111111111,0,0,0,0,0
2025-04-06 15:00:00,-13.39,-11.6861111111111,-11.7938888888889,-11.65,-11.5411111111111,0,0,0,0,0
2025-04-06 16:00:00,-13.8877777777778,-11.6861111111111,-11.7938888888889,-11.65,-11.5411111111111,0,0,0,0,0
2025-04-06 17:00:00,-13.05,-11.6861111111111,-11.7577777777778,-11.65,-11.505,0,0,0,0,0
2025-04-06 18:00:00,-12.3427777777778,-11.65,-11.7577777777778,-11.6127777777778,-11.505,0,0,0,0,0
2025-04-06 19:00:00,-12.5277777777778,-11.65,-11.7577777777778,-11.6127777777778,-11.505,0,0,0,0,0
2025-04-06 20:00:00,-12.0488888888889,-11.65,-11.7577777777778,-11.6127777777778,-11.4688888888889,0,0,0,0,0
2025-04-06 21:00:00,-11.3972222222222,-11.65,-11.7222222222222,-11.6127777777778,-11.4688888888889,0,0,0,0,0
2025-04-06 22:00:00,-10.5111111111111,-11.6127777777778,-11.7222222222222,-11.6127777777778,-11.4688888888889,0,0,0,0,0
2025-04-06 23:00:00,-11.9761111111111,-11.6127777777778,-11.6861111111111,-11.5772222222222,-11.4688888888889,0,0,0,0,0
2025-04-07 00:00:00,-12.8627777777778,-11.5772222222222,-11.6861111111111,-11.5772222222222,-11.4327777777778,0,0,0,0,0
2025-04-07 01:00:00,-13.39,-11.5772222222222,-11.6861111111111,-11.5772222222222,-11.4327777777778,0,0,0,0,0
2025-04-07 02:00:00,-13.0877777777778,-11.5411111111111,-11.6861111111111,-11.5411111111111,-11.4327777777778,0,0,0,0,0
2025-04-07 03:00:00,-13.39,-11.5411111111111,-11.65,-11.5411111111111,-11.4327777777778,0,0,0,0,0
2025-04-07 04:00:00,-14.9838888888889,-11.505,-11.65,-11.5411111111111,-11.4327777777778,0,0,0,0,0
2025-04-07 05:00:00,-15.9127777777778,-11.4688888888889,-11.6127777777778,-11.5411111111111,-11.3972222222222,0,0,0,0,0
2025-04-07 06:00:00,-17.295,-11.4688888888889,-11.6127777777778,-11.505,-11.3972222222222,0,0,0,0,0
2025-04-07 07:00:00,-15.5872222222222,-11.4688888888889,-11.5772222222222,-11.4688888888889,-11.3611111111111,0,0,0,0,0
2025-04-07 08:00:00,-14.7072222222222,-11.4327777777778,-11.5772222222222,-11.4688888888889,-11.3611111111111,0,0,0,0,0
2025-04-07 09:00:00,-14.51,-11.4327777777778,-11.5411111111111,-11.4688888888889,-11.3611111111111,0,0,0,0,0
2025-04-07 10:00:00,-15.1838888888889,-11.4327777777778,-11.5411111111111,-11.4688888888889,-11.3611111111111,0,0,0,0,0
2025-04-07 11:00:00,-15.6688888888889,-11.4327777777778,-11.5411111111111,-11.4327777777778,-11.3261111111111,0,0,0,0,0
2025-04-07 12:00:00,-16.2427777777778,-11.4327777777778,-11.5411111111111,-11.4327777777778,-11.3261111111111,0,0,0,0,0
2025-04-07 13:00:00,-16.5761111111111,-11.4327777777778,-11.5411111111111,-11.4327777777778,-11.3261111111111,0,0,0,0,0
2025-04-07 14:00:00,-16.66,-11.4327777777778,-11.5411111111111,-11.4327777777778,-11.29,0,0,0,0,0
2025-04-07 15:00:00,-16.9972222222222,-11.4327777777778,-11.5411111111111,-11.3972222222222,-11.29,0,0,0,0,0
2025-04-07 16:00:00,-17.0822222222222,-11.4327777777778,-11.5411111111111,-11.3972222222222,-11.29,0,0,0,0,0
2025-04-07 17:00:00,-16.7861111111111,-11.4327777777778,-11.5411111111111,-11.3972222222222,-11.29,0,0,0,0,0
2025-04-07 18:00:00,-13.6961111111111,-11.4327777777778,-11.5411111111111,-11.3972222222222,-11.29,0,0,0,0,0
2025-04-07 19:00:00,-14.4711111111111,-11.4327777777778,-11.5411111111111,-11.3972222222222,-11.2538888888889,0,0,0,0,0
2025-04-07 20:00:00,-14.9838888888889,-11.4688888888889,-11.5411111111111,-11.3972222222222,-11.2538888888889,0,0,0,0,0
2025-04-07 21:00:00,-14.4711111111111,-11.4688888888889,-11.5411111111111,-11.3972222222222,-11.2538888888889,0,0,0,0,0
2025-04-07 22:00:00,-13.1627777777778,-11.4327777777778,-11.505,-11.3611111111111,-11.2538888888889,0,0,0,0,0
2025-04-07 23:00:00,-10.1622222222222,-11.4327777777778,-11.5411111111111,-11.3972222222222,-11.2538888888889,1,0,0,0,0
2025-04-08 00:00:00,-11.9761111111111,-11.4327777777778,-11.505,-11.3611111111111,-11.2538888888889,0,0,0,0,0
2025-04-08 01:00:00,-9.98888888888889,-11.4327777777778,-11.505,-11.3611111111111,-11.2538888888889,1,0,0,0,0
2025-04-08 02:00:00,-14.8261111111111,-11.4327777777778,-11.505,-11.3611111111111,-11.2538888888889,0,0,0,0,0
2025-04-08 03:00:00,-15.8322222222222,-11.4327777777778,-11.505,-11.3611111111111,-11.2177777777778,0,0,0,0,0
2025-04-08 04:00:00,-16.4511111111111,-11.4327777777778,-11.505,-11.3611111111111,-11.2177777777778,0,0,0,0,0
2025-04-08 05:00:00,-16.955,-11.3972222222222,-11.505,-11.3611111111111,-11.2177777777778,0,0,0,0,0
2025-04-08 06:00:00,-17.1672222222222,-11.3972222222222,-11.4688888888889,-11.3611111111111,-11.2177777777778,0,0,0,0,0
2025-04-08 07:00:00,-17.3811111111111,-11.3972222222222,-11.4688888888889,-11.3261111111111,-11.2177777777778,0,0,0,0,0
2025-04-08 08:00:00,-21.9161111111111,-11.3972222222222,-11.4688888888889,-11.3261111111111,-11.2177777777778,1,0,0,0,0
2025-04-08 09:00:00,-18.8772222222222,-11.3972222222222,-11.4688888888889,-11.3261111111111,-11.1827777777778,0,0,0,0,0
2025-04-08 10:00:00,-17.9877777777778,-11.3611111111111,-11.4688888888889,-11.3261111111111,-11.1827777777778,0,0,0,0,0
2025-04-08 11:00:00,-18.2077777777778,-11.3611111111111,-11.4327777777778,-11.3261111111111,-11.1827777777778,0,0,0,0,0
2025-04-08 12:00:00,-18.5627777777778,-11.3611111111111,-11.4327777777778,-11.29,-11.1827777777778,0,0,0,0,0
2025-04-08 13:00:00,-18.8772222222222,-11.3611111111111,-11.4327777777778,-11.29,-11.1827777777778,0,0,0,0,0
2025-04-08 14:00:00,-21.1738888888889,-11.3611111111111,-11.3972222222222,-11.29,-11.1827777777778,0,0,0,0,0
2025-04-08 15:00:00,-20.2138888888889,-11.3611111111111,-11.3972222222222,-11.29,-11.1472222222222,0,0,0,0,0
2025-04-08 16:00:00,-19.285,-11.3261111111111,-11.3972222222222,-11.29,-11.1472222222222,0,0,0,0,0
2025-04-08 17:00:00,-18.2077777777778,-11.3261111111111,-11.3972222222222,-11.2538888888889,-11.1472222222222,0,0,0,0,0
2025-04-08 18:00:00,-17.8572222222222,-11.3261111111111,-11.3972222222222,-11.2538888888889,-11.1472222222222,0,0,0,0,0
2025-04-08 19:00:00,-17.04,-11.3261111111111,-11.3972222222222,-11.2538888888889,-11.1472222222222,0,0,0,0,0
2025-04-08 20:00:00,-17.1672222222222,-11.3261111111111,-11.3972222222222,-11.2538888888889,-11.1472222222222,0,0,0,0,0
2025-04-08 21:00:00,-16.5338888888889,-11.3261111111111,-11.3972222222222,-11.2538888888889,-11.1111111111111,0,0,0,0,0
2025-04-08 22:00:00,-16.2427777777778,-11.3261111111111,-11.3972222222222,-11.2538888888889,-11.1111111111111,0,0,0,0,0
2025-04-08 23:00:00,-16.2022222222222,-11.3261111111111,-11.3972222222222,-11.2538888888889,-11.1111111111111,0,0,0,0,0
2025-04-09 00:00:00,-15.9127777777778,-11.3261111111111,-11.3972222222222,-11.2538888888889,-11.1111111111111,0,0,0,0,0
2025-04-09 01:00:00,-17.4238888888889,-11.3261111111111,-11.3972222222222,-11.2177777777778,-11.1111111111111,0,0,0,0,0
2025-04-09 02:00:00,-17.51,-11.3261111111111,-11.3972222222222,-11.2177777777778,-11.1111111111111,0,0,0,0,0
2025-04-09 03:00:00,-17.6827777777778,-11.3261111111111,-11.3972222222222,-11.2177777777778,-11.0761111111111,0,0,0,0,0
2025-04-09 04:00:00,-18.6972222222222,-11.29,-11.3611111111111,-11.2177777777778,-11.0761111111111,0,0,0,0,0
2025-04-09 05:00:00,-19.6538888888889,-11.29,-11.3611111111111,-11.2177777777778,-11.0761111111111,0,0,0,0,0
2025-04-09 06:00:00,-20.0727777777778,-11.29,-11.3611111111111,-11.2177777777778,-11.0761111111111,0,0,0,0,0
2025-04-09 07:00:00,-20.2622222222222,-11.29,-11.3611111111111,-11.2177777777778,-11.0761111111111,0,0,0,0,0
2025-04-09 08:00:00,-20.3088888888889,-11.2538888888889,-11.3261111111111,-11.1827777777778,-11.0761111111111,0,0,0,0,0
2025-04-09 09:00:00,-20.9311111111111,-11.2538888888889,-11.3611111111111,-11.1827777777778,-11.0761111111111,0,0,0,0,0
2025-04-09 10:00:00,-20.7377777777778,-11.2538888888889,-11.3261111111111,-11.1827777777778,-11.04,0,0,0,0,0
2025-04-09 11:00:00,-20.0261111111111,-11.2538888888889,-11.3261111111111,-11.1827777777778,-11.04,0,0,0,0,0
2025-04-09 12:00:00,-19.8388888888889,-11.2538888888889,-11.3261111111111,-11.1827777777778,-11.04,0,0,0,0,0
2025-04-09 13:00:00,-19.285,-11.2538888888889,-11.3261111111111,-11.1827777777778,-11.04,0,0,0,0,0
2025-04-09 14:00:00,-19.1027777777778,-11.2538888888889,-11.3261111111111,-11.1472222222222,-11.04,0,0,0,0,0
2025-04-09 15:00:00,-18.5177777777778,-11.2538888888889,-11.3261111111111,-11.1472222222222,-11.04,0,0,0,0,0
2025-04-09 16:00:00,-17.8572222222222,-11.2538888888889,-11.29,-11.1472222222222,-11.005,0,0,0,0,0
2025-04-09 17:00:00,-17.77,-11.2538888888889,-11.29,-11.1472222222222,-11.005,0,0,0,0,0
2025-04-09 18:00:00,-16.2022222222222,-11.2538888888889,-11.29,-11.1472222222222,-11.005,0,0,0,0,0
2025-04-09 19:00:00,-14.0038888888889,-11.2538888888889,-11.29,-11.1472222222222,-11.005,0,0,0,0,0
2025-04-09 20:00:00,-12.7511111111111,-11.2538888888889,-11.29,-11.1472222222222,-11.005,0,0,0,0,0
2025-04-09 21:00:00,-14.5488888888889,-11.2538888888889,-11.29,-11.1472222222222,-11.005,0,0,0,0,0
2025-04-09 22:00:00,-14.3138888888889,-11.2538888888889,-11.29,-11.1472222222222,-11.005,0,0,0,0,0
2025-04-09 23:00:00,-14.4322222222222,-11.2177777777778,-11.29,-11.1111111111111,-11.005,0,0,0,0,0
2025-04-10 00:00:00,-14.275,-11.2177777777778,-11.29,-11.1111111111111,-11.005,0,0,0,0,0
2025-04-10 01:00:00,-15.2638888888889,-11.2538888888889,-11.29,-11.1111111111111,-11.005,0,0,0,0,0
2025-04-10 02:00:00,-14.7861111111111,-11.2177777777778,-11.29,-11.1111111111111,-10.9688888888889,0,0,0,0,0
2025-04-10 03:00:00,-16.16,-11.2177777777778,-11.2538888888889,-11.1111111111111,-10.9688888888889,0,0,0,0,0
2025-04-10 04:00:00,-16.5761111111111,-11.2177777777778,-11.2538888888889,-11.1111111111111,-10.9688888888889,0,0,0,0,0
2025-04-10 05:00:00,-16.9122222222222,-11.2177777777778,-11.2538888888889,-11.1111111111111,-10.9688888888889,0,0,0,0,0
2025-04-10 06:00:00,-16.9972222222222,-11.2177777777778,-11.2538888888889,-11.1111111111111,-10.9688888888889,0,0,0,0,0
2025-04-10 07:00:00,-16.955,-11.1827777777778,-11.2538888888889,-11.1111111111111,-10.9688888888889,0,0,0,0,0
2025-04-10 08:00:00,-16.9972222222222,-11.1827777777778,-11.2538888888889,-11.0761111111111,-10.9688888888889,0,0,0,0,0
2025-04-10 09:00:00,-16.955,-11.1827777777778,-11.2538888888889,-11.1111111111111,-10.9688888888889,0,0,0,0,0
2025-04-10 10:00:00,-16.9972222222222,-11.1827777777778,-11.2538888888889,-11.0761111111111,-10.9338888888889,0,0,0,0,0
2025-04-10 11:00:00,-16.9122222222222,-11.1827777777778,-11.2177777777778,-11.0761111111111,-10.9338888888889,0,0,0,0,0
2025-04-10 12:00:00,-17.64,-11.1827777777778,-11.2177777777778,-11.0761111111111,-10.9338888888889,0,0,0,0,0
2025-04-10 13:00:00,-21.4688888888889,-11.1472222222222,-11.2177777777778,-11.0761111111111,-10.9338888888889,0,0,0,0,0
2025-04-10 14:00:00,-17.8572222222222,-11.1827777777778,-11.2177777777778,-11.0761111111111,-10.9338888888889,0,0,0,0,0
2025-04-10 15:00:00,-18.385,-11.1472222222222,-11.2177777777778,-11.0761111111111,-10.9338888888889,0,0,0,0,0
2025-04-10 16:00:00,-16.5761111111111,-11.1472222222222,-11.2177777777778,-11.04,-10.9338888888889,0,0,0,0,0
2025-04-10 17:00:00,-17.77,-11.1472222222222,-11.2177777777778,-11.04,-10.9338888888889,0,0,0,0,0
2025-04-10 18:00:00,-15.75,-11.1472222222222,-11.1827777777778,-11.04,-10.8977777777778,0,0,0,0,0
2025-04-10 19:00:00,-16.1188888888889,-11.1111111111111,-11.1827777777778,-11.04,-10.8977777777778,0,0,0,0,0
2025-04-10 20:00:00,-13.8877777777778,-11.1111111111111,-11.1827777777778,-11.04,-10.8977777777778,0,0,0,0,0
2025-04-10 21:00:00,-11.7938888888889,-11.1111111111111,-11.1827777777778,-11.04,-10.8977777777778,0,0,0,0,0
2025-04-10 22:00:00,-10.4761111111111,-11.1111111111111,-11.1827777777778,-11.04,-10.8977777777778,0,0,0,0,0
2025-04-10 23:00:00,-8.165,-11.1111111111111,-11.1827777777778,-11.04,-10.8977777777778,0,0,0,0,0
2025-04-11 00:00:00,-5.23277777777778,-11.1111111111111,-11.1827777777778,-11.005,-10.8977777777778,0,0,0,0,0
2025-04-11 01:00:00,-8.965,-11.1111111111111,-11.1472222222222,-11.005,-10.8977777777778,0,0,0,0,0
2025-04-11 02:00:00,-13.39,-11.1111111111111,-11.1827777777778,-11.005,-10.8977777777778,0,0,0,0,0
2025-04-11 03:00:00,-11.9761111111111,-11.1111111111111,-11.1472222222222,-11.005,-10.8977777777778,0,0,0,0,0
2025-04-11 04:00:00,-22.2688888888889,-11.1111111111111,-11.1472222222222,-11.005,-10.8627777777778,1,0,0,0,0
2025-04-11 05:00:00,-26.49,-11.0761111111111,-11.1472222222222,-11.005,-10.8627777777778,0,0,0,0,0
2025-04-11 06:00:00,-28.1488888888889,-11.0761111111111,-11.1111111111111,-11.005,-10.8627777777778,0,0,0,0,0
2025-04-11 07:00:00,-28.9888888888889,-11.0761111111111,-11.1111111111111,-11.005,-10.8627777777778,0,0,0,0,0
2025-04-11 08:00:00,-28.7272222222222,-11.0761111111111,-11.1111111111111,-10.9688888888889,-10.8627777777778,0,0,0,0,0
2025-04-11 09:00:00,-30.2011111111111,-11.04,-11.1111111111111,-10.9688888888889,-10.8627777777778,0,0,0,0,0
2025-04-11 10:00:00,-28.9227777777778,-11.04,-11.1111111111111,-10.9688888888889,-10.8627777777778,0,0,0,0,0
2025-04-11 11:00:00,-28.7272222222222,-11.04,-11.1111111111111,-10.9688888888889,-10.8272222222222,0,0,0,0,0
2025-04-11 12:00:00,-25.4977777777778,-11.04,-11.1111111111111,-10.9688888888889,-10.8272222222222,0,0,0,0,0
2025-04-11 13:00:00,-22.4222222222222,-11.04,-11.1111111111111,-10.9688888888889,-10.8272222222222,0,0,0,0,0
2025-04-11 14:00:00,-20.8827777777778,-11.04,-11.1111111111111,-10.9688888888889,-10.8272222222222,0,0,0,0,0
2025-04-11 15:00:00,-20.98,-11.04,-11.1111111111111,-10.9338888888889,-10.8272222222222,0,0,0,0,0
2025-04-11 16:00:00,-20.4988888888889,-11.04,-11.1111111111111,-10.9338888888889,-10.7922222222222,0,0,0,0,0
2025-04-11 17:00:00,-19.0577777777778,-11.04,-11.1111111111111,-10.9338888888889,-10.7922222222222,0,0,0,0,0
2025-04-11 18:00:00,-18.5627777777778,-11.04,-11.1111111111111,-10.9338888888889,-10.8272222222222,0,0,0,0,0
2025-04-11 19:00:00,-16.4088888888889,-11.0761111111111,-11.1111111111111,-10.9338888888889,-10.7922222222222,0,0,0,0,0
2025-04-11 20:00:00,-17.295,-11.0761111111111,-11.1111111111111,-10.9338888888889,-10.7922222222222,0,0,0,0,0
2025-04-11 21:00:00,-15.9538888888889,-11.0761111111111,-11.1111111111111,-10.9338888888889,-10.7922222222222,0,0,0,0,0
2025-04-11 22:00:00,-12.565,-11.0761111111111,-11.1111111111111,-10.9338888888889,-10.7922222222222,0,0,0,0,0
2025-04-11 23:00:00,-14.3922222222222,-11.0761111111111,-11.1111111111111,-10.9338888888889,-10.7922222222222,0,0,0,0,0
2025-04-12 00:00:00,-13.1627777777778,-11.0761111111111,-11.1111111111111,-10.9338888888889,-10.7922222222222,0,0,0,0,0
2025-04-12 01:00:00,-13.1627777777778,-11.1111111111111,-11.1111111111111,-10.9338888888889,-10.7922222222222,0,0,0,0,0
2025-04-12 02:00:00,-13.1627777777778,-11.1111111111111,-11.1111111111111,-10.9338888888889,-10.7922222222222,0,0,0,0,0
2025-04-12 03:00:00,-11.9027777777778,-11.1111111111111,-11.1111111111111,-10.9338888888889,-10.7922222222222,0,0,0,0,0
2025-04-12 04:00:00,-15.75,-11.1111111111111,-11.1111111111111,-10.9338888888889,-10.7922222222222,0,0,0,0,0
2025-04-12 05:00:00,-17.3811111111111,-11.1111111111111,-11.1111111111111,-10.9338888888889,-10.7922222222222,0,0,0,0,0
2025-04-12 06:00:00,-17.77,-11.0761111111111,-11.1111111111111,-10.9338888888889,-10.7922222222222,0,0,0,0,0
2025-04-12 07:00:00,-18.5627777777778,-11.0761111111111,-11.1111111111111,-10.9338888888889,-10.7922222222222,0,0,0,0,0
2025-04-12 08:00:00,-20.69,-11.0761111111111,-11.1111111111111,-10.9338888888889,-10.7922222222222,0,0,0,0,0
2025-04-12 09:00:00,-21.125,-11.0761111111111,-11.1111111111111,-10.9338888888889,-10.7922222222222,0,0,0,0,0
2025-04-12 10:00:00,-23.145,-11.0761111111111,-11.1111111111111,-10.9338888888889,-10.7922222222222,0,0,0,0,0
2025-04-12 11:00:00,-23.4622222222222,-11.0761111111111,-11.1111111111111,-10.9338888888889,-10.7922222222222,0,0,0,0,0
2025-04-12 12:00:00,-22.1172222222222,-11.04,-11.1111111111111,-10.9338888888889,-10.7922222222222,0,0,0,0,0
2025-04-12 13:00:00,-19.7,-11.04,-11.1111111111111,-10.8977777777778,-10.7572222222222,0,0,0,0,0
2025-04-12 14:00:00,-19.4688888888889,-11.04,-11.0761111111111,-10.8977777777778,-10.7572222222222,0,0,0,0,0
2025-04-12 15:00:00,-18.5627777777778,-11.04,-11.0761111111111,-10.8977777777778,-10.7572222222222,0,0,0,0,0
2025-04-12 16:00:00,-18.1638888888889,-11.04,-11.0761111111111,-10.8977777777778,-10.7572222222222,0,0,0,0,0
2025-04-12 17:00:00,-17.64,-11.04,-11.0761111111111,-10.8977777777778,-10.7572222222222,0,0,0,0,0
2025-04-12 18:00:00,-17.9438888888889,-11.04,-11.0761111111111,-10.8977777777778,-10.7572222222222,0,0,0,0,0
2025-04-12 19:00:00,-16.5338888888889,-11.04,-11.0761111111111,-10.8977777777778,-10.7572222222222,0,0,0,0,0
2025-04-12 20:00:00,-12.9,-11.04,-11.0761111111111,-10.8977777777778,-10.7572222222222,0,0,0,0,0
2025-04-12 21:00:00,-13.0127777777778,-11.04,-11.1111111111111,-10.8977777777778,-10.7572222222222,0,0,0,0,0
2025-04-12 22:00:00,-12.38,-11.04,-11.0761111111111,-10.8977777777778,-10.7572222222222,0,0,0,0,0
2025-04-12 23:00:00,-12.38,-11.04,-11.0761111111111,-10.8977777777778,-10.7572222222222,0,0,0,0,0
2025-04-13 00:00:00,-12.7511111111111,-11.04,-11.0761111111111,-10.8977777777778,-10.7572222222222,0,0,0,0,0
2025-04-13 01:00:00,-14.0811111111111,-11.04,-11.0761111111111,-10.8977777777778,-10.7572222222222,0,0,0,0,0
2025-04-13 02:00:00,-15.75,-11.04,-11.0761111111111,-10.8977777777778,-10.7572222222222,0,0,0,0,0
2025-04-13 03:00:00,-17.1672222222222,-11.04,-11.0761111111111,-10.8977777777778,-10.7572222222222,0,0,0,0,0
2025-04-13 04:00:00,-17.9438888888889,-11.04,-11.0761111111111,-10.8977777777778,-10.7572222222222,0,0,0,0,0
2025-04-13 05:00:00,-18.5627777777778,-11.04,-11.0761111111111,-10.8977777777778,-10.7572222222222,0,0,0,0,0
2025-04-13 06:00:00,-20.3088888888889,-11.005,-11.04,-10.8977777777778,-10.7222222222222,0,0,0,0,0
2025-04-13 07:00:00,-20.69,-11.005,-11.04,-10.8977777777778,-10.7222222222222,0,0,0,0,0
2025-04-13 08:00:00,-20.98,-11.005,-11.04,-10.8627777777778,-10.7222222222222,0,0,0,0,0
2025-04-13 09:00:00,-22.1677777777778,-11.005,-11.04,-10.8977777777778,-10.7222222222222,0,0,0,0,0
2025-04-13 10:00:00,-22.8327777777778,-10.9688888888889,-11.04,-10.8627777777778,-10.7222222222222,0,0,0,0,0
2025-04-13 11:00:00,-24.0511111111111,-10.9688888888889,-11.04,-10.8627777777778,-10.7222222222222,0,0,0,0,0
2025-04-13 12:00:00,-24.4327777777778,-10.9688888888889,-11.04,-10.8627777777778,-10.7222222222222,0,0,0,0,0
2025-04-13 13:00:00,-25.7277777777778,-10.9688888888889,-11.04,-10.8627777777778,-10.7222222222222,0,0,0,0,0
2025-04-13 14:00:00,-26.55,-10.9688888888889,-11.005,-10.8272222222222,-10.7222222222222,0,0,0,0,0
2025-04-13 15:00:00,-24.9877777777778,-10.9688888888889,-11.005,-10.8272222222222,-10.7222222222222,0,0,0,0,0
2025-04-13 16:00:00,-20.4038888888889,-10.9688888888889,-11.005,-10.8272222222222,-10.6861111111111,0,0,0,0,0
2025-04-13 17:00:00,-19.3772222222222,-10.9688888888889,-11.005,-10.8272222222222,-10.6861111111111,0,0,0,0,0
2025-04-13 18:00:00,-15.1438888888889,-10.9688888888889,-11.005,-10.8272222222222,-10.6861111111111,0,0,0,0,0
2025-04-13 19:00:00,-12.1961111111111,-10.9688888888889,-11.005,-10.8272222222222,-10.6861111111111,0,0,0,0,0
2025-04-13 20:00:00,-12.2688888888889,-10.9688888888889,-11.005,-10.8272222222222,-10.6861111111111,0,0,0,0,0
2025-04-13 21:00:00,-11.2538888888889,-10.9688888888889,-11.005,-10.8272222222222,-10.6861111111111,0,0,0,0,0
2025-04-13 22:00:00,-11.6127777777778,-10.9688888888889,-11.005,-10.8272222222222,-10.6861111111111,0,0,0,0,0
2025-04-13 23:00:00,-10.9688888888889,-10.9688888888889,-11.005,-10.8272222222222,-10.6861111111111,0,0,0,0,0
2025-04-14 00:00:00,-10.6161111111111,-10.9688888888889,-11.005,-10.8272222222222,-10.6511111111111,0,0,0,0,0
2025-04-14 01:00:00,-11.0761111111111,-10.9688888888889,-11.005,-10.8272222222222,-10.6861111111111,0,0,0,0,0
2025-04-14 02:00:00,-12.3427777777778,-10.9688888888889,-11.005,-10.8272222222222,-10.6511111111111,0,0,0,0,0
2025-04-14 03:00:00,-13.2772222222222,-10.9688888888889,-11.005,-10.8272222222222,-10.6861111111111,0,0,0,0,0
2025-04-14 04:00:00,-15.1438888888889,-10.9688888888889,-11.005,-10.8272222222222,-10.6861111111111,0,0,0,0,0
2025-04-14 05:00:00,-20.12,-10.9688888888889,-11.005,-10.8272222222222,-10.6861111111111,0,0,0,0,0
2025-04-14 06:00:00,-24.3777777777778,-10.9688888888889,-10.9688888888889,-10.8272222222222,-10.6511111111111,0,0,0,0,0
2025-04-14 07:00:00,-24.7088888888889,-10.9338888888889,-10.9688888888889,-10.8272222222222,-10.6511111111111,0,0,0,0,0
2025-04-14 08:00:00,-25.1572222222222,-10.9338888888889,-10.9688888888889,-10.7922222222222,-10.6511111111111,0,0,0,0,0
2025-04-14 09:00:00,-24.2688888888889,-10.9338888888889,-10.9688888888889,-10.7922222222222,-10.6511111111111,0,0,0,0,0
2025-04-14 10:00:00,-22.5238888888889,-10.9338888888889,-10.9688888888889,-10.7922222222222,-10.6511111111111,0,0,0,0,0
2025-04-14 11:00:00,-21.4188888888889,-10.8977777777778,-10.9688888888889,-10.7922222222222,-10.6511111111111,0,0,0,0,0
2025-04-14 12:00:00,-21.37,-10.8977777777778,-10.9688888888889,-10.7922222222222,-10.6511111111111,0,0,0,0,0
2025-04-14 13:00:00,-18.9222222222222,-10.8977777777778,-10.9338888888889,-10.7922222222222,-10.6511111111111,0,0,0,0,0
2025-04-14 14:00:00,-19.285,-10.8977777777778,-10.9338888888889,-10.7572222222222,-10.6511111111111,0,0,0,0,0
2025-04-14 15:00:00,-18.2077777777778,-10.8977777777778,-10.9338888888889,-10.7922222222222,-10.6161111111111,0,0,0,0,0
2025-04-14 16:00:00,-16.8277777777778,-10.8977777777778,-10.9338888888889,-10.7572222222222,-10.6161111111111,0,0,0,0,0
2025-04-14 17:00:00,-15.5872222222222,-10.8977777777778,-10.9338888888889,-10.7572222222222,-10.6161111111111,0,0,0,0,0
2025-04-14 18:00:00,-14.2361111111111,-10.8977777777778,-10.9338888888889,-10.7572222222222,-10.6511111111111,0,0,0,0,0
2025-04-14 19:00:00,-12.565,-10.8977777777778,-10.9338888888889,-10.7572222222222,-10.6161111111111,0,0,0,0,0
2025-04-14 20:00:00,-10.5111111111111,-10.8977777777778,-10.9338888888889,-10.7572222222222,-10.6161111111111,0,0,0,0,0
2025-04-14 21:00:00,-9.885,-10.8977777777778,-10.9688888888889,-10.7572222222222,-10.6161111111111,0,0,0,0,0
2025-04-14 22:00:00,-8.69722222222222,-10.8977777777778,-10.9338888888889,-10.7572222222222,-10.6161111111111,0,0,0,0,0
2025-04-14 23:00:00,-4.92611111111111,-10.9338888888889,-10.9338888888889,-10.7572222222222,-10.6161111111111,1,0,0,0,0
2025-04-15 00:00:00,-9.71277777777778,-10.8977777777778,-10.9338888888889,-10.7572222222222,-10.6161111111111,1,0,0,0,0
2025-04-15 01:00:00,-7.47777777777778,-10.8977777777778,-10.9338888888889,-10.7572222222222,-10.6161111111111,0,0,0,0,0
2025-04-15 02:00:00,-9.235,-10.8977777777778,-10.9338888888889,-10.7572222222222,-10.6161111111111,0,0,0,0,0
2025-04-15 03:00:00,-11.8672222222222,-10.8977777777778,-10.9338888888889,-10.7572222222222,-10.6161111111111,0,0,0,0,0
2025-04-15 04:00:00,-12.0861111111111,-10.8977777777778,-10.9338888888889,-10.7572222222222,-10.6161111111111,0,0,0,0,0
2025-04-15 05:00:00,-12.565,-10.8977777777778,-10.9338888888889,-10.7572222222222,-10.6161111111111,0,0,0,0,0
2025-04-15 06:00:00,-13.505,-10.8977777777778,-10.8977777777778,-10.7572222222222,-10.6161111111111,0,0,0,0,0
2025-04-15 07:00:00,-13.7722222222222,-10.8627777777778,-10.8977777777778,-10.7572222222222,-10.6161111111111,0,0,0,0,0
2025-04-15 08:00:00,-14.0811111111111,-10.8272222222222,-10.8977777777778,-10.7222222222222,-10.6161111111111,0,0,0,0,0
2025-04-15 09:00:00,-13.8488888888889,-10.8272222222222,-10.8977777777778,-10.7222222222222,-10.5811111111111,0,0,0,0,0
2025-04-15 10:00:00,-13.6572222222222,-10.8272222222222,-10.8627777777778,-10.7222222222222,-10.5811111111111,0,0,0,0,0
2025-04-15 11:00:00,-13.6961111111111,-10.8272222222222,-10.8977777777778,-10.7222222222222,-10.5811111111111,0,0,0,0,0
2025-04-15 12:00:00,-12.9,-10.7922222222222,-10.8272222222222,-10.7222222222222,-10.5811111111111,0,0,0,0,0
2025-04-15 13:00:00,-12.0861111111111,-10.7922222222222,-10.8272222222222,-10.7222222222222,-10.5811111111111,0,0,0,0,0
2025-04-15 14:00:00,-12.6388888888889,-10.7922222222222,-10.8272222222222,-10.6861111111111,-10.5811111111111,0,0,0,0,0
2025-04-15 15:00:00,-12.2327777777778,-10.7572222222222,-10.8272222222222,-10.6861111111111,-10.5811111111111,0,0,0,0,0
2025-04-15 16:00:00,-11.1472222222222,-10.7572222222222,-10.8272222222222,-10.6861111111111,-10.5461111111111,0,0,0,0,0
2025-04-15 17:00:00,-10.1272222222222,-10.7572222222222,-10.8272222222222,-10.6861111111111,-10.5811111111111,0,0,0,0,0
2025-04-15 18:00:00,-8.965,-10.7572222222222,-10.8272222222222,-10.6861111111111,-10.5461111111111,0,0,0,0,0
2025-04-15 19:00:00,-8.36388888888889,-10.7222222222222,-10.7922222222222,-10.6861111111111,-10.5461111111111,0,0,0,0,0
2025-04-15 20:00:00,-7.86888888888889,-10.7222222222222,-10.7922222222222,-10.6511111111111,-10.5461111111111,0,0,0,0,0
2025-04-15 21:00:00,-7.25111111111111,-10.7222222222222,-10.7922222222222,-10.6511111111111,-10.5461111111111,0,0,0,0,0
2025-04-15 22:00:00,-6.93,-10.6861111111111,-10.7572222222222,-10.6511111111111,-10.5111111111111,0,0,0,0,0
2025-04-15 23:00:00,-6.83388888888889,-10.6861111111111,-10.7572222222222,-10.6511111111111,-10.5461111111111,0,0,0,0,0
2025-04-16 00:00:00,-7.34777777777778,-10.6861111111111,-10.7572222222222,-10.6511111111111,-10.5461111111111,0,0,0,0,0
2025-04-16 01:00:00,-7.90222222222222,-10.6861111111111,-10.7572222222222,-10.6511111111111,-10.5111111111111,0,0,0,0,0
2025-04-16 02:00:00,-9.64388888888889,-10.6511111111111,-10.7572222222222,-10.6161111111111,-10.5111111111111,0,0,0,0,0
2025-04-16 03:00:00,-12.7511111111111,-10.6511111111111,-10.7222222222222,-10.6161111111111,-10.5111111111111,0,0,0,0,0
2025-04-16 04:00:00,-11.3261111111111,-10.6161111111111,-10.7222222222222,-10.6161111111111,-10.5111111111111,0,0,0,0,0
2025-04-16 05:00:00,-11.8311111111111,-10.6161111111111,-10.6861111111111,-10.6161111111111,-10.5111111111111,0,0,0,0,0
2025-04-16 06:00:00,-14.945,-10.5811111111111,-10.6861111111111,-10.6161111111111,-10.5111111111111,0,0,0,0,0
2025-04-16 07:00:00,-18.0322222222222,-10.5811111111111,-10.6861111111111,-10.6161111111111,-10.4761111111111,0,0,0,0,0
2025-04-16 08:00:00,-18.6522222222222,-10.5461111111111,-10.6511111111111,-10.5811111111111,-10.4761111111111,0,0,0,0,0
2025-04-16 09:00:00,-21.37,-10.5461111111111,-10.6511111111111,-10.5811111111111,-10.4761111111111,0,0,0,0,0
2025-04-16 10:00:00,-21.6672222222222,-10.5461111111111,-10.6511111111111,-10.5461111111111,-10.4761111111111,0,0,0,0,0
2025-04-16 11:00:00,-19.5611111111111,-10.5111111111111,-10.6161111111111,-10.5461111111111,-10.4761111111111,0,0,0,0,0
2025-04-16 12:00:00,-17.9877777777778,-10.5111111111111,-10.6161111111111,-10.5461111111111,-10.4411111111111,0,0,0,0,0
2025-04-16 13:00:00,-16.9972222222222,-10.4761111111111,-10.6161111111111,-10.5461111111111,-10.4411111111111,0,0,0,0,0
2025-04-16 14:00:00,-16.87,-10.4761111111111,-10.5811111111111,-10.5461111111111,-10.4411111111111,0,0,0,0,0
2025-04-16 15:00:00,-18.5177777777778,-10.4761111111111,-10.5811111111111,-10.5111111111111,-10.4061111111111,0,0,0,0,0
2025-04-16 16:00:00,-16.8277777777778,-10.4761111111111,-10.5811111111111,-10.5111111111111,-10.4061111111111,0,0,0,0,0
2025-04-16 17:00:00,-13.7722222222222,-10.4411111111111,-10.5461111111111,-10.5111111111111,-10.4061111111111,0,0,0,0,0
2025-04-16 18:00:00,-13.39,-10.4411111111111,-10.5461111111111,-10.4761111111111,-10.4061111111111,0,0,0,0,0
2025-04-16 19:00:00,-11.94,-10.4411111111111,-10.5461111111111,-10.4761111111111,-10.4061111111111,0,0,0,0,0
2025-04-16 20:00:00,-11.8672222222222,-10.4411111111111,-10.5461111111111,-10.4761111111111,-10.3711111111111,0,0,0,0,0
2025-04-16 21:00:00,-11.3972222222222,-10.4411111111111,-10.5461111111111,-10.4761111111111,-10.3711111111111,0,0,0,0,0
2025-04-16 22:00:00,-11.1111111111111,-10.4411111111111,-10.5461111111111,-10.4761111111111,-10.3711111111111,0,0,0,0,0
2025-04-16 23:00:00,-10.8977777777778,-10.4411111111111,-10.5461111111111,-10.4761111111111,-10.3711111111111,0,0,0,0,0
2025-04-17 00:00:00,-10.1622222222222,-10.4411111111111,-10.5461111111111,-10.4411111111111,-10.3361111111111,0,0,0,0,0
2025-04-17 01:00:00,-9.98888888888889,-10.4061111111111,-10.5111111111111,-10.4411111111111,-10.3711111111111,0,0,0,0,0
2025-04-17 02:00:00,-10.7222222222222,-10.4061111111111,-10.5111111111111,-10.4411111111111,-10.3361111111111,0,0,0,0,0
2025-04-17 03:00:00,-11.9761111111111,-10.4061111111111,-10.5111111111111,-10.4411111111111,-10.3361111111111,0,0,0,0,0
2025-04-17 04:00:00,-12.4911111111111,-10.4061111111111,-10.5111111111111,-10.4411111111111,-10.3361111111111,0,0,0,0,0
2025-04-17 05:00:00,-12.7511111111111,-10.4061111111111,-10.4761111111111,-10.4061111111111,-10.3361111111111,0,0,0,0,0
2025-04-17 06:00:00,-12.2688888888889,-10.4061111111111,-10.4761111111111,-10.4061111111111,-10.3361111111111,0,0,0,0,0
2025-04-17 07:00:00,-11.9761111111111,-10.3711111111111,-10.4761111111111,-10.4061111111111,-10.3011111111111,0,0,0,0,0
2025-04-17 08:00:00,-11.505,-10.3711111111111,-10.4761111111111,-10.4061111111111,-10.3011111111111,0,0,0,0,0
2025-04-17 09:00:00,-11.005,-10.3361111111111,-10.4761111111111,-10.4061111111111,-10.3011111111111,0,0,0,0,0
2025-04-17 10:00:00,-10.5461111111111,-10.3361111111111,-10.4411111111111,-10.3711111111111,-10.3011111111111,0,0,0,0,0
2025-04-17 11:00:00,-10.2661111111111,-10.3361111111111,-10.4411111111111,-10.3711111111111,-10.3011111111111,0,0,0,0,0
2025-04-17 12:00:00,-10.0227777777778,-10.3361111111111,-10.4061111111111,-10.3711111111111,-10.3011111111111,0,0,0,0,0
2025-04-17 13:00:00,-10.0577777777778,-10.3361111111111,-10.4061111111111,-10.3711111111111,-10.3011111111111,0,0,0,0,0
2025-04-17 14:00:00,-9.78222222222222,-10.3011111111111,-10.4061111111111,-10.3711111111111,-10.2661111111111,0,0,0,0,0
2025-04-17 15:00:00,-9.30277777777778,-10.3011111111111,-10.4061111111111,-10.3361111111111,-10.2661111111111,0,0,0,0,0
2025-04-17 16:00:00,-9.03277777777778,-10.3011111111111,-10.4061111111111,-10.3361111111111,-10.2661111111111,0,0,0,0,0
2025-04-17 17:00:00,-8.99888888888889,-10.2661111111111,-10.4061111111111,-10.3361111111111,-10.2661111111111,0,0,0,0,0
2025-04-17 18:00:00,-8.79722222222222,-10.2661111111111,-10.4061111111111,-10.3361111111111,-10.2661111111111,0,0,0,0,0
2025-04-17 19:00:00,-8.59722222222222,-10.2661111111111,-10.3711111111111,-10.3361111111111,-10.2661111111111,0,0,0,0,0
2025-04-17 20:00:00,-8.165,-10.2311111111111,-10.3711111111111,-10.3011111111111,-10.2311111111111,0,0,0,0,0
2025-04-17 21:00:00,-7.60777777777778,-10.2311111111111,-10.3711111111111,-10.3011111111111,-10.2311111111111,0,0,0,0,0
2025-04-17 22:00:00,-7.83611111111111,-10.1972222222222,-10.3361111111111,-10.3011111111111,-10.2311111111111,0,0,0,0,0
2025-04-17 23:00:00,-8.165,-10.1972222222222,-10.3361111111111,-10.3011111111111,-10.2311111111111,0,0,0,0,0
2025-04-18 00:00:00,-7.96777777777778,-10.1622222222222,-10.3011111111111,-10.2661111111111,-10.1972222222222,0,0,0,0,0
2025-04-18 01:00:00,-8.39722222222222,-10.1272222222222,-10.2661111111111,-10.2661111111111,-10.1972222222222,0,0,0,0,0
2025-04-18 02:00:00,-8.66277777777778,-10.1272222222222,-10.2661111111111,-10.2661111111111,-10.1972222222222,0,0,0,0,0
2025-04-18 03:00:00,-8.69722222222222,-10.1272222222222,-10.2661111111111,-10.2661111111111,-10.1972222222222,0,0,0,0,0
2025-04-18 04:00:00,-8.73,-10.0922222222222,-10.2311111111111,-10.2311111111111,-10.1972222222222,0,0,0,0,0
2025-04-18 05:00:00,-8.83111111111111,-10.0922222222222,-10.2311111111111,-10.2311111111111,-10.1622222222222,0,0,0,0,0
2025-04-18 06:00:00,-8.965,-10.0577777777778,-10.2311111111111,-10.1972222222222,-10.1622222222222,0,0,0,0,0
2025-04-18 07:00:00,-9.405,-10.0577777777778,-10.1972222222222,-10.1972222222222,-10.1622222222222,0,0,0,0,0
2025-04-18 08:00:00,-9.81611111111111,-10.0577777777778,-10.1972222222222,-10.1972222222222,-10.1622222222222,0,0,0,0,0
2025-04-18 09:00:00,-10.1622222222222,-10.0227777777778,-10.1972222222222,-10.1972222222222,-10.1272222222222,0,0,0,0,0
2025-04-18 10:00:00,-10.6161111111111,-10.0227777777778,-10.1622222222222,-10.1972222222222,-10.1272222222222,0,0,0,0,0
2025-04-18 11:00:00,-10.9688888888889,-10.0227777777778,-10.1622222222222,-10.1622222222222,-10.1272222222222,0,0,0,0,0
2025-04-18 12:00:00,-11.04,-9.98888888888889,-10.1622222222222,-10.1622222222222,-10.0922222222222,0,0,0,0,0
2025-04-18 13:00:00,-11.1111111111111,-9.98888888888889,-10.1622222222222,-10.1622222222222,-10.0922222222222,0,0,0,0,0
2025-04-18 14:00:00,-11.2538888888889,-9.98888888888889,-10.1272222222222,-10.1272222222222,-10.0922222222222,0,0,0,0,0
2025-04-18 15:00:00,-10.8627777777778,-9.98888888888889,-10.1272222222222,-10.1272222222222,-10.0577777777778,0,0,0,0,0
2025-04-18 16:00:00,-10.0227777777778,-9.98888888888889,-10.1272222222222,-10.1272222222222,-10.0577777777778,0,0,0,0,0
2025-04-18 17:00:00,-9.91888888888889,-9.98888888888889,-10.1272222222222,-10.1272222222222,-10.0577777777778,0,0,0,0,0
2025-04-18 18:00:00,-9.16777777777778,-9.95388888888889,-10.0922222222222,-10.0922222222222,-10.0577777777778,0,0,0,0,0
2025-04-18 19:00:00,-8.03277777777778,-9.95388888888889,-10.0922222222222,-10.0922222222222,-10.0577777777778,0,0,0,0,0
2025-04-18 20:00:00,-7.41277777777778,-9.95388888888889,-10.0922222222222,-10.0922222222222,-10.0227777777778,0,0,0,0,0
2025-04-18 21:00:00,-7.12222222222222,-9.95388888888889,-10.0922222222222,-10.0922222222222,-10.0577777777778,0,0,0,0,0
2025-04-18 22:00:00,-7.12222222222222,-9.95388888888889,-10.0922222222222,-10.0577777777778,-10.0227777777778,0,0,0,0,0
2025-04-18 23:00:00,-9.03277777777778,-9.95388888888889,-10.0577777777778,-10.0922222222222,-10.0227777777778,0,0,0,0,0
2025-04-19 00:00:00,-8.36388888888889,-9.95388888888889,-10.0577777777778,-10.0577777777778,-10.0227777777778,0,0,0,0,0
2025-04-19 01:00:00,-8.86388888888889,-9.91888888888889,-10.0577777777778,-10.0577777777778,-9.98888888888889,0,0,0,0,0
2025-04-19 02:00:00,-9.95388888888889,-9.91888888888889,-10.0577777777778,-10.0577777777778,-9.98888888888889,0,0,0,0,0
2025-04-19 03:00:00,-10.8272222222222,-9.885,-10.0227777777778,-10.0577777777778,-9.98888888888889,0,0,0,0,0
2025-04-19 04:00:00,-11.505,-9.885,-10.0227777777778,-10.0577777777778,-9.98888888888889,0,0,0,0,0
2025-04-19 05:00:00,-11.9027777777778,-9.85111111111111,-9.98888888888889,-10.0227777777778,-9.98888888888889,0,0,0,0,0
2025-04-19 06:00:00,-11.9761111111111,-9.85111111111111,-9.98888888888889,-10.0227777777778,-9.98888888888889,0,0,0,0,0
2025-04-19 07:00:00,-11.9027777777778,-9.85111111111111,-9.98888888888889,-10.0227777777778,-9.98888888888889,0,0,0,0,0
2025-04-19 08:00:00,-12.2327777777778,-9.85111111111111,-9.98888888888889,-9.98888888888889,-9.95388888888889,0,0,0,0,0
2025-04-19 09:00:00,-12.825,-9.85111111111111,-9.98888888888889,-9.98888888888889,-9.95388888888889,0,0,0,0,0
2025-04-19 10:00:00,-13.4661111111111,-9.81611111111111,-9.98888888888889,-9.98888888888889,-9.95388888888889,0,0,0,0,0
2025-04-19 11:00:00,-13.4661111111111,-9.81611111111111,-9.95388888888889,-9.98888888888889,-9.91888888888889,0,0,0,0,0
2025-04-19 12:00:00,-13.8488888888889,-9.81611111111111,-9.95388888888889,-9.95388888888889,-9.91888888888889,0,0,0,0,0
2025-04-19 13:00:00,-14.0038888888889,-9.81611111111111,-9.95388888888889,-9.95388888888889,-9.91888888888889,0,0,0,0,0
2025-04-19 14:00:00,-14.2361111111111,-9.81611111111111,-9.95388888888889,-9.95388888888889,-9.91888888888889,0,0,0,0,0
2025-04-19 15:00:00,-14.4322222222222,-9.81611111111111,-9.95388888888889,-9.95388888888889,-9.91888888888889,0,0,0,0,0
2025-04-19 16:00:00,-14.3922222222222,-9.85111111111111,-9.95388888888889,-9.95388888888889,-9.885,0,0,0,0,0
2025-04-19 17:00:00,-13.8111111111111,-9.85111111111111,-9.95388888888889,-9.91888888888889,-9.885,0,0,0,0,0
2025-04-19 18:00:00,-13.8488888888889,-9.85111111111111,-9.95388888888889,-9.91888888888889,-9.885,0,0,0,0,0
2025-04-19 19:00:00,-13.505,-9.85111111111111,-9.95388888888889,-9.91888888888889,-9.885,0,0,0,0,0
2025-04-19 20:00:00,-12.7138888888889,-9.85111111111111,-9.95388888888889,-9.91888888888889,-9.885,0,0,0,0,0
2025-04-19 21:00:00,-11.7938888888889,-9.85111111111111,-9.95388888888889,-9.91888888888889,-9.85111111111111,0,0,0,0,0
2025-04-19 22:00:00,-12.2688888888889,-9.85111111111111,-9.95388888888889,-9.91888888888889,-9.85111111111111,0,0,0,0,0
2025-04-19 23:00:00,-11.7938888888889,-9.885,-9.95388888888889,-9.91888888888889,-9.85111111111111,0,0,0,0,0
2025-04-20 00:00:00,-12.38,-9.885,-9.98888888888889,-9.91888888888889,-9.85111111111111,0,0,0,0,0
2025-04-20 01:00:00,-11.7222222222222,-9.885,-9.98888888888889,-9.91888888888889,-9.85111111111111,0,0,0,0,0
2025-04-20 02:00:00,-12.825,-9.885,-9.98888888888889,-9.91888888888889,-9.85111111111111,0,0,0,0,0
2025-04-20 03:00:00,-13.2011111111111,-9.885,-9.98888888888889,-9.91888888888889,-9.85111111111111,0,0,0,0,0
2025-04-20 04:00:00,-13.505,-9.885,-9.98888888888889,-9.91888888888889,-9.85111111111111,0,0,0,0,0
2025-04-20 05:00:00,-14.0811111111111,-9.885,-9.98888888888889,-9.91888888888889,-9.85111111111111,0,0,0,0,0
2025-04-20 06:00:00,-14.7072222222222,-9.885,-9.98888888888889,-9.91888888888889,-9.85111111111111,0,0,0,0,0
2025-04-20 07:00:00,-15.305,-9.885,-9.98888888888889,-9.91888888888889,-9.85111111111111,0,0,0,0,0
2025-04-20 08:00:00,-15.6277777777778,-9.885,-9.98888888888889,-9.91888888888889,-9.85111111111111,0,0,0,0,0
2025-04-20 09:00:00,-15.5472222222222,-9.885,-9.98888888888889,-9.91888888888889,-9.85111111111111,0,0,0,0,0
2025-04-20 10:00:00,-15.5472222222222,-9.885,-9.98888888888889,-9.91888888888889,-9.85111111111111,0,0,0,0,0
2025-04-20 11:00:00,-15.4661111111111,-9.885,-9.98888888888889,-9.885,-9.85111111111111,0,0,0,0,0
2025-04-20 12:00:00,-16.6177777777778,-9.885,-9.98888888888889,-9.91888888888889,-9.85111111111111,0,0,0,0,0
2025-04-20 13:00:00,-15.9961111111111,-9.91888888888889,-9.98888888888889,-9.885,-9.85111111111111,0,0,0,0,0
2025-04-20 14:00:00,-15.345,-9.91888888888889,-9.98888888888889,-9.885,-9.81611111111111,0,0,0,0,0
2025-04-20 15:00:00,-13.6188888888889,-9.91888888888889,-9.98888888888889,-9.885,-9.81611111111111,0,0,0,0,0
2025-04-20 16:00:00,-12.2688888888889,-9.91888888888889,-9.98888888888889,-9.885,-9.81611111111111,0,0,0,0,0
2025-04-20 17:00:00,-10.2661111111111,-9.91888888888889,-9.98888888888889,-9.885,-9.81611111111111,0,0,0,0,0
2025-04-20 18:00:00,-9.20222222222222,-9.91888888888889,-9.98888888888889,-9.885,-9.81611111111111,0,0,0,0,0
2025-04-20 19:00:00,-8.26388888888889,-9.91888888888889,-9.98888888888889,-9.885,-9.81611111111111,0,0,0,0,0
2025-04-20 20:00:00,-6.70611111111111,-9.95388888888889,-9.98888888888889,-9.885,-9.81611111111111,0,0,0,0,0
2025-04-20 21:00:00,-7.83611111111111,-9.95388888888889,-10.0227777777778,-9.91888888888889,-9.81611111111111,0,0,0,0,0
2025-04-20 22:00:00,-8.09888888888889,-9.98888888888889,-10.0227777777778,-9.91888888888889,-9.81611111111111,0,0,0,0,0
2025-04-20 23:00:00,-9.1,-9.98888888888889,-10.0227777777778,-9.91888888888889,-9.81611111111111,0,0,0,0,0
2025-04-21 00:00:00,-10.7572222222222,-9.98888888888889,-10.0227777777778,-9.91888888888889,-9.81611111111111,0,0,0,0,0
2025-04-21 01:00:00,-12.1227777777778,-9.95388888888889,-10.0227777777778,-9.91888888888889,-9.81611111111111,0,0,0,0,0
2025-04-21 02:00:00,-13.0127777777778,-9.98888888888889,-10.0227777777778,-9.91888888888889,-9.81611111111111,0,0,0,0,0
2025-04-21 03:00:00,-13.7722222222222,-9.95388888888889,-10.0227777777778,-9.91888888888889,-9.81611111111111,0,0,0,0,0
2025-04-21 04:00:00,-14.7861111111111,-9.95388888888889,-9.98888888888889,-9.91888888888889,-9.81611111111111,0,0,0,0,0
2025-04-21 05:00:00,-15.6277777777778,-9.91888888888889,-9.98888888888889,-9.91888888888889,-9.81611111111111,0,0,0,0,0
2025-04-21 06:00:00,-16.7438888888889,-9.91888888888889,-9.98888888888889,-9.91888888888889,-9.81611111111111,0,0,0,0,0
2025-04-21 07:00:00,-17.3377777777778,-9.885,-9.98888888888889,-9.91888888888889,-9.81611111111111,0,0,0,0,0
2025-04-21 08:00:00,-17.8572222222222,-9.885,-9.98888888888889,-9.91888888888889,-9.81611111111111,0,0,0,0,0
2025-04-21 09:00:00,-18.2077777777778,-9.885,-9.98888888888889,-9.91888888888889,-9.81611111111111,0,0,0,0,0
2025-04-21 10:00:00,-18.5627777777778,-9.85111111111111,-9.95388888888889,-9.885,-9.81611111111111,0,0,0,0,0
2025-04-21 11:00:00,-19.1938888888889,-9.85111111111111,-9.95388888888889,-9.885,-9.81611111111111,0,0,0,0,0
2025-04-21 12:00:00,-19.0122222222222,-9.885,-9.95388888888889,-9.885,-9.81611111111111,0,0,0,0,0
2025-04-21 13:00:00,-19.6538888888889,-9.885,-9.95388888888889,-9.885,-9.78222222222222,0,0,0,0,0
2025-04-21 14:00:00,-19.4688888888889,-9.885,-9.95388888888889,-9.885,-9.78222222222222,0,0,0,0,0
2025-04-21 15:00:00,-19.24,-9.885,-9.95388888888889,-9.85111111111111,-9.78222222222222,0,0,0,0,0
2025-04-21 16:00:00,-18.8772222222222,-9.91888888888889,-9.98888888888889,-9.885,-9.78222222222222,0,0,0,0,0
2025-04-21 17:00:00,-17.3377777777778,-9.91888888888889,-9.98888888888889,-9.85111111111111,-9.78222222222222,0,0,0,0,0
2025-04-21 18:00:00,-17.64,-9.91888888888889,-9.98888888888889,-9.85111111111111,-9.78222222222222,0,0,0,0,0
2025-04-21 19:00:00,-16.7861111111111,-9.95388888888889,-9.98888888888889,-9.85111111111111,-9.78222222222222,0,0,0,0,0
2025-04-21 20:00:00,-16.1188888888889,-9.95388888888889,-9.98888888888889,-9.885,-9.78222222222222,0,0,0,0,0
2025-04-21 21:00:00,-15.1838888888889,-9.98888888888889,-10.0227777777778,-9.885,-9.78222222222222,0,0,0,0,0
2025-04-21 22:00:00,-13.4277777777778,-9.98888888888889,-10.0227777777778,-9.885,-9.78222222222222,0,0,0,0,0
2025-04-21 23:00:00,-13.05,-10.0227777777778,-10.0577777777778,-9.885,-9.78222222222222,0,0,0,0,0
2025-04-22 00:00:00,-12.7511111111111,-10.0227777777778,-10.0577777777778,-9.885,-9.78222222222222,0,0,0,0,0
2025-04-22 01:00:00,-12.9377777777778,-10.0227777777778,-10.0577777777778,-9.885,-9.78222222222222,0,0,0,0,0
2025-04-22 02:00:00,-13.315,-10.0577777777778,-10.0577777777778,-9.885,-9.78222222222222,0,0,0,0,0
2025-04-22 03:00:00,-13.6188888888889,-10.0577777777778,-10.0577777777778,-9.91888888888889,-9.78222222222222,0,0,0,0,0
2025-04-22 04:00:00,-14.12,-10.0577777777778,-10.0922222222222,-9.91888888888889,-9.81611111111111,0,0,0,0,0
2025-04-22 05:00:00,-15.6277777777778,-10.0577777777778,-10.0922222222222,-9.91888888888889,-9.81611111111111,0,0,0,0,0
2025-04-22 06:00:00,-16.7438888888889,-10.0577777777778,-10.0922222222222,-9.91888888888889,-9.78222222222222,0,0,0,0,0
2025-04-22 07:00:00,-17.9438888888889,-10.0922222222222,-10.0922222222222,-9.91888888888889,-9.81611111111111,0,0,0,0,0
2025-04-22 08:00:00,-18.5627777777778,-10.0577777777778,-10.0922222222222,-9.91888888888889,-9.81611111111111,0,0,0,0,0
2025-04-22 09:00:00,-18.6522222222222,-10.0922222222222,-10.0922222222222,-9.91888888888889,-9.81611111111111,0,0,0,0,0
2025-04-22 10:00:00,-19.7,-10.0922222222222,-10.1272222222222,-9.91888888888889,-9.81611111111111,0,0,0,0,0
2025-04-22 11:00:00,-21.3211111111111,-10.0922222222222,-10.1272222222222,-9.91888888888889,-9.81611111111111,0,0,0,0,0
2025-04-22 12:00:00,-22.575,-10.1272222222222,-10.1272222222222,-9.95388888888889,-9.81611111111111,0,0,0,0,0
2025-04-22 13:00:00,-23.0927777777778,-10.1272222222222,-10.1272222222222,-9.91888888888889,-9.81611111111111,0,0,0,0,0
2025-04-22 14:00:00,-21.9161111111111,-10.1272222222222,-10.1272222222222,-9.95388888888889,-9.81611111111111,0,0,0,0,0
2025-04-22 15:00:00,-21.4688888888889,-10.1622222222222,-10.1272222222222,-9.95388888888889,-9.81611111111111,0,0,0,0,0
2025-04-22 16:00:00,-20.7377777777778,-10.1622222222222,-10.1622222222222,-9.95388888888889,-9.81611111111111,0,0,0,0,0
2025-04-22 17:00:00,-18.12,-10.1972222222222,-10.1622222222222,-9.95388888888889,-9.81611111111111,0,0,0,0,0
2025-04-22 18:00:00,-17.1672222222222,-10.2311111111111,-10.1972222222222,-9.95388888888889,-9.81611111111111,0,0,0,0,0
2025-04-22 19:00:00,-16.4922222222222,-10.2311111111111,-10.1972222222222,-9.95388888888889,-9.81611111111111,0,0,0,0,0
2025-04-22 20:00:00,-15.9127777777778,-10.2661111111111,-10.2311111111111,-9.98888888888889,-9.81611111111111,0,0,0,0,0
2025-04-22 21:00:00,-13.8111111111111,-10.3011111111111,-10.2661111111111,-9.98888888888889,-9.81611111111111,0,0,0,0,0
2025-04-22 22:00:00,-13.7338888888889,-10.3361111111111,-10.2661111111111,-9.98888888888889,-9.85111111111111,0,0,0,0,0
2025-04-22 23:00:00,-14.6277777777778,-10.3361111111111,-10.2661111111111,-10.0227777777778,-9.85111111111111,0,0,0,0,0
2025-04-23 00:00:00,-13.8877777777778,-10.3711111111111,-10.3011111111111,-10.0227777777778,-9.85111111111111,0,0,0,0,0
2025-04-23 01:00:00,-13.315,-10.3711111111111,-10.3361111111111,-10.0227777777778,-9.885,0,0,0,0,0
2025-04-23 02:00:00,-13.9261111111111,-10.3711111111111,-10.3361111111111,-10.0577777777778,-9.885,0,0,0,0,0
2025-04-23 03:00:00,-13.8877777777778,-10.4061111111111,-10.3361111111111,-10.0577777777778,-9.885,0,0,0,0,0
2025-04-23 04:00:00,-14.0038888888889,-10.4061111111111,-10.3361111111111,-10.0577777777778,-9.885,0,0,0,0,0
2025-04-23 05:00:00,-14.0811111111111,-10.4061111111111,-10.3361111111111,-10.0577777777778,-9.885,0,0,0,0,0
2025-04-23 06:00:00,-14.4711111111111,-10.4061111111111,-10.3361111111111,-10.0922222222222,-9.91888888888889,0,0,0,0,0
2025-04-23 07:00:00,-14.5888888888889,-10.4061111111111,-10.3361111111111,-10.0922222222222,-9.91888888888889,0,0,0,0,0
2025-04-23 08:00:00,-14.7861111111111,-10.3711111111111,-10.3361111111111,-10.0922222222222,-9.91888888888889,0,0,0,0,0
2025-04-23 09:00:00,-15.5472222222222,-10.3711111111111,-10.3361111111111,-10.0922222222222,-9.91888888888889,0,0,0,0,0
2025-04-23 10:00:00,-15.8322222222222,-10.3711111111111,-10.3361111111111,-10.0922222222222,-9.91888888888889,0,0,0,0,0
2025-04-23 11:00:00,-15.6688888888889,-10.3711111111111,-10.3361111111111,-10.0922222222222,-9.91888888888889,0,0,0,0,0
2025-04-23 12:00:00,-15.0638888888889,-10.3711111111111,-10.3361111111111,-10.0922222222222,-9.91888888888889,0,0,0,0,0
2025-04-23 13:00:00,-14.7861111111111,-10.3361111111111,-10.3361111111111,-10.0922222222222,-9.95388888888889,0,0,0,0,0
2025-04-23 14:00:00,-14.3138888888889,-10.3361111111111,-10.3361111111111,-10.1272222222222,-9.91888888888889,0,0,0,0,0
2025-04-23 15:00:00,-13.5811111111111,-10.3361111111111,-10.3361111111111,-10.1272222222222,-9.95388888888889,0,0,0,0,0
2025-04-23 16:00:00,-12.7877777777778,-10.3361111111111,-10.3361111111111,-10.1272222222222,-9.95388888888889,0,0,0,0,0
2025-04-23 17:00:00,-11.8672222222222,-10.3361111111111,-10.3361111111111,-10.1272222222222,-9.95388888888889,0,0,0,0,0
2025-04-23 18:00:00,-11.0761111111111,-10.3361111111111,-10.3361111111111,-10.1272222222222,-9.95388888888889,0,0,0,0,0
2025-04-23 19:00:00,-11.6127777777778,-10.3361111111111,-10.3361111111111,-10.1272222222222,-9.95388888888889,0,0,0,0,0
2025-04-23 20:00:00,-11.65,-10.3361111111111,-10.3361111111111,-10.1272222222222,-9.95388888888889,0,0,0,0,0
2025-04-23 21:00:00,-11.2538888888889,-10.3361111111111,-10.3361111111111,-10.1272222222222,-9.95388888888889,0,0,0,0,0
2025-04-23 22:00:00,-11.2538888888889,-10.3361111111111,-10.3361111111111,-10.1272222222222,-9.95388888888889,0,0,0,0,0
2025-04-23 23:00:00,-10.9688888888889,-10.3361111111111,-10.3361111111111,-10.1272222222222,-9.95388888888889,0,0,0,0,0
2025-04-24 00:00:00,-10.8627777777778,-10.3011111111111,-10.3361111111111,-10.1272222222222,-9.95388888888889,0,0,0,0,0
2025-04-24 01:00:00,-10.9338888888889,-10.2661111111111,-10.3361111111111,-10.1272222222222,-9.95388888888889,0,0,0,0,0
2025-04-24 02:00:00,-11.505,-10.2661111111111,-10.3011111111111,-10.1272222222222,-9.95388888888889,0,0,0,0,0
2025-04-24 03:00:00,-11.6861111111111,-10.2661111111111,-10.2661111111111,-10.1272222222222,-9.95388888888889,0,0,0,0,0
2025-04-24 04:00:00,-11.94,-10.2661111111111,-10.2661111111111,-10.0922222222222,-9.95388888888889,0,0,0,0,0
2025-04-24 05:00:00,-11.9027777777778,-10.2311111111111,-10.2661111111111,-10.0922222222222,-9.95388888888889,0,0,0,0,0
2025-04-24 06:00:00,-12.0127777777778,-10.2311111111111,-10.2661111111111,-10.0922222222222,-9.95388888888889,0,0,0,0,0
2025-04-24 07:00:00,-12.0861111111111,-10.1972222222222,-10.2661111111111,-10.0922222222222,-9.95388888888889,0,0,0,0,0
2025-04-24 08:00:00,-11.9761111111111,-10.1972222222222,-10.2661111111111,-10.0922222222222,-9.95388888888889,0,0,0,0,0
2025-04-24 09:00:00,-12.7138888888889,-10.1972222222222,-10.2311111111111,-10.0922222222222,-9.95388888888889,0,0,0,0,0
2025-04-24 10:00:00,-13.2772222222222,-10.1622222222222,-10.2311111111111,-10.0922222222222,-9.95388888888889,0,0,0,0,0
2025-04-24 11:00:00,-13.965,-10.1622222222222,-10.1972222222222,-10.0922222222222,-9.95388888888889,0,0,0,0,0
2025-04-24 12:00:00,-14.3922222222222,-10.1272222222222,-10.1972222222222,-10.0577777777778,-9.91888888888889,0,0,0,0,0
2025-04-24 13:00:00,-14.6277777777778,-10.1272222222222,-10.1972222222222,-10.0577777777778,-9.91888888888889,0,0,0,0,0
2025-04-24 14:00:00,-14.7072222222222,-10.1272222222222,-10.1972222222222,-10.0577777777778,-9.91888888888889,0,0,0,0,0
2025-04-24 15:00:00,-14.5488888888889,-10.1272222222222,-10.1972222222222,-10.0577777777778,-9.91888888888889,0,0,0,0,0
2025-04-24 16:00:00,-14.0038888888889,-10.1272222222222,-10.1972222222222,-10.0577777777778,-9.91888888888889,0,0,0,0,0
2025-04-24 17:00:00,-14.7861111111111,-10.1272222222222,-10.1622222222222,-10.0577777777778,-9.91888888888889,0,0,0,0,0
2025-04-24 18:00:00,-14.3138888888889,-10.1272222222222,-10.1622222222222,-10.0227777777778,-9.91888888888889,0,0,0,0,0
2025-04-24 19:00:00,-13.6188888888889,-10.0922222222222,-10.1622222222222,-10.0227777777778,-9.91888888888889,0,0,0,0,0
2025-04-24 20:00:00,-12.975,-10.0922222222222,-10.1622222222222,-10.0227777777778,-9.885,0,0,0,0,0
2025-04-24 21:00:00,-12.5277777777778,-10.0922222222222,-10.1622222222222,-10.0227777777778,-9.885,0,0,0,0,0
2025-04-24 22:00:00,-12.0127777777778,-10.0922222222222,-10.1622222222222,-10.0227777777778,-9.885,0,0,0,0,0
2025-04-24 23:00:00,-12.2327777777778,-10.0922222222222,-10.1272222222222,-10.0227777777778,-9.885,0,0,0,0,0
2025-04-25 00:00:00,-11.7577777777778,-10.0922222222222,-10.1272222222222,-9.98888888888889,-9.885,0,0,0,0,0
2025-04-25 01:00:00,-12.0488888888889,-10.0922222222222,-10.1272222222222,-10.0227777777778,-9.885,0,0,0,0,0
2025-04-25 02:00:00,-12.38,-10.0577777777778,-10.1272222222222,-9.98888888888889,-9.885,0,0,0,0,0
2025-04-25 03:00:00,-13.1261111111111,-10.0577777777778,-10.1272222222222,-9.98888888888889,-9.885,0,0,0,0,0
2025-04-25 04:00:00,-14.12,-10.0577777777778,-10.1272222222222,-9.98888888888889,-9.885,0,0,0,0,0
2025-04-25 05:00:00,-13.8877777777778,-10.0577777777778,-10.1272222222222,-9.98888888888889,-9.885,0,0,0,0,0
2025-04-25 06:00:00,-13.5811111111111,-10.0577777777778,-10.1272222222222,-9.98888888888889,-9.85111111111111,0,0,0,0,0
2025-04-25 07:00:00,-13.6188888888889,-10.0227777777778,-10.0922222222222,-9.98888888888889,-9.85111111111111,0,0,0,0,0
2025-04-25 08:00:00,-13.6961111111111,-10.0227777777778,-10.0922222222222,-9.98888888888889,-9.85111111111111,0,0,0,0,0
2025-04-25 09:00:00,-14.3922222222222,-10.0227777777778,-10.0922222222222,-9.98888888888889,-9.85111111111111,0,0,0,0,0
2025-04-25 10:00:00,-14.5488888888889,-10.0227777777778,-10.0922222222222,-9.95388888888889,-9.85111111111111,0,0,0,0,0
2025-04-25 11:00:00,-14.6672222222222,-10.0227777777778,-10.0922222222222,-9.95388888888889,-9.85111111111111,0,0,0,0,0
2025-04-25 12:00:00,-14.8261111111111,-9.98888888888889,-10.0577777777778,-9.95388888888889,-9.85111111111111,0,0,0,0,0
2025-04-25 13:00:00,-15.345,-9.98888888888889,-10.0577777777778,-9.95388888888889,-9.85111111111111,0,0,0,0,0
2025-04-25 14:00:00,-14.8261111111111,-9.98888888888889,-10.0577777777778,-9.95388888888889,-9.85111111111111,0,0,0,0,0
2025-04-25 15:00:00,-15.6688888888889,-9.98888888888889,-10.0577777777778,-9.95388888888889,-9.85111111111111,0,0,0,0,0
2025-04-25 16:00:00,-16.1188888888889,-9.98888888888889,-10.0577777777778,-9.95388888888889,-9.81611111111111,0,0,0,0,0
2025-04-25 17:00:00,-14.9838888888889,-9.98888888888889,-10.0577777777778,-9.91888888888889,-9.81611111111111,0,0,0,0,0
2025-04-25 18:00:00,-13.5427777777778,-9.98888888888889,-10.0577777777778,-9.91888888888889,-9.81611111111111,0,0,0,0,0
2025-04-25 19:00:00,-12.4172222222222,-9.98888888888889,-10.0577777777778,-9.91888888888889,-9.81611111111111,0,0,0,0,0
2025-04-25 20:00:00,-12.4911111111111,-9.98888888888889,-10.0577777777778,-9.91888888888889,-9.81611111111111,0,0,0,0,0
2025-04-25 21:00:00,-11.5772222222222,-9.98888888888889,-10.0577777777778,-9.91888888888889,-9.81611111111111,0,0,0,0,0
2025-04-25 22:00:00,-13.0877777777778,-9.98888888888889,-10.0577777777778,-9.91888888888889,-9.81611111111111,0,0,0,0,0
2025-04-25 23:00:00,-12.7877777777778,-9.98888888888889,-10.0577777777778,-9.91888888888889,-9.81611111111111,0,0,0,0,0
2025-04-26 00:00:00,-13.3522222222222,-9.98888888888889,-10.0577777777778,-9.91888888888889,-9.81611111111111,0,0,0,0,0
2025-04-26 01:00:00,-12.38,-9.98888888888889,-10.0577777777778,-9.91888888888889,-9.81611111111111,0,0,0,0,0
2025-04-26 02:00:00,-12.7138888888889,-9.98888888888889,-10.0577777777778,-9.91888888888889,-9.81611111111111,0,0,0,0,0
2025-04-26 03:00:00,-12.0127777777778,-9.98888888888889,-10.0577777777778,-9.91888888888889,-9.81611111111111,0,0,0,0,0
2025-04-26 04:00:00,-13.5427777777778,-9.98888888888889,-10.0577777777778,-9.91888888888889,-9.81611111111111,0,0,0,0,0
2025-04-26 05:00:00,-16.3261111111111,-9.98888888888889,-10.0577777777778,-9.91888888888889,-9.81611111111111,0,0,0,0,0
2025-04-26 06:00:00,-19.3772222222222,-9.98888888888889,-10.0227777777778,-9.91888888888889,-9.81611111111111,0,0,0,0,0
2025-04-26 07:00:00,-21.1738888888889,-9.98888888888889,-10.0227777777778,-9.91888888888889,-9.81611111111111,0,0,0,0,0
2025-04-26 08:00:00,-21.7661111111111,-9.98888888888889,-10.0227777777778,-9.91888888888889,-9.78222222222222,0,0,0,0,0
2025-04-26 09:00:00,-21.8161111111111,-9.95388888888889,-10.0227777777778,-9.91888888888889,-9.78222222222222,0,0,0,0,0
2025-04-26 10:00:00,-21.9161111111111,-9.95388888888889,-10.0227777777778,-9.885,-9.78222222222222,0,0,0,0,0
2025-04-26 11:00:00,-22.4222222222222,-9.95388888888889,-10.0227777777778,-9.885,-9.78222222222222,0,0,0,0,0
2025-04-26 12:00:00,-22.8327777777778,-9.98888888888889,-10.0227777777778,-9.885,-9.78222222222222,0,0,0,0,0
2025-04-26 13:00:00,-23.5677777777778,-9.98888888888889,-10.0227777777778,-9.885,-9.78222222222222,0,0,0,0,0
2025-04-26 14:00:00,-20.1672222222222,-9.98888888888889,-10.0227777777778,-9.885,-9.78222222222222,0,0,0,0,0
2025-04-26 15:00:00,-18.5177777777778,-10.0227777777778,-10.0577777777778,-9.885,-9.78222222222222,0,0,0,0,0
2025-04-26 16:00:00,-17.1672222222222,-10.0577777777778,-10.0577777777778,-9.885,-9.78222222222222,0,0,0,0,0
2025-04-26 17:00:00,-13.6961111111111,-10.0577777777778,-10.0577777777778,-9.885,-9.74722222222222,0,0,0,0,0
2025-04-26 18:00:00,-11.9027777777778,-10.0922222222222,-10.0922222222222,-9.885,-9.74722222222222,0,0,0,0,0
2025-04-26 19:00:00,-10.2311111111111,-10.0922222222222,-10.0922222222222,-9.885,-9.78222222222222,1,0,0,0,0
2025-04-26 20:00:00,-12.3427777777778,-10.1272222222222,-10.1272222222222,-9.91888888888889,-9.78222222222222,0,0,0,0,0
2025-04-26 21:00:00,-12.9377777777778,-10.1622222222222,-10.1272222222222,-9.91888888888889,-9.78222222222222,0,0,0,0,0
2025-04-26 22:00:00,-10.7572222222222,-10.1972222222222,-10.1272222222222,-9.91888888888889,-9.78222222222222,0,0,0,0,0
2025-04-26 23:00:00,-10.3011111111111,-10.1972222222222,-10.1622222222222,-9.91888888888889,-9.78222222222222,0,0,0,0,0
2025-04-27 00:00:00,-9.57611111111111,-10.1972222222222,-10.1622222222222,-9.95388888888889,-9.78222222222222,0,0,0,0,0
2025-04-27 01:00:00,-9.30277777777778,-10.2311111111111,-10.1972222222222,-9.95388888888889,-9.78222222222222,0,0,0,0,0
2025-04-27 02:00:00,-9.43888888888889,-10.2311111111111,-10.1972222222222,-9.95388888888889,-9.81611111111111,0,0,0,0,0
2025-04-27 03:00:00,-9.61,-10.2311111111111,-10.1972222222222,-9.95388888888889,-9.81611111111111,0,0,0,0,0
2025-04-27 04:00:00,-10.2311111111111,-10.2311111111111,-10.1972222222222,-9.95388888888889,-9.81611111111111,0,0,0,0,0
2025-04-27 05:00:00,-11.2538888888889,-10.2311111111111,-10.1972222222222,-9.98888888888889,-9.81611111111111,0,0,0,0,0
2025-04-27 06:00:00,-11.8311111111111,-10.1972222222222,-10.1972222222222,-9.98888888888889,-9.81611111111111,0,0,0,0,0
2025-04-27 07:00:00,-12.4538888888889,-10.1972222222222,-10.1972222222222,-9.98888888888889,-9.81611111111111,0,0,0,0,0
2025-04-27 08:00:00,-13.1627777777778,-10.1972222222222,-10.1972222222222,-9.98888888888889,-9.81611111111111,0,0,0,0,0
2025-04-27 09:00:00,-14.0038888888889,-10.1622222222222,-10.1622222222222,-9.98888888888889,-9.81611111111111,0,0,0,0,0
2025-04-27 10:00:00,-18.0761111111111,-10.1622222222222,-10.1622222222222,-9.98888888888889,-9.81611111111111,0,0,0,0,0
2025-04-27 11:00:00,-20.835,-10.1622222222222,-10.1622222222222,-9.98888888888889,-9.81611111111111,0,0,0,0,0
2025-04-27 12:00:00,-21.8661111111111,-10.1272222222222,-10.1622222222222,-9.98888888888889,-9.85111111111111,0,0,0,0,0
2025-04-27 13:00:00,-21.7661111111111,-10.1272222222222,-10.1622222222222,-9.98888888888889,-9.85111111111111,0,0,0,0,0
2025-04-27 14:00:00,-21.0277777777778,-10.1272222222222,-10.1622222222222,-9.98888888888889,-9.81611111111111,0,0,0,0,0
2025-04-27 15:00:00,-19.3772222222222,-10.1272222222222,-10.1272222222222,-9.95388888888889,-9.81611111111111,0,0,0,0,0
2025-04-27 16:00:00,-17.3377777777778,-10.1272222222222,-10.1272222222222,-9.95388888888889,-9.81611111111111,0,0,0,0,0
2025-04-27 17:00:00,-14.6672222222222,-10.1272222222222,-10.1272222222222,-9.95388888888889,-9.81611111111111,0,0,0,0,0
2025-04-27 18:00:00,-13.5427777777778,-10.1272222222222,-10.1272222222222,-9.95388888888889,-9.81611111111111,0,0,0,0,0
2025-04-27 19:00:00,-13.05,-10.1272222222222,-10.1622222222222,-9.95388888888889,-9.81611111111111,0,0,0,0,0
2025-04-27 20:00:00,-12.9377777777778,-10.1272222222222,-10.1272222222222,-9.95388888888889,-9.81611111111111,0,0,0,0,0
2025-04-27 21:00:00,-12.565,-10.1622222222222,-10.1622222222222,-9.95388888888889,-9.81611111111111,0,0,0,0,0
2025-04-27 22:00:00,-12.1227777777778,-10.1622222222222,-10.1622222222222,-9.98888888888889,-9.81611111111111,0,0,0,0,0
2025-04-27 23:00:00,-11.6861111111111,-10.1622222222222,-10.1622222222222,-9.98888888888889,-9.81611111111111,0,0,0,0,0
2025-04-28 00:00:00,-11.3261111111111,-10.1972222222222,-10.1972222222222,-9.98888888888889,-9.81611111111111,0,0,0,0,0
2025-04-28 01:00:00,-11.505,-10.1972222222222,-10.1972222222222,-9.98888888888889,-9.81611111111111,0,0,0,0,0
2025-04-28 02:00:00,-11.65,-10.1972222222222,-10.1972222222222,-9.98888888888889,-9.85111111111111,0,0,0,0,0
2025-04-28 03:00:00,-12.1227777777778,-10.1972222222222,-10.1972222222222,-9.98888888888889,-9.81611111111111,0,0,0,0,0
2025-04-28 04:00:00,-12.7511111111111,-10.1972222222222,-10.1972222222222,-9.98888888888889,-9.81611111111111,0,0,0,0,0
2025-04-28 05:00:00,-13.7722222222222,-10.1972222222222,-10.1972222222222,-9.98888888888889,-9.85111111111111,0,0,0,0,0
2025-04-28 06:00:00,-14.7461111111111,-10.1622222222222,-10.1972222222222,-9.98888888888889,-9.81611111111111,0,0,0,0,0
2025-04-28 07:00:00,-15.8727777777778,-10.1622222222222,-10.1972222222222,-9.98888888888889,-9.81611111111111,0,0,0,0,0
2025-04-28 08:00:00,-16.87,-10.1622222222222,-10.1972222222222,-9.98888888888889,-9.85111111111111,0,0,0,0,0
2025-04-28 09:00:00,-16.2838888888889,-10.1622222222222,-10.1622222222222,-9.98888888888889,-9.85111111111111,0,0,0,0,0
2025-04-28 10:00:00,-16.0777777777778,-10.1272222222222,-10.1622222222222,-9.98888888888889,-9.85111111111111,0,0,0,0,0
2025-04-28 11:00:00,-16.4511111111111,-10.1272222222222,-10.1622222222222,-9.98888888888889,-9.85111111111111,0,0,0,0,0
2025-04-28 12:00:00,-16.2427777777778,-10.1272222222222,-10.1622222222222,-9.98888888888889,-9.85111111111111,0,0,0,0,0
2025-04-28 13:00:00,-16.4088888888889,-10.1272222222222,-10.1622222222222,-9.98888888888889,-9.81611111111111,0,0,0,0,0
2025-04-28 14:00:00,-16.5761111111111,-10.1272222222222,-10.1622222222222,-9.98888888888889,-9.81611111111111,0,0,0,0,0
2025-04-28 15:00:00,-16.4511111111111,-10.1272222222222,-10.1622222222222,-9.98888888888889,-9.81611111111111,0,0,0,0,0
2025-04-28 16:00:00,-15.7088888888889,-10.1272222222222,-10.1622222222222,-9.98888888888889,-9.81611111111111,0,0,0,0,0
2025-04-28 17:00:00,-15.345,-10.1272222222222,-10.1622222222222,-9.98888888888889,-9.81611111111111,0,0,0,0,0
2025-04-28 18:00:00,-14.3922222222222,-10.1622222222222,-10.1622222222222,-9.98888888888889,-9.81611111111111,0,0,0,0,0
2025-04-28 19:00:00,-13.8111111111111,-10.1622222222222,-10.1622222222222,-9.98888888888889,-9.85111111111111,0,0,0,0,0
2025-04-28 20:00:00,-11.8311111111111,-10.1622222222222,-10.1622222222222,-9.98888888888889,-9.81611111111111,0,0,0,0,0
2025-04-28 21:00:00,-10.3711111111111,-10.1622222222222,-10.1972222222222,-9.98888888888889,-9.81611111111111,0,0,0,0,0
2025-04-28 22:00:00,-11.0761111111111,-10.1622222222222,-10.1972222222222,-9.98888888888889,-9.81611111111111,0,0,0,0,0
2025-04-28 23:00:00,-11.7222222222222,-10.1622222222222,-10.1622222222222,-9.98888888888889,-9.81611111111111,0,0,0,0,0
2025-04-29 00:00:00,-11.4688888888889,-10.1622222222222,-10.1972222222222,-9.98888888888889,-9.85111111111111,0,0,0,0,0
2025-04-29 01:00:00,-11.7938888888889,-10.1622222222222,-10.1972222222222,-9.98888888888889,-9.85111111111111,0,0,0,0,0
2025-04-29 02:00:00,-12.4911111111111,-10.1622222222222,-10.1972222222222,-9.98888888888889,-9.85111111111111,0,0,0,0,0
2025-04-29 03:00:00,-13.5427777777778,-10.1622222222222,-10.1972222222222,-9.98888888888889,-9.85111111111111,0,0,0,0,0
2025-04-29 04:00:00,-14.3138888888889,-10.1622222222222,-10.1622222222222,-9.98888888888889,-9.85111111111111,0,0,0,0,0
2025-04-29 05:00:00,-14.51,-10.1272222222222,-10.1622222222222,-9.98888888888889,-9.85111111111111,0,0,0,0,0
2025-04-29 06:00:00,-14.945,-10.1272222222222,-10.1622222222222,-9.98888888888889,-9.85111111111111,0,0,0,0,0
2025-04-29 07:00:00,-15.425,-10.1272222222222,-10.1622222222222,-9.98888888888889,-9.85111111111111,0,0,0,0,0
2025-04-29 08:00:00,-15.7911111111111,-10.0922222222222,-10.1272222222222,-9.98888888888889,-9.85111111111111,0,0,0,0,0
2025-04-29 09:00:00,-16.0777777777778,-10.0922222222222,-10.1272222222222,-9.98888888888889,-9.85111111111111,0,0,0,0,0
2025-04-29 10:00:00,-16.2022222222222,-10.0922222222222,-10.1272222222222,-9.98888888888889,-9.81611111111111,0,0,0,0,0
2025-04-29 11:00:00,-16.3261111111111,-10.0922222222222,-10.1272222222222,-9.95388888888889,-9.81611111111111,0,0,0,0,0
2025-04-29 12:00:00,-16.7438888888889,-10.0577777777778,-10.1272222222222,-9.95388888888889,-9.81611111111111,0,0,0,0,0
2025-04-29 13:00:00,-17.51,-10.0577777777778,-10.1272222222222,-9.95388888888889,-9.81611111111111,0,0,0,0,0
2025-04-29 14:00:00,-16.7861111111111,-10.0577777777778,-10.1272222222222,-9.95388888888889,-9.81611111111111,0,0,0,0,0
2025-04-29 15:00:00,-17.8127777777778,-10.0577777777778,-10.1272222222222,-9.95388888888889,-9.81611111111111,0,0,0,0,0
2025-04-29 16:00:00,-16.2427777777778,-10.0922222222222,-10.1272222222222,-9.95388888888889,-9.81611111111111,0,0,0,0,0
2025-04-29 17:00:00,-15.2638888888889,-10.0577777777778,-10.1272222222222,-9.95388888888889,-9.81611111111111,0,0,0,0,0
2025-04-29 18:00:00,-14.8261111111111,-10.0577777777778,-10.1272222222222,-9.95388888888889,-9.81611111111111,0,0,0,0,0
2025-04-29 19:00:00,-13.2772222222222,-10.0577777777778,-10.1272222222222,-9.91888888888889,-9.81611111111111,0,0,0,0,0
2025-04-29 20:00:00,-13.3522222222222,-10.0577777777778,-10.1272222222222,-9.91888888888889,-9.81611111111111,0,0,0,0,0
2025-04-29 21:00:00,-12.0488888888889,-10.0577777777778,-10.1272222222222,-9.91888888888889,-9.81611111111111,0,0,0,0,0
2025-04-29 22:00:00,-10.8977777777778,-10.0922222222222,-10.1272222222222,-9.95388888888889,-9.81611111111111,0,0,0,0,0
2025-04-29 23:00:00,-11.6861111111111,-10.0922222222222,-10.1272222222222,-9.95388888888889,-9.81611111111111,0,0,0,0,0
2025-04-30 00:00:00,-12.3061111111111,-10.0922222222222,-10.1272222222222,-9.95388888888889,-9.81611111111111,0,0,0,0,0
2025-04-30 01:00:00,-12.4911111111111,-10.0922222222222,-10.1272222222222,-9.95388888888889,-9.81611111111111,0,0,0,0,0
2025-04-30 02:00:00,-13.6572222222222,-10.0922222222222,-10.1272222222222,-9.95388888888889,-9.78222222222222,0,0,0,0,0
2025-04-30 03:00:00,-13.5811111111111,-10.0922222222222,-10.1272222222222,-9.95388888888889,-9.81611111111111,0,0,0,0,0
2025-04-30 04:00:00,-13.8877777777778,-10.0922222222222,-10.1272222222222,-9.95388888888889,-9.81611111111111,0,0,0,0,0
2025-04-30 05:00:00,-14.51,-10.0922222222222,-10.1272222222222,-9.95388888888889,-9.81611111111111,0,0,0,0,0
2025-04-30 06:00:00,-14.51,-10.0577777777778,-10.1272222222222,-9.95388888888889,-9.81611111111111,0,0,0,0,0
2025-04-30 07:00:00,-14.3922222222222,-10.0577777777778,-10.0922222222222,-9.95388888888889,-9.81611111111111,0,0,0,0,0
2025-04-30 08:00:00,-15.7911111111111,-10.0577777777778,-10.0922222222222,-9.91888888888889,-9.78222222222222,0,0,0,0,0
2025-04-30 09:00:00,-16.0777777777778,-10.0577777777778,-10.0922222222222,-9.91888888888889,-9.78222222222222,0,0,0,0,0
2025-04-30 10:00:00,-17.04,-10.0577777777778,-10.0922222222222,-9.91888888888889,-9.78222222222222,0,0,0,0,0
2025-04-30 11:00:00,-18.6522222222222,-10.0577777777778,-10.0922222222222,-9.91888888888889,-9.78222222222222,0,0,0,0,0
2025-04-30 12:00:00,-17.51,-10.0577777777778,-10.0922222222222,-9.91888888888889,-9.78222222222222,0,0,0,0,0
2025-04-30 13:00:00,-19.8388888888889,-10.0577777777778,-10.0922222222222,-9.91888888888889,-9.78222222222222,0,0,0,0,0
2025-04-30 14:00:00,-19.24,-10.0577777777778,-10.0922222222222,-9.91888888888889,-9.78222222222222,0,0,0,0,0
2025-04-30 15:00:00,-16.66,-10.0577777777778,-10.0922222222222,-9.91888888888889,-9.78222222222222,0,0,0,0,0
2025-04-30 16:00:00,-15.345,-10.0577777777778,-10.0922222222222,-9.91888888888889,-9.78222222222222,0,0,0,0,0
2025-04-30 17:00:00,-15.4661111111111,-10.0577777777778,-10.0922222222222,-9.91888888888889,-9.78222222222222,0,0,0,0,0
2025-04-30 18:00:00,-13.6572222222222,-10.0577777777778,-10.0922222222222,-9.91888888888889,-9.78222222222222,0,0,0,0,0
2025-04-30 19:00:00,-14.2361111111111,-10.0577777777778,-10.0922222222222,-9.91888888888889,-9.78222222222222,0,0,0,0,0
2025-04-30 20:00:00,-14.6277777777778,-10.0922222222222,-10.0922222222222,-9.91888888888889,-9.78222222222222,0,0,0,0,0
2025-04-30 21:00:00,-13.9261111111111,-10.0922222222222,-10.1272222222222,-9.91888888888889,-9.78222222222222,0,0,0,0,0
2025-04-30 22:00:00,-14.12,-10.0922222222222,-10.1272222222222,-9.91888888888889,-9.78222222222222,0,0,0,0,0
2025-04-30 23:00:00,-14.0422222222222,-10.0922222222222,-10.1272222222222,-9.91888888888889,-9.78222222222222,0,0,0,0,0
2025-05-01 00:00:00,-13.8111111111111,-10.0922222222222,-10.1272222222222,-9.91888888888889,-9.78222222222222,0,0,0,0,0
2025-05-01 01:00:00,-13.7722222222222,-10.0922222222222,-10.1272222222222,-9.91888888888889,-9.78222222222222,0,0,0,0,0
2025-05-01 02:00:00,-13.7722222222222,-10.0922222222222,-10.1272222222222,-9.91888888888889,-9.78222222222222,0,0,0,0,0
2025-05-01 03:00:00,-14.275,-10.0922222222222,-10.1272222222222,-9.91888888888889,-9.78222222222222,0,0,0,0,0
2025-05-01 04:00:00,-14.945,-10.0922222222222,-10.1272222222222,-9.91888888888889,-9.78222222222222,0,0,0,0,0
2025-05-01 05:00:00,-15.5061111111111,-10.0922222222222,-10.1272222222222,-9.91888888888889,-9.78222222222222,0,0,0,0,0
2025-05-01 06:00:00,-16.8277777777778,-10.0922222222222,-10.1272222222222,-9.91888888888889,-9.78222222222222,0,0,0,0,0
2025-05-01 07:00:00,-16.5338888888889,-10.0577777777778,-10.1272222222222,-9.91888888888889,-9.78222222222222,0,0,0,0,0
2025-05-01 08:00:00,-16.4922222222222,-10.0922222222222,-10.0922222222222,-9.91888888888889,-9.78222222222222,0,0,0,0,0
2025-05-01 09:00:00,-16.9972222222222,-10.0577777777778,-10.1272222222222,-9.91888888888889,-9.78222222222222,0,0,0,0,0
2025-05-01 10:00:00,-19.6072222222222,-10.0922222222222,-10.1272222222222,-9.91888888888889,-9.78222222222222,0,0,0,0,0
2025-05-01 11:00:00,-20.4038888888889,-10.0577777777778,-10.0922222222222,-9.91888888888889,-9.78222222222222,0,0,0,0,0
2025-05-01 12:00:00,-19.1488888888889,-10.0577777777778,-10.0922222222222,-9.91888888888889,-9.78222222222222,0,0,0,0,0
2025-05-01 13:00:00,-18.4288888888889,-10.0922222222222,-10.1272222222222,-9.91888888888889,-9.78222222222222,0,0,0,0,0
2025-05-01 14:00:00,-17.5972222222222,-10.0922222222222,-10.1272222222222,-9.91888888888889,-9.78222222222222,0,0,0,0,0
2025-05-01 15:00:00,-16.9972222222222,-10.0922222222222,-10.1272222222222,-9.91888888888889,-9.78222222222222,0,0,0,0,0
2025-05-01 16:00:00,-16.0777777777778,-10.0922222222222,-10.1272222222222,-9.91888888888889,-9.78222222222222,0,0,0,0,0
2025-05-01 17:00:00,-15.6688888888889,-10.1272222222222,-10.1272222222222,-9.91888888888889,-9.78222222222222,0,0,0,0,0
2025-05-01 18:00:00,-15.1838888888889,-10.1272222222222,-10.1272222222222,-9.91888888888889,-9.78222222222222,0,0,0,0,0
2025-05-01 19:00:00,-14.0422222222222,-10.1272222222222,-10.1272222222222,-9.91888888888889,-9.78222222222222,0,0,0,0,0
2025-05-01 20:00:00,-13.4661111111111,-10.1622222222222,-10.1622222222222,-9.91888888888889,-9.78222222222222,0,0,0,0,0
2025-05-01 21:00:00,-13.4661111111111,-10.1622222222222,-10.1622222222222,-9.91888888888889,-9.78222222222222,0,0,0,0,0
2025-05-01 22:00:00,-13.6572222222222,-10.1622222222222,-10.1622222222222,-9.95388888888889,-9.78222222222222,0,0,0,0,0
2025-05-01 23:00:00,-13.1627777777778,-10.1972222222222,-10.1622222222222,-9.95388888888889,-9.78222222222222,0,0,0,0,0
2025-05-02 00:00:00,-13.6961111111111,-10.1972222222222,-10.1622222222222,-9.95388888888889,-9.78222222222222,0,0,0,0,0
2025-05-02 01:00:00,-13.7722222222222,-10.1972222222222,-10.1972222222222,-9.95388888888889,-9.78222222222222,0,0,0,0,0
2025-05-02 02:00:00,-13.6572222222222,-10.1972222222222,-10.1972222222222,-9.95388888888889,-9.78222222222222,0,0,0,0,0
2025-05-02 03:00:00,-13.6188888888889,-10.1972222222222,-10.1622222222222,-9.95388888888889,-9.78222222222222,0,0,0,0,0
2025-05-02 04:00:00,-14.2361111111111,-10.1622222222222,-10.1972222222222,-9.95388888888889,-9.81611111111111,0,0,0,0,0
2025-05-02 05:00:00,-14.8261111111111,-10.1622222222222,-10.1622222222222,-9.95388888888889,-9.78222222222222,0,0,0,0,0
2025-05-02 06:00:00,-15.2638888888889,-10.1622222222222,-10.1622222222222,-9.95388888888889,-9.81611111111111,0,0,0,0,0
2025-05-02 07:00:00,-16.4922222222222,-10.1622222222222,-10.1622222222222,-9.95388888888889,-9.81611111111111,0,0,0,0,0
2025-05-02 08:00:00,-16.66,-10.1272222222222,-10.1622222222222,-9.95388888888889,-9.81611111111111,0,0,0,0,0
2025-05-02 09:00:00,-16.66,-10.1272222222222,-10.1622222222222,-9.95388888888889,-9.81611111111111,0,0,0,0,0
2025-05-02 10:00:00,-16.955,-10.1272222222222,-10.1622222222222,-9.95388888888889,-9.81611111111111,0,0,0,0,0
2025-05-02 11:00:00,-17.51,-10.1272222222222,-10.1622222222222,-9.95388888888889,-9.81611111111111,0,0,0,0,0
2025-05-02 12:00:00,-19.3311111111111,-10.1272222222222,-10.1622222222222,-9.95388888888889,-9.81611111111111,0,0,0,0,0
2025-05-02 13:00:00,-20.7377777777778,-10.1272222222222,-10.1622222222222,-9.95388888888889,-9.81611111111111,0,0,0,0,0
2025-05-02 14:00:00,-20.2138888888889,-10.1272222222222,-10.1272222222222,-9.95388888888889,-9.78222222222222,0,0,0,0,0
2025-05-02 15:00:00,-18.9222222222222,-10.1272222222222,-10.1622222222222,-9.95388888888889,-9.81611111111111,0,0,0,0,0
2025-05-02 16:00:00,-17.5527777777778,-10.1272222222222,-10.1622222222222,-9.95388888888889,-9.78222222222222,0,0,0,0,0
2025-05-02 17:00:00,-15.0638888888889,-10.1272222222222,-10.1622222222222,-9.95388888888889,-9.78222222222222,0,0,0,0,0
2025-05-02 18:00:00,-14.6277777777778,-10.1622222222222,-10.1622222222222,-9.95388888888889,-9.78222222222222,0,0,0,0,0
2025-05-02 19:00:00,-13.05,-10.1622222222222,-10.1622222222222,-9.95388888888889,-9.78222222222222,0,0,0,0,0
2025-05-02 20:00:00,-12.4172222222222,-10.1972222222222,-10.1972222222222,-9.95388888888889,-9.78222222222222,0,0,0,0,0
2025-05-02 21:00:00,-11.4327777777778,-10.1972222222222,-10.1972222222222,-9.95388888888889,-9.78222222222222,0,0,0,0,0
2025-05-02 22:00:00,-11.9761111111111,-10.1972222222222,-10.1972222222222,-9.95388888888889,-9.81611111111111,0,0,0,0,0
2025-05-02 23:00:00,-11.7577777777778,-10.1972222222222,-10.1972222222222,-9.95388888888889,-9.81611111111111,0,0,0,0,0
2025-05-03 00:00:00,-9.74722222222222,-10.2311111111111,-10.1972222222222,-9.98888888888889,-9.81611111111111,0,0,0,0,0
2025-05-03 01:00:00,-7.54277777777778,-10.2311111111111,-10.1972222222222,-9.98888888888889,-9.81611111111111,0,0,0,0,0
2025-05-03 02:00:00,-10.3361111111111,-10.1972222222222,-10.1972222222222,-9.98888888888889,-9.81611111111111,0,0,0,0,0
2025-05-03 03:00:00,-11.1111111111111,-10.2311111111111,-10.1972222222222,-9.98888888888889,-9.81611111111111,0,0,0,0,0
2025-05-03 04:00:00,-10.9688888888889,-10.1972222222222,-10.1972222222222,-9.98888888888889,-9.81611111111111,0,0,0,0,0
2025-05-03 05:00:00,-14.3138888888889,-10.1972222222222,-10.1972222222222,-9.98888888888889,-9.81611111111111,0,0,0,0,0
2025-05-03 06:00:00,-16.4088888888889,-10.1622222222222,-10.1972222222222,-9.98888888888889,-9.81611111111111,0,0,0,0,0
2025-05-03 07:00:00,-17.9011111111111,-10.1622222222222,-10.1622222222222,-9.98888888888889,-9.81611111111111,0,0,0,0,0
2025-05-03 08:00:00,-18.6522222222222,-10.1272222222222,-10.1622222222222,-9.98888888888889,-9.81611111111111,0,0,0,0,0
2025-05-03 09:00:00,-19.1938888888889,-10.1272222222222,-10.1622222222222,-9.98888888888889,-9.81611111111111,0,0,0,0,0
2025-05-03 10:00:00,-18.2961111111111,-10.1272222222222,-10.1272222222222,-9.98888888888889,-9.81611111111111,0,0,0,0,0
2025-05-03 11:00:00,-19.6538888888889,-10.0922222222222,-10.1272222222222,-9.95388888888889,-9.81611111111111,0,0,0,0,0
2025-05-03 12:00:00,-21.0772222222222,-10.0922222222222,-10.1272222222222,-9.95388888888889,-9.81611111111111,0,0,0,0,0
2025-05-03 13:00:00,-17.5972222222222,-10.0922222222222,-10.1272222222222,-9.95388888888889,-9.81611111111111,0,0,0,0,0
2025-05-03 14:00:00,-19.7461111111111,-10.0577777777778,-10.1272222222222,-9.95388888888889,-9.81611111111111,0,0,0,0,0
2025-05-03 15:00:00,-19.0577777777778,-10.0577777777778,-10.1272222222222,-9.95388888888889,-9.81611111111111,0,0,0,0,0
2025-05-03 16:00:00,-13.1627777777778,-10.0577777777778,-10.0922222222222,-9.95388888888889,-9.78222222222222,1,0,0,0,0
2025-05-03 17:00:00,-7.935,-10.0577777777778,-10.0922222222222,-9.95388888888889,-9.78222222222222,1,0,0,0,0
2025-05-03 18:00:00,-13.2011111111111,-10.0577777777778,-10.0922222222222,-9.91888888888889,-9.81611111111111,1,0,0,0,0
2025-05-03 19:00:00,-12.2688888888889,-10.0577777777778,-10.0922222222222,-9.91888888888889,-9.78222222222222,0,0,0,0,0
2025-05-03 20:00:00,-11.94,-10.0577777777778,-10.0922222222222,-9.91888888888889,-9.78222222222222,0,0,0,0,0
2025-05-03 21:00:00,-10.8272222222222,-10.0922222222222,-10.0922222222222,-9.91888888888889,-9.78222222222222,0,0,0,0,0
2025-05-03 22:00:00,-10.9338888888889,-10.0922222222222,-10.0922222222222,-9.91888888888889,-9.78222222222222,0,0,0,0,0
2025-05-03 23:00:00,-10.4411111111111,-10.0922222222222,-10.1272222222222,-9.91888888888889,-9.78222222222222,0,0,0,0,0
2025-05-04 00:00:00,-9.85111111111111,-10.0922222222222,-10.1272222222222,-9.91888888888889,-9.78222222222222,0,0,0,0,0
2025-05-04 01:00:00,-10.1972222222222,-10.0922222222222,-10.1272222222222,-9.95388888888889,-9.78222222222222,0,0,0,0,0
2025-05-04 02:00:00,-9.91888888888889,-10.0577777777778,-10.0922222222222,-9.91888888888889,-9.78222222222222,0,0,0,0,0
2025-05-04 03:00:00,-10.0922222222222,-10.0577777777778,-10.0922222222222,-9.91888888888889,-9.78222222222222,0,0,0,0,0
2025-05-04 04:00:00,-10.7572222222222,-10.0577777777778,-10.0922222222222,-9.91888888888889,-9.78222222222222,0,0,0,0,0
2025-05-04 05:00:00,-11.29,-10.0227777777778,-10.0577777777778,-9.91888888888889,-9.78222222222222,0,0,0,0,0
2025-05-04 06:00:00,-10.9688888888889,-9.98888888888889,-10.0577777777778,-9.91888888888889,-9.78222222222222,0,0,0,0,0
2025-05-04 07:00:00,-11.1472222222222,-9.98888888888889,-10.0577777777778,-9.91888888888889,-9.78222222222222,0,0,0,0,0
2025-05-04 08:00:00,-11.8672222222222,-9.95388888888889,-10.0227777777778,-9.91888888888889,-9.78222222222222,0,0,0,0,0
2025-05-04 09:00:00,-12.8627777777778,-9.95388888888889,-10.0227777777778,-9.885,-9.78222222222222,0,0,0,0,0
2025-05-04 10:00:00,-13.505,-9.95388888888889,-9.98888888888889,-9.885,-9.78222222222222,0,0,0,0,0
2025-05-04 11:00:00,-15.1038888888889,-9.91888888888889,-9.98888888888889,-9.885,-9.74722222222222,0,0,0,0,0
2025-05-04 12:00:00,-15.9961111111111,-9.91888888888889,-9.98888888888889,-9.885,-9.74722222222222,0,0,0,0,0
2025-05-04 13:00:00,-16.66,-9.885,-9.98888888888889,-9.885,-9.74722222222222,0,0,0,0,0
2025-05-04 14:00:00,-15.9961111111111,-9.885,-9.95388888888889,-9.85111111111111,-9.74722222222222,0,0,0,0,0
2025-05-04 15:00:00,-15.345,-9.885,-9.95388888888889,-9.85111111111111,-9.74722222222222,0,0,0,0,0
2025-05-04 16:00:00,-14.3138888888889,-9.85111111111111,-9.95388888888889,-9.85111111111111,-9.74722222222222,0,0,0,0,0
2025-05-04 17:00:00,-13.3522222222222,-9.85111111111111,-9.95388888888889,-9.81611111111111,-9.71277777777778,0,0,0,0,0
2025-05-04 18:00:00,-12.4172222222222,-9.885,-9.95388888888889,-9.81611111111111,-9.71277777777778,0,0,0,0,0
2025-05-04 19:00:00,-11.4688888888889,-9.885,-9.95388888888889,-9.81611111111111,-9.71277777777778,0,0,0,0,0
2025-05-04 20:00:00,-10.8272222222222,-9.885,-9.95388888888889,-9.81611111111111,-9.71277777777778,0,0,0,0,0
2025-05-04 21:00:00,-10.3361111111111,-9.885,-9.95388888888889,-9.81611111111111,-9.71277777777778,0,0,0,0,0
2025-05-04 22:00:00,-9.64388888888889,-9.885,-9.95388888888889,-9.81611111111111,-9.71277777777778,0,0,0,0,0
2025-05-04 23:00:00,-9.405,-9.885,-9.95388888888889,-9.81611111111111,-9.71277777777778,0,0,0,0,0
2025-05-05 00:00:00,-9.26888888888889,-9.91888888888889,-9.95388888888889,-9.81611111111111,-9.67888888888889,0,0,0,0,0
2025-05-05 01:00:00,-9.405,-9.91888888888889,-9.95388888888889,-9.81611111111111,-9.71277777777778,0,0,0,0,0
2025-05-05 02:00:00,-9.64388888888889,-9.91888888888889,-9.95388888888889,-9.81611111111111,-9.71277777777778,0,0,0,0,0
2025-05-05 03:00:00,-10.0577777777778,-9.885,-9.95388888888889,-9.81611111111111,-9.71277777777778,0,0,0,0,0
2025-05-05 04:00:00,-10.7222222222222,-9.885,-9.91888888888889,-9.81611111111111,-9.67888888888889,0,0,0,0,0
2025-05-05 05:00:00,-11.4688888888889,-9.85111111111111,-9.91888888888889,-9.81611111111111,-9.67888888888889,0,0,0,0,0
2025-05-05 06:00:00,-12.1961111111111,-9.85111111111111,-9.91888888888889,-9.81611111111111,-9.67888888888889,0,0,0,0,0
2025-05-05 07:00:00,-12.825,-9.85111111111111,-9.91888888888889,-9.78222222222222,-9.67888888888889,0,0,0,0,0
2025-05-05 08:00:00,-13.6188888888889,-9.85111111111111,-9.91888888888889,-9.78222222222222,-9.67888888888889,0,0,0,0,0
2025-05-05 09:00:00,-13.9261111111111,-9.81611111111111,-9.885,-9.78222222222222,-9.67888888888889,0,0,0,0,0
2025-05-05 10:00:00,-14.275,-9.81611111111111,-9.885,-9.78222222222222,-9.67888888888889,0,0,0,0,0
2025-05-05 11:00:00,-14.51,-9.81611111111111,-9.885,-9.78222222222222,-9.67888888888889,0,0,0,0,0
2025-05-05 12:00:00,-14.6672222222222,-9.81611111111111,-9.885,-9.78222222222222,-9.67888888888889,0,0,0,0,0
2025-05-05 13:00:00,-14.905,-9.81611111111111,-9.85111111111111,-9.78222222222222,-9.64388888888889,0,0,0,0,0
2025-05-05 14:00:00,-14.3527777777778,-9.81611111111111,-9.85111111111111,-9.74722222222222,-9.64388888888889,0,0,0,0,0
2025-05-05 15:00:00,-14.8261111111111,-9.81611111111111,-9.85111111111111,-9.74722222222222,-9.64388888888889,0,0,0,0,0
2025-05-05 16:00:00,-14.2361111111111,-9.81611111111111,-9.885,-9.74722222222222,-9.64388888888889,0,0,0,0,0
2025-05-05 17:00:00,-15.385,-9.81611111111111,-9.885,-9.74722222222222,-9.64388888888889,0,0,0,0,0
2025-05-05 18:00:00,-12.975,-9.85111111111111,-9.885,-9.74722222222222,-9.64388888888889,0,0,0,0,0
2025-05-05 19:00:00,-11.2538888888889,-9.85111111111111,-9.885,-9.74722222222222,-9.64388888888889,0,0,0,0,0
2025-05-05 20:00:00,-10.4761111111111,-9.85111111111111,-9.885,-9.74722222222222,-9.64388888888889,0,0,0,0,0
2025-05-05 21:00:00,-10.2661111111111,-9.85111111111111,-9.885,-9.74722222222222,-9.64388888888889,0,0,0,0,0
2025-05-05 22:00:00,-9.03277777777778,-9.85111111111111,-9.885,-9.74722222222222,-9.64388888888889,0,0,0,0,0
2025-05-05 23:00:00,-8.36388888888889,-9.85111111111111,-9.885,-9.74722222222222,-9.64388888888889,0,0,0,0,0
2025-05-06 00:00:00,-8.43,-9.85111111111111,-9.885,-9.74722222222222,-9.64388888888889,0,0,0,0,0
2025-05-06 01:00:00,-8.86388888888889,-9.85111111111111,-9.885,-9.74722222222222,-9.64388888888889,0,0,0,0,0
2025-05-06 02:00:00,-8.76388888888889,-9.85111111111111,-9.885,-9.74722222222222,-9.64388888888889,0,0,0,0,0
2025-05-06 03:00:00,-9.26888888888889,-9.85111111111111,-9.885,-9.74722222222222,-9.61,0,0,0,0,0
2025-05-06 04:00:00,-11.5772222222222,-9.81611111111111,-9.85111111111111,-9.74722222222222,-9.61,0,0,0,0,0
2025-05-06 05:00:00,-12.7877777777778,-9.81611111111111,-9.85111111111111,-9.74722222222222,-9.64388888888889,0,0,0,0,0
2025-05-06 06:00:00,-15.0238888888889,-9.78222222222222,-9.85111111111111,-9.74722222222222,-9.61,0,0,0,0,0
2025-05-06 07:00:00,-17.1672222222222,-9.78222222222222,-9.85111111111111,-9.71277777777778,-9.61,0,0,0,0,0
2025-05-06 08:00:00,-18.0322222222222,-9.78222222222222,-9.85111111111111,-9.71277777777778,-9.61,0,0,0,0,0
2025-05-06 09:00:00,-19.1027777777778,-9.74722222222222,-9.81611111111111,-9.71277777777778,-9.61,0,0,0,0,0
2025-05-06 10:00:00,-19.9327777777778,-9.74722222222222,-9.81611111111111,-9.71277777777778,-9.61,0,0,0,0,0
2025-05-06 11:00:00,-20.5472222222222,-9.74722222222222,-9.81611111111111,-9.71277777777778,-9.61,0,0,0,0,0
2025-05-06 12:00:00,-21.7661111111111,-9.74722222222222,-9.81611111111111,-9.71277777777778,-9.61,0,0,0,0,0
2025-05-06 13:00:00,-21.2722222222222,-9.74722222222222,-9.81611111111111,-9.71277777777778,-9.61,0,0,0,0,0
2025-05-06 14:00:00,-20.595,-9.78222222222222,-9.81611111111111,-9.67888888888889,-9.57611111111111,0,0,0,0,0
2025-05-06 15:00:00,-18.2522222222222,-9.74722222222222,-9.81611111111111,-9.67888888888889,-9.57611111111111,0,0,0,0,0
2025-05-06 16:00:00,-15.5061111111111,-9.78222222222222,-9.85111111111111,-9.67888888888889,-9.57611111111111,0,0,0,0,0
2025-05-06 17:00:00,-8.06611111111111,-9.78222222222222,-9.81611111111111,-9.67888888888889,-9.57611111111111,1,0,0,0,0
2025-05-06 18:00:00,-11.2177777777778,-9.81611111111111,-9.85111111111111,-9.67888888888889,-9.57611111111111,0,0,0,0,0
2025-05-06 19:00:00,-8.63,-9.85111111111111,-9.85111111111111,-9.67888888888889,-9.57611111111111,0,0,0,0,0
2025-05-06 20:00:00,-8.29722222222222,-9.885,-9.85111111111111,-9.67888888888889,-9.57611111111111,0,0,0,0,0
2025-05-06 21:00:00,-8.59722222222222,-9.91888888888889,-9.885,-9.71277777777778,-9.57611111111111,0,0,0,0,0
2025-05-06 22:00:00,-6.54722222222222,-9.91888888888889,-9.91888888888889,-9.71277777777778,-9.57611111111111,0,0,0,0,0
2025-05-06 23:00:00,-5.605,-9.95388888888889,-9.91888888888889,-9.71277777777778,-9.57611111111111,0,0,0,0,0
2025-05-07 00:00:00,-2.07277777777778,-9.95388888888889,-9.91888888888889,-9.71277777777778,-9.57611111111111,0,0,0,0,0
2025-05-07 01:00:00,-2.83,-9.98888888888889,-9.91888888888889,-9.71277777777778,-9.61,0,0,0,0,0
2025-05-07 02:00:00,-6.64222222222222,-9.98888888888889,-9.91888888888889,-9.74722222222222,-9.57611111111111,0,0,0,0,0
2025-05-07 03:00:00,-5.63611111111111,-9.95388888888889,-9.95388888888889,-9.74722222222222,-9.61,0,0,0,0,0
2025-05-07 04:00:00,-7.41277777777778,-9.95388888888889,-9.95388888888889,-9.74722222222222,-9.61,0,0,0,0,0
2025-05-07 05:00:00,-8.86388888888889,-9.95388888888889,-9.91888888888889,-9.74722222222222,-9.61,0,0,0,0,0
2025-05-07 06:00:00,-11.4327777777778,-9.91888888888889,-9.91888888888889,-9.74722222222222,-9.61,0,0,0,0,0
2025-05-07 07:00:00,-15.1038888888889,-9.91888888888889,-9.91888888888889,-9.74722222222222,-9.61,0,0,0,0,0
2025-05-07 08:00:00,-14.6277777777778,-9.885,-9.91888888888889,-9.74722222222222,-9.61,0,0,0,0,0
2025-05-07 09:00:00,-12.2688888888889,-9.85111111111111,-9.885,-9.74722222222222,-9.61,0,0,0,0,0
2025-05-07 10:00:00,-12.3427777777778,-9.85111111111111,-9.885,-9.74722222222222,-9.61,0,0,0,0,0
2025-05-07 11:00:00,-12.4911111111111,-9.81611111111111,-9.885,-9.71277777777778,-9.61,0,0,0,0,0
2025-05-07 12:00:00,-13.2388888888889,-9.81611111111111,-9.85111111111111,-9.71277777777778,-9.61,0,0,0,0,0
2025-05-07 13:00:00,-13.8877777777778,-9.81611111111111,-9.85111111111111,-9.71277777777778,-9.61,0,0,0,0,0
2025-05-07 14:00:00,-13.7722222222222,-9.81611111111111,-9.85111111111111,-9.71277777777778,-9.61,0,0,0,0,0
2025-05-07 15:00:00,-14.6277777777778,-9.78222222222222,-9.85111111111111,-9.71277777777778,-9.61,0,0,0,0,0
2025-05-07 16:00:00,-11.9761111111111,-9.78222222222222,-9.85111111111111,-9.71277777777778,-9.61,0,0,0,0,0
2025-05-07 17:00:00,-8.59722222222222,-9.78222222222222,-9.85111111111111,-9.71277777777778,-9.61,0,0,0,0,0
2025-05-07 18:00:00,-9.74722222222222,-9.78222222222222,-9.85111111111111,-9.71277777777778,-9.57611111111111,0,0,0,0,0
2025-05-07 19:00:00,-9.16777777777778,-9.78222222222222,-9.85111111111111,-9.71277777777778,-9.57611111111111,0,0,0,0,0
2025-05-07 20:00:00,-9.67888888888889,-9.78222222222222,-9.81611111111111,-9.67888888888889,-9.57611111111111,0,0,0,0,0
2025-05-07 21:00:00,-9.13388888888889,-9.78222222222222,-9.85111111111111,-9.71277777777778,-9.57611111111111,0,0,0,0,0
2025-05-07 22:00:00,-6.38777777777778,-9.78222222222222,-9.81611111111111,-9.71277777777778,-9.57611111111111,0,0,0,0,0
2025-05-07 23:00:00,-7.31611111111111,-9.78222222222222,-9.81611111111111,-9.67888888888889,-9.57611111111111,0,0,0,0,0
2025-05-08 00:00:00,-7.18722222222222,-9.78222222222222,-9.81611111111111,-9.67888888888889,-9.57611111111111,0,0,0,0,0
2025-05-08 01:00:00,-6.73777777777778,-9.78222222222222,-9.81611111111111,-9.67888888888889,-9.57611111111111,0,0,0,0,0
2025-05-08 02:00:00,-6.19888888888889,-9.78222222222222,-9.81611111111111,-9.67888888888889,-9.57611111111111,0,0,0,0,0
2025-05-08 03:00:00,-7.60777777777778,-9.74722222222222,-9.81611111111111,-9.67888888888889,-9.57611111111111,0,0,0,0,0
2025-05-08 04:00:00,-7.12222222222222,-9.71277777777778,-9.78222222222222,-9.67888888888889,-9.57611111111111,0,0,0,0,0
2025-05-08 05:00:00,-9.13388888888889,-9.71277777777778,-9.78222222222222,-9.67888888888889,-9.57611111111111,0,0,0,0,0
2025-05-08 06:00:00,-11.2177777777778,-9.71277777777778,-9.78222222222222,-9.67888888888889,-9.57611111111111,0,0,0,0,0
2025-05-08 07:00:00,-14.12,-9.67888888888889,-9.74722222222222,-9.67888888888889,-9.57611111111111,0,0,0,0,0
2025-05-08 08:00:00,-15.7088888888889,-9.67888888888889,-9.74722222222222,-9.64388888888889,-9.54222222222222,0,0,0,0,0
2025-05-08 09:00:00,-14.7072222222222,-9.64388888888889,-9.71277777777778,-9.64388888888889,-9.54222222222222,0,0,0,0,0
2025-05-08 10:00:00,-19.4688888888889,-9.64388888888889,-9.71277777777778,-9.64388888888889,-9.54222222222222,0,0,0,0,0
2025-05-08 11:00:00,-20.835,-9.64388888888889,-9.71277777777778,-9.64388888888889,-9.54222222222222,0,0,0,0,0
2025-05-08 12:00:00,-21.6172222222222,-9.61,-9.71277777777778,-9.64388888888889,-9.54222222222222,0,0,0,0,0
2025-05-08 13:00:00,-22.32,-9.61,-9.71277777777778,-9.61,-9.54222222222222,0,0,0,0,0
2025-05-08 14:00:00,-20.835,-9.61,-9.71277777777778,-9.61,-9.50777777777778,0,0,0,0,0
2025-05-08 15:00:00,-18.4738888888889,-9.64388888888889,-9.71277777777778,-9.61,-9.50777777777778,0,0,0,0,0
2025-05-08 16:00:00,-16.7861111111111,-9.64388888888889,-9.71277777777778,-9.57611111111111,-9.50777777777778,0,0,0,0,0
2025-05-08 17:00:00,-15.425,-9.67888888888889,-9.71277777777778,-9.57611111111111,-9.50777777777778,0,0,0,0,0
2025-05-08 18:00:00,-13.0877777777778,-9.71277777777778,-9.71277777777778,-9.61,-9.50777777777778,0,0,0,0,0
2025-05-08 19:00:00,-10.4061111111111,-9.71277777777778,-9.71277777777778,-9.57611111111111,-9.50777777777778,0,0,0,0,0
2025-05-08 20:00:00,-7.575,-9.71277777777778,-9.74722222222222,-9.61,-9.50777777777778,0,0,0,0,0
2025-05-08 21:00:00,-5.82277777777778,-9.74722222222222,-9.78222222222222,-9.61,-9.50777777777778,0,0,0,0,0
2025-05-08 22:00:00,-5.26388888888889,-9.78222222222222,-9.78222222222222,-9.61,-9.50777777777778,0,0,0,0,0
2025-05-08 23:00:00,-5.17222222222222,-9.78222222222222,-9.78222222222222,-9.61,-9.50777777777778,1,0,0,0,0
2025-05-09 00:00:00,-8.33111111111111,-9.81611111111111,-9.78222222222222,-9.64388888888889,-9.50777777777778,1,0,0,0,0
2025-05-09 01:00:00,-8.23111111111111,-9.81611111111111,-9.81611111111111,-9.64388888888889,-9.50777777777778,0,0,0,0,0
2025-05-09 02:00:00,-9.06611111111111,-9.78222222222222,-9.81611111111111,-9.61,-9.50777777777778,0,0,0,0,0
2025-05-09 03:00:00,-9.54222222222222,-9.78222222222222,-9.78222222222222,-9.64388888888889,-9.50777777777778,0,0,0,0,0
2025-05-09 04:00:00,-10.0922222222222,-9.78222222222222,-9.81611111111111,-9.64388888888889,-9.50777777777778,0,0,0,0,0
2025-05-09 05:00:00,-10.3711111111111,-9.78222222222222,-9.78222222222222,-9.64388888888889,-9.50777777777778,0,0,0,0,0
2025-05-09 06:00:00,-10.5461111111111,-9.74722222222222,-9.78222222222222,-9.64388888888889,-9.50777777777778,0,0,0,0,0
2025-05-09 07:00:00,-10.8272222222222,-9.71277777777778,-9.78222222222222,-9.64388888888889,-9.50777777777778,0,0,0,0,0
2025-05-09 08:00:00,-10.8977777777778,-9.71277777777778,-9.78222222222222,-9.64388888888889,-9.50777777777778,0,0,0,0,0
2025-05-09 09:00:00,-11.1111111111111,-9.71277777777778,-9.78222222222222,-9.64388888888889,-9.50777777777778,0,0,0,0,0
2025-05-09 10:00:00,-11.4688888888889,-9.67888888888889,-9.74722222222222,-9.64388888888889,-9.50777777777778,0,0,0,0,0
2025-05-09 11:00:00,-11.8311111111111,-9.67888888888889,-9.71277777777778,-9.61,-9.50777777777778,0,0,0,0,0
2025-05-09 12:00:00,-11.9027777777778,-9.64388888888889,-9.71277777777778,-9.61,-9.50777777777778,0,0,0,0,0
2025-05-09 13:00:00,-11.6861111111111,-9.64388888888889,-9.71277777777778,-9.61,-9.50777777777778,0,0,0,0,0
2025-05-09 14:00:00,-12.4538888888889,-9.64388888888889,-9.71277777777778,-9.61,-9.50777777777778,0,0,0,0,0
2025-05-09 15:00:00,-12.6022222222222,-9.64388888888889,-9.71277777777778,-9.61,-9.50777777777778,0,0,0,0,0
2025-05-09 16:00:00,-11.65,-9.61,-9.71277777777778,-9.61,-9.50777777777778,0,0,0,0,0
2025-05-09 17:00:00,-10.1272222222222,-9.61,-9.67888888888889,-9.57611111111111,-9.47277777777778,0,0,0,0,0
2025-05-09 18:00:00,-8.29722222222222,-9.57611111111111,-9.67888888888889,-9.57611111111111,-9.47277777777778,0,0,0,0,0
2025-05-09 19:00:00,-7.67277777777778,-9.57611111111111,-9.67888888888889,-9.57611111111111,-9.47277777777778,0,0,0,0,0
2025-05-09 20:00:00,-6.07277777777778,-9.57611111111111,-9.64388888888889,-9.57611111111111,-9.47277777777778,0,0,0,0,0
2025-05-09 21:00:00,-5.63611111111111,-9.57611111111111,-9.64388888888889,-9.57611111111111,-9.47277777777778,0,0,0,0,0
2025-05-09 22:00:00,-3.56777777777778,-9.57611111111111,-9.64388888888889,-9.57611111111111,-9.47277777777778,0,0,0,0,0
2025-05-09 23:00:00,-4.13722222222222,-9.54222222222222,-9.64388888888889,-9.57611111111111,-9.47277777777778,0,0,0,0,0
2025-05-10 00:00:00,-4.25722222222222,-9.54222222222222,-9.61,-9.54222222222222,-9.47277777777778,0,0,0,0,0
2025-05-10 01:00:00,-3.77722222222222,-9.50777777777778,-9.61,-9.54222222222222,-9.43888888888889,0,0,0,0,0
2025-05-10 02:00:00,-7.90222222222222,-9.50777777777778,-9.61,-9.54222222222222,-9.47277777777778,0,0,0,0,0
2025-05-10 03:00:00,-4.95722222222222,-9.47277777777778,-9.57611111111111,-9.54222222222222,-9.43888888888889,0,0,0,0,0
2025-05-10 04:00:00,-8.165,-9.43888888888889,-9.57611111111111,-9.54222222222222,-9.43888888888889,0,0,0,0,0
2025-05-10 05:00:00,-12.6022222222222,-9.43888888888889,-9.54222222222222,-9.50777777777778,-9.43888888888889,0,0,0,0,0
2025-05-10 06:00:00,-14.8261111111111,-9.405,-9.54222222222222,-9.50777777777778,-9.43888888888889,0,0,0,0,0
2025-05-10 07:00:00,-18.0761111111111,-9.37111111111111,-9.50777777777778,-9.50777777777778,-9.43888888888889,0,0,0,0,0
2025-05-10 08:00:00,-15.5061111111111,-9.33722222222222,-9.50777777777778,-9.50777777777778,-9.405,0,0,0,0,0
2025-05-10 09:00:00,-14.0422222222222,-9.30277777777778,-9.47277777777778,-9.47277777777778,-9.405,0,0,0,0,0
2025-05-10 10:00:00,-13.6188888888889,-9.30277777777778,-9.43888888888889,-9.47277777777778,-9.405,0,0,0,0,0
2025-05-10 11:00:00,-14.1972222222222,-9.30277777777778,-9.43888888888889,-9.43888888888889,-9.405,0,0,0,0,0
2025-05-10 12:00:00,-16.0372222222222,-9.30277777777778,-9.43888888888889,-9.43888888888889,-9.37111111111111,0,0,0,0,0
2025-05-10 13:00:00,-15.1438888888889,-9.30277777777778,-9.405,-9.43888888888889,-9.37111111111111,0,0,0,0,0
2025-05-10 14:00:00,-14.1588888888889,-9.30277777777778,-9.405,-9.405,-9.37111111111111,0,0,0,0,0
2025-05-10 15:00:00,-13.2011111111111,-9.30277777777778,-9.405,-9.405,-9.37111111111111,0,0,0,0,0
2025-05-10 16:00:00,-11.8311111111111,-9.30277777777778,-9.405,-9.405,-9.33722222222222,0,0,0,0,0
2025-05-10 17:00:00,-11.2538888888889,-9.30277777777778,-9.405,-9.405,-9.33722222222222,0,0,0,0,0
2025-05-10 18:00:00,-10.5111111111111,-9.30277777777778,-9.405,-9.37111111111111,-9.33722222222222,0,0,0,0,0
2025-05-10 19:00:00,-11.3261111111111,-9.30277777777778,-9.405,-9.37111111111111,-9.33722222222222,0,0,0,0,0
2025-05-10 20:00:00,-10.6861111111111,-9.30277777777778,-9.405,-9.37111111111111,-9.30277777777778,0,0,0,0,0
2025-05-10 21:00:00,-10.0577777777778,-9.30277777777778,-9.405,-9.37111111111111,-9.30277777777778,0,0,0,0,0
2025-05-10 22:00:00,-9.71277777777778,-9.30277777777778,-9.405,-9.37111111111111,-9.30277777777778,0,0,0,0,0
2025-05-10 23:00:00,-9.64388888888889,-9.33722222222222,-9.43888888888889,-9.37111111111111,-9.30277777777778,0,0,0,0,0
2025-05-11 00:00:00,-9.235,-9.30277777777778,-9.405,-9.37111111111111,-9.30277777777778,0,0,0,0,0
2025-05-11 01:00:00,-9.67888888888889,-9.30277777777778,-9.405,-9.37111111111111,-9.30277777777778,0,0,0,0,0
2025-05-11 02:00:00,-9.61,-9.30277777777778,-9.405,-9.37111111111111,-9.30277777777778,0,0,0,0,0
2025-05-11 03:00:00,-9.64388888888889,-9.30277777777778,-9.405,-9.37111111111111,-9.30277777777778,0,0,0,0,0
2025-05-11 04:00:00,-9.78222222222222,-9.30277777777778,-9.405,-9.37111111111111,-9.30277777777778,0,0,0,0,0
2025-05-11 05:00:00,-9.74722222222222,-9.30277777777778,-9.405,-9.33722222222222,-9.26888888888889,0,0,0,0,0
2025-05-11 06:00:00,-9.74722222222222,-9.26888888888889,-9.37111111111111,-9.33722222222222,-9.30277777777778,0,0,0,0,0
2025-05-11 07:00:00,-9.74722222222222,-9.26888888888889,-9.37111111111111,-9.33722222222222,-9.26888888888889,0,0,0,0,0
2025-05-11 08:00:00,-9.64388888888889,-9.235,-9.37111111111111,-9.33722222222222,-9.26888888888889,0,0,0,0,0
2025-05-11 09:00:00,-9.26888888888889,-9.235,-9.37111111111111,-9.33722222222222,-9.26888888888889,0,0,0,0,0
2025-05-11 10:00:00,-9.03277777777778,-9.235,-9.37111111111111,-9.33722222222222,-9.26888888888889,0,0,0,0,0
2025-05-11 11:00:00,-8.89777777777778,-9.235,-9.37111111111111,-9.30277777777778,-9.26888888888889,0,0,0,0,0
2025-05-11 12:00:00,-8.99888888888889,-9.235,-9.33722222222222,-9.30277777777778,-9.26888888888889,0,0,0,0,0
2025-05-11 13:00:00,-8.965,-9.235,-9.33722222222222,-9.30277777777778,-9.26888888888889,0,0,0,0,0
2025-05-11 14:00:00,-8.63,-9.235,-9.33722222222222,-9.30277777777778,-9.26888888888889,0,0,0,0,0
2025-05-11 15:00:00,-8.69722222222222,-9.235,-9.33722222222222,-9.30277777777778,-9.235,0,0,0,0,0
2025-05-11 16:00:00,-8.53,-9.235,-9.33722222222222,-9.30277777777778,-9.235,0,0,0,0,0
2025-05-11 17:00:00,-8.29722222222222,-9.20222222222222,-9.30277777777778,-9.30277777777778,-9.235,0,0,0,0,0
2025-05-11 18:00:00,-8.06611111111111,-9.235,-9.30277777777778,-9.30277777777778,-9.235,0,0,0,0,0
2025-05-11 19:00:00,-7.47777777777778,-9.20222222222222,-9.30277777777778,-9.26888888888889,-9.235,0,0,0,0,0
2025-05-11 20:00:00,-7.12222222222222,-9.20222222222222,-9.30277777777778,-9.30277777777778,-9.235,0,0,0,0,0
2025-05-11 21:00:00,-6.42,-9.16777777777778,-9.30277777777778,-9.26888888888889,-9.20222222222222,0,0,0,0,0
2025-05-11 22:00:00,-6.16777777777778,-9.16777777777778,-9.30277777777778,-9.26888888888889,-9.235,0,0,0,0,0
2025-05-11 23:00:00,-5.85388888888889,-9.16777777777778,-9.30277777777778,-9.26888888888889,-9.20222222222222,0,0,0,0,0
2025-05-12 00:00:00,-5.605,-9.16777777777778,-9.30277777777778,-9.26888888888889,-9.20222222222222,0,0,0,0,0
2025-05-12 01:00:00,-5.63611111111111,-9.16777777777778,-9.26888888888889,-9.26888888888889,-9.20222222222222,0,0,0,0,0
2025-05-12 02:00:00,-6.07277777777778,-9.16777777777778,-9.26888888888889,-9.235,-9.20222222222222,0,0,0,0,0
2025-05-12 03:00:00,-5.76,-9.13388888888889,-9.26888888888889,-9.235,-9.20222222222222,0,0,0,0,0
2025-05-12 04:00:00,-6.29388888888889,-9.13388888888889,-9.235,-9.235,-9.20222222222222,0,0,0,0,0
2025-05-12 05:00:00,-6.99388888888889,-9.13388888888889,-9.235,-9.235,-9.16777777777778,0,0,0,0,0
2025-05-12 06:00:00,-7.445,-9.1,-9.235,-9.235,-9.16777777777778,0,0,0,0,0
2025-05-12 07:00:00,-9.95388888888889,-9.1,-9.235,-9.235,-9.16777777777778,1,0,0,0,0
2025-05-12 08:00:00,-8.89777777777778,-9.1,-9.235,-9.235,-9.16777777777778,0,0,0,0,0
2025-05-12 09:00:00,-9.37111111111111,-9.06611111111111,-9.235,-9.20222222222222,-9.16777777777778,0,0,0,0,0
2025-05-12 10:00:00,-9.26888888888889,-9.06611111111111,-9.16777777777778,-9.20222222222222,-9.16777777777778,0,0,0,0,0
2025-05-12 11:00:00,-9.1,-9.03277777777778,-9.16777777777778,-9.20222222222222,-9.16777777777778,0,0,0,0,0
2025-05-12 12:00:00,-8.63,-9.03277777777778,-9.16777777777778,-9.16777777777778,-9.13388888888889,0,0,0,0,0
2025-05-12 13:00:00,-7.96777777777778,-9.03277777777778,-9.16777777777778,-9.16777777777778,-9.13388888888889,0,0,0,0,0
2025-05-12 14:00:00,-7.18722222222222,-9.03277777777778,-9.16777777777778,-9.16777777777778,-9.13388888888889,0,0,0,0,0
2025-05-12 15:00:00,-7.21888888888889,-8.99888888888889,-9.16777777777778,-9.16777777777778,-9.13388888888889,0,0,0,0,0
2025-05-12 16:00:00,-7.05777777777778,-8.99888888888889,-9.16777777777778,-9.16777777777778,-9.13388888888889,0,0,0,0,0
2025-05-12 17:00:00,-6.515,-8.99888888888889,-9.13388888888889,-9.16777777777778,-9.13388888888889,0,0,0,0,0
2025-05-12 18:00:00,-5.63611111111111,-8.99888888888889,-9.13388888888889,-9.16777777777778,-9.1,0,0,0,0,0
2025-05-12 19:00:00,-4.92611111111111,-8.99888888888889,-9.13388888888889,-9.16777777777778,-9.1,0,0,0,0,0
2025-05-12 20:00:00,-5.01777777777778,-8.965,-9.13388888888889,-9.13388888888889,-9.1,0,0,0,0,0
2025-05-12 21:00:00,-4.95722222222222,-8.965,-9.1,-9.13388888888889,-9.1,0,0,0,0,0
2025-05-12 22:00:00,-4.74277777777778,-8.965,-9.1,-9.13388888888889,-9.1,0,0,0,0,0
2025-05-12 23:00:00,-5.01777777777778,-8.93222222222222,-9.1,-9.1,-9.1,0,0,0,0,0
2025-05-13 00:00:00,-5.69777777777778,-8.93222222222222,-9.1,-9.1,-9.1,0,0,0,0,0
2025-05-13 01:00:00,-6.35722222222222,-8.89777777777778,-9.06611111111111,-9.1,-9.06611111111111,0,0,0,0,0
2025-05-13 02:00:00,-7.21888888888889,-8.89777777777778,-9.06611111111111,-9.1,-9.06611111111111,0,0,0,0,0
2025-05-13 03:00:00,-7.77111111111111,-8.89777777777778,-9.03277777777778,-9.1,-9.06611111111111,0,0,0,0,0
2025-05-13 04:00:00,-8.69722222222222,-8.89777777777778,-9.03277777777778,-9.1,-9.06611111111111,0,0,0,0,0
2025-05-13 05:00:00,-9.74722222222222,-8.86388888888889,-9.03277777777778,-9.1,-9.06611111111111,0,0,0,0,0
2025-05-13 06:00:00,-11.1472222222222,-8.86388888888889,-9.03277777777778,-9.06611111111111,-9.03277777777778,0,0,0,0,0
2025-05-13 07:00:00,-12.3061111111111,-8.83111111111111,-8.99888888888889,-9.06611111111111,-9.03277777777778,0,0,0,0,0
2025-05-13 08:00:00,-11.9027777777778,-8.83111111111111,-8.99888888888889,-9.03277777777778,-9.03277777777778,0,0,0,0,0
2025-05-13 09:00:00,-11.1827777777778,-8.83111111111111,-8.99888888888889,-9.03277777777778,-9.03277777777778,0,0,0,0,0
2025-05-13 10:00:00,-11.3972222222222,-8.79722222222222,-8.965,-9.03277777777778,-9.03277777777778,0,0,0,0,0
2025-05-13 11:00:00,-10.8977777777778,-8.79722222222222,-8.965,-9.03277777777778,-9.03277777777778,0,0,0,0,0
2025-05-13 12:00:00,-11.0761111111111,-8.79722222222222,-8.965,-9.03277777777778,-8.99888888888889,0,0,0,0,0
2025-05-13 13:00:00,-11.1827777777778,-8.79722222222222,-8.965,-8.99888888888889,-8.99888888888889,0,0,0,0,0
2025-05-13 14:00:00,-11.0761111111111,-8.79722222222222,-8.965,-8.99888888888889,-8.99888888888889,0,0,0,0,0
2025-05-13 15:00:00,-10.4061111111111,-8.79722222222222,-8.965,-8.99888888888889,-8.965,0,0,0,0,0
2025-05-13 16:00:00,-9.33722222222222,-8.79722222222222,-8.965,-8.99888888888889,-8.965,0,0,0,0,0
2025-05-13 17:00:00,-9.16777777777778,-8.79722222222222,-8.93222222222222,-8.965,-8.965,0,0,0,0,0
2025-05-13 18:00:00,-8.49722222222222,-8.79722222222222,-8.93222222222222,-8.965,-8.965,0,0,0,0,0
2025-05-13 19:00:00,-8.36388888888889,-8.79722222222222,-8.93222222222222,-8.965,-8.965,0,0,0,0,0
2025-05-13 20:00:00,-8.06611111111111,-8.79722222222222,-8.93222222222222,-8.965,-8.965,0,0,0,0,0
2025-05-13 21:00:00,-8.46277777777778,-8.79722222222222,-8.93222222222222,-8.965,-8.965,0,0,0,0,0
2025-05-13 22:00:00,-8.26388888888889,-8.83111111111111,-8.93222222222222,-8.965,-8.93222222222222,0,0,0,0,0
2025-05-13 23:00:00,-7.47777777777778,-8.83111111111111,-8.93222222222222,-8.965,-8.93222222222222,0,0,0,0,0
2025-05-14 00:00:00,-7.60777777777778,-8.83111111111111,-8.93222222222222,-8.965,-8.93222222222222,0,0,0,0,0
2025-05-14 01:00:00,-8,-8.79722222222222,-8.93222222222222,-8.965,-8.93222222222222,0,0,0,0,0
2025-05-14 02:00:00,-7.96777777777778,-8.83111111111111,-8.93222222222222,-8.965,-8.93222222222222,0,0,0,0,0
2025-05-14 03:00:00,-8.965,-8.79722222222222,-8.93222222222222,-8.93222222222222,-8.93222222222222,0,0,0,0,0
2025-05-14 04:00:00,-9.57611111111111,-8.79722222222222,-8.89777777777778,-8.965,-8.93222222222222,0,0,0,0,0
2025-05-14 05:00:00,-9.54222222222222,-8.79722222222222,-8.93222222222222,-8.93222222222222,-8.93222222222222,0,0,0,0,0
2025-05-14 06:00:00,-10.0227777777778,-8.79722222222222,-8.89777777777778,-8.93222222222222,-8.89777777777778,0,0,0,0,0
2025-05-14 07:00:00,-12.1588888888889,-8.79722222222222,-8.89777777777778,-8.93222222222222,-8.89777777777778,0,0,0,0,0
2025-05-14 08:00:00,-13.4661111111111,-8.76388888888889,-8.89777777777778,-8.93222222222222,-8.89777777777778,0,0,0,0,0
2025-05-14 09:00:00,-15.2238888888889,-8.76388888888889,-8.89777777777778,-8.93222222222222,-8.89777777777778,0,0,0,0,0
2025-05-14 10:00:00,-18.385,-8.76388888888889,-8.89777777777778,-8.93222222222222,-8.89777777777778,0,0,0,0,0
2025-05-14 11:00:00,-19.1938888888889,-8.76388888888889,-8.89777777777778,-8.89777777777778,-8.89777777777778,0,0,0,0,0
2025-05-14 12:00:00,-18.2522222222222,-8.76388888888889,-8.89777777777778,-8.89777777777778,-8.89777777777778,0,0,0,0,0
2025-05-14 13:00:00,-15.5472222222222,-8.76388888888889,-8.89777777777778,-8.89777777777778,-8.89777777777778,0,0,0,0,0
2025-05-14 14:00:00,-13.2388888888889,-8.76388888888889,-8.89777777777778,-8.89777777777778,-8.86388888888889,0,0,0,0,0
2025-05-14 15:00:00,-11.5411111111111,-8.76388888888889,-8.89777777777778,-8.89777777777778,-8.89777777777778,0,0,0,0,0
2025-05-14 16:00:00,-10.1272222222222,-8.76388888888889,-8.86388888888889,-8.89777777777778,-8.86388888888889,0,0,0,0,0
2025-05-14 17:00:00,-8.39722222222222,-8.76388888888889,-8.89777777777778,-8.89777777777778,-8.86388888888889,0,0,0,0,0
2025-05-14 18:00:00,-9.06611111111111,-8.76388888888889,-8.89777777777778,-8.89777777777778,-8.86388888888889,0,0,0,0,0
2025-05-14 19:00:00,-7.60777777777778,-8.76388888888889,-8.89777777777778,-8.89777777777778,-8.86388888888889,0,0,0,0,0
2025-05-14 20:00:00,-6.67388888888889,-8.76388888888889,-8.89777777777778,-8.89777777777778,-8.86388888888889,0,0,0,0,0
2025-05-14 21:00:00,-6.89777777777778,-8.79722222222222,-8.89777777777778,-8.89777777777778,-8.86388888888889,0,0,0,0,0
2025-05-14 22:00:00,-5.97888888888889,-8.79722222222222,-8.89777777777778,-8.89777777777778,-8.86388888888889,0,0,0,0,0
2025-05-14 23:00:00,-6.48277777777778,-8.79722222222222,-8.89777777777778,-8.89777777777778,-8.83111111111111,0,0,0,0,0
2025-05-15 00:00:00,-6.23111111111111,-8.79722222222222,-8.89777777777778,-8.89777777777778,-8.86388888888889,0,0,0,0,0
2025-05-15 01:00:00,-6.515,-8.79722222222222,-8.89777777777778,-8.89777777777778,-8.86388888888889,0,0,0,0,0
2025-05-15 02:00:00,-5.04888888888889,-8.83111111111111,-8.89777777777778,-8.89777777777778,-8.83111111111111,0,0,0,0,0
2025-05-15 03:00:00,-5.32611111111111,-8.79722222222222,-8.89777777777778,-8.86388888888889,-8.83111111111111,0,0,0,0,0
2025-05-15 04:00:00,-6.04222222222222,-8.83111111111111,-8.89777777777778,-8.86388888888889,-8.83111111111111,0,0,0,0,0
2025-05-15 05:00:00,-8.49722222222222,-8.83111111111111,-8.89777777777778,-8.89777777777778,-8.83111111111111,0,0,0,0,0
2025-05-15 06:00:00,-10.9338888888889,-8.83111111111111,-8.89777777777778,-8.89777777777778,-8.83111111111111,0,0,0,0,0
2025-05-15 07:00:00,-11.7577777777778,-8.79722222222222,-8.89777777777778,-8.89777777777778,-8.83111111111111,0,0,0,0,0
2025-05-15 08:00:00,-16.4088888888889,-8.83111111111111,-8.89777777777778,-8.89777777777778,-8.83111111111111,0,0,0,0,0
2025-05-15 09:00:00,-16.9972222222222,-8.79722222222222,-8.89777777777778,-8.89777777777778,-8.83111111111111,0,0,0,0,0
2025-05-15 10:00:00,-18.0761111111111,-8.79722222222222,-8.89777777777778,-8.89777777777778,-8.83111111111111,0,0,0,0,0
2025-05-15 11:00:00,-18.2961111111111,-8.79722222222222,-8.89777777777778,-8.86388888888889,-8.83111111111111,0,0,0,0,0
2025-05-15 12:00:00,-17.9877777777778,-8.79722222222222,-8.89777777777778,-8.86388888888889,-8.83111111111111,0,0,0,0,0
2025-05-15 13:00:00,-16.3261111111111,-8.79722222222222,-8.89777777777778,-8.86388888888889,-8.83111111111111,0,0,0,0,0
2025-05-15 14:00:00,-14.4322222222222,-8.76388888888889,-8.89777777777778,-8.86388888888889,-8.83111111111111,0,0,0,0,0
2025-05-15 15:00:00,-10.8272222222222,-8.76388888888889,-8.89777777777778,-8.86388888888889,-8.83111111111111,0,0,0,0,0
2025-05-15 16:00:00,-5.94777777777778,-8.76388888888889,-8.86388888888889,-8.86388888888889,-8.79722222222222,0,0,0,0,0
2025-05-15 17:00:00,-6.29388888888889,-8.76388888888889,-8.86388888888889,-8.86388888888889,-8.83111111111111,0,0,0,0,0
2025-05-15 18:00:00,-0.338888888888889,-8.76388888888889,-8.86388888888889,-8.86388888888889,-8.79722222222222,1,0,0,0,0
2025-05-15 19:00:00,-1.015,-8.79722222222222,-8.89777777777778,-8.83111111111111,-8.79722222222222,0,0,0,0,0
2025-05-15 20:00:00,3.59111111111111,-8.79722222222222,-8.89777777777778,-8.86388888888889,-8.79722222222222,0,0,0,0,0
2025-05-15 21:00:00,-0.367222222222223,-8.79722222222222,-8.89777777777778,-8.86388888888889,-8.79722222222222,0,0,0,0,0
2025-05-15 22:00:00,-1.27,-8.83111111111111,-8.89777777777778,-8.86388888888889,-8.83111111111111,0,0,0,0,0
2025-05-15 23:00:00,-2.18888888888889,-8.83111111111111,-8.89777777777778,-8.86388888888889,-8.79722222222222,0,0,0,0,0
2025-05-16 00:00:00,-2.18888888888889,-8.83111111111111,-8.89777777777778,-8.86388888888889,-8.79722222222222,0,0,0,0,0
2025-05-16 01:00:00,-2.24722222222222,-8.83111111111111,-8.89777777777778,-8.86388888888889,-8.79722222222222,0,0,0,0,0
2025-05-16 02:00:00,-2.77111111111111,-8.83111111111111,-8.89777777777778,-8.86388888888889,-8.79722222222222,0,0,0,0,0
2025-05-16 03:00:00,-1.84222222222222,-8.83111111111111,-8.89777777777778,-8.86388888888889,-8.79722222222222,0,0,0,0,0
2025-05-16 04:00:00,-4.25722222222222,-8.83111111111111,-8.89777777777778,-8.86388888888889,-8.79722222222222,0,0,0,0,0
2025-05-16 05:00:00,-4.19722222222222,-8.83111111111111,-8.89777777777778,-8.86388888888889,-8.79722222222222,0,0,0,0,0
2025-05-16 06:00:00,-8.23111111111111,-8.83111111111111,-8.89777777777778,-8.86388888888889,-8.79722222222222,0,0,0,0,0
2025-05-16 07:00:00,-9.37111111111111,-8.83111111111111,-8.89777777777778,-8.86388888888889,-8.79722222222222,0,0,0,0,0
2025-05-16 08:00:00,-10.8977777777778,-8.83111111111111,-8.89777777777778,-8.86388888888889,-8.79722222222222,0,0,0,0,0
2025-05-16 09:00:00,-12.4172222222222,-8.83111111111111,-8.89777777777778,-8.86388888888889,-8.79722222222222,0,0,0,0,0
2025-05-16 10:00:00,-14.51,-8.83111111111111,-8.89777777777778,-8.86388888888889,-8.79722222222222,0,0,0,0,0
2025-05-16 11:00:00,-15.5061111111111,-8.79722222222222,-8.89777777777778,-8.86388888888889,-8.79722222222222,0,0,0,0,0
2025-05-16 12:00:00,-15.5061111111111,-8.79722222222222,-8.86388888888889,-8.86388888888889,-8.79722222222222,0,0,0,0,0
2025-05-16 13:00:00,-13.7338888888889,-8.76388888888889,-8.86388888888889,-8.86388888888889,-8.79722222222222,0,0,0,0,0
2025-05-16 14:00:00,-13.2388888888889,-8.76388888888889,-8.86388888888889,-8.83111111111111,-8.79722222222222,0,0,0,0,0
2025-05-16 15:00:00,-9.71277777777778,-8.76388888888889,-8.86388888888889,-8.83111111111111,-8.79722222222222,0,0,0,0,0
2025-05-16 16:00:00,-3.95611111111111,-8.76388888888889,-8.86388888888889,-8.83111111111111,-8.79722222222222,1,0,0,0,0
2025-05-16 17:00:00,-2.47888888888889,-8.76388888888889,-8.86388888888889,-8.83111111111111,-8.79722222222222,0,0,0,0,0
2025-05-16 18:00:00,1.48,-8.76388888888889,-8.83111111111111,-8.83111111111111,-8.79722222222222,0,0,0,0,0
2025-05-16 19:00:00,-6.73777777777778,-8.76388888888889,-8.83111111111111,-8.83111111111111,-8.76388888888889,1,0,0,0,0
2025-05-16 20:00:00,-1.49777777777778,-8.76388888888889,-8.83111111111111,-8.83111111111111,-8.76388888888889,1,0,0,0,0
2025-05-16 21:00:00,3.80111111111111,-8.76388888888889,-8.83111111111111,-8.83111111111111,-8.76388888888889,1,0,0,0,0
2025-05-16 22:00:00,0.0238888888888885,-8.76388888888889,-8.86388888888889,-8.83111111111111,-8.76388888888889,0,0,0,0,0
2025-05-16 23:00:00,1.88611111111111,-8.76388888888889,-8.86388888888889,-8.83111111111111,-8.76388888888889,0,0,0,0,0
2025-05-17 00:00:00,2.42277777777778,-8.76388888888889,-8.83111111111111,-8.83111111111111,-8.76388888888889,0,0,0,0,0
2025-05-17 01:00:00,7.015,-8.76388888888889,-8.83111111111111,-8.83111111111111,-8.76388888888889,0,0,0,0,0
2025-05-17 02:00:00,2.53,-8.76388888888889,-8.83111111111111,-8.79722222222222,-8.76388888888889,0,0,0,0,0
2025-05-17 03:00:00,6.76277777777778,-8.76388888888889,-8.83111111111111,-8.83111111111111,-8.76388888888889,0,0,0,0,0
2025-05-17 04:00:00,-1.67,-8.76388888888889,-8.83111111111111,-8.83111111111111,-8.76388888888889,1,0,0,0,0
2025-05-17 05:00:00,-5.295,-8.76388888888889,-8.83111111111111,-8.83111111111111,-8.76388888888889,0,0,0,0,0
2025-05-17 06:00:00,-5.85388888888889,-8.76388888888889,-8.83111111111111,-8.83111111111111,-8.76388888888889,0,0,0,0,0
2025-05-17 07:00:00,-11.6861111111111,-8.76388888888889,-8.83111111111111,-8.83111111111111,-8.76388888888889,1,0,0,0,0
2025-05-17 08:00:00,-12.825,-8.73,-8.83111111111111,-8.79722222222222,-8.76388888888889,0,0,0,0,0
2025-05-17 09:00:00,-13.8488888888889,-8.73,-8.83111111111111,-8.79722222222222,-8.76388888888889,0,0,0,0,0
2025-05-17 10:00:00,-13.8488888888889,-8.73,-8.79722222222222,-8.79722222222222,-8.76388888888889,0,0,0,0,0
2025-05-17 11:00:00,-15.425,-8.69722222222222,-8.79722222222222,-8.79722222222222,-8.76388888888889,0,0,0,0,0
2025-05-17 12:00:00,-14.3527777777778,-8.69722222222222,-8.79722222222222,-8.79722222222222,-8.76388888888889,0,0,0,0,0
2025-05-17 13:00:00,-13.0877777777778,-8.69722222222222,-8.79722222222222,-8.79722222222222,-8.76388888888889,0,0,0,0,0
2025-05-17 14:00:00,-12.4172222222222,-8.66277777777778,-8.76388888888889,-8.79722222222222,-8.73,0,0,0,0,0
2025-05-17 15:00:00,-8.26388888888889,-8.66277777777778,-8.76388888888889,-8.76388888888889,-8.73,0,0,0,0,0
2025-05-17 16:00:00,-7.64,-8.66277777777778,-8.76388888888889,-8.76388888888889,-8.73,0,0,0,0,0
2025-05-17 17:00:00,-4.01611111111111,-8.63,-8.76388888888889,-8.76388888888889,-8.73,0,0,0,0,0
2025-05-17 18:00:00,-3.30111111111111,-8.63,-8.76388888888889,-8.76388888888889,-8.73,0,0,0,0,0
2025-05-17 19:00:00,-0.338888888888889,-8.63,-8.76388888888889,-8.76388888888889,-8.73,0,0,0,0,0
2025-05-17 20:00:00,-0.422777777777777,-8.66277777777778,-8.76388888888889,-8.76388888888889,-8.73,0,0,0,0,0
2025-05-17 21:00:00,0.770000000000002,-8.66277777777778,-8.76388888888889,-8.76388888888889,-8.73,0,0,0,0,0
2025-05-17 22:00:00,1.34388888888889,-8.66277777777778,-8.76388888888889,-8.76388888888889,-8.69722222222222,0,0,0,0,0
2025-05-17 23:00:00,2.10111111111111,-8.69722222222222,-8.76388888888889,-8.76388888888889,-8.69722222222222,0,0,0,0,0
2025-05-18 00:00:00,2.61,-8.69722222222222,-8.76388888888889,-8.76388888888889,-8.69722222222222,0,0,0,0,0
2025-05-18 01:00:00,2.87722222222222,-8.66277777777778,-8.76388888888889,-8.76388888888889,-8.69722222222222,0,0,0,0,0
2025-05-18 02:00:00,3.195,-8.69722222222222,-8.76388888888889,-8.76388888888889,-8.69722222222222,0,0,0,0,0
2025-05-18 03:00:00,-0.98611111111111,-8.69722222222222,-8.76388888888889,-8.76388888888889,-8.69722222222222,0,0,0,0,0
2025-05-18 04:00:00,-4.40777777777778,-8.66277777777778,-8.76388888888889,-8.76388888888889,-8.69722222222222,0,0,0,0,0
2025-05-18 05:00:00,-7.90222222222222,-8.66277777777778,-8.76388888888889,-8.76388888888889,-8.69722222222222,0,0,0,0,0
2025-05-18 06:00:00,-8.29722222222222,-8.63,-8.73,-8.76388888888889,-8.69722222222222,0,0,0,0,0
2025-05-18 07:00:00,-9.03277777777778,-8.63,-8.73,-8.73,-8.69722222222222,0,0,0,0,0
2025-05-18 08:00:00,-9.98888888888889,-8.63,-8.73,-8.73,-8.69722222222222,0,0,0,0,0
2025-05-18 09:00:00,-10.8977777777778,-8.59722222222222,-8.69722222222222,-8.73,-8.69722222222222,0,0,0,0,0
2025-05-18 10:00:00,-11.1827777777778,-8.59722222222222,-8.69722222222222,-8.73,-8.69722222222222,0,0,0,0,0
2025-05-18 11:00:00,-12.7877777777778,-8.56277777777778,-8.69722222222222,-8.73,-8.69722222222222,0,0,0,0,0
2025-05-18 12:00:00,-13.9261111111111,-8.56277777777778,-8.69722222222222,-8.73,-8.69722222222222,0,0,0,0,0
2025-05-18 13:00:00,-13.5811111111111,-8.56277777777778,-8.66277777777778,-8.69722222222222,-8.66277777777778,0,0,0,0,0
2025-05-18 14:00:00,-9.50777777777778,-8.53,-8.66277777777778,-8.69722222222222,-8.66277777777778,0,0,0,0,0
2025-05-18 15:00:00,-9.43888888888889,-8.53,-8.63,-8.69722222222222,-8.66277777777778,0,0,0,0,0
2025-05-18 16:00:00,-8.63,-8.53,-8.63,-8.69722222222222,-8.66277777777778,0,0,0,0,0
2025-05-18 17:00:00,-4.19722222222222,-8.49722222222222,-8.63,-8.66277777777778,-8.66277777777778,0,0,0,0,0
2025-05-18 18:00:00,-2.18888888888889,-8.49722222222222,-8.63,-8.66277777777778,-8.66277777777778,0,0,0,0,0
2025-05-18 19:00:00,-4.56,-8.49722222222222,-8.63,-8.66277777777778,-8.63,0,0,0,0,0
2025-05-18 20:00:00,-4.10611111111111,-8.49722222222222,-8.63,-8.66277777777778,-8.63,0,0,0,0,0
2025-05-18 21:00:00,-1.61277777777778,-8.49722222222222,-8.63,-8.66277777777778,-8.63,0,0,0,0,0
2025-05-18 22:00:00,-2.88777777777778,-8.49722222222222,-8.63,-8.66277777777778,-8.63,0,0,0,0,0
2025-05-18 23:00:00,-1.12777777777778,-8.49722222222222,-8.63,-8.63,-8.63,0,0,0,0,0
2025-05-19 00:00:00,-3.24222222222222,-8.49722222222222,-8.63,-8.63,-8.63,0,0,0,0,0
2025-05-19 01:00:00,-3.035,-8.49722222222222,-8.63,-8.63,-8.63,0,0,0,0,0
2025-05-19 02:00:00,-3.00611111111111,-8.49722222222222,-8.59722222222222,-8.63,-8.63,0,0,0,0,0
2025-05-19 03:00:00,-3.65722222222222,-8.49722222222222,-8.59722222222222,-8.63,-8.63,0,0,0,0,0
2025-05-19 04:00:00,-4.62111111111111,-8.49722222222222,-8.59722222222222,-8.63,-8.63,0,0,0,0,0
2025-05-19 05:00:00,-5.26388888888889,-8.49722222222222,-8.59722222222222,-8.63,-8.63,0,0,0,0,0
2025-05-19 06:00:00,-5.54222222222222,-8.46277777777778,-8.59722222222222,-8.63,-8.59722222222222,0,0,0,0,0
2025-05-19 07:00:00,-5.85388888888889,-8.46277777777778,-8.56277777777778,-8.63,-8.59722222222222,0,0,0,0,0
2025-05-19 08:00:00,-6.04222222222222,-8.43,-8.56277777777778,-8.63,-8.59722222222222,0,0,0,0,0
2025-05-19 09:00:00,-6.105,-8.43,-8.56277777777778,-8.63,-8.59722222222222,0,0,0,0,0
2025-05-19 10:00:00,-6.16777777777778,-8.43,-8.56277777777778,-8.63,-8.59722222222222,0,0,0,0,0
2025-05-19 11:00:00,-6.16777777777778,-8.39722222222222,-8.56277777777778,-8.59722222222222,-8.59722222222222,0,0,0,0,0
2025-05-19 12:00:00,-5.97888888888889,-8.39722222222222,-8.53,-8.59722222222222,-8.56277777777778,0,0,0,0,0
2025-05-19 13:00:00,-5.94777777777778,-8.36388888888889,-8.53,-8.59722222222222,-8.56277777777778,0,0,0,0,0
2025-05-19 14:00:00,-5.79111111111111,-8.36388888888889,-8.53,-8.59722222222222,-8.56277777777778,0,0,0,0,0
2025-05-19 15:00:00,-4.895,-8.36388888888889,-8.53,-8.56277777777778,-8.56277777777778,0,0,0,0,0
2025-05-19 16:00:00,-4.34777777777778,-8.36388888888889,-8.49722222222222,-8.56277777777778,-8.56277777777778,0,0,0,0,0
2025-05-19 17:00:00,-3.71722222222222,-8.36388888888889,-8.49722222222222,-8.56277777777778,-8.56277777777778,0,0,0,0,0
2025-05-19 18:00:00,-3.92611111111111,-8.36388888888889,-8.49722222222222,-8.56277777777778,-8.56277777777778,0,0,0,0,0
2025-05-19 19:00:00,-3.065,-8.33111111111111,-8.49722222222222,-8.56277777777778,-8.53,0,0,0,0,0
2025-05-19 20:00:00,-2.88777777777778,-8.33111111111111,-8.49722222222222,-8.56277777777778,-8.53,0,0,0,0,0
2025-05-19 21:00:00,-3.30111111111111,-8.33111111111111,-8.46277777777778,-8.53,-8.53,0,0,0,0,0
2025-05-19 22:00:00,-3.41888888888889,-8.29722222222222,-8.46277777777778,-8.53,-8.53,0,0,0,0,0
2025-05-19 23:00:00,-2.85888888888889,-8.29722222222222,-8.46277777777778,-8.53,-8.53,0,0,0,0,0
2025-05-20 00:00:00,-3.62722222222222,-8.29722222222222,-8.46277777777778,-8.53,-8.53,0,0,0,0,0
2025-05-20 01:00:00,-3.44888888888889,-8.29722222222222,-8.43,-8.49722222222222,-8.53,0,0,0,0,0
2025-05-20 02:00:00,-4.07611111111111,-8.26388888888889,-8.43,-8.49722222222222,-8.49722222222222,0,0,0,0,0
2025-05-20 03:00:00,-4.16722222222222,-8.26388888888889,-8.43,-8.49722222222222,-8.49722222222222,0,0,0,0,0
2025-05-20 04:00:00,-3.56777777777778,-8.23111111111111,-8.39722222222222,-8.49722222222222,-8.49722222222222,0,0,0,0,0
2025-05-20 05:00:00,-4.46888888888889,-8.23111111111111,-8.39722222222222,-8.49722222222222,-8.49722222222222,0,0,0,0,0
2025-05-20 06:00:00,-4.71222222222222,-8.23111111111111,-8.39722222222222,-8.49722222222222,-8.49722222222222,0,0,0,0,0
2025-05-20 07:00:00,-5.885,-8.23111111111111,-8.36388888888889,-8.46277777777778,-8.49722222222222,0,0,0,0,0
2025-05-20 08:00:00,-6.86611111111111,-8.19777777777778,-8.36388888888889,-8.46277777777778,-8.46277777777778,0,0,0,0,0
2025-05-20 09:00:00,-6.01,-8.19777777777778,-8.36388888888889,-8.46277777777778,-8.46277777777778,0,0,0,0,0
2025-05-20 10:00:00,-6.04222222222222,-8.165,-8.36388888888889,-8.46277777777778,-8.46277777777778,0,0,0,0,0
2025-05-20 11:00:00,-5.885,-8.165,-8.33111111111111,-8.43,-8.46277777777778,0,0,0,0,0
2025-05-20 12:00:00,-5.885,-8.165,-8.33111111111111,-8.43,-8.43,0,0,0,0,0
2025-05-20 13:00:00,-5.72888888888889,-8.13222222222222,-8.33111111111111,-8.43,-8.43,0,0,0,0,0
2025-05-20 14:00:00,-5.35722222222222,-8.165,-8.29722222222222,-8.43,-8.43,0,0,0,0,0
2025-05-20 15:00:00,-4.80388888888889,-8.09888888888889,-8.29722222222222,-8.43,-8.43,0,0,0,0,0
2025-05-20 16:00:00,-4.56,-8.09888888888889,-8.29722222222222,-8.39722222222222,-8.43,0,0,0,0,0
2025-05-20 17:00:00,-3.92611111111111,-8.09888888888889,-8.29722222222222,-8.39722222222222,-8.43,0,0,0,0,0
2025-05-20 18:00:00,-3.27111111111111,-8.09888888888889,-8.29722222222222,-8.39722222222222,-8.39722222222222,0,0,0,0,0
2025-05-20 19:00:00,-2.97611111111111,-8.09888888888889,-8.26388888888889,-8.36388888888889,-8.39722222222222,0,0,0,0,0
2025-05-20 20:00:00,-2.91777777777778,-8.09888888888889,-8.26388888888889,-8.36388888888889,-8.39722222222222,0,0,0,0,0
2025-05-20 21:00:00,-3.50777777777778,-8.09888888888889,-8.26388888888889,-8.36388888888889,-8.39722222222222,0,0,0,0,0
2025-05-20 22:00:00,-1.64111111111111,-8.09888888888889,-8.26388888888889,-8.36388888888889,-8.39722222222222,0,0,0,0,0
2025-05-20 23:00:00,-2.015,-8.09888888888889,-8.23111111111111,-8.36388888888889,-8.36388888888889,0,0,0,0,0
2025-05-21 00:00:00,-1.84222222222222,-8.06611111111111,-8.23111111111111,-8.36388888888889,-8.36388888888889,0,0,0,0,0
2025-05-21 01:00:00,-2.50777777777778,-8.06611111111111,-8.23111111111111,-8.33111111111111,-8.36388888888889,0,0,0,0,0
2025-05-21 02:00:00,-3.035,-8.06611111111111,-8.23111111111111,-8.33111111111111,-8.36388888888889,0,0,0,0,0
2025-05-21 03:00:00,-3.50777777777778,-8.06611111111111,-8.23111111111111,-8.33111111111111,-8.36388888888889,0,0,0,0,0
2025-05-21 04:00:00,-4.53,-8.03277777777778,-8.19777777777778,-8.33111111111111,-8.33111111111111,0,0,0,0,0
2025-05-21 05:00:00,-5.04888888888889,-8.03277777777778,-8.19777777777778,-8.33111111111111,-8.36388888888889,0,0,0,0,0
2025-05-21 06:00:00,-5.17222222222222,-8.03277777777778,-8.19777777777778,-8.29722222222222,-8.33111111111111,0,0,0,0,0
2025-05-21 07:00:00,-6.29388888888889,-8.03277777777778,-8.19777777777778,-8.29722222222222,-8.33111111111111,0,0,0,0,0
2025-05-21 08:00:00,-6.325,-8.03277777777778,-8.165,-8.29722222222222,-8.33111111111111,0,0,0,0,0
2025-05-21 09:00:00,-7.02611111111111,-8,-8.165,-8.29722222222222,-8.33111111111111,0,0,0,0,0
2025-05-21 10:00:00,-7.83611111111111,-8,-8.165,-8.29722222222222,-8.33111111111111,0,0,0,0,0
2025-05-21 11:00:00,-6.16777777777778,-7.96777777777778,-8.165,-8.29722222222222,-8.29722222222222,0,0,0,0,0
2025-05-21 12:00:00,-5.85388888888889,-7.96777777777778,-8.165,-8.26388888888889,-8.29722222222222,0,0,0,0,0
2025-05-21 13:00:00,-5.41777777777778,-7.96777777777778,-8.13222222222222,-8.26388888888889,-8.29722222222222,0,0,0,0,0
2025-05-21 14:00:00,-5.32611111111111,-7.96777777777778,-8.09888888888889,-8.26388888888889,-8.29722222222222,0,0,0,0,0
2025-05-21 15:00:00,-4.74277777777778,-7.96777777777778,-8.09888888888889,-8.26388888888889,-8.29722222222222,0,0,0,0,0
2025-05-21 16:00:00,-3.83611111111111,-7.935,-8.09888888888889,-8.23111111111111,-8.26388888888889,0,0,0,0,0
2025-05-21 17:00:00,-3.62722222222222,-7.935,-8.09888888888889,-8.23111111111111,-8.26388888888889,0,0,0,0,0
2025-05-21 18:00:00,-3.56777777777778,-7.935,-8.09888888888889,-8.23111111111111,-8.26388888888889,0,0,0,0,0
2025-05-21 19:00:00,-3.77722222222222,-7.90222222222222,-8.09888888888889,-8.23111111111111,-8.26388888888889,0,0,0,0,0
2025-05-21 20:00:00,-2.74222222222222,-7.90222222222222,-8.09888888888889,-8.19777777777778,-8.26388888888889,0,0,0,0,0
2025-05-21 21:00:00,-2.56611111111111,-7.90222222222222,-8.09888888888889,-8.23111111111111,-8.23111111111111,0,0,0,0,0
2025-05-21 22:00:00,-2.47888888888889,-7.90222222222222,-8.06611111111111,-8.19777777777778,-8.23111111111111,0,0,0,0,0
2025-05-21 23:00:00,-2.85888888888889,-7.90222222222222,-8.06611111111111,-8.19777777777778,-8.23111111111111,0,0,0,0,0
2025-05-22 00:00:00,-3.065,-7.86888888888889,-8.06611111111111,-8.19777777777778,-8.23111111111111,0,0,0,0,0
2025-05-22 01:00:00,-3.68722222222222,-7.86888888888889,-8.06611111111111,-8.19777777777778,-8.23111111111111,0,0,0,0,0
2025-05-22 02:00:00,-3.86611111111111,-7.86888888888889,-8.03277777777778,-8.165,-8.23111111111111,0,0,0,0,0
2025-05-22 03:00:00,-3.77722222222222,-7.83611111111111,-8.03277777777778,-8.165,-8.19777777777778,0,0,0,0,0
2025-05-22 04:00:00,-4.07611111111111,-7.83611111111111,-8.03277777777778,-8.165,-8.19777777777778,0,0,0,0,0
2025-05-22 05:00:00,-4.40777777777778,-7.83611111111111,-8.03277777777778,-8.165,-8.19777777777778,0,0,0,0,0
2025-05-22 06:00:00,-4.77277777777778,-7.83611111111111,-8,-8.165,-8.19777777777778,0,0,0,0,0
2025-05-22 07:00:00,-4.895,-7.83611111111111,-8,-8.165,-8.19777777777778,0,0,0,0,0
2025-05-22 08:00:00,-4.92611111111111,-7.83611111111111,-8,-8.13222222222222,-8.165,0,0,0,0,0
2025-05-22 09:00:00,-5.35722222222222,-7.80388888888889,-7.96777777777778,-8.13222222222222,-8.165,0,0,0,0,0
2025-05-22 10:00:00,-5.94777777777778,-7.80388888888889,-7.96777777777778,-8.09888888888889,-8.165,0,0,0,0,0
2025-05-22 11:00:00,-5.54222222222222,-7.77111111111111,-7.96777777777778,-8.09888888888889,-8.165,0,0,0,0,0
2025-05-22 12:00:00,-5.26388888888889,-7.77111111111111,-7.96777777777778,-8.09888888888889,-8.165,0,0,0,0,0
2025-05-22 13:00:00,-5.51111111111111,-7.77111111111111,-7.96777777777778,-8.09888888888889,-8.165,0,0,0,0,0
2025-05-22 14:00:00,-5.51111111111111,-7.77111111111111,-7.96777777777778,-8.09888888888889,-8.13222222222222,0,0,0,0,0
2025-05-22 15:00:00,-4.77277777777778,-7.77111111111111,-7.935,-8.09888888888889,-8.13222222222222,0,0,0,0,0
2025-05-22 16:00:00,-4.01611111111111,-7.73777777777778,-7.935,-8.09888888888889,-8.13222222222222,0,0,0,0,0
2025-05-22 17:00:00,-3.71722222222222,-7.73777777777778,-7.935,-8.06611111111111,-8.13222222222222,0,0,0,0,0
2025-05-22 18:00:00,-1.41277777777778,-7.73777777777778,-7.90222222222222,-8.06611111111111,-8.09888888888889,0,0,0,0,0
2025-05-22 19:00:00,-0.591111111111111,-7.70611111111111,-7.90222222222222,-8.06611111111111,-8.09888888888889,0,0,0,0,0
2025-05-22 20:00:00,0.467222222222223,-7.70611111111111,-7.90222222222222,-8.06611111111111,-8.09888888888889,0,0,0,0,0
2025-05-22 21:00:00,2.69,-7.70611111111111,-7.90222222222222,-8.03277777777778,-8.09888888888889,0,0,0,0,0
2025-05-22 22:00:00,2.53,-7.70611111111111,-7.90222222222222,-8.03277777777778,-8.09888888888889,0,0,0,0,0
2025-05-22 23:00:00,0.742222222222221,-7.70611111111111,-7.86888888888889,-8.03277777777778,-8.09888888888889,0,0,0,0,0
2025-05-23 00:00:00,-0.0322222222222221,-7.70611111111111,-7.86888888888889,-8.03277777777778,-8.09888888888889,0,0,0,0,0
2025-05-23 01:00:00,-0.451111111111112,-7.70611111111111,-7.86888888888889,-8.03277777777778,-8.06611111111111,0,0,0,0,0
2025-05-23 02:00:00,-0.78888888888889,-7.70611111111111,-7.86888888888889,-8.03277777777778,-8.06611111111111,0,0,0,0,0
2025-05-23 03:00:00,-1.21277777777778,-7.67277777777778,-7.83611111111111,-8,-8.06611111111111,0,0,0,0,0
2025-05-23 04:00:00,-0.98611111111111,-7.67277777777778,-7.83611111111111,-8,-8.06611111111111,0,0,0,0,0
2025-05-23 05:00:00,-2.07277777777778,-7.67277777777778,-7.83611111111111,-8,-8.06611111111111,0,0,0,0,0
2025-05-23 06:00:00,-2.59611111111111,-7.67277777777778,-7.83611111111111,-8,-8.06611111111111,0,0,0,0,0
2025-05-23 07:00:00,-2.88777777777778,-7.64,-7.83611111111111,-7.96777777777778,-8.03277777777778,0,0,0,0,0
2025-05-23 08:00:00,-3.56777777777778,-7.64,-7.83611111111111,-7.96777777777778,-8.03277777777778,0,0,0,0,0
2025-05-23 09:00:00,-3.95611111111111,-7.64,-7.80388888888889,-7.96777777777778,-8.03277777777778,0,0,0,0,0
2025-05-23 10:00:00,-3.92611111111111,-7.64,-7.80388888888889,-7.96777777777778,-8.03277777777778,0,0,0,0,0
2025-05-23 11:00:00,-4.34777777777778,-7.64,-7.80388888888889,-7.96777777777778,-8.03277777777778,0,0,0,0,0
2025-05-23 12:00:00,-3.95611111111111,-7.60777777777778,-7.80388888888889,-7.96777777777778,-8.03277777777778,0,0,0,0,0
2025-05-23 13:00:00,-3.21222222222222,-7.60777777777778,-7.77111111111111,-7.96777777777778,-8.03277777777778,0,0,0,0,0
2025-05-23 14:00:00,-2.53722222222222,-7.575,-7.80388888888889,-7.96777777777778,-8,0,0,0,0,0
2025-05-23 15:00:00,-1.98611111111111,-7.575,-7.77111111111111,-7.935,-8,0,0,0,0,0
2025-05-23 16:00:00,-0.78888888888889,-7.575,-7.77111111111111,-7.935,-8,0,0,0,0,0
2025-05-23 17:00:00,1.85888888888889,-7.575,-7.77111111111111,-7.935,-8,0,0,0,0,0
2025-05-23 18:00:00,1.53388888888889,-7.575,-7.77111111111111,-7.90222222222222,-7.96777777777778,0,0,0,0,0
2025-05-23 19:00:00,3.88,-7.575,-7.73777777777778,-7.90222222222222,-7.96777777777778,1,0,0,0,0
2025-05-23 20:00:00,1.805,-7.54277777777778,-7.73777777777778,-7.90222222222222,-7.96777777777778,1,0,0,0,0
2025-05-23 21:00:00,4.84388888888889,-7.54277777777778,-7.73777777777778,-7.90222222222222,-7.96777777777778,1,0,0,0,0
2025-05-23 22:00:00,3.14222222222222,-7.54277777777778,-7.70611111111111,-7.90222222222222,-7.96777777777778,0,0,0,0,0
2025-05-23 23:00:00,2.37,-7.51,-7.70611111111111,-7.86888888888889,-7.935,0,0,0,0,0
2025-05-24 00:00:00,2.155,-7.51,-7.70611111111111,-7.90222222222222,-7.935,0,0,0,0,0
2025-05-24 01:00:00,2.50277777777778,-7.51,-7.70611111111111,-7.86888888888889,-7.935,0,0,0,0,0
2025-05-24 02:00:00,4.58388888888889,-7.51,-7.70611111111111,-7.86888888888889,-7.935,0,0,0,0,0
2025-05-24 03:00:00,2.71722222222222,-7.51,-7.70611111111111,-7.86888888888889,-7.935,0,0,0,0,0
2025-05-24 04:00:00,0.604999999999999,-7.51,-7.67277777777778,-7.86888888888889,-7.935,0,0,0,0,0
2025-05-24 05:00:00,-1.32722222222222,-7.47777777777778,-7.67277777777778,-7.83611111111111,-7.935,0,0,0,0,0
2025-05-24 06:00:00,-2.10222222222222,-7.41277777777778,-7.575,-7.83611111111111,-7.90222222222222,0,0,0,0,0
2025-05-24 07:00:00,-2.59611111111111,-7.28388888888889,-7.445,-7.83611111111111,-7.90222222222222,0,0,0,0,0
2025-05-24 08:00:00,-3.12388888888889,-7.25111111111111,-7.38111111111111,-7.80388888888889,-7.90222222222222,0,0,0,0,0
2025-05-24 09:00:00,-3.65722222222222,-7.18722222222222,-7.34777777777778,-7.77111111111111,-7.90222222222222,0,0,0,0,0
2025-05-24 10:00:00,-5.41777777777778,-7.18722222222222,-7.31611111111111,-7.73777777777778,-7.86888888888889,0,0,0,0,0
2025-05-24 11:00:00,-6.13611111111111,-7.18722222222222,-7.34777777777778,-7.70611111111111,-7.86888888888889,0,0,0,0,0
2025-05-24 12:00:00,-6.77,-7.18722222222222,-7.34777777777778,-7.70611111111111,-7.83611111111111,0,0,0,0,0
2025-05-24 13:00:00,-7.31611111111111,-7.18722222222222,-7.38111111111111,-7.70611111111111,-7.83611111111111,0,0,0,0,0
2025-05-24 14:00:00,-6.48277777777778,-7.18722222222222,-7.38111111111111,-7.70611111111111,-7.83611111111111,0,0,0,0,0
2025-05-24 15:00:00,-5.32611111111111,-7.18722222222222,-7.38111111111111,-7.67277777777778,-7.80388888888889,0,0,0,0,0
2025-05-24 16:00:00,-4.31777777777778,-7.18722222222222,-7.38111111111111,-7.67277777777778,-7.80388888888889,0,0,0,0,0
2025-05-24 17:00:00,-3.12388888888889,-7.155,-7.38111111111111,-7.67277777777778,-7.80388888888889,0,0,0,0,0
2025-05-24 18:00:00,-1.75611111111111,-7.155,-7.38111111111111,-7.67277777777778,-7.77111111111111,0,0,0,0,0
2025-05-24 19:00:00,-0.507222222222222,-7.155,-7.38111111111111,-7.64,-7.77111111111111,0,0,0,0,0
2025-05-24 20:00:00,0.742222222222221,-7.155,-7.38111111111111,-7.64,-7.77111111111111,0,0,0,0,0
2025-05-24 21:00:00,1.01722222222222,-7.12222222222222,-7.34777777777778,-7.64,-7.77111111111111,0,0,0,0,0
2025-05-24 22:00:00,1.07111111111111,-7.12222222222222,-7.34777777777778,-7.64,-7.73777777777778,0,0,0,0,0
2025-05-24 23:00:00,0.577222222222223,-7.12222222222222,-7.34777777777778,-7.64,-7.73777777777778,0,0,0,0,0
2025-05-25 00:00:00,0.852222222222222,-7.12222222222222,-7.34777777777778,-7.60777777777778,-7.73777777777778,0,0,0,0,0
2025-05-25 01:00:00,0.687222222222223,-7.12222222222222,-7.31611111111111,-7.60777777777778,-7.73777777777778,0,0,0,0,0
2025-05-25 02:00:00,-0.255,-7.12222222222222,-7.31611111111111,-7.60777777777778,-7.70611111111111,0,0,0,0,0
2025-05-25 03:00:00,-0.198888888888889,-7.05777777777778,-7.31611111111111,-7.575,-7.70611111111111,0,0,0,0,0
2025-05-25 04:00:00,-0.0322222222222221,-7.05777777777778,-7.31611111111111,-7.575,-7.70611111111111,0,0,0,0,0
2025-05-25 05:00:00,-0.142777777777779,-7.05777777777778,-7.31611111111111,-7.575,-7.70611111111111,0,0,0,0,0
2025-05-25 06:00:00,-0.703888888888889,-7.05777777777778,-7.31611111111111,-7.575,-7.70611111111111,0,0,0,0,0
2025-05-25 07:00:00,-1.55611111111111,-7.05777777777778,-7.31611111111111,-7.575,-7.70611111111111,0,0,0,0,0
2025-05-25 08:00:00,-3.39,-7.05777777777778,-7.28388888888889,-7.575,-7.67277777777778,0,0,0,0,0
2025-05-25 09:00:00,-3.65722222222222,-7.05777777777778,-7.28388888888889,-7.54277777777778,-7.67277777777778,0,0,0,0,0
2025-05-25 10:00:00,-4.92611111111111,-7.05777777777778,-7.28388888888889,-7.54277777777778,-7.67277777777778,0,0,0,0,0
2025-05-25 11:00:00,-4.83388888888889,-7.02611111111111,-7.25111111111111,-7.54277777777778,-7.67277777777778,0,0,0,0,0
2025-05-25 12:00:00,-4.77277777777778,-6.99388888888889,-7.25111111111111,-7.54277777777778,-7.64,0,0,0,0,0
2025-05-25 13:00:00,-4.25722222222222,-6.99388888888889,-7.25111111111111,-7.51,-7.64,0,0,0,0,0
2025-05-25 14:00:00,-3.12388888888889,-6.99388888888889,-7.25111111111111,-7.51,-7.64,0,0,0,0,0
2025-05-25 15:00:00,-2.71222222222222,-6.96222222222222,-7.21888888888889,-7.51,-7.64,0,0,0,0,0
2025-05-25 16:00:00,-3.035,-6.93,-7.21888888888889,-7.51,-7.60777777777778,0,0,0,0,0
2025-05-25 17:00:00,-3.09388888888889,-6.93,-7.18722222222222,-7.47777777777778,-7.60777777777778,0,0,0,0,0
2025-05-25 18:00:00,-2.77111111111111,-6.93,-7.18722222222222,-7.47777777777778,-7.60777777777778,0,0,0,0,0
2025-05-25 19:00:00,-2.85888888888889,-6.93,-7.18722222222222,-7.47777777777778,-7.575,0,0,0,0,0
2025-05-25 20:00:00,-2.24722222222222,-6.89777777777778,-7.18722222222222,-7.445,-7.575,0,0,0,0,0
2025-05-25 21:00:00,-1.49777777777778,-6.89777777777778,-7.155,-7.445,-7.575,0,0,0,0,0
2025-05-25 22:00:00,-1.24222222222222,-6.86611111111111,-7.155,-7.445,-7.575,0,0,0,0,0
2025-05-25 23:00:00,-1.98611111111111,-6.86611111111111,-7.155,-7.445,-7.575,0,0,0,0,0
2025-05-26 00:00:00,-2.16,-6.86611111111111,-7.12222222222222,-7.445,-7.54277777777778,0,0,0,0,0
2025-05-26 01:00:00,-1.55611111111111,-6.86611111111111,-7.12222222222222,-7.41277777777778,-7.54277777777778,0,0,0,0,0
2025-05-26 02:00:00,-1.41277777777778,-6.83388888888889,-7.12222222222222,-7.41277777777778,-7.54277777777778,0,0,0,0,0
2025-05-26 03:00:00,0.962222222222222,-6.80222222222222,-7.12222222222222,-7.38111111111111,-7.54277777777778,0,0,0,0,0
2025-05-26 04:00:00,-0.535000000000001,-6.80222222222222,-7.12222222222222,-7.38111111111111,-7.51,0,0,0,0,0
2025-05-26 05:00:00,-3.24222222222222,-6.80222222222222,-7.05777777777778,-7.38111111111111,-7.51,0,0,0,0,0
2025-05-26 06:00:00,-3.77722222222222,-6.80222222222222,-7.05777777777778,-7.38111111111111,-7.51,0,0,0,0,0
2025-05-26 07:00:00,-3.98611111111111,-6.80222222222222,-7.05777777777778,-7.38111111111111,-7.51,0,0,0,0,0
2025-05-26 08:00:00,-4.37777777777778,-6.80222222222222,-7.05777777777778,-7.34777777777778,-7.51,0,0,0,0,0
2025-05-26 09:00:00,-4.34777777777778,-6.77,-7.05777777777778,-7.34777777777778,-7.51,0,0,0,0,0
2025-05-26 10:00:00,-4.28722222222222,-6.77,-7.05777777777778,-7.34777777777778,-7.47777777777778,0,0,0,0,0
2025-05-26 11:00:00,-4.07611111111111,-6.77,-7.02611111111111,-7.31611111111111,-7.47777777777778,0,0,0,0,0
2025-05-26 12:00:00,-3.68722222222222,-6.73777777777778,-7.02611111111111,-7.31611111111111,-7.445,0,0,0,0,0
2025-05-26 13:00:00,-3.33,-6.73777777777778,-7.02611111111111,-7.31611111111111,-7.445,0,0,0,0,0
2025-05-26 14:00:00,-2.88777777777778,-6.73777777777778,-7.02611111111111,-7.31611111111111,-7.445,0,0,0,0,0
2025-05-26 15:00:00,-2.04388888888889,-6.73777777777778,-6.99388888888889,-7.31611111111111,-7.445,0,0,0,0,0
2025-05-26 16:00:00,-1.81388888888889,-6.73777777777778,-6.99388888888889,-7.28388888888889,-7.41277777777778,0,0,0,0,0
2025-05-26 17:00:00,-0.367222222222223,-6.73777777777778,-6.99388888888889,-7.28388888888889,-7.41277777777778,0,0,0,0,0
2025-05-26 18:00:00,0.577222222222223,-6.70611111111111,-6.99388888888889,-7.28388888888889,-7.41277777777778,0,0,0,0,0
2025-05-26 19:00:00,0.933888888888887,-6.70611111111111,-6.96222222222222,-7.25111111111111,-7.41277777777778,0,0,0,0,0
2025-05-26 20:00:00,1.235,-6.70611111111111,-6.96222222222222,-7.25111111111111,-7.38111111111111,0,0,0,0,0
2025-05-26 21:00:00,1.77777777777778,-6.67388888888889,-6.96222222222222,-7.25111111111111,-7.38111111111111,0,0,0,0,0
2025-05-26 22:00:00,0.933888888888887,-6.67388888888889,-6.96222222222222,-7.25111111111111,-7.38111111111111,0,0,0,0,0
2025-05-26 23:00:00,1.37111111111111,-6.67388888888889,-6.93,-7.25111111111111,-7.38111111111111,0,0,0,0,0
2025-05-27 00:00:00,2.18222222222222,-6.67388888888889,-6.93,-7.21888888888889,-7.38111111111111,0,0,0,0,0
2025-05-27 01:00:00,2.18222222222222,-6.67388888888889,-6.93,-7.21888888888889,-7.34777777777778,0,0,0,0,0
2025-05-27 02:00:00,2.02111111111111,-6.67388888888889,-6.93,-7.21888888888889,-7.34777777777778,0,0,0,0,0
2025-05-27 03:00:00,0.328888888888888,-6.64222222222222,-6.93,-7.21888888888889,-7.34777777777778,0,0,0,0,0
2025-05-27 04:00:00,0.135000000000001,-6.64222222222222,-6.89777777777778,-7.18722222222222,-7.34777777777778,0,0,0,0,0
2025-05-27 05:00:00,-0.591111111111111,-6.61,-6.89777777777778,-7.18722222222222,-7.31611111111111,0,0,0,0,0
2025-05-27 06:00:00,-1.29888888888889,-6.61,-6.89777777777778,-7.18722222222222,-7.31611111111111,0,0,0,0,0
2025-05-27 07:00:00,-2.18888888888889,-6.61,-6.86611111111111,-7.18722222222222,-7.31611111111111,0,0,0,0,0
2025-05-27 08:00:00,-4.13722222222222,-6.61,-6.86611111111111,-7.18722222222222,-7.31611111111111,0,0,0,0,0
2025-05-27 09:00:00,-5.04888888888889,-6.515,-6.80222222222222,-7.18722222222222,-7.31611111111111,0,0,0,0,0
2025-05-27 10:00:00,-5.63611111111111,-6.42,-6.70611111111111,-7.155,-7.28388888888889,0,0,0,0,0
2025-05-27 11:00:00,-3.21222222222222,-6.35722222222222,-6.64222222222222,-7.12222222222222,-7.28388888888889,0,0,0,0,0
2025-05-27 12:00:00,-2.04388888888889,-6.26222222222222,-6.515,-7.09,-7.28388888888889,0,0,0,0,0
2025-05-27 13:00:00,-2.16,-6.23111111111111,-6.48277777777778,-7.05777777777778,-7.25111111111111,0,0,0,0,0
2025-05-27 14:00:00,-2.04388888888889,-6.23111111111111,-6.515,-7.02611111111111,-7.25111111111111,0,0,0,0,0
2025-05-27 15:00:00,-1.44111111111111,-6.26222222222222,-6.54722222222222,-7.02611111111111,-7.21888888888889,0,0,0,0,0
2025-05-27 16:00:00,-0.93,-6.29388888888889,-6.54722222222222,-6.99388888888889,-7.21888888888889,0,0,0,0,0
2025-05-27 17:00:00,-0.703888888888889,-6.29388888888889,-6.54722222222222,-6.99388888888889,-7.18722222222222,0,0,0,0,0
2025-05-27 18:00:00,-1.12777777777778,-6.29388888888889,-6.57888888888889,-6.99388888888889,-7.18722222222222,0,0,0,0,0
2025-05-27 19:00:00,-1.44111111111111,-6.29388888888889,-6.57888888888889,-6.99388888888889,-7.18722222222222,0,0,0,0,0
2025-05-27 20:00:00,-0.647777777777778,-6.29388888888889,-6.57888888888889,-6.99388888888889,-7.18722222222222,0,0,0,0,0
2025-05-27 21:00:00,-0.703888888888889,-6.29388888888889,-6.57888888888889,-6.96222222222222,-7.155,0,0,0,0,0
2025-05-27 22:00:00,-1.27,-6.29388888888889,-6.57888888888889,-6.96222222222222,-7.155,0,0,0,0,0
2025-05-27 23:00:00,-1.69888888888889,-6.29388888888889,-6.57888888888889,-6.96222222222222,-7.155,0,0,0,0,0
2025-05-28 00:00:00,-1.35611111111111,-6.29388888888889,-6.57888888888889,-6.96222222222222,-7.12222222222222,0,0,0,0,0
2025-05-28 01:00:00,-1.24222222222222,-6.29388888888889,-6.57888888888889,-6.93,-7.12222222222222,0,0,0,0,0
2025-05-28 02:00:00,-1.69888888888889,-6.29388888888889,-6.54722222222222,-6.93,-7.12222222222222,0,0,0,0,0
2025-05-28 03:00:00,-2.18888888888889,-6.26222222222222,-6.54722222222222,-6.93,-7.12222222222222,0,0,0,0,0
2025-05-28 04:00:00,-2.27611111111111,-6.26222222222222,-6.54722222222222,-6.93,-7.09,0,0,0,0,0
2025-05-28 05:00:00,-2.56611111111111,-6.26222222222222,-6.54722222222222,-6.93,-7.09,0,0,0,0,0
2025-05-28 06:00:00,-2.97611111111111,-6.23111111111111,-6.54722222222222,-6.93,-7.09,0,0,0,0,0
2025-05-28 07:00:00,-3.44888888888889,-6.23111111111111,-6.54722222222222,-6.89777777777778,-7.05777777777778,0,0,0,0,0
2025-05-28 08:00:00,-3.80722222222222,-6.23111111111111,-6.515,-6.89777777777778,-7.05777777777778,0,0,0,0,0
2025-05-28 09:00:00,-4.07611111111111,-6.23111111111111,-6.515,-6.89777777777778,-7.05777777777778,0,0,0,0,0
2025-05-28 10:00:00,-4.04611111111111,-6.23111111111111,-6.515,-6.86611111111111,-7.05777777777778,0,0,0,0,0
2025-05-28 11:00:00,-4.28722222222222,-6.23111111111111,-6.515,-6.86611111111111,-7.05777777777778,0,0,0,0,0
2025-05-28 12:00:00,-4.62111111111111,-6.23111111111111,-6.515,-6.86611111111111,-7.05777777777778,0,0,0,0,0
2025-05-28 13:00:00,-4.31777777777778,-6.23111111111111,-6.515,-6.86611111111111,-7.02611111111111,0,0,0,0,0
2025-05-28 14:00:00,-4.16722222222222,-6.23111111111111,-6.515,-6.86611111111111,-7.02611111111111,0,0,0,0,0
2025-05-28 15:00:00,-3.92611111111111,-6.19888888888889,-6.48277777777778,-6.83388888888889,-6.99388888888889,0,0,0,0,0
2025-05-28 16:00:00,-3.95611111111111,-6.19888888888889,-6.48277777777778,-6.86611111111111,-7.02611111111111,0,0,0,0,0
2025-05-28 17:00:00,-3.98611111111111,-6.19888888888889,-6.48277777777778,-6.83388888888889,-6.99388888888889,0,0,0,0,0
2025-05-28 18:00:00,-2.94722222222222,-6.19888888888889,-6.48277777777778,-6.83388888888889,-6.99388888888889,0,0,0,0,0
2025-05-28 19:00:00,-2.27611111111111,-6.19888888888889,-6.48277777777778,-6.83388888888889,-6.99388888888889,0,0,0,0,0
2025-05-28 20:00:00,-2.47888888888889,-6.19888888888889,-6.48277777777778,-6.80222222222222,-6.99388888888889,0,0,0,0,0
2025-05-28 21:00:00,-1.32722222222222,-6.16777777777778,-6.45222222222222,-6.80222222222222,-6.99388888888889,0,0,0,0,0
2025-05-28 22:00:00,-1.72722222222222,-6.16777777777778,-6.45222222222222,-6.80222222222222,-6.99388888888889,0,0,0,0,0
2025-05-28 23:00:00,-1.58388888888889,-6.16777777777778,-6.45222222222222,-6.80222222222222,-6.96222222222222,0,0,0,0,0
2025-05-29 00:00:00,-2.07277777777778,-6.16777777777778,-6.45222222222222,-6.80222222222222,-6.96222222222222,0,0,0,0,0
2025-05-29 01:00:00,-2.47888888888889,-6.16777777777778,-6.45222222222222,-6.77,-6.96222222222222,0,0,0,0,0
2025-05-29 02:00:00,-3.035,-6.16777777777778,-6.42,-6.77,-6.93,0,0,0,0,0
2025-05-29 03:00:00,-3.71722222222222,-6.16777777777778,-6.42,-6.77,-6.93,0,0,0,0,0
2025-05-29 04:00:00,-3.71722222222222,-6.16777777777778,-6.42,-6.77,-6.93,0,0,0,0,0
2025-05-29 05:00:00,-4.13722222222222,-6.16777777777778,-6.42,-6.77,-6.93,0,0,0,0,0
2025-05-29 06:00:00,-4.49888888888889,-6.16777777777778,-6.42,-6.77,-6.93,0,0,0,0,0
2025-05-29 07:00:00,-4.68222222222222,-6.16777777777778,-6.42,-6.73777777777778,-6.93,0,0,0,0,0
2025-05-29 08:00:00,-4.65111111111111,-6.16777777777778,-6.42,-6.73777777777778,-6.93,0,0,0,0,0
2025-05-29 09:00:00,-4.77277777777778,-6.16777777777778,-6.42,-6.73777777777778,-6.89777777777778,0,0,0,0,0
2025-05-29 10:00:00,-4.83388888888889,-6.16777777777778,-6.42,-6.73777777777778,-6.89777777777778,0,0,0,0,0
2025-05-29 11:00:00,-4.865,-6.13611111111111,-6.42,-6.73777777777778,-6.89777777777778,0,0,0,0,0
2025-05-29 12:00:00,-4.865,-6.13611111111111,-6.38777777777778,-6.70611111111111,-6.86611111111111,0,0,0,0,0
2025-05-29 13:00:00,-4.65111111111111,-6.13611111111111,-6.38777777777778,-6.73777777777778,-6.86611111111111,0,0,0,0,0
2025-05-29 14:00:00,-4.56,-6.13611111111111,-6.38777777777778,-6.70611111111111,-6.86611111111111,0,0,0,0,0
2025-05-29 15:00:00,-4.31777777777778,-6.13611111111111,-6.38777777777778,-6.70611111111111,-6.86611111111111,0,0,0,0,0
2025-05-29 16:00:00,-4.10611111111111,-6.13611111111111,-6.38777777777778,-6.70611111111111,-6.86611111111111,0,0,0,0,0
2025-05-29 17:00:00,-3.39,-6.13611111111111,-6.38777777777778,-6.70611111111111,-6.86611111111111,0,0,0,0,0
2025-05-29 18:00:00,-2.85888888888889,-6.13611111111111,-6.38777777777778,-6.67388888888889,-6.83388888888889,0,0,0,0,0
2025-05-29 19:00:00,-2.16,-6.13611111111111,-6.38777777777778,-6.67388888888889,-6.83388888888889,0,0,0,0,0
2025-05-29 20:00:00,-1.95777777777778,-6.13611111111111,-6.38777777777778,-6.67388888888889,-6.83388888888889,0,0,0,0,0
2025-05-29 21:00:00,-2.74222222222222,-6.13611111111111,-6.35722222222222,-6.67388888888889,-6.83388888888889,0,0,0,0,0
2025-05-29 22:00:00,-2.04388888888889,-6.13611111111111,-6.35722222222222,-6.67388888888889,-6.83388888888889,0,0,0,0,0
2025-05-29 23:00:00,-2.27611111111111,-6.13611111111111,-6.35722222222222,-6.67388888888889,-6.83388888888889,0,0,0,0,0
2025-05-30 00:00:00,-1.98611111111111,-6.13611111111111,-6.35722222222222,-6.67388888888889,-6.80222222222222,0,0,0,0,0
2025-05-30 01:00:00,-2.53722222222222,-6.105,-6.35722222222222,-6.67388888888889,-6.80222222222222,0,0,0,0,0
2025-05-30 02:00:00,-2.27611111111111,-6.105,-6.35722222222222,-6.67388888888889,-6.80222222222222,0,0,0,0,0
2025-05-30 03:00:00,-2.74222222222222,-6.105,-6.35722222222222,-6.64222222222222,-6.80222222222222,0,0,0,0,0
2025-05-30 04:00:00,-2.85888888888889,-6.105,-6.35722222222222,-6.64222222222222,-6.80222222222222,0,0,0,0,0
2025-05-30 05:00:00,-4.68222222222222,-6.105,-6.35722222222222,-6.64222222222222,-6.80222222222222,0,0,0,0,0
2025-05-30 06:00:00,-4.895,-6.105,-6.35722222222222,-6.64222222222222,-6.80222222222222,0,0,0,0,0
2025-05-30 07:00:00,-8.09888888888889,-6.105,-6.35722222222222,-6.64222222222222,-6.80222222222222,0,0,0,0,0
2025-05-30 08:00:00,-6.515,-6.105,-6.35722222222222,-6.64222222222222,-6.80222222222222,0,0,0,0,0
2025-05-30 09:00:00,-6.67388888888889,-6.105,-6.325,-6.64222222222222,-6.77,0,0,0,0,0
2025-05-30 10:00:00,-6.01,-6.105,-6.325,-6.64222222222222,-6.77,0,0,0,0,0
2025-05-30 11:00:00,-5.82277777777778,-6.105,-6.325,-6.61,-6.77,0,0,0,0,0
2025-05-30 12:00:00,-10.8272222222222,-6.105,-6.325,-6.61,-6.77,1,0,0,0,0
2025-05-30 13:00:00,-12.7511111111111,-6.105,-6.325,-6.61,-6.77,0,0,0,0,0
2025-05-30 14:00:00,-11.3261111111111,-6.105,-6.325,-6.61,-6.73777777777778,0,0,0,0,0
2025-05-30 15:00:00,-7.05777777777778,-6.105,-6.29388888888889,-6.61,-6.77,0,0,0,0,0
2025-05-30 16:00:00,-6.29388888888889,-6.04222222222222,-6.29388888888889,-6.61,-6.73777777777778,0,0,0,0,0
2025-05-30 17:00:00,-4.07611111111111,-6.04222222222222,-6.29388888888889,-6.61,-6.73777777777778,0,0,0,0,0
2025-05-30 18:00:00,-2.71222222222222,-6.04222222222222,-6.29388888888889,-6.61,-6.73777777777778,0,0,0,0,0
2025-05-30 19:00:00,-3.59777777777778,-6.04222222222222,-6.29388888888889,-6.61,-6.73777777777778,0,0,0,0,0
2025-05-30 20:00:00,-1.95777777777778,-6.04222222222222,-6.29388888888889,-6.57888888888889,-6.73777777777778,0,0,0,0,0
2025-05-30 21:00:00,-1.58388888888889,-6.04222222222222,-6.29388888888889,-6.57888888888889,-6.70611111111111,0,0,0,0,0
2025-05-30 22:00:00,5.05,-6.04222222222222,-6.29388888888889,-6.57888888888889,-6.70611111111111,1,0,0,0,0
2025-05-30 23:00:00,7.11611111111111,-6.04222222222222,-6.29388888888889,-6.57888888888889,-6.70611111111111,0,0,0,0,0
2025-05-31 00:00:00,1.69722222222222,-6.07277777777778,-6.29388888888889,-6.57888888888889,-6.70611111111111,1,0,0,0,0
2025-05-31 01:00:00,1.39777777777778,-6.04222222222222,-6.29388888888889,-6.54722222222222,-6.70611111111111,0,0,0,0,0
2025-05-31 02:00:00,-1.015,-6.07277777777778,-6.29388888888889,-6.54722222222222,-6.70611111111111,0,0,0,0,0
2025-05-31 03:00:00,-1.92888888888889,-6.04222222222222,-6.29388888888889,-6.54722222222222,-6.70611111111111,0,0,0,0,0
2025-05-31 04:00:00,-2.53722222222222,-6.105,-6.29388888888889,-6.54722222222222,-6.70611111111111,0,0,0,0,0
2025-05-31 05:00:00,-2.94722222222222,-6.105,-6.29388888888889,-6.54722222222222,-6.70611111111111,0,0,0,0,0
2025-05-31 06:00:00,-3.77722222222222,-6.04222222222222,-6.29388888888889,-6.54722222222222,-6.70611111111111,0,0,0,0,0
2025-05-31 07:00:00,-3.98611111111111,-6.04222222222222,-6.29388888888889,-6.54722222222222,-6.70611111111111,0,0,0,0,0
2025-05-31 08:00:00,-3.86611111111111,-6.07277777777778,-6.29388888888889,-6.54722222222222,-6.67388888888889,0,0,0,0,0
2025-05-31 09:00:00,-2.94722222222222,-6.04222222222222,-6.29388888888889,-6.54722222222222,-6.67388888888889,0,0,0,0,0
2025-05-31 10:00:00,-1.75611111111111,-6.04222222222222,-6.29388888888889,-6.54722222222222,-6.67388888888889,0,0,0,0,0
2025-05-31 11:00:00,-1.61277777777778,-6.04222222222222,-6.29388888888889,-6.54722222222222,-6.67388888888889,0,0,0,0,0
2025-05-31 12:00:00,-1.9,-6.04222222222222,-6.26222222222222,-6.54722222222222,-6.67388888888889,0,0,0,0,0
2025-05-31 13:00:00,-3.65722222222222,-6.04222222222222,-6.26222222222222,-6.54722222222222,-6.67388888888889,0,0,0,0,0
2025-05-31 14:00:00,-3.62722222222222,-6.04222222222222,-6.26222222222222,-6.54722222222222,-6.67388888888889,0,0,0,0,0
2025-05-31 15:00:00,-3.27111111111111,-6.04222222222222,-6.26222222222222,-6.54722222222222,-6.67388888888889,0,0,0,0,0
2025-05-31 16:00:00,-2.74222222222222,-6.04222222222222,-6.26222222222222,-6.515,-6.67388888888889,0,0,0,0,0
2025-05-31 17:00:00,-2.88777777777778,-6.04222222222222,-6.26222222222222,-6.515,-6.67388888888889,0,0,0,0,0
2025-05-31 18:00:00,-2.24722222222222,-6.04222222222222,-6.26222222222222,-6.515,-6.64222222222222,0,0,0,0,0
2025-05-31 19:00:00,-1.69888888888889,-6.04222222222222,-6.26222222222222,-6.515,-6.64222222222222,0,0,0,0,0
2025-05-31 20:00:00,-1.84222222222222,-6.04222222222222,-6.26222222222222,-6.515,-6.64222222222222,0,0,0,0,0
2025-05-31 21:00:00,-1.785,-6.04222222222222,-6.26222222222222,-6.515,-6.64222222222222,0,0,0,0,0
2025-05-31 22:00:00,-1.38388888888889,-6.04222222222222,-6.26222222222222,-6.515,-6.64222222222222,0,0,0,0,0
2025-05-31 23:00:00,-1.21277777777778,-6.04222222222222,-6.26222222222222,-6.515,-6.64222222222222,0,0,0,0,0
2025-06-01 00:00:00,-0.31111111111111,-6.04222222222222,-6.23111111111111,-6.48277777777778,-6.64222222222222,0,0,0,0,0
2025-06-01 01:00:00,-0.93,-6.04222222222222,-6.26222222222222,-6.515,-6.64222222222222,0,0,0,0,0
2025-06-01 02:00:00,-1.49777777777778,-6.04222222222222,-6.26222222222222,-6.515,-6.64222222222222,0,0,0,0,0
2025-06-01 03:00:00,-1.58388888888889,-6.04222222222222,-6.23111111111111,-6.48277777777778,-6.61,0,0,0,0,0
2025-06-01 04:00:00,-2.47888888888889,-6.01,-6.23111111111111,-6.48277777777778,-6.61,0,0,0,0,0
2025-06-01 05:00:00,-3.00611111111111,-6.01,-6.23111111111111,-6.48277777777778,-6.61,0,0,0,0,0
2025-06-01 06:00:00,-3.44888888888889,-6.01,-6.23111111111111,-6.48277777777778,-6.61,0,0,0,0,0
2025-06-01 07:00:00,-3.44888888888889,-6.01,-6.23111111111111,-6.48277777777778,-6.61,0,0,0,0,0
2025-06-01 08:00:00,-3.59777777777778,-6.01,-6.23111111111111,-6.48277777777778,-6.61,0,0,0,0,0
2025-06-01 09:00:00,-3.59777777777778,-6.01,-6.23111111111111,-6.48277777777778,-6.61,0,0,0,0,0
2025-06-01 10:00:00,-3.56777777777778,-6.01,-6.23111111111111,-6.48277777777778,-6.61,0,0,0,0,0
2025-06-01 11:00:00,-3.50777777777778,-5.97888888888889,-6.19888888888889,-6.48277777777778,-6.61,0,0,0,0,0
2025-06-01 12:00:00,-3.53777777777778,-5.97888888888889,-6.19888888888889,-6.45222222222222,-6.57888888888889,0,0,0,0,0
2025-06-01 13:00:00,-3.33,-5.97888888888889,-6.19888888888889,-6.45222222222222,-6.57888888888889,0,0,0,0,0
2025-06-01 14:00:00,-3.36,-6.01,-6.19888888888889,-6.45222222222222,-6.57888888888889,0,0,0,0,0
2025-06-01 15:00:00,-3.47888888888889,-5.97888888888889,-6.19888888888889,-6.45222222222222,-6.57888888888889,0,0,0,0,0
2025-06-01 16:00:00,-2.74222222222222,-5.97888888888889,-6.19888888888889,-6.45222222222222,-6.57888888888889,0,0,0,0,0
2025-06-01 17:00:00,-1.55611111111111,-5.97888888888889,-6.19888888888889,-6.42,-6.57888888888889,0,0,0,0,0
2025-06-01 18:00:00,-1.69888888888889,-5.97888888888889,-6.19888888888889,-6.45222222222222,-6.57888888888889,0,0,0,0,0
2025-06-01 19:00:00,-0.98611111111111,-5.97888888888889,-6.16777777777778,-6.42,-6.54722222222222,0,0,0,0,0
2025-06-01 20:00:00,-0.562777777777779,-5.97888888888889,-6.19888888888889,-6.42,-6.54722222222222,0,0,0,0,0
2025-06-01 21:00:00,0.467222222222223,-5.97888888888889,-6.16777777777778,-6.42,-6.54722222222222,0,0,0,0,0
2025-06-01 22:00:00,-0.367222222222223,-5.97888888888889,-6.16777777777778,-6.42,-6.54722222222222,0,0,0,0,0
2025-06-01 23:00:00,0.35611111111111,-5.97888888888889,-6.16777777777778,-6.42,-6.54722222222222,0,0,0,0,0
2025-06-02 00:00:00,1.72388888888889,-5.97888888888889,-6.16777777777778,-6.42,-6.54722222222222,0,0,0,0,0
2025-06-02 01:00:00,0.0788888888888906,-5.97888888888889,-6.16777777777778,-6.42,-6.54722222222222,0,0,0,0,0
2025-06-02 02:00:00,-0.703888888888889,-5.97888888888889,-6.16777777777778,-6.42,-6.54722222222222,0,0,0,0,0
2025-06-02 03:00:00,-0.93,-5.97888888888889,-6.16777777777778,-6.42,-6.54722222222222,0,0,0,0,0
2025-06-02 04:00:00,-1.69888888888889,-5.97888888888889,-6.16777777777778,-6.42,-6.54722222222222,0,0,0,0,0
2025-06-02 05:00:00,-1.87111111111111,-5.97888888888889,-6.16777777777778,-6.42,-6.54722222222222,0,0,0,0,0
2025-06-02 06:00:00,-2.305,-5.97888888888889,-6.16777777777778,-6.42,-6.54722222222222,0,0,0,0,0
2025-06-02 07:00:00,-2.83,-5.97888888888889,-6.16777777777778,-6.42,-6.54722222222222,0,0,0,0,0
2025-06-02 08:00:00,-3.27111111111111,-5.97888888888889,-6.16777777777778,-6.42,-6.515,0,0,0,0,0
2025-06-02 09:00:00,-4.01611111111111,-5.94777777777778,-6.16777777777778,-6.42,-6.515,0,0,0,0,0
2025-06-02 10:00:00,-4.65111111111111,-5.94777777777778,-6.16777777777778,-6.38777777777778,-6.515,0,0,0,0,0
2025-06-02 11:00:00,-5.32611111111111,-5.94777777777778,-6.13611111111111,-6.38777777777778,-6.515,0,0,0,0,0
2025-06-02 12:00:00,-5.85388888888889,-5.94777777777778,-6.13611111111111,-6.38777777777778,-6.515,0,0,0,0,0
2025-06-02 13:00:00,-6.04222222222222,-5.97888888888889,-6.13611111111111,-6.38777777777778,-6.515,0,0,0,0,0
2025-06-02 14:00:00,-6.42,-5.94777777777778,-6.13611111111111,-6.38777777777778,-6.515,0,0,0,0,0
2025-06-02 15:00:00,-6.23111111111111,-5.91611111111111,-6.13611111111111,-6.38777777777778,-6.515,0,0,0,0,0
2025-06-02 16:00:00,-5.72888888888889,-5.91611111111111,-6.13611111111111,-6.38777777777778,-6.48277777777778,0,0,0,0,0
2025-06-02 17:00:00,-5.295,-5.94777777777778,-6.13611111111111,-6.38777777777778,-6.515,0,0,0,0,0
2025-06-02 18:00:00,-4.68222222222222,-5.91611111111111,-6.13611111111111,-6.35722222222222,-6.48277777777778,0,0,0,0,0
2025-06-02 19:00:00,-4.49888888888889,-5.91611111111111,-6.13611111111111,-6.35722222222222,-6.48277777777778,0,0,0,0,0
2025-06-02 20:00:00,-4.46888888888889,-5.91611111111111,-6.13611111111111,-6.35722222222222,-6.48277777777778,0,0,0,0,0
2025-06-02 21:00:00,-3.68722222222222,-5.91611111111111,-6.13611111111111,-6.35722222222222,-6.48277777777778,0,0,0,0,0
2025-06-02 22:00:00,-3.47888888888889,-5.91611111111111,-6.13611111111111,-6.35722222222222,-6.48277777777778,0,0,0,0,0
2025-06-02 23:00:00,-3.68722222222222,-5.91611111111111,-6.105,-6.35722222222222,-6.48277777777778,0,0,0,0,0
2025-06-03 00:00:00,-3.56777777777778,-5.91611111111111,-6.105,-6.35722222222222,-6.48277777777778,0,0,0,0,0
2025-06-03 01:00:00,-4.16722222222222,-5.91611111111111,-6.105,-6.35722222222222,-6.48277777777778,0,0,0,0,0
2025-06-03 02:00:00,-3.89611111111111,-5.91611111111111,-6.105,-6.35722222222222,-6.48277777777778,0,0,0,0,0
2025-06-03 03:00:00,-4.59,-5.91611111111111,-6.105,-6.35722222222222,-6.48277777777778,0,0,0,0,0
2025-06-03 04:00:00,-5.35722222222222,-5.91611111111111,-6.105,-6.35722222222222,-6.48277777777778,0,0,0,0,0
2025-06-03 05:00:00,-5.85388888888889,-5.91611111111111,-6.105,-6.35722222222222,-6.45222222222222,0,0,0,0,0
2025-06-03 06:00:00,-6.45222222222222,-5.91611111111111,-6.105,-6.35722222222222,-6.45222222222222,0,0,0,0,0
2025-06-03 07:00:00,-6.77,-5.91611111111111,-6.105,-6.325,-6.45222222222222,0,0,0,0,0
2025-06-03 08:00:00,-7.31611111111111,-5.91611111111111,-6.105,-6.35722222222222,-6.45222222222222,0,0,0,0,0
2025-06-03 09:00:00,-8.165,-5.91611111111111,-6.105,-6.325,-6.45222222222222,0,0,0,0,0
2025-06-03 10:00:00,-7.83611111111111,-5.91611111111111,-6.105,-6.325,-6.45222222222222,0,0,0,0,0
2025-06-03 11:00:00,-8.965,-5.91611111111111,-6.105,-6.325,-6.45222222222222,0,0,0,0,0
2025-06-03 12:00:00,-8.33111111111111,-5.91611111111111,-6.105,-6.325,-6.45222222222222,0,0,0,0,0
2025-06-03 13:00:00,-8.73,-5.91611111111111,-6.105,-6.325,-6.45222222222222,0,0,0,0,0
2025-06-03 14:00:00,-8.33111111111111,-5.91611111111111,-6.105,-6.325,-6.45222222222222,0,0,0,0,0
2025-06-03 15:00:00,-7.41277777777778,-5.91611111111111,-6.105,-6.325,-6.42,0,0,0,0,1
2025-06-03 16:00:00,-6.99388888888889,-5.91611111111111,-6.105,-6.325,-6.42,0,0,0,0,1
2025-06-03 17:00:00,-6.23111111111111,-5.91611111111111,-6.105,-6.325,-6.42,0,0,0,0,1
2025-06-03 18:00:00,-5.76,-5.91611111111111,-6.105,-6.325,-6.42,0,0,0,0,1
2025-06-03 19:00:00,-5.04888888888889,-5.94777777777778,-6.105,-6.325,-6.42,0,0,0,0,1
2025-06-03 20:00:00,-4.37777777777778,-5.94777777777778,-6.105,-6.325,-6.42,0,0,0,0,1
2025-06-03 21:00:00,-4.01611111111111,-5.94777777777778,-6.105,-6.325,-6.42,0,0,0,0,1
2025-06-03 22:00:00,-3.95611111111111,-5.97888888888889,-6.105,-6.325,-6.42,0,0,0,0,1
2025-06-03 23:00:00,-3.65722222222222,-5.97888888888889,-6.105,-6.325,-6.42,0,0,0,0,1
2025-06-04 00:00:00,-3.24222222222222,-5.97888888888889,-6.13611111111111,-6.325,-6.42,0,0,0,0,1
2025-06-04 01:00:00,-3.56777777777778,-5.97888888888889,-6.105,-6.29388888888889,-6.42,0,0,0,0,1
2025-06-04 02:00:00,-3.98611111111111,-5.97888888888889,-6.13611111111111,-6.325,-6.42,0,0,0,0,1
2025-06-04 03:00:00,-4.56,-5.97888888888889,-6.13611111111111,-6.325,-6.42,0,0,0,0,1
2025-06-04 04:00:00,-4.77277777777778,-6.01,-6.13611111111111,-6.325,-6.42,0,0,0,0,1
2025-06-04 05:00:00,-5.23277777777778,-6.01,-6.13611111111111,-6.325,-6.42,0,0,0,0,1
2025-06-04 06:00:00,-5.44888888888889,-6.01,-6.13611111111111,-6.325,-6.42,0,0,0,0,1
2025-06-04 07:00:00,-5.85388888888889,-6.01,-6.16777777777778,-6.325,-6.42,0,0,0,0,1
2025-06-04 08:00:00,-6.04222222222222,-6.01,-6.13611111111111,-6.325,-6.42,0,0,0,0,1
2025-06-04 09:00:00,-6.26222222222222,-6.04222222222222,-6.16777777777778,-6.325,-6.42,0,0,0,0,1
2025-06-04 10:00:00,-6.38777777777778,-6.01,-6.16777777777778,-6.325,-6.42,0,0,0,0,1
2025-06-04 11:00:00,-6.64222222222222,-6.04222222222222,-6.16777777777778,-6.325,-6.42,0,0,0,0,1
2025-06-04 12:00:00,-6.86611111111111,-6.04222222222222,-6.16777777777778,-6.325,-6.42,0,0,0,0,1
2025-06-04 13:00:00,-6.93,-6.04222222222222,-6.16777777777778,-6.325,-6.42,0,0,0,0,1
2025-06-04 14:00:00,-6.67388888888889,-6.04222222222222,-6.16777777777778,-6.325,-6.42,0,0,0,0,1
2025-06-04 15:00:00,-6.38777777777778,-6.04222222222222,-6.16777777777778,-6.325,-6.42,0,0,0,0,1
2025-06-04 16:00:00,-6.13611111111111,-6.04222222222222,-6.16777777777778,-6.325,-6.42,0,0,0,0,1
2025-06-04 17:00:00,-5.44888888888889,-6.04222222222222,-6.16777777777778,-6.325,-6.42,0,0,0,0,1
2025-06-04 18:00:00,-4.68222222222222,-6.04222222222222,-6.16777777777778,-6.325,-6.42,0,0,0,0,1
2025-06-04 19:00:00,-3.77722222222222,-6.04222222222222,-6.16777777777778,-6.325,-6.42,0,0,0,0,1
2025-06-04 20:00:00,-3.95611111111111,-6.04222222222222,-6.16777777777778,-6.325,-6.42,0,0,0,0,1
2025-06-04 21:00:00,-4.01611111111111,-6.04222222222222,-6.16777777777778,-6.35722222222222,-6.42,0,0,0,0,1
2025-06-04 22:00:00,-3.30111111111111,-6.04222222222222,-6.16777777777778,-6.325,-6.42,0,0,0,0,1
2025-06-04 23:00:00,-2.47888888888889,-6.04222222222222,-6.16777777777778,-6.35722222222222,-6.42,0,0,0,0,1
2025-06-05 00:00:00,-2.45,-6.04222222222222,-6.16777777777778,-6.35722222222222,-6.42,0,0,0,0,1
2025-06-05 01:00:00,-3.27111111111111,-6.04222222222222,-6.16777777777778,-6.35722222222222,-6.42,0,0,0,0,1
2025-06-05 02:00:00,-4.22722222222222,-6.04222222222222,-6.16777777777778,-6.325,-6.42,0,0,0,0,1
2025-06-05 03:00:00,-4.22722222222222,-6.04222222222222,-6.19888888888889,-6.35722222222222,-6.42,0,0,0,0,1
2025-06-05 04:00:00,-5.11,-6.04222222222222,-6.19888888888889,-6.325,-6.42,0,0,0,0,1
2025-06-05 05:00:00,-5.57388888888889,-6.04222222222222,-6.19888888888889,-6.35722222222222,-6.42,0,0,0,0,1
2025-06-05 06:00:00,-5.79111111111111,-6.04222222222222,-6.19888888888889,-6.35722222222222,-6.42,0,0,0,0,1
2025-06-05 07:00:00,-5.69777777777778,-6.04222222222222,-6.19888888888889,-6.35722222222222,-6.42,0,0,0,0,1
2025-06-05 08:00:00,-6.13611111111111,-6.04222222222222,-6.19888888888889,-6.35722222222222,-6.42,0,0,0,0,1
2025-06-05 09:00:00,-6.38777777777778,-6.04222222222222,-6.19888888888889,-6.35722222222222,-6.42,0,0,0,0,1
2025-06-05 10:00:00,-6.93,-6.04222222222222,-6.19888888888889,-6.35722222222222,-6.42,0,0,0,0,1
2025-06-05 11:00:00,-6.67388888888889,-6.04222222222222,-6.19888888888889,-6.35722222222222,-6.42,0,0,0,0,1
2025-06-05 12:00:00,-6.93,-6.07277777777778,-6.19888888888889,-6.35722222222222,-6.42,0,0,0,0,1
2025-06-05 13:00:00,-6.54722222222222,-6.04222222222222,-6.19888888888889,-6.35722222222222,-6.42,0,0,0,0,1
2025-06-05 14:00:00,-6.04222222222222,-6.04222222222222,-6.19888888888889,-6.35722222222222,-6.42,0,0,0,0,1
2025-06-05 15:00:00,-3.47888888888889,-6.04222222222222,-6.19888888888889,-6.35722222222222,-6.42,0,0,0,0,1
2025-06-05 16:00:00,-4.07611111111111,-6.04222222222222,-6.19888888888889,-6.35722222222222,-6.42,0,0,0,0,1
2025-06-05 17:00:00,-2.13111111111111,-6.04222222222222,-6.19888888888889,-6.35722222222222,-6.42,0,0,0,0,1
2025-06-05 18:00:00,-0.255,-6.04222222222222,-6.19888888888889,-6.35722222222222,-6.42,0,0,0,0,1
2025-06-05 19:00:00,-2.39222222222222,-6.04222222222222,-6.19888888888889,-6.35722222222222,-6.42,0,0,0,0,1
2025-06-05 20:00:00,-1.67,-6.04222222222222,-6.19888888888889,-6.35722222222222,-6.42,0,0,0,0,1
2025-06-05 21:00:00,-1.98611111111111,-6.07277777777778,-6.19888888888889,-6.35722222222222,-6.42,0,0,0,0,1
2025-06-05 22:00:00,-1.015,-6.105,-6.19888888888889,-6.35722222222222,-6.42,0,0,0,0,1
2025-06-05 23:00:00,0.107222222222221,-6.04222222222222,-6.19888888888889,-6.35722222222222,-6.42,0,0,0,0,1
2025-06-06 00:00:00,-2.56611111111111,-6.07277777777778,-6.19888888888889,-6.35722222222222,-6.42,0,0,0,0,1
2025-06-06 01:00:00,-1.35611111111111,-6.105,-6.19888888888889,-6.35722222222222,-6.42,0,0,0,0,1
2025-06-06 02:00:00,-1.21277777777778,-6.04222222222222,-6.19888888888889,-6.35722222222222,-6.42,0,0,0,0,1
2025-06-06 03:00:00,0.0238888888888885,-6.07277777777778,-6.19888888888889,-6.35722222222222,-6.42,0,0,0,0,0
2025-06-06 04:00:00,-1.47,-6.105,-6.23111111111111,-6.35722222222222,-6.42,0,0,0,0,0
2025-06-06 05:00:00,-2.91777777777778,-6.105,-6.19888888888889,-6.35722222222222,-6.42,0,0,0,0,0
2025-06-06 06:00:00,-4.07611111111111,-6.07277777777778,-6.19888888888889,-6.35722222222222,-6.42,0,0,0,0,0
2025-06-06 07:00:00,-4.43888888888889,-6.105,-6.23111111111111,-6.35722222222222,-6.42,0,0,0,0,0
2025-06-06 08:00:00,-4.68222222222222,-6.04222222222222,-6.19888888888889,-6.35722222222222,-6.42,0,0,0,0,0
2025-06-06 09:00:00,-4.59,-6.04222222222222,-6.19888888888889,-6.35722222222222,-6.42,0,0,0,0,0
2025-06-06 10:00:00,-4.43888888888889,-6.04222222222222,-6.19888888888889,-6.35722222222222,-6.42,0,0,0,0,0
2025-06-06 11:00:00,-4.22722222222222,-6.04222222222222,-6.19888888888889,-6.35722222222222,-6.42,0,0,0,0,0
2025-06-06 12:00:00,-3.68722222222222,-6.04222222222222,-6.19888888888889,-6.35722222222222,-6.42,0,0,0,0,0
2025-06-06 13:00:00,-3.41888888888889,-6.04222222222222,-6.19888888888889,-6.35722222222222,-6.42,0,0,0,0,0
2025-06-06 14:00:00,-2.56611111111111,-6.04222222222222,-6.19888888888889,-6.35722222222222,-6.42,0,0,0,0,0
2025-06-06 15:00:00,-2.59611111111111,-6.04222222222222,-6.19888888888889,-6.35722222222222,-6.42,0,0,0,0,0
2025-06-06 16:00:00,0.632222222222221,-6.04222222222222,-6.19888888888889,-6.35722222222222,-6.42,0,0,0,0,0
2025-06-06 17:00:00,-0.00388888888888969,-6.04222222222222,-6.16777777777778,-6.35722222222222,-6.42,0,0,0,0,0
2025-06-06 18:00:00,0.962222222222222,-6.04222222222222,-6.16777777777778,-6.325,-6.42,0,0,0,0,0
2025-06-06 19:00:00,1.53388888888889,-6.04222222222222,-6.16777777777778,-6.35722222222222,-6.38777777777778,0,0,0,0,0
2025-06-06 20:00:00,0.933888888888887,-6.04222222222222,-6.16777777777778,-6.325,-6.42,0,0,0,0,0
2025-06-06 21:00:00,0.438888888888888,-6.04222222222222,-6.16777777777778,-6.325,-6.42,0,0,0,0,0
2025-06-06 22:00:00,0.438888888888888,-6.04222222222222,-6.16777777777778,-6.325,-6.42,0,0,0,0,0
2025-06-06 23:00:00,-0.562777777777779,-6.04222222222222,-6.16777777777778,-6.325,-6.42,0,0,0,0,0
2025-06-07 00:00:00,-0.367222222222223,-6.04222222222222,-6.16777777777778,-6.325,-6.38777777777778,0,0,0,0,0
2025-06-07 01:00:00,-0.759999999999999,-6.04222222222222,-6.16777777777778,-6.325,-6.38777777777778,0,0,0,0,0
2025-06-07 02:00:00,-0.647777777777778,-6.04222222222222,-6.16777777777778,-6.325,-6.38777777777778,0,0,0,0,0
2025-06-07 03:00:00,-1.67,-6.04222222222222,-6.16777777777778,-6.325,-6.38777777777778,0,0,0,0,0
2025-06-07 04:00:00,-1.69888888888889,-6.04222222222222,-6.16777777777778,-6.325,-6.38777777777778,0,0,0,0,0
2025-06-07 05:00:00,-1.49777777777778,-6.04222222222222,-6.16777777777778,-6.325,-6.38777777777778,0,0,0,0,0
2025-06-07 06:00:00,-2.42111111111111,-6.01,-6.16777777777778,-6.325,-6.38777777777778,0,0,0,0,0
2025-06-07 07:00:00,-2.36277777777778,-6.01,-6.16777777777778,-6.325,-6.38777777777778,0,0,0,0,0
2025-06-07 08:00:00,-3.56777777777778,-6.01,-6.16777777777778,-6.325,-6.38777777777778,0,0,0,0,0
2025-06-07 09:00:00,-4.37777777777778,-6.01,-6.16777777777778,-6.325,-6.38777777777778,0,0,0,0,0
2025-06-07 10:00:00,-5.295,-6.01,-6.16777777777778,-6.325,-6.38777777777778,0,0,0,0,0
2025-06-07 11:00:00,-6.325,-6.01,-6.13611111111111,-6.325,-6.38777777777778,0,0,0,0,0
2025-06-07 12:00:00,-10.4411111111111,-6.01,-6.13611111111111,-6.29388888888889,-6.38777777777778,0,0,0,0,0
2025-06-07 13:00:00,-9.1,-5.97888888888889,-6.13611111111111,-6.325,-6.38777777777778,0,0,0,0,0
2025-06-07 14:00:00,-5.66722222222222,-5.97888888888889,-6.13611111111111,-6.29388888888889,-6.38777777777778,0,0,0,0,0
2025-06-07 15:00:00,-4.68222222222222,-5.97888888888889,-6.13611111111111,-6.29388888888889,-6.38777777777778,0,0,0,0,0
2025-06-07 16:00:00,-0.422777777777777,-5.97888888888889,-6.13611111111111,-6.29388888888889,-6.38777777777778,0,0,0,0,0
2025-06-07 17:00:00,-0.31111111111111,-5.97888888888889,-6.13611111111111,-6.29388888888889,-6.35722222222222,0,0,0,0,0
2025-06-07 18:00:00,-2.21777777777778,-5.97888888888889,-6.105,-6.29388888888889,-6.35722222222222,0,0,0,0,0
2025-06-07 19:00:00,-1.185,-5.94777777777778,-6.105,-6.29388888888889,-6.35722222222222,0,0,0,0,0
2025-06-07 20:00:00,0.217777777777779,-5.94777777777778,-6.105,-6.29388888888889,-6.38777777777778,0,0,0,0,0
2025-06-07 21:00:00,-0.507222222222222,-5.94777777777778,-6.105,-6.29388888888889,-6.35722222222222,0,0,0,0,0
2025-06-07 22:00:00,0.107222222222221,-5.94777777777778,-6.105,-6.29388888888889,-6.35722222222222,0,0,0,0,0
2025-06-07 23:00:00,0.412222222222221,-5.94777777777778,-6.105,-6.29388888888889,-6.35722222222222,0,0,0,0,0
2025-06-08 00:00:00,0.577222222222223,-5.94777777777778,-6.105,-6.29388888888889,-6.35722222222222,0,0,0,0,0
2025-06-08 01:00:00,0.135000000000001,-5.91611111111111,-6.105,-6.26222222222222,-6.35722222222222,0,0,0,0,0
2025-06-08 02:00:00,-0.367222222222223,-5.91611111111111,-6.105,-6.26222222222222,-6.35722222222222,0,0,0,0,0
2025-06-08 03:00:00,-1.04277777777778,-5.91611111111111,-6.105,-6.26222222222222,-6.35722222222222,0,0,0,0,0
2025-06-08 04:00:00,-1.47,-5.91611111111111,-6.07277777777778,-6.26222222222222,-6.35722222222222,0,0,0,0,0
2025-06-08 05:00:00,-1.41277777777778,-5.91611111111111,-6.07277777777778,-6.26222222222222,-6.35722222222222,0,0,0,0,0
2025-06-08 06:00:00,-1.27,-5.91611111111111,-6.07277777777778,-6.26222222222222,-6.35722222222222,0,0,0,0,0
2025-06-08 07:00:00,-1.44111111111111,-5.91611111111111,-6.07277777777778,-6.26222222222222,-6.325,0,0,0,0,0
2025-06-08 08:00:00,-1.32722222222222,-5.91611111111111,-6.07277777777778,-6.26222222222222,-6.35722222222222,0,0,0,0,0
2025-06-08 09:00:00,-1.12777777777778,-5.91611111111111,-6.07277777777778,-6.26222222222222,-6.325,0,0,0,0,0
2025-06-08 10:00:00,-1.21277777777778,-5.91611111111111,-6.07277777777778,-6.26222222222222,-6.325,0,0,0,0,0
2025-06-08 11:00:00,-1.44111111111111,-5.91611111111111,-6.04222222222222,-6.26222222222222,-6.325,0,0,0,0,0
2025-06-08 12:00:00,-1.35611111111111,-5.91611111111111,-6.04222222222222,-6.26222222222222,-6.325,0,0,0,0,0
2025-06-08 13:00:00,-1.12777777777778,-5.91611111111111,-6.04222222222222,-6.23111111111111,-6.325,0,0,0,0,0
2025-06-08 14:00:00,-1.04277777777778,-5.885,-6.04222222222222,-6.23111111111111,-6.325,0,0,0,0,0
2025-06-08 15:00:00,-0.67611111111111,-5.885,-6.04222222222222,-6.23111111111111,-6.325,0,0,0,0,0
2025-06-08 16:00:00,0.412222222222221,-5.885,-6.04222222222222,-6.23111111111111,-6.325,0,0,0,0,0
2025-06-08 17:00:00,2.61,-5.885,-6.04222222222222,-6.23111111111111,-6.325,0,0,0,0,0
2025-06-08 18:00:00,2.12777777777778,-5.85388888888889,-6.04222222222222,-6.23111111111111,-6.325,0,0,0,0,0
2025-06-08 19:00:00,2.82277777777778,-5.85388888888889,-6.04222222222222,-6.23111111111111,-6.29388888888889,0,0,0,0,0
2025-06-08 20:00:00,2.12777777777778,-5.85388888888889,-6.04222222222222,-6.23111111111111,-6.29388888888889,0,0,0,0,0
2025-06-08 21:00:00,2.34277777777778,-5.85388888888889,-6.01,-6.23111111111111,-6.29388888888889,0,0,0,0,0
2025-06-08 22:00:00,4.53222222222222,-5.85388888888889,-6.01,-6.23111111111111,-6.29388888888889,0,0,0,0,0
2025-06-08 23:00:00,2.42277777777778,-5.85388888888889,-6.01,-6.23111111111111,-6.29388888888889,0,0,0,0,0
2025-06-09 00:00:00,3.64277777777778,-5.85388888888889,-6.01,-6.19888888888889,-6.29388888888889,0,0,0,0,0
2025-06-09 01:00:00,5.48777777777778,-5.82277777777778,-6.01,-6.19888888888889,-6.29388888888889,0,0,0,0,0
2025-06-09 02:00:00,4.58388888888889,-5.82277777777778,-6.01,-6.19888888888889,-6.29388888888889,0,0,0,0,0
2025-06-09 03:00:00,3.80111111111111,-5.79111111111111,-5.97888888888889,-6.19888888888889,-6.29388888888889,0,0,0,0,0
2025-06-09 04:00:00,2.61,-5.79111111111111,-5.97888888888889,-6.19888888888889,-6.29388888888889,0,0,0,0,0
2025-06-09 05:00:00,0.852222222222222,-5.79111111111111,-5.97888888888889,-6.16777777777778,-6.26222222222222,0,0,0,0,0
2025-06-09 06:00:00,0.550000000000001,-5.79111111111111,-5.97888888888889,-6.19888888888889,-6.29388888888889,0,0,0,0,0
2025-06-09 07:00:00,0.301111111111112,-5.79111111111111,-5.94777777777778,-6.19888888888889,-6.29388888888889,0,0,0,0,0
2025-06-09 08:00:00,0.189999999999999,-5.79111111111111,-5.91611111111111,-6.16777777777778,-6.29388888888889,0,0,0,0,0
2025-06-09 09:00:00,0.107222222222221,-5.76,-5.885,-6.16777777777778,-6.26222222222222,0,0,0,0,0
2025-06-09 10:00:00,-0.282777777777778,-5.72888888888889,-5.85388888888889,-6.13611111111111,-6.26222222222222,0,0,0,0,0
2025-06-09 11:00:00,0.0238888888888885,-5.69777777777778,-5.79111111111111,-6.13611111111111,-6.26222222222222,0,0,0,0,0
2025-06-09 12:00:00,0.189999999999999,-5.63611111111111,-5.72888888888889,-6.105,-6.23111111111111,0,0,0,0,0
2025-06-09 13:00:00,0.217777777777779,-5.54222222222222,-5.63611111111111,-6.04222222222222,-6.23111111111111,0,0,0,0,0
2025-06-09 14:00:00,0.770000000000002,-5.51111111111111,-5.54222222222222,-6.04222222222222,-6.19888888888889,0,0,0,0,0
2025-06-09 15:00:00,2.23611111111111,-5.41777777777778,-5.48,-5.97888888888889,-6.16777777777778,0,0,0,0,0
2025-06-09 16:00:00,2.07388888888889,-5.295,-5.38777777777778,-5.94777777777778,-6.16777777777778,0,0,0,0,0
2025-06-09 17:00:00,3.30111111111111,-5.295,-5.32611111111111,-5.885,-6.13611111111111,0,0,0,0,0
2025-06-09 18:00:00,3.16777777777778,-5.23277777777778,-5.26388888888889,-5.85388888888889,-6.105,0,0,0,0,0
2025-06-09 19:00:00,4.50611111111111,-5.17222222222222,-5.23277777777778,-5.79111111111111,-6.07277777777778,0,0,0,0,0
2025-06-09 20:00:00,3.30111111111111,-5.11,-5.14111111111111,-5.79111111111111,-6.04222222222222,0,0,0,0,0
2025-06-09 21:00:00,3.22111111111111,-4.74277777777778,-4.98722222222222,-5.72888888888889,-6.01,0,1,0,0,0
2025-06-09 22:00:00,3.82722222222222,-2.85888888888889,-4.65111111111111,-5.66722222222222,-5.97888888888889,0,1,0,0,0
2025-06-09 23:00:00,3.80111111111111,-2.83,-4.34777777777778,-5.605,-5.94777777777778,0,0,0,0,0
2025-06-10 00:00:00,3.43277777777778,-2.85888888888889,-4.13722222222222,-5.48,-5.91611111111111,0,1,0,0,0
2025-06-10 01:00:00,3.11611111111111,-1.67,-3.95611111111111,-5.41777777777778,-5.85388888888889,0,1,0,0,0
2025-06-10 02:00:00,3.485,-1.32722222222222,-3.74722222222222,-5.295,-5.79111111111111,0,0,0,0,0
2025-06-10 03:00:00,2.95611111111111,-1.1,-3.56777777777778,-5.17222222222222,-5.72888888888889,0,0,0,0,0
2025-06-10 04:00:00,2.66388888888889,-0.98611111111111,-3.39,-5.07888888888889,-5.66722222222222,0,0,0,0,0
2025-06-10 05:00:00,2.47722222222222,-0.93,-3.27111111111111,-4.98722222222222,-5.605,0,0,0,0,0
2025-06-10 06:00:00,2.02111111111111,-0.872777777777779,-3.15277777777778,-4.895,-5.54222222222222,0,0,0,0,0
2025-06-10 07:00:00,1.48,-0.845000000000001,-3.065,-4.80388888888889,-5.48,0,0,0,0,0
2025-06-10 08:00:00,0.880000000000002,-0.817222222222222,-2.97611111111111,-4.71222222222222,-5.41777777777778,0,0,0,0,0
2025-06-10 09:00:00,0.0788888888888906,-0.817222222222222,-2.88777777777778,-4.62111111111111,-5.35722222222222,0,0,0,0,0
2025-06-10 10:00:00,-0.255,-0.78888888888889,-2.83,-4.56,-5.295,0,0,0,0,0
2025-06-10 11:00:00,-0.142777777777779,-0.759999999999999,-2.77111111111111,-4.49888888888889,-5.23277777777778,0,0,0,0,0
2025-06-10 12:00:00,-1.07111111111111,-0.759999999999999,-2.68277777777778,-4.40777777777778,-5.17222222222222,0,0,0,0,0
2025-06-10 13:00:00,-0.0877777777777785,-0.759999999999999,-2.65388888888889,-4.34777777777778,-5.11,0,0,0,0,0
2025-06-10 14:00:00,1.15277777777778,-0.732222222222223,-2.59611111111111,-4.28722222222222,-5.04888888888889,0,0,0,0,0
2025-06-10 15:00:00,3.775,-0.732222222222223,-2.53722222222222,-4.22722222222222,-4.98722222222222,0,0,0,0,0
2025-06-10 16:00:00,6.48388888888889,-0.703888888888889,-2.50777777777778,-4.16722222222222,-4.92611111111111,0,0,0,0,0
2025-06-10 17:00:00,9.63222222222222,-0.703888888888889,-2.47888888888889,-4.13722222222222,-4.895,1,0,0,0,0
2025-06-10 18:00:00,4.71388888888889,-0.703888888888889,-2.42111111111111,-4.07611111111111,-4.83388888888889,0,0,0,0,0
2025-06-10 19:00:00,4.99888888888889,-0.703888888888889,-2.39222222222222,-4.01611111111111,-4.80388888888889,0,0,0,0,0
2025-06-10 20:00:00,7.41888888888889,-0.703888888888889,-2.36277777777778,-3.95611111111111,-4.74277777777778,0,0,0,0,0
2025-06-10 21:00:00,4.48,-0.67611111111111,-2.33388888888889,-3.92611111111111,-4.71222222222222,0,0,0,0,0
2025-06-10 22:00:00,4.58388888888889,-0.67611111111111,-2.305,-3.89611111111111,-4.65111111111111,0,0,0,0,0
2025-06-10 23:00:00,4.35,-0.67611111111111,-2.27611111111111,-3.83611111111111,-4.62111111111111,0,0,0,0,0
2025-06-11 00:00:00,4.895,-0.67611111111111,-2.24722222222222,-3.80722222222222,-4.59,0,0,0,0,0
2025-06-11 01:00:00,4.76611111111111,-0.647777777777778,-2.21777777777778,-3.77722222222222,-4.53,0,0,0,0,0
2025-06-11 02:00:00,3.85388888888889,-0.647777777777778,-2.18888888888889,-3.74722222222222,-4.49888888888889,0,0,0,0,0
2025-06-11 03:00:00,3.32722222222222,-0.647777777777778,-2.16,-3.71722222222222,-4.46888888888889,0,0,0,0,0
2025-06-11 04:00:00,3.32722222222222,-0.647777777777778,-2.16,-3.65722222222222,-4.43888888888889,0,0,0,0,0
2025-06-11 05:00:00,4.06277777777778,-0.647777777777778,-2.13111111111111,-3.62722222222222,-4.40777777777778,0,0,0,0,0
2025-06-11 06:00:00,1.94,-0.647777777777778,-2.10222222222222,-3.59777777777778,-4.37777777777778,0,0,0,0,0
2025-06-11 07:00:00,1.09888888888889,-0.647777777777778,-2.07277777777778,-3.59777777777778,-4.34777777777778,0,0,0,0,0
2025-06-11 08:00:00,0.438888888888888,-0.647777777777778,-2.07277777777778,-3.53777777777778,-4.31777777777778,0,0,0,0,0
2025-06-11 09:00:00,-0.478888888888888,-0.647777777777778,-2.04388888888889,-3.53777777777778,-4.28722222222222,0,0,0,0,0
2025-06-11 10:00:00,0.24611111111111,-0.647777777777778,-2.015,-3.47888888888889,-4.25722222222222,0,0,0,0,0
2025-06-11 11:00:00,-0.282777777777778,-0.647777777777778,-2.015,-3.47888888888889,-4.22722222222222,0,0,0,0,0
2025-06-11 12:00:00,-0.957777777777778,-0.62,-1.98611111111111,-3.44888888888889,-4.19722222222222,0,0,0,0,0
2025-06-11 13:00:00,-0.367222222222223,-0.62,-1.95777777777778,-3.41888888888889,-4.16722222222222,0,0,0,0,0
2025-06-11 14:00:00,1.615,-0.62,-1.95777777777778,-3.39,-4.13722222222222,0,0,0,0,0
2025-06-11 15:00:00,2.42277777777778,-0.591111111111111,-1.95777777777778,-3.36,-4.13722222222222,0,0,0,0,0
2025-06-11 16:00:00,3.59111111111111,-0.591111111111111,-1.92888888888889,-3.33,-4.07611111111111,0,0,0,0,0
2025-06-11 17:00:00,7.41888888888889,-0.591111111111111,-1.92888888888889,-3.33,-4.07611111111111,0,0,0,0,0
2025-06-11 18:00:00,6.10222222222222,-0.591111111111111,-1.9,-3.30111111111111,-4.04611111111111,0,0,0,0,0
2025-06-11 19:00:00,7.795,-0.591111111111111,-1.9,-3.27111111111111,-4.01611111111111,0,0,0,0,0
2025-06-11 20:00:00,4.84388888888889,-0.591111111111111,-1.87111111111111,-3.24222222222222,-3.98611111111111,0,0,0,0,0
2025-06-11 21:00:00,6.35722222222222,-0.591111111111111,-1.87111111111111,-3.24222222222222,-3.95611111111111,0,0,0,0,0
2025-06-11 22:00:00,5.69277777777778,-0.591111111111111,-1.84222222222222,-3.21222222222222,-3.95611111111111,0,0,0,0,0
2025-06-11 23:00:00,5.385,-0.591111111111111,-1.84222222222222,-3.18277777777778,-3.92611111111111,0,0,0,0,0
2025-06-12 00:00:00,5.77,-0.591111111111111,-1.84222222222222,-3.18277777777778,-3.89611111111111,0,0,0,0,0
2025-06-12 01:00:00,5.17888888888889,-0.591111111111111,-1.81388888888889,-3.15277777777778,-3.86611111111111,0,0,0,0,0
2025-06-12 02:00:00,4.76611111111111,-0.591111111111111,-1.81388888888889,-3.12388888888889,-3.86611111111111,0,0,0,0,0
2025-06-12 03:00:00,5.71888888888889,-0.591111111111111,-1.785,-3.12388888888889,-3.83611111111111,0,0,0,0,0
2025-06-12 04:00:00,4.14111111111111,-0.591111111111111,-1.785,-3.09388888888889,-3.83611111111111,0,0,0,0,0
2025-06-12 05:00:00,3.82722222222222,-0.591111111111111,-1.785,-3.09388888888889,-3.80722222222222,0,0,0,0,0
2025-06-12 06:00:00,2.45,-0.591111111111111,-1.75611111111111,-3.065,-3.77722222222222,0,0,0,0,0
2025-06-12 07:00:00,1.53388888888889,-0.591111111111111,-1.75611111111111,-3.065,-3.77722222222222,0,0,0,0,0
2025-06-12 08:00:00,0.660000000000001,-0.591111111111111,-1.72722222222222,-3.035,-3.74722222222222,0,0,0,0,0
2025-06-12 09:00:00,0.107222222222221,-0.591111111111111,-1.72722222222222,-3.00611111111111,-3.71722222222222,0,0,0,0,0
2025-06-12 10:00:00,-0.845000000000001,-0.591111111111111,-1.72722222222222,-3.00611111111111,-3.71722222222222,0,0,0,0,0
2025-06-12 11:00:00,-0.872777777777779,-0.591111111111111,-1.72722222222222,-3.00611111111111,-3.68722222222222,0,0,0,0,0
2025-06-12 12:00:00,-0.171111111111111,-0.591111111111111,-1.72722222222222,-2.97611111111111,-3.65722222222222,0,0,0,0,0
2025-06-12 13:00:00,0.328888888888888,-0.591111111111111,-1.69888888888889,-2.94722222222222,-3.65722222222222,0,0,0,0,0
2025-06-12 14:00:00,1.83222222222222,-0.591111111111111,-1.69888888888889,-2.94722222222222,-3.62722222222222,0,0,0,0,0
2025-06-12 15:00:00,2.87722222222222,-0.591111111111111,-1.69888888888889,-2.94722222222222,-3.62722222222222,0,0,0,0,0
2025-06-12 16:00:00,4.45388888888889,-0.591111111111111,-1.67,-2.91777777777778,-3.59777777777778,0,0,0,0,0
2025-06-12 17:00:00,6.17888888888889,-0.591111111111111,-1.67,-2.88777777777778,-3.59777777777778,0,0,0,0,0
2025-06-12 18:00:00,5.36,-0.562777777777779,-1.67,-2.88777777777778,-3.56777777777778,0,0,0,0,0
2025-06-12 19:00:00,7.645,-0.562777777777779,-1.64111111111111,-2.88777777777778,-3.56777777777778,0,0,0,0,0
2025-06-12 20:00:00,5.975,-0.562777777777779,-1.64111111111111,-2.85888888888889,-3.53777777777778,0,0,0,0,0
2025-06-12 21:00:00,8.295,-0.562777777777779,-1.64111111111111,-2.85888888888889,-3.53777777777778,0,0,0,0,0
2025-06-12 22:00:00,6.83888888888889,-0.562777777777779,-1.61277777777778,-2.83,-3.50777777777778,0,0,0,0,0
2025-06-12 23:00:00,9.435,-0.562777777777779,-1.61277777777778,-2.83,-3.47888888888889,0,0,0,0,0
2025-06-13 00:00:00,7.46888888888889,-0.562777777777779,-1.61277777777778,-2.83,-3.47888888888889,0,0,0,0,0
2025-06-13 01:00:00,8.095,-0.562777777777779,-1.61277777777778,-2.8,-3.47888888888889,0,0,0,0,0
2025-06-13 02:00:00,7.695,-0.562777777777779,-1.61277777777778,-2.8,-3.44888888888889,0,0,0,0,0
2025-06-13 03:00:00,6.255,-0.562777777777779,-1.61277777777778,-2.77111111111111,-3.44888888888889,0,0,0,0,0
2025-06-13 04:00:00,10.4672222222222,-0.562777777777779,-1.58388888888889,-2.77111111111111,-3.41888888888889,0,0,0,0,0
2025-06-13 05:00:00,4.81777777777778,-0.562777777777779,-1.58388888888889,-2.74222222222222,-3.41888888888889,1,0,0,0,0
2025-06-13 06:00:00,2.39611111111111,-0.562777777777779,-1.58388888888889,-2.74222222222222,-3.39,0,0,0,0,0
2025-06-13 07:00:00,1.91277777777778,-0.562777777777779,-1.58388888888889,-2.74222222222222,-3.39,0,0,0,0,0
2025-06-13 08:00:00,1.58777777777778,-0.562777777777779,-1.55611111111111,-2.71222222222222,-3.36,0,0,0,0,0
2025-06-13 09:00:00,1.04388888888889,-0.562777777777779,-1.55611111111111,-2.71222222222222,-3.36,0,0,0,0,0
2025-06-13 10:00:00,1.15277777777778,-0.562777777777779,-1.55611111111111,-2.71222222222222,-3.36,0,0,0,0,0
2025-06-13 11:00:00,1.34388888888889,-0.562777777777779,-1.55611111111111,-2.68277777777778,-3.33,0,0,0,0,0
2025-06-13 12:00:00,1.805,-0.562777777777779,-1.55611111111111,-2.68277777777778,-3.33,0,0,0,0,0
2025-06-13 13:00:00,1.805,-0.562777777777779,-1.55611111111111,-2.65388888888889,-3.33,0,0,0,0,0
2025-06-13 14:00:00,2.28888888888889,-0.562777777777779,-1.52722222222222,-2.65388888888889,-3.30111111111111,0,0,0,0,0
2025-06-13 15:00:00,4.68777777777778,-0.535000000000001,-1.52722222222222,-2.65388888888889,-3.30111111111111,0,0,0,0,0
2025-06-13 16:00:00,4.24611111111111,-0.535000000000001,-1.52722222222222,-2.65388888888889,-3.27111111111111,0,0,0,0,0
2025-06-13 17:00:00,5.89777777777778,-0.535000000000001,-1.49777777777778,-2.625,-3.27111111111111,0,0,0,0,0
2025-06-13 18:00:00,6.73722222222222,-0.535000000000001,-1.49777777777778,-2.625,-3.24222222222222,0,0,0,0,0
2025-06-13 19:00:00,7.39277777777778,-0.535000000000001,-1.49777777777778,-2.625,-3.24222222222222,0,0,0,0,0
2025-06-13 20:00:00,9.97722222222222,-0.535000000000001,-1.49777777777778,-2.59611111111111,-3.24222222222222,0,0,0,0,0
2025-06-13 21:00:00,9.95222222222222,-0.535000000000001,-1.49777777777778,-2.59611111111111,-3.24222222222222,0,0,0,0,0
2025-06-13 22:00:00,10.32,-0.535000000000001,-1.49777777777778,-2.59611111111111,-3.21222222222222,0,0,0,0,0
2025-06-13 23:00:00,10.0511111111111,-0.535000000000001,-1.47,-2.59611111111111,-3.21222222222222,0,0,0,0,0
2025-06-14 00:00:00,12.775,-0.535000000000001,-1.47,-2.56611111111111,-3.18277777777778,0,0,0,0,0
2025-06-14 01:00:00,12.025,-0.535000000000001,-1.47,-2.56611111111111,-3.18277777777778,0,0,0,0,0
2025-06-14 02:00:00,10.9561111111111,-0.535000000000001,-1.47,-2.56611111111111,-3.18277777777778,0,0,0,0,0
2025-06-14 03:00:00,8.71722222222222,-0.535000000000001,-1.47,-2.53722222222222,-3.18277777777778,0,0,0,0,0
2025-06-14 04:00:00,5.92388888888889,-0.535000000000001,-1.44111111111111,-2.53722222222222,-3.15277777777778,0,0,0,0,0
2025-06-14 05:00:00,5.02388888888889,-0.535000000000001,-1.44111111111111,-2.53722222222222,-3.12388888888889,0,0,0,0,0
2025-06-14 06:00:00,5.10222222222222,-0.535000000000001,-1.44111111111111,-2.53722222222222,-3.12388888888889,0,0,0,0,0
2025-06-14 07:00:00,2.85,-0.535000000000001,-1.44111111111111,-2.53722222222222,-3.12388888888889,0,0,0,0,0
2025-06-14 08:00:00,3.24777777777778,-0.535000000000001,-1.44111111111111,-2.50777777777778,-3.12388888888889,0,0,0,0,0
2025-06-14 09:00:00,2.55722222222222,-0.535000000000001,-1.44111111111111,-2.50777777777778,-3.09388888888889,0,0,0,0,0
2025-06-14 10:00:00,4.14111111111111,-0.535000000000001,-1.44111111111111,-2.47888888888889,-3.09388888888889,0,0,0,0,0
2025-06-14 11:00:00,3.195,-0.535000000000001,-1.41277777777778,-2.47888888888889,-3.09388888888889,0,0,0,0,0
2025-06-14 12:00:00,3.14222222222222,-0.535000000000001,-1.41277777777778,-2.47888888888889,-3.065,0,0,0,0,0
2025-06-14 13:00:00,2.74388888888889,-0.535000000000001,-1.41277777777778,-2.47888888888889,-3.065,0,0,0,0,0
2025-06-14 14:00:00,3.69611111111111,-0.535000000000001,-1.41277777777778,-2.47888888888889,-3.065,0,0,0,0,0
2025-06-14 15:00:00,4.61,-0.535000000000001,-1.41277777777778,-2.45,-3.065,0,0,0,0,0
2025-06-14 16:00:00,7.56888888888889,-0.535000000000001,-1.41277777777778,-2.45,-3.035,0,0,0,0,0
2025-06-14 17:00:00,6.38222222222222,-0.535000000000001,-1.41277777777778,-2.45,-3.035,0,0,0,0,0
2025-06-14 18:00:00,7.795,-0.535000000000001,-1.38388888888889,-2.42111111111111,-3.035,0,0,0,0,0
2025-06-14 19:00:00,10.565,-0.507222222222222,-1.38388888888889,-2.42111111111111,-3.00611111111111,0,0,0,0,0
2025-06-14 20:00:00,13.7138888888889,-0.507222222222222,-1.38388888888889,-2.42111111111111,-3.00611111111111,0,0,0,0,0
2025-06-14 21:00:00,14.6727777777778,-0.507222222222222,-1.38388888888889,-2.42111111111111,-3.00611111111111,0,0,0,0,0
2025-06-14 22:00:00,16.3677777777778,-0.478888888888888,-1.35611111111111,-2.42111111111111,-3.00611111111111,0,0,0,0,0
2025-06-14 23:00:00,14.9838888888889,-0.478888888888888,-1.35611111111111,-2.39222222222222,-3.00611111111111,0,0,0,0,0
2025-06-15 00:00:00,14.8638888888889,-0.451111111111112,-1.32722222222222,-2.39222222222222,-3.00611111111111,0,0,0,0,0
2025-06-15 01:00:00,11.8072222222222,-0.451111111111112,-1.32722222222222,-2.39222222222222,-2.97611111111111,0,0,0,0,0
2025-06-15 02:00:00,9.36111111111111,-0.451111111111112,-1.32722222222222,-2.36277777777778,-2.97611111111111,0,0,0,0,0
2025-06-15 03:00:00,9.65722222222222,-0.478888888888888,-1.32722222222222,-2.36277777777778,-2.94722222222222,0,0,0,0,0
2025-06-15 04:00:00,10.5161111111111,-0.478888888888888,-1.32722222222222,-2.36277777777778,-2.94722222222222,0,0,0,0,0
2025-06-15 05:00:00,7.72,-0.478888888888888,-1.29888888888889,-2.36277777777778,-2.94722222222222,0,0,0,0,0
2025-06-15 06:00:00,6.86388888888889,-0.478888888888888,-1.29888888888889,-2.33388888888889,-2.91777777777778,0,0,0,0,0
2025-06-15 07:00:00,6.23,-0.478888888888888,-1.29888888888889,-2.33388888888889,-2.91777777777778,0,0,0,0,0
2025-06-15 08:00:00,4.19388888888889,-0.478888888888888,-1.29888888888889,-2.33388888888889,-2.88777777777778,0,0,0,0,0
2025-06-15 09:00:00,3.74888888888889,-0.478888888888888,-1.29888888888889,-2.305,-2.88777777777778,0,0,0,0,0
2025-06-15 10:00:00,2.69,-0.478888888888888,-1.29888888888889,-2.305,-2.88777777777778,0,0,0,0,0
2025-06-15 11:00:00,3.195,-0.478888888888888,-1.29888888888889,-2.305,-2.88777777777778,0,0,0,0,0
2025-06-15 12:00:00,4.29777777777778,-0.507222222222222,-1.29888888888889,-2.305,-2.88777777777778,0,0,0,0,0
2025-06-15 13:00:00,4.27222222222222,-0.478888888888888,-1.29888888888889,-2.305,-2.88777777777778,0,0,0,0,0
2025-06-15 14:00:00,4.86888888888889,-0.478888888888888,-1.29888888888889,-2.305,-2.88777777777778,0,0,0,0,0
2025-06-15 15:00:00,8.145,-0.451111111111112,-1.27,-2.305,-2.85888888888889,0,0,0,0,0
2025-06-15 16:00:00,10.0511111111111,-0.367222222222223,-1.27,-2.27611111111111,-2.85888888888889,0,0,0,0,0
2025-06-15 17:00:00,10.1488888888889,-0.367222222222223,-1.27,-2.27611111111111,-2.85888888888889,0,0,0,0,0
2025-06-15 18:00:00,13.1122222222222,-0.31111111111111,-1.24222222222222,-2.27611111111111,-2.85888888888889,0,0,0,0,0
2025-06-15 19:00:00,15.4138888888889,-0.255,-1.21277777777778,-2.27611111111111,-2.85888888888889,0,0,0,0,0
2025-06-15 20:00:00,16.725,-0.255,-1.21277777777778,-2.24722222222222,-2.83,0,0,0,0,0
2025-06-15 21:00:00,16.6538888888889,-0.171111111111111,-1.185,-2.24722222222222,-2.8,0,0,0,0,0
2025-06-15 22:00:00,17.7238888888889,-0.198888888888889,-1.185,-2.24722222222222,-2.83,0,0,0,0,0
2025-06-15 23:00:00,18.4611111111111,-0.142777777777779,-1.12777777777778,-2.24722222222222,-2.83,0,0,0,0,0
2025-06-16 00:00:00,17.8427777777778,-0.142777777777779,-1.12777777777778,-2.24722222222222,-2.83,0,0,0,0,0
2025-06-16 01:00:00,17.605,-0.142777777777779,-1.12777777777778,-2.24722222222222,-2.8,0,0,0,0,0
2025-06-16 02:00:00,16.7961111111111,-0.142777777777779,-1.1,-2.21777777777778,-2.8,0,0,0,0,0
2025-06-16 03:00:00,16.1527777777778,-0.142777777777779,-1.1,-2.18888888888889,-2.8,0,0,0,0,0
2025-06-16 04:00:00,14.7211111111111,-0.142777777777779,-1.07111111111111,-2.18888888888889,-2.77111111111111,0,0,0,0,0
2025-06-16 05:00:00,13.1372222222222,-0.142777777777779,-1.07111111111111,-2.18888888888889,-2.77111111111111,0,0,0,0,0
2025-06-16 06:00:00,12.0011111111111,-0.142777777777779,-1.07111111111111,-2.16,-2.74222222222222,0,0,0,0,0
2025-06-16 07:00:00,10.3938888888889,-0.142777777777779,-1.04277777777778,-2.16,-2.74222222222222,0,0,0,0,0
2025-06-16 08:00:00,9.23777777777778,-0.116111111111111,-1.04277777777778,-2.13111111111111,-2.71222222222222,0,0,0,0,0
2025-06-16 09:00:00,4.84388888888889,-0.116111111111111,-1.04277777777778,-2.13111111111111,-2.71222222222222,0,0,0,0,0
2025-06-16 10:00:00,4.45388888888889,-0.116111111111111,-1.04277777777778,-2.10222222222222,-2.68277777777778,0,0,0,0,0
2025-06-16 11:00:00,4.03722222222222,-0.142777777777779,-1.04277777777778,-2.10222222222222,-2.68277777777778,0,0,0,0,0
2025-06-16 12:00:00,5.66777777777778,-0.142777777777779,-1.04277777777778,-2.10222222222222,-2.68277777777778,0,0,0,0,0
2025-06-16 13:00:00,7.24222222222222,-0.142777777777779,-1.04277777777778,-2.10222222222222,-2.71222222222222,0,0,0,0,0
2025-06-16 14:00:00,7.82,-0.142777777777779,-1.015,-2.10222222222222,-2.68277777777778,0,0,0,0,0
2025-06-16 15:00:00,8.51888888888889,-0.171111111111111,-1.015,-2.10222222222222,-2.68277777777778,0,0,0,0,0
2025-06-16 16:00:00,9.60777777777778,-0.171111111111111,-1.015,-2.07277777777778,-2.68277777777778,0,0,0,0,0
2025-06-16 17:00:00,11.7827777777778,-0.142777777777779,-0.98611111111111,-2.07277777777778,-2.68277777777778,0,0,0,0,0
2025-06-16 18:00:00,14.0977777777778,-0.142777777777779,-0.98611111111111,-2.07277777777778,-2.68277777777778,0,0,0,0,0
2025-06-16 19:00:00,15.3422222222222,-0.116111111111111,-0.98611111111111,-2.07277777777778,-2.65388888888889,0,0,0,0,0
2025-06-16 20:00:00,17.1061111111111,-0.0877777777777785,-0.957777777777778,-2.07277777777778,-2.65388888888889,0,0,0,0,0
2025-06-16 21:00:00,17.6527777777778,0.0238888888888885,-0.93,-2.04388888888889,-2.65388888888889,0,0,0,0,0
2025-06-16 22:00:00,17.9622222222222,0.522222222222221,-0.902222222222222,-2.04388888888889,-2.625,0,1,0,0,0
2025-06-16 23:00:00,18.6988888888889,1.75111111111111,-0.902222222222222,-2.04388888888889,-2.625,0,0,0,0,0
2025-06-17 00:00:00,18.4377777777778,2.28888888888889,-0.902222222222222,-2.015,-2.625,0,0,0,0,0
2025-06-17 01:00:00,17.4861111111111,2.82277777777778,-0.872777777777779,-2.015,-2.59611111111111,0,0,0,0,0
2025-06-17 02:00:00,15.605,3.06277777777778,-0.872777777777779,-2.015,-2.59611111111111,0,0,0,0,0
2025-06-17 03:00:00,13.81,2.95611111111111,-0.872777777777779,-2.015,-2.59611111111111,0,0,0,0,0
2025-06-17 04:00:00,13.2088888888889,2.69,-0.872777777777779,-1.98611111111111,-2.56611111111111,0,0,0,0,0
2025-06-17 05:00:00,12.3888888888889,2.42277777777778,-0.845000000000001,-1.98611111111111,-2.56611111111111,0,0,0,0,0
2025-06-17 06:00:00,10.5411111111111,2.26222222222222,-0.845000000000001,-1.95777777777778,-2.53722222222222,0,0,0,0,0
2025-06-17 07:00:00,8.59277777777778,2.10111111111111,-0.845000000000001,-1.95777777777778,-2.53722222222222,0,0,0,0,0
2025-06-17 08:00:00,6.50888888888889,1.615,-0.845000000000001,-1.95777777777778,-2.50777777777778,0,0,0,0,0
2025-06-17 09:00:00,4.99888888888889,1.09888888888889,-0.817222222222222,-1.92888888888889,-2.50777777777778,0,0,0,0,0
2025-06-17 10:00:00,4.53222222222222,0.742222222222221,-0.845000000000001,-1.92888888888889,-2.50777777777778,0,0,0,0,0
2025-06-17 11:00:00,4.50611111111111,0.577222222222223,-0.845000000000001,-1.92888888888889,-2.47888888888889,0,0,0,0,0
2025-06-17 12:00:00,5.07611111111111,0.328888888888888,-0.845000000000001,-1.9,-2.50777777777778,0,0,0,0,0
2025-06-17 13:00:00,6.43277777777778,0.217777777777779,-0.817222222222222,-1.9,-2.50777777777778,0,0,0,0,0
2025-06-17 14:00:00,7.24222222222222,0.38388888888889,-0.817222222222222,-1.9,-2.50777777777778,0,0,0,0,0
2025-06-17 15:00:00,8.81722222222222,0.825,-0.817222222222222,-1.9,-2.47888888888889,0,0,0,0,0
2025-06-17 16:00:00,11.175,1.53388888888889,-0.78888888888889,-1.9,-2.47888888888889,0,0,0,0,0
2025-06-17 17:00:00,13.1122222222222,2.63722222222222,-0.78888888888889,-1.9,-2.47888888888889,0,0,0,0,0
2025-06-17 18:00:00,15.3661111111111,3.27388888888889,-0.759999999999999,-1.87111111111111,-2.47888888888889,0,0,0,0,0
2025-06-17 19:00:00,17.0338888888889,4.08888888888889,-0.732222222222223,-1.87111111111111,-2.47888888888889,0,0,0,0,0
2025-06-17 20:00:00,16.5822222222222,4.71388888888889,-0.732222222222223,-1.87111111111111,-2.47888888888889,0,0,0,0,0
2025-06-17 21:00:00,17.51,5.46222222222222,-0.703888888888889,-1.87111111111111,-2.45,0,0,0,0,0
2025-06-17 22:00:00,18.5088888888889,6.23,-0.67611111111111,-1.84222222222222,-2.45,0,0,0,0,0
2025-06-17 23:00:00,19.77,6.91388888888889,-0.647777777777778,-1.84222222222222,-2.42111111111111,0,0,0,0,0
2025-06-18 00:00:00,19.5788888888889,7.31777777777778,-0.647777777777778,-1.84222222222222,-2.42111111111111,0,0,0,0,0
2025-06-18 01:00:00,18.6988888888889,7.26777777777778,-0.62,-1.84222222222222,-2.42111111111111,0,0,0,0,0
2025-06-18 02:00:00,17.2961111111111,6.94,-0.62,-1.81388888888889,-2.42111111111111,0,0,0,0,0
2025-06-18 03:00:00,16.1527777777778,6.43277777777778,-0.591111111111111,-1.81388888888889,-2.39222222222222,0,0,0,0,0
2025-06-18 04:00:00,15.2227777777778,5.87222222222222,-0.591111111111111,-1.81388888888889,-2.39222222222222,0,0,0,0,0
2025-06-18 05:00:00,13.0161111111111,5.25722222222222,-0.591111111111111,-1.785,-2.36277777777778,0,0,0,0,0
2025-06-18 06:00:00,11.2477777777778,4.58388888888889,-0.591111111111111,-1.785,-2.36277777777778,0,0,0,0,0
2025-06-18 07:00:00,9.11388888888889,3.90611111111111,-0.591111111111111,-1.785,-2.36277777777778,0,0,0,0,0
2025-06-18 08:00:00,7.61888888888889,3.11611111111111,-0.591111111111111,-1.75611111111111,-2.33388888888889,0,0,0,0,0
2025-06-18 09:00:00,6.23,2.42277777777778,-0.591111111111111,-1.75611111111111,-2.305,0,0,0,0,0
2025-06-18 10:00:00,5.46222222222222,1.88611111111111,-0.62,-1.72722222222222,-2.305,0,0,0,0,0
2025-06-18 11:00:00,5.07611111111111,1.425,-0.62,-1.72722222222222,-2.305,0,0,0,0,0
2025-06-18 12:00:00,5.28222222222222,1.07111111111111,-0.62,-1.72722222222222,-2.305,0,0,0,0,0
2025-06-18 13:00:00,5.92388888888889,0.98888888888889,-0.62,-1.72722222222222,-2.305,0,0,0,0,0
2025-06-18 14:00:00,7.46888888888889,1.15277777777778,-0.591111111111111,-1.72722222222222,-2.305,0,0,0,0,0
2025-06-18 15:00:00,9.78,1.56111111111111,-0.591111111111111,-1.72722222222222,-2.305,0,0,0,0,0
2025-06-18 16:00:00,12.3161111111111,2.45,-0.562777777777779,-1.72722222222222,-2.305,0,0,0,0,0
2025-06-18 17:00:00,14.05,3.38,-0.562777777777779,-1.69888888888889,-2.305,0,0,0,0,0
2025-06-18 18:00:00,15.8911111111111,4.74,-0.535000000000001,-1.69888888888889,-2.305,0,0,0,0,0
2025-06-18 19:00:00,17.8427777777778,5.89777777777778,-0.507222222222222,-1.69888888888889,-2.27611111111111,0,0,0,0,0
2025-06-18 20:00:00,18.4611111111111,6.94,-0.478888888888888,-1.69888888888889,-2.27611111111111,0,0,0,0,0
2025-06-18 21:00:00,18.7938888888889,8.02,-0.451111111111112,-1.67,-2.27611111111111,0,0,0,0,0
2025-06-18 22:00:00,19.0322222222222,8.91611111111111,-0.451111111111112,-1.67,-2.27611111111111,0,0,0,0,0
2025-06-18 23:00:00,19.2938888888889,9.60777777777778,-0.394999999999999,-1.67,-2.24722222222222,0,0,0,0,0
2025-06-19 00:00:00,19.1027777777778,9.92777777777778,-0.394999999999999,-1.67,-2.24722222222222,0,0,0,0,0
2025-06-19 01:00:00,18.7227777777778,9.78,-0.227222222222222,-1.64111111111111,-2.24722222222222,0,0,0,0,0
2025-06-19 02:00:00,18.295,9.38611111111111,-0.282777777777778,-1.64111111111111,-2.21777777777778,0,0,0,0,0
2025-06-19 03:00:00,16.7011111111111,8.76722222222222,-0.31111111111111,-1.64111111111111,-2.21777777777778,0,0,0,0,0
2025-06-19 04:00:00,15.7,8.07,-0.282777777777778,-1.61277777777778,-2.18888888888889,0,0,0,0,0
2025-06-19 05:00:00,14.1222222222222,7.34277777777778,-0.255,-1.61277777777778,-2.18888888888889,0,0,0,0,0
2025-06-19 06:00:00,12.1472222222222,6.56,-0.255,-1.61277777777778,-2.18888888888889,0,0,0,0,0
2025-06-19 07:00:00,9.485,5.71888888888889,-0.255,-1.61277777777778,-2.16,0,0,0,0,0
2025-06-19 08:00:00,7.19222222222222,4.74,-0.255,-1.58388888888889,-2.16,0,0,0,0,0
2025-06-19 09:00:00,4.97277777777778,3.74888888888889,-0.282777777777778,-1.55611111111111,-2.13111111111111,0,0,0,0,0
2025-06-19 10:00:00,3.775,2.85,-0.282777777777778,-1.55611111111111,-2.13111111111111,0,0,0,0,0
2025-06-19 11:00:00,3.16777777777778,2.10111111111111,-0.31111111111111,-1.55611111111111,-2.13111111111111,0,0,0,0,0
2025-06-19 12:00:00,3.53777777777778,1.56111111111111,-0.338888888888889,-1.52722222222222,-2.13111111111111,0,0,0,0,0
2025-06-19 13:00:00,3.985,1.28888888888889,-0.367222222222223,-1.55611111111111,-2.13111111111111,0,0,0,0,0
2025-06-19 14:00:00,5.43722222222222,1.28888888888889,-0.367222222222223,-1.55611111111111,-2.13111111111111,0,0,0,0,0
2025-06-19 15:00:00,6.86388888888889,1.45277777777778,-0.367222222222223,-1.55611111111111,-2.13111111111111,0,0,0,0,0
2025-06-19 16:00:00,9.21277777777778,1.94,-0.338888888888889,-1.52722222222222,-2.13111111111111,0,0,0,0,0
2025-06-19 17:00:00,11.6372222222222,3.06277777777778,-0.338888888888889,-1.52722222222222,-2.13111111111111,0,0,0,0,0
2025-06-19 18:00:00,15.8427777777778,4.86888888888889,-0.31111111111111,-1.52722222222222,-2.10222222222222,0,0,0,0,0
2025-06-19 19:00:00,15.6288888888889,6.45777777777778,-0.255,-1.52722222222222,-2.10222222222222,0,0,0,0,0
2025-06-19 20:00:00,17.1772222222222,7.695,-0.227222222222222,-1.49777777777778,-2.10222222222222,0,0,0,0,0
2025-06-19 21:00:00,20.0311111111111,9.015,-0.171111111111111,-1.49777777777778,-2.10222222222222,0,0,0,0,0
2025-06-19 22:00:00,23.3761111111111,10.3938888888889,-0.116111111111111,-1.47,-2.10222222222222,0,0,0,0,0
2025-06-19 23:00:00,23.3277777777778,11.6372222222222,-0.0877777777777785,-1.47,-2.07277777777778,0,0,0,0,0
2025-06-20 00:00:00,23.28,12.2922222222222,-0.0877777777777785,-1.49777777777778,-2.07277777777778,0,0,0,0,0
2025-06-20 01:00:00,22.3211111111111,12.4611111111111,-0.0322222222222221,-1.47,-2.07277777777778,0,0,0,0,0
2025-06-20 02:00:00,23.4972222222222,12.2188888888889,-0.00388888888888969,-1.47,-2.07277777777778,0,0,0,0,0
2025-06-20 03:00:00,21.5327777777778,11.8322222222222,0.0238888888888885,-1.47,-2.07277777777778,0,0,0,0,0
2025-06-20 04:00:00,20.8172222222222,11.0527777777778,0.0511111111111104,-1.47,-2.04388888888889,0,0,0,0,0
2025-06-20 05:00:00,19.555,10.1238888888889,0.0788888888888906,-1.44111111111111,-2.04388888888889,0,0,0,0,0
2025-06-20 06:00:00,17.3677777777778,9.23777777777778,0.0788888888888906,-1.44111111111111,-2.015,0,0,0,0,0
2025-06-20 07:00:00,15.5572222222222,8.27,0.107222222222221,-1.41277777777778,-2.015,0,0,0,0,0
2025-06-20 08:00:00,12.2188888888889,7.04111111111111,0.107222222222221,-1.41277777777778,-2.015,0,0,0,0,0
2025-06-20 09:00:00,9.60777777777778,5.89777777777778,0.0788888888888906,-1.38388888888889,-1.98611111111111,0,0,0,0,0
2025-06-20 10:00:00,8.71722222222222,4.895,0.0788888888888906,-1.38388888888889,-1.95777777777778,0,0,0,0,0
2025-06-20 11:00:00,8.76722222222222,4.115,0.0511111111111104,-1.38388888888889,-1.95777777777778,0,0,0,0,0
2025-06-20 12:00:00,8.54277777777778,3.59111111111111,0.0238888888888885,-1.38388888888889,-1.95777777777778,0,0,0,0,0
2025-06-20 13:00:00,9.68222222222222,3.80111111111111,0.0238888888888885,-1.38388888888889,-1.95777777777778,0,0,0,0,0
2025-06-20 14:00:00,11.0288888888889,4.16777777777778,0.0238888888888885,-1.38388888888889,-1.95777777777778,0,0,0,0,0
2025-06-20 15:00:00,12.8711111111111,4.58388888888889,0.0511111111111104,-1.38388888888889,-1.95777777777778,0,0,0,0,0
2025-06-20 16:00:00,12.4372222222222,5.12777777777778,0.0511111111111104,-1.38388888888889,-1.95777777777778,0,0,0,0,0
2025-06-20 17:00:00,12.7511111111111,5.51388888888889,0.0511111111111104,-1.38388888888889,-1.95777777777778,0,0,0,0,0
2025-06-20 18:00:00,17.0111111111111,6.81277777777778,0.107222222222221,-1.35611111111111,-1.95777777777778,0,0,0,0,0
2025-06-20 19:00:00,18.8661111111111,8.31888888888889,0.162777777777777,-1.35611111111111,-1.95777777777778,0,0,0,0,0
2025-06-20 20:00:00,20.8172222222222,9.55777777777778,0.217777777777779,-1.35611111111111,-1.95777777777778,0,0,0,0,0
2025-06-20 21:00:00,22.5127777777778,10.8338888888889,0.301111111111112,-1.32722222222222,-1.92888888888889,0,0,0,0,0
2025-06-20 22:00:00,23.5688888888889,12.05,0.38388888888889,-1.32722222222222,-1.92888888888889,0,0,0,0,0
2025-06-20 23:00:00,25.1127777777778,13.1122222222222,0.494999999999999,-1.29888888888889,-1.92888888888889,0,0,0,0,0
2025-06-21 00:00:00,23.5688888888889,13.4488888888889,0.604999999999999,-1.32722222222222,-1.9,0,0,0,0,0
2025-06-21 01:00:00,21.8911111111111,13.1611111111111,0.660000000000001,-1.29888888888889,-1.9,0,0,0,0,0
2025-06-21 02:00:00,21.5088888888889,12.8711111111111,0.715,-1.29888888888889,-1.9,0,0,0,0,0
2025-06-21 03:00:00,20.055,12.4127777777778,0.742222222222221,-1.27,-1.9,0,0,0,0,0
2025-06-21 04:00:00,16.7961111111111,11.3938888888889,0.770000000000002,-1.27,-1.87111111111111,0,0,0,0,0
2025-06-21 05:00:00,16.4872222222222,10.3688888888889,0.770000000000002,-1.27,-1.87111111111111,0,0,0,0,0
2025-06-21 06:00:00,15.1988888888889,9.55777777777778,0.770000000000002,-1.27,-1.84222222222222,0,0,0,0,0
2025-06-21 07:00:00,13.425,8.76722222222222,0.825,-1.27,-1.84222222222222,0,0,0,0,0
2025-06-21 08:00:00,12.7988888888889,7.945,0.880000000000002,-1.27,-1.84222222222222,0,0,0,0,0
2025-06-21 09:00:00,11.2,7.14222222222222,0.852222222222222,-1.24222222222222,-1.84222222222222,0,0,0,0,0
2025-06-21 10:00:00,11.565,6.50888888888889,0.907222222222224,-1.24222222222222,-1.84222222222222,0,0,0,0,0
2025-06-21 11:00:00,9.73111111111111,5.64222222222222,0.852222222222222,-1.21277777777778,-1.81388888888889,0,0,0,0,0
2025-06-21 12:00:00,10.1727777777778,5.02388888888889,0.797222222222223,-1.21277777777778,-1.84222222222222,0,0,0,0,0
2025-06-21 13:00:00,11.71,4.94722222222222,0.742222222222221,-1.21277777777778,-1.81388888888889,0,0,0,0,0
2025-06-21 14:00:00,14.05,5.205,0.715,-1.21277777777778,-1.81388888888889,0,0,0,0,0
2025-06-21 15:00:00,16.225,6.07722222222222,0.770000000000002,-1.21277777777778,-1.81388888888889,0,0,0,0,0
2025-06-21 16:00:00,18.4138888888889,6.94,0.825,-1.21277777777778,-1.81388888888889,0,0,0,0,0
2025-06-21 17:00:00,20.9127777777778,7.995,0.933888888888887,-1.185,-1.81388888888889,0,0,0,0,0
2025-06-21 18:00:00,21.5327777777778,9.31222222222222,1.04388888888889,-1.185,-1.785,0,0,0,0,0
2025-06-21 19:00:00,23.785,10.8338888888889,1.09888888888889,-1.185,-1.785,0,0,0,0,0
2025-06-21 20:00:00,25.9872222222222,12.0011111111111,1.20777777777778,-1.15722222222222,-1.785,0,0,0,0,0
2025-06-21 21:00:00,26.1822222222222,13.0638888888889,1.26222222222222,-1.185,-1.785,0,0,1,1,1
2025-06-21 22:00:00,26.2561111111111,14.1222222222222,11.0777777777778,6.28111111111111,3.59111111111111,0,0,1,1,1
2025-06-21 23:00:00,26.28,15.2227777777778,2.12777777777778,-0.0877777777777785,-0.142777777777779,0,0,1,1,1
2025-06-22 00:00:00,25.6472222222222,15.5811111111111,1.96722222222222,-0.116111111111111,-0.116111111111111,0,0,0,0,0
2025-06-22 01:00:00,25.5977777777778,15.5088888888889,2.04722222222222,-0.116111111111111,-0.116111111111111,0,0,0,0,0
2025-06-22 02:00:00,24.6288888888889,14.9838888888889,2.10111111111111,-0.116111111111111,-0.116111111111111,0,0,0,0,0
2025-06-22 03:00:00,23.3038888888889,14.1222222222222,2.12777777777778,-0.142777777777779,-0.116111111111111,0,0,0,0,0
2025-06-22 04:00:00,20.6027777777778,13.2088888888889,2.23611111111111,-0.142777777777779,-0.116111111111111,0,0,0,0,0
2025-06-22 05:00:00,17.8911111111111,12.1222222222222,2.12777777777778,-0.198888888888889,-0.142777777777779,0,0,0,0,0
2025-06-22 06:00:00,15.7,11.0527777777778,2.12777777777778,-0.31111111111111,-0.142777777777779,0,0,0,0,0
2025-06-22 07:00:00,12.485,9.90277777777778,2.04722222222222,-0.562777777777779,-0.282777777777778,0,0,0,0,0
2025-06-22 08:00:00,12.1472222222222,8.91611111111111,1.99388888888889,-0.67611111111111,-0.535000000000001,0,0,0,0,0
2025-06-22 09:00:00,11.5888888888889,8.045,1.88611111111111,-0.732222222222223,-1.27,0,0,0,0,0
2025-06-22 10:00:00,11.0527777777778,7.44388888888889,1.805,-0.817222222222222,-1.44111111111111,0,0,0,0,0
2025-06-22 11:00:00,9.95222222222222,6.73722222222222,1.69722222222222,-0.845000000000001,-1.49777777777778,0,0,0,0,0
2025-06-22 12:00:00,9.31222222222222,6.535,1.77777777777778,-0.872777777777779,-1.52722222222222,0,0,0,0,0
2025-06-22 13:00:00,8.89111111111111,5.82111111111111,1.69722222222222,-0.902222222222222,-1.55611111111111,0,0,0,0,0
2025-06-22 14:00:00,13.2088888888889,5.89777777777778,1.53388888888889,-0.93,-1.58388888888889,0,0,0,0,0
2025-06-22 15:00:00,17.7238888888889,6.965,1.58777777777778,-0.957777777777778,-1.61277777777778,0,0,0,0,0
2025-06-22 16:00:00,19.3888888888889,8.17,1.64277777777778,-0.957777777777778,-1.61277777777778,0,0,0,0,0
2025-06-22 17:00:00,19.3177777777778,9.33611111111111,1.72388888888889,-0.98611111111111,-1.61277777777778,0,0,0,0,0
2025-06-22 18:00:00,17.9861111111111,9.63222222222222,1.83222222222222,-0.98611111111111,-1.61277777777778,0,0,0,0,0
2025-06-22 19:00:00,19.1027777777778,10.345,2.02111111111111,-0.98611111111111,-1.64111111111111,0,0,0,0,0
2025-06-22 20:00:00,20.8888888888889,11.3211111111111,2.18222222222222,-0.98611111111111,-1.64111111111111,0,0,0,0,0
2025-06-22 21:00:00,21.2461111111111,11.7827777777778,2.34277777777778,-0.98611111111111,-1.64111111111111,0,0,0,0,0
2025-06-22 22:00:00,22.8238888888889,12.8711111111111,2.53,-0.98611111111111,-1.64111111111111,0,0,0,0,0
2025-06-22 23:00:00,24.4361111111111,14.2422222222222,2.66388888888889,-0.98611111111111,-1.64111111111111,0,0,0,0,0
2025-06-23 00:00:00,24.75,15.2227777777778,2.87722222222222,-0.957777777777778,-1.64111111111111,0,0,0,0,0
2025-06-23 01:00:00,24.895,15.3661111111111,3.03611111111111,-0.98611111111111,-1.64111111111111,0,0,0,0,0
2025-06-23 02:00:00,23.5688888888889,14.7922222222222,3.195,-0.98611111111111,-1.64111111111111,0,0,0,0,0
2025-06-23 03:00:00,21.27,13.5461111111111,3.30111111111111,-0.98611111111111,-1.61277777777778,0,0,0,0,0
2025-06-23 04:00:00,18.7938888888889,12.7511111111111,3.30111111111111,-0.957777777777778,-1.61277777777778,0,0,0,0,0
2025-06-23 05:00:00,18.1522222222222,11.7827777777778,3.27388888888889,-0.98611111111111,-1.61277777777778,0,0,0,0,0
2025-06-23 06:00:00,16.415,10.565,3.195,-0.957777777777778,-1.61277777777778,0,0,0,0,0
2025-06-23 07:00:00,13.8338888888889,9.73111111111111,3.08888888888889,-0.957777777777778,-1.58388888888889,0,0,0,0,0
2025-06-23 08:00:00,10.2961111111111,8.54277777777778,2.93,-0.957777777777778,-1.58388888888889,0,0,0,0,0
2025-06-23 09:00:00,8.245,7.34277777777778,2.77,-0.93,-1.58388888888889,0,0,0,0,0
2025-06-23 10:00:00,7.41888888888889,6.50888888888889,2.55722222222222,-0.93,-1.55611111111111,0,0,0,0,0
2025-06-23 11:00:00,6.33111111111111,5.82111111111111,2.37,-0.93,-1.55611111111111,0,0,0,0,0
2025-06-23 12:00:00,7.39277777777778,5.30777777777778,2.18222222222222,-0.93,-1.58388888888889,0,0,0,0,0
2025-06-23 13:00:00,10.59,5.23111111111111,2.04722222222222,-0.93,-1.58388888888889,0,0,0,0,0
2025-06-23 14:00:00,13.9777777777778,6.10222222222222,1.94,-0.93,-1.58388888888889,0,0,0,0,0
2025-06-23 15:00:00,15.2472222222222,6.66111111111111,1.91277777777778,-0.93,-1.58388888888889,0,0,0,0,0
2025-06-23 16:00:00,16.0338888888889,7.29277777777778,1.94,-0.93,-1.58388888888889,0,0,0,0,0
2025-06-23 17:00:00,18.1761111111111,8.965,2.02111111111111,-0.93,-1.58388888888889,0,0,0,0,0
2025-06-23 18:00:00,19.6977777777778,11.0288888888889,2.155,-0.93,-1.58388888888889,0,0,0,0,0
2025-06-23 19:00:00,21.2938888888889,12.2677777777778,2.34277777777778,-0.93,-1.58388888888889,0,0,0,0,0
2025-06-23 20:00:00,23.665,12.6538888888889,2.55722222222222,-0.902222222222222,-1.58388888888889,0,0,0,0,0
2025-06-23 21:00:00,24.1222222222222,13.4488888888889,2.77,-0.93,-1.55611111111111,0,0,0,0,0
2025-06-23 22:00:00,23.8811111111111,14.8161111111111,3.06277777777778,-0.902222222222222,-1.55611111111111,0,0,0,0,0
2025-06-23 23:00:00,23.6888888888889,15.9388888888889,3.32722222222222,-0.902222222222222,-1.55611111111111,0,0,0,0,0
2025-06-24 00:00:00,22.6088888888889,16.2961111111111,3.59111111111111,-0.902222222222222,-1.55611111111111,0,0,0,0,0
2025-06-24 01:00:00,20.9127777777778,15.2938888888889,3.775,-0.902222222222222,-1.52722222222222,0,0,0,0,0
2025-06-24 02:00:00,19.8172222222222,14.29,3.85388888888889,-0.902222222222222,-1.52722222222222,0,0,0,0,0
2025-06-24 03:00:00,17.4388888888889,13.0638888888889,3.93222222222222,-0.872777777777779,-1.52722222222222,0,0,0,0,0
2025-06-24 04:00:00,14.8161111111111,11.5888888888889,3.85388888888889,-0.872777777777779,-1.49777777777778,0,0,0,0,0
2025-06-24 05:00:00,12.0977777777778,10.1,3.775,-0.872777777777779,-1.49777777777778,0,0,0,0,0
2025-06-24 06:00:00,9.78,8.74222222222222,3.61722222222222,-0.872777777777779,-1.49777777777778,0,0,0,0,0
2025-06-24 07:00:00,7.72,7.54388888888889,3.35388888888889,-0.845000000000001,-1.49777777777778,0,0,0,0,0
2025-06-24 08:00:00,5.89777777777778,6.38222222222222,2.98277777777778,-0.845000000000001,-1.47,0,0,0,0,0
2025-06-24 09:00:00,4.55777777777778,5.41111111111111,2.61,-0.845000000000001,-1.47,0,0,0,0,0
2025-06-24 10:00:00,3.64277777777778,4.66222222222222,2.39611111111111,-0.817222222222222,-1.47,0,0,0,0,0
2025-06-24 11:00:00,3.11611111111111,4.08888888888889,2.20888888888889,-0.817222222222222,-1.44111111111111,0,0,0,0,0
2025-06-24 12:00:00,2.82277777777778,3.72222222222222,1.96722222222222,-0.817222222222222,-1.44111111111111,0,0,0,0,0
2025-06-24 13:00:00,2.90277777777778,3.59111111111111,1.77777777777778,-0.817222222222222,-1.44111111111111,0,0,0,0,0
2025-06-24 14:00:00,3.45888888888889,3.80111111111111,1.615,-0.817222222222222,-1.47,0,0,0,0,0
2025-06-24 15:00:00,5.07611111111111,4.32388888888889,1.50722222222222,-0.817222222222222,-1.47,0,0,0,0,0
2025-06-24 16:00:00,6.33111111111111,4.94722222222222,1.45277777777778,-0.817222222222222,-1.47,0,0,0,0,0
2025-06-24 17:00:00,8.27,6.33111111111111,1.58777777777778,-0.817222222222222,-1.47,0,0,0,0,0
2025-06-24 18:00:00,10.1,8.07,1.64277777777778,-0.817222222222222,-1.47,0,0,0,0,0
2025-06-24 19:00:00,12.3638888888889,9.31222222222222,1.64277777777778,-0.817222222222222,-1.47,0,0,0,0,0
2025-06-24 20:00:00,15.4611111111111,9.87888888888889,1.75111111111111,-0.817222222222222,-1.47,0,0,0,0,0
2025-06-24 21:00:00,15.2472222222222,10.7611111111111,1.88611111111111,-0.817222222222222,-1.47,0,0,0,0,0
2025-06-24 22:00:00,16.915,12.5822222222222,2.04722222222222,-0.817222222222222,-1.47,0,0,0,0,0
2025-06-24 23:00:00,17.0822222222222,12.485,2.10111111111111,-0.817222222222222,-1.44111111111111,0,0,0,0,0
2025-06-25 00:00:00,17.5822222222222,13.9777777777778,2.26222222222222,-0.78888888888889,-1.44111111111111,0,0,0,0,0
2025-06-25 01:00:00,17.3677777777778,13.4488888888889,2.39611111111111,-0.78888888888889,-1.44111111111111,0,0,0,0,0
2025-06-25 02:00:00,17.415,12.7027777777778,2.53,-0.78888888888889,-1.44111111111111,0,0,0,0,0
2025-06-25 03:00:00,15.3661111111111,11.3211111111111,2.61,-0.78888888888889,-1.44111111111111,0,0,0,0,0
2025-06-25 04:00:00,12.6777777777778,9.97722222222222,2.63722222222222,-0.78888888888889,-1.41277777777778,0,0,0,0,0
2025-06-25 05:00:00,11.565,9.11388888888889,2.61,-0.759999999999999,-1.41277777777778,0,0,0,0,0
2025-06-25 06:00:00,11.3211111111111,8.71722222222222,2.58388888888889,-0.759999999999999,-1.41277777777778,0,0,0,0,0
2025-06-25 07:00:00,9.33611111111111,7.61888888888889,2.53,-0.759999999999999,-1.38388888888889,0,0,0,0,0
2025-06-25 08:00:00,7.845,6.63611111111111,2.47722222222222,-0.759999999999999,-1.38388888888889,0,0,0,0,0
2025-06-25 09:00:00,7.26777777777778,6.12777777777778,2.50277777777778,-0.759999999999999,-1.38388888888889,0,0,0,0,0
2025-06-25 10:00:00,5.17888888888889,5.48777777777778,2.26222222222222,-0.732222222222223,-1.38388888888889,0,0,0,0,0
2025-06-25 11:00:00,4.68777777777778,4.84388888888889,2.155,-0.732222222222223,-1.35611111111111,0,0,0,0,0
2025-06-25 12:00:00,5.61611111111111,4.81777777777778,2.02111111111111,-0.732222222222223,-1.35611111111111,0,0,0,0,0
2025-06-25 13:00:00,5.77,4.99888888888889,1.91277777777778,-0.732222222222223,-1.38388888888889,0,0,0,0,0
2025-06-25 14:00:00,6.50888888888889,4.84388888888889,1.77777777777778,-0.732222222222223,-1.35611111111111,0,0,0,0,0
2025-06-25 15:00:00,7.11611111111111,5.33388888888889,1.69722222222222,-0.732222222222223,-1.35611111111111,0,0,0,0,0
2025-06-25 16:00:00,7.46888888888889,5.46222222222222,1.67,-0.732222222222223,-1.35611111111111,0,0,0,0,0
2025-06-25 17:00:00,7.06611111111111,5.64222222222222,1.64277777777778,-0.732222222222223,-1.35611111111111,0,0,0,0,0
2025-06-25 18:00:00,7.04111111111111,5.46222222222222,1.615,-0.732222222222223,-1.35611111111111,0,0,0,0,0
2025-06-25 19:00:00,7.945,6.33111111111111,1.64277777777778,-0.732222222222223,-1.35611111111111,0,0,0,0,0
2025-06-25 20:00:00,9.68222222222222,7.49388888888889,1.69722222222222,-0.732222222222223,-1.35611111111111,0,0,0,0,0
2025-06-25 21:00:00,12.4372222222222,9.73111111111111,1.83222222222222,-0.732222222222223,-1.35611111111111,0,0,0,0,0
2025-06-25 22:00:00,14.2661111111111,11.8561111111111,1.94,-0.732222222222223,-1.35611111111111,0,0,0,0,0
2025-06-25 23:00:00,15.2227777777778,12.8227777777778,2.12777777777778,-0.703888888888889,-1.35611111111111,0,0,0,0,0
2025-06-26 00:00:00,15.39,13.3288888888889,2.31611111111111,-0.732222222222223,-1.35611111111111,0,0,0,0,0
2025-06-26 01:00:00,14.9838888888889,12.8711111111111,2.50277777777778,-0.732222222222223,-1.35611111111111,0,0,0,0,0
2025-06-26 02:00:00,14.6011111111111,11.8322222222222,2.66388888888889,-0.703888888888889,-1.35611111111111,0,0,0,0,0
2025-06-26 03:00:00,13.8822222222222,10.9561111111111,2.77,-0.703888888888889,-1.35611111111111,0,0,0,0,0
2025-06-26 04:00:00,12.775,10.0511111111111,2.79722222222222,-0.703888888888889,-1.32722222222222,0,0,0,0,0
2025-06-26 05:00:00,11.565,8.71722222222222,2.74388888888889,-0.703888888888889,-1.32722222222222,0,0,0,0,0
2025-06-26 06:00:00,10.0511111111111,7.645,2.71722222222222,-0.703888888888889,-1.32722222222222,0,0,0,0,0
2025-06-26 07:00:00,8.34388888888889,6.73722222222222,2.63722222222222,-0.67611111111111,-1.29888888888889,0,0,0,0,0
2025-06-26 08:00:00,6.94,5.87222222222222,2.55722222222222,-0.67611111111111,-1.29888888888889,0,0,0,0,0
2025-06-26 09:00:00,5.565,5.10222222222222,2.50277777777778,-0.67611111111111,-1.27,0,0,0,0,0
2025-06-26 10:00:00,4.50611111111111,4.37611111111111,2.47722222222222,-0.647777777777778,-1.27,0,0,0,0,0
2025-06-26 11:00:00,5.46222222222222,4.53222222222222,2.39611111111111,-0.67611111111111,-1.27,0,0,0,0,0
2025-06-26 12:00:00,6,4.63611111111111,2.28888888888889,-0.67611111111111,-1.29888888888889,0,0,0,0,0
2025-06-26 13:00:00,5.745,4.55777777777778,2.18222222222222,-0.67611111111111,-1.27,0,0,0,0,0
2025-06-26 14:00:00,5.745,4.68777777777778,2.07388888888889,-0.67611111111111,-1.27,0,0,0,0,0
2025-06-26 15:00:00,6.07722222222222,4.68777777777778,1.99388888888889,-0.67611111111111,-1.27,0,0,0,0,0
2025-06-26 16:00:00,7.72,5.71888888888889,1.96722222222222,-0.67611111111111,-1.27,0,0,0,0,0
2025-06-26 17:00:00,7.945,6.12777777777778,1.94,-0.67611111111111,-1.27,0,0,0,0,0
2025-06-26 18:00:00,9.28722222222222,7.21722222222222,1.96722222222222,-0.67611111111111,-1.27,0,0,0,0,0
2025-06-26 19:00:00,11.2238888888889,9.38611111111111,2.10111111111111,-0.67611111111111,-1.27,0,0,0,0,0
2025-06-26 20:00:00,12.9677777777778,10.0011111111111,2.23611111111111,-0.67611111111111,-1.29888888888889,0,0,0,0,0
2025-06-26 21:00:00,14.7677777777778,10.3938888888889,2.39611111111111,-0.67611111111111,-1.27,0,0,0,0,0
2025-06-26 22:00:00,14.6011111111111,11.9038888888889,2.63722222222222,-0.67611111111111,-1.27,0,0,0,0,0
2025-06-26 23:00:00,17.13,13.9777777777778,2.90277777777778,-0.67611111111111,-1.27,0,0,0,0,0
2025-06-27 00:00:00,17.0111111111111,14.7211111111111,3.16777777777778,-0.67611111111111,-1.27,0,0,0,0,0
2025-06-27 01:00:00,15.7,13.5461111111111,3.40611111111111,-0.647777777777778,-1.27,0,0,0,0,0
2025-06-27 02:00:00,15.6522222222222,12.3888888888889,3.59111111111111,-0.647777777777778,-1.27,0,0,0,0,0
2025-06-27 03:00:00,15.3661111111111,11.37,3.72222222222222,-0.647777777777778,-1.27,0,0,0,0,0
2025-06-27 04:00:00,13.81,10.1488888888889,3.74888888888889,-0.647777777777778,-1.27,0,0,0,0,0
2025-06-27 05:00:00,10.9072222222222,8.54277777777778,3.69611111111111,-0.647777777777778,-1.24222222222222,0,0,0,0,0
2025-06-27 06:00:00,8.91611111111111,7.19222222222222,3.59111111111111,-0.62,-1.21277777777778,0,0,0,0,0
2025-06-27 07:00:00,7.04111111111111,5.92388888888889,3.43277777777778,-0.62,-1.21277777777778,0,0,0,0,0
2025-06-27 08:00:00,5.33388888888889,4.86888888888889,3.22111111111111,-0.591111111111111,-1.21277777777778,0,0,0,0,0
2025-06-27 09:00:00,3.775,3.93222222222222,2.98277777777778,-0.591111111111111,-1.21277777777778,0,0,0,0,0
2025-06-27 10:00:00,2.37,3.11611111111111,2.74388888888889,-0.591111111111111,-1.21277777777778,0,0,0,0,0
2025-06-27 11:00:00,1.72388888888889,2.77,2.47722222222222,-0.591111111111111,-1.21277777777778,0,0,0,0,0
2025-06-27 12:00:00,1.83222222222222,3.11611111111111,2.26222222222222,-0.62,-1.21277777777778,0,0,0,0,0
2025-06-27 13:00:00,1.94,3.22111111111111,2.07388888888889,-0.591111111111111,-1.21277777777778,0,0,0,0,0
2025-06-27 14:00:00,2.34277777777778,3.61722222222222,1.94,-0.591111111111111,-1.21277777777778,0,0,0,0,0
2025-06-27 15:00:00,2.69,4.115,1.83222222222222,-0.591111111111111,-1.185,0,0,0,0,0
2025-06-27 16:00:00,3.35388888888889,4.68777777777778,1.75111111111111,-0.62,-1.21277777777778,0,0,0,0,0
2025-06-27 17:00:00,5.07611111111111,5.92388888888889,1.75111111111111,-0.62,-1.21277777777778,0,0,0,0,0
2025-06-27 18:00:00,6.56,7.44388888888889,1.805,-0.62,-1.21277777777778,0,0,0,0,0
2025-06-27 19:00:00,8.17,8.02,1.88611111111111,-0.62,-1.21277777777778,0,0,0,0,0
2025-06-27 20:00:00,10.3938888888889,8.41888888888889,2.02111111111111,-0.62,-1.21277777777778,0,0,0,0,0
2025-06-27 21:00:00,13.0877777777778,10.0511111111111,2.20888888888889,-0.62,-1.21277777777778,0,0,0,0,0
2025-06-27 22:00:00,15.4377777777778,12.5088888888889,2.45,-0.62,-1.21277777777778,0,0,0,0,0
2025-06-27 23:00:00,17.0338888888889,14.6727777777778,2.79722222222222,-0.591111111111111,-1.21277777777778,0,0,0,0,0
2025-06-28 00:00:00,17.2011111111111,14.84,3.08888888888889,-0.62,-1.21277777777778,0,0,0,0,0
2025-06-28 01:00:00,16.6772222222222,13.6422222222222,3.35388888888889,-0.591111111111111,-1.21277777777778,0,0,0,0,0
2025-06-28 02:00:00,16.1527777777778,12.4372222222222,3.59111111111111,-0.591111111111111,-1.21277777777778,0,0,0,0,0
2025-06-28 03:00:00,14.1938888888889,11.005,3.72222222222222,-0.591111111111111,-1.185,0,0,0,0,0
2025-06-28 04:00:00,13.2811111111111,9.73111111111111,3.72222222222222,-0.591111111111111,-1.185,0,0,0,0,0
2025-06-28 05:00:00,12.5822222222222,8.79222222222222,3.69611111111111,-0.591111111111111,-1.185,0,0,0,0,0
2025-06-28 06:00:00,11.4672222222222,7.77,3.61722222222222,-0.591111111111111,-1.15722222222222,0,0,0,0,0
2025-06-28 07:00:00,8.86611111111111,6.535,3.45888888888889,-0.562777777777779,-1.15722222222222,0,0,0,0,0
2025-06-28 08:00:00,6.88888888888889,5.48777777777778,3.30111111111111,-0.562777777777779,-1.15722222222222,0,0,0,0,0
2025-06-28 09:00:00,4.92111111111111,4.45388888888889,3.08888888888889,-0.562777777777779,-1.15722222222222,0,0,0,0,0
2025-06-28 10:00:00,3.69611111111111,3.67,2.87722222222222,-0.562777777777779,-1.15722222222222,0,0,0,0,0
2025-06-28 11:00:00,2.63722222222222,2.95611111111111,2.63722222222222,-0.562777777777779,-1.15722222222222,0,0,0,0,0
2025-06-28 12:00:00,3.45888888888889,2.85,2.42277777777778,-0.562777777777779,-1.15722222222222,0,0,0,0,0
2025-06-28 13:00:00,5.15388888888889,3.195,2.26222222222222,-0.562777777777779,-1.15722222222222,0,0,0,0,0
2025-06-28 14:00:00,7.015,3.80111111111111,2.12777777777778,-0.562777777777779,-1.185,0,0,0,0,0
2025-06-28 15:00:00,8.46888888888889,4.68777777777778,2.07388888888889,-0.562777777777779,-1.185,0,0,0,0,0
2025-06-28 16:00:00,10.3688888888889,6.12777777777778,2.07388888888889,-0.562777777777779,-1.15722222222222,0,0,0,0,0
2025-06-28 17:00:00,12.3638888888889,8.31888888888889,2.18222222222222,-0.562777777777779,-1.15722222222222,0,0,0,0,0
2025-06-28 18:00:00,14.3611111111111,11.0288888888889,2.34277777777778,-0.562777777777779,-1.15722222222222,0,0,0,0,0
2025-06-28 19:00:00,16.32,11.7827777777778,2.50277777777778,-0.562777777777779,-1.15722222222222,0,0,0,0,0
2025-06-28 20:00:00,17.8188888888889,11.9038888888889,2.69,-0.562777777777779,-1.15722222222222,0,0,0,0,0
2025-06-28 21:00:00,18.7938888888889,13.1122222222222,2.98277777777778,-0.562777777777779,-1.15722222222222,0,0,0,0,0
2025-06-28 22:00:00,19.5077777777778,14.8161111111111,3.30111111111111,-0.562777777777779,-1.15722222222222,0,0,0,0,0
2025-06-28 23:00:00,20.365,16.5111111111111,3.64277777777778,-0.535000000000001,-1.15722222222222,0,0,0,0,0
2025-06-29 00:00:00,20.8411111111111,16.7011111111111,3.985,-0.562777777777779,-1.15722222222222,0,0,0,0,0
2025-06-29 01:00:00,20.555,16.0338888888889,4.27222222222222,-0.562777777777779,-1.15722222222222,0,0,0,0,0
2025-06-29 02:00:00,20.77,14.9838888888889,4.50611111111111,-0.535000000000001,-1.15722222222222,0,0,0,0,0
2025-06-29 03:00:00,20.0788888888889,13.5938888888889,4.55777777777778,-0.535000000000001,-1.12777777777778,0,0,0,0,0
2025-06-29 04:00:00,19.6977777777778,12.5088888888889,4.61,-0.535000000000001,-1.12777777777778,0,0,0,0,0
2025-06-29 05:00:00,18.2,11.3461111111111,4.55777777777778,-0.535000000000001,-1.12777777777778,0,0,0,0,0
2025-06-29 06:00:00,16.415,10.2472222222222,4.45388888888889,-0.535000000000001,-1.12777777777778,0,0,0,0,0
2025-06-29 07:00:00,14.1461111111111,8.91611111111111,4.32388888888889,-0.507222222222222,-1.1,0,0,0,0,0
2025-06-29 08:00:00,11.4188888888889,7.895,4.16777777777778,-0.507222222222222,-1.1,0,0,0,0,0
2025-06-29 09:00:00,9.60777777777778,6.88888888888889,3.95777777777778,-0.507222222222222,-1.1,0,0,0,0,0
2025-06-29 10:00:00,8.41888888888889,5.41111111111111,3.72222222222222,-0.507222222222222,-1.1,0,0,0,0,0
2025-06-29 11:00:00,7.36777777777778,4.63611111111111,3.485,-0.478888888888888,-1.1,0,0,0,0,0
2025-06-29 12:00:00,8.245,4.79222222222222,3.30111111111111,-0.507222222222222,-1.1,0,0,0,0,0
2025-06-29 13:00:00,10.2961111111111,5.64222222222222,3.16777777777778,-0.507222222222222,-1.1,0,0,0,0,0
2025-06-29 14:00:00,12.05,6.99,3.06277777777778,-0.507222222222222,-1.1,0,0,0,0,0
2025-06-29 15:00:00,14.4811111111111,8.49388888888889,3.03611111111111,-0.507222222222222,-1.1,0,0,0,0,0
2025-06-29 16:00:00,17.4627777777778,10.3688888888889,3.14222222222222,-0.507222222222222,-1.1,0,0,0,0,0
2025-06-29 17:00:00,18.7711111111111,11.9038888888889,3.30111111111111,-0.507222222222222,-1.1,0,0,0,0,0
2025-06-29 18:00:00,19.2938888888889,14.3138888888889,3.485,-0.507222222222222,-1.12777777777778,0,0,0,0,0
2025-06-29 19:00:00,20.7222222222222,13.7861111111111,3.64277777777778,-0.507222222222222,-1.1,0,0,0,0,0
2025-06-29 20:00:00,22.92,14.05,3.88,-0.478888888888888,-1.1,0,0,0,0,0
2025-06-29 21:00:00,24.05,15.8672222222222,4.29777777777778,-0.478888888888888,-1.1,0,0,0,0,0
2025-06-29 22:00:00,24.2672222222222,16.915,4.58388888888889,-0.478888888888888,-1.1,0,0,0,0,0
2025-06-29 23:00:00,24.8711111111111,18.6038888888889,4.99888888888889,-0.478888888888888,-1.1,0,0,0,0,0
2025-06-30 00:00:00,25.0161111111111,19.175,5.385,-0.451111111111112,-1.1,0,0,0,0,0
2025-06-30 01:00:00,23.4238888888889,17.1772222222222,5.61611111111111,-0.451111111111112,-1.1,0,0,0,0,0
2025-06-30 02:00:00,22.6327777777778,15.915,5.79611111111111,-0.451111111111112,-1.07111111111111,0,0,0,0,0
2025-06-30 03:00:00,20.0788888888889,14.0738888888889,5.745,-0.451111111111112,-1.07111111111111,0,0,0,0,0
2025-06-30 04:00:00,19.365,13.2572222222222,5.745,-0.451111111111112,-1.07111111111111,0,0,0,0,0
2025-06-30 05:00:00,17.1772222222222,12.7988888888889,5.69277777777778,-0.451111111111112,-1.07111111111111,0,0,0,0,0
2025-06-30 06:00:00,15.8188888888889,11.54,5.53888888888889,-0.451111111111112,-1.04277777777778,0,0,0,0,0
2025-06-30 07:00:00,17.7011111111111,11.6127777777778,5.48777777777778,-0.451111111111112,-1.07111111111111,0,0,0,0,0
2025-06-30 08:00:00,15.605,10.8338888888889,5.33388888888889,-0.422777777777777,-1.04277777777778,0,0,0,0,0
2025-06-30 09:00:00,14.84,10.4177777777778,5.17888888888889,-0.422777777777777,-1.04277777777778,0,0,0,0,0
2025-06-30 10:00:00,13.0638888888889,8.89111111111111,4.97277777777778,-0.422777777777777,-1.04277777777778,0,0,0,0,0
2025-06-30 11:00:00,12.5822222222222,8.59277777777778,4.81777777777778,-0.422777777777777,-1.04277777777778,0,0,0,0,0
2025-06-30 12:00:00,11.7338888888889,8.39388888888889,4.66222222222222,-0.422777777777777,-1.04277777777778,0,0,0,0,0
2025-06-30 13:00:00,12.8472222222222,8.31888888888889,4.53222222222222,-0.422777777777777,-1.04277777777778,0,0,0,0,0
2025-06-30 14:00:00,13.8577777777778,8.84111111111111,4.42777777777778,-0.422777777777777,-1.04277777777778,0,0,0,0,0
2025-06-30 15:00:00,16.9872222222222,9.33611111111111,4.37611111111111,-0.422777777777777,-1.04277777777778,0,0,0,0,0
2025-06-30 16:00:00,18.7938888888889,12.7511111111111,4.55777777777778,-0.422777777777777,-1.04277777777778,0,0,0,0,0
2025-06-30 17:00:00,20.555,14.4327777777778,4.71388888888889,-0.422777777777777,-1.04277777777778,0,0,0,0,0
2025-06-30 18:00:00,22.345,15.9861111111111,4.895,-0.394999999999999,-1.04277777777778,0,0,0,0,0
2025-06-30 19:00:00,23.7127777777778,16.4388888888889,5.12777777777778,-0.394999999999999,-1.04277777777778,0,0,0,0,0
2025-06-30 20:00:00,24.8227777777778,16.3677777777778,5.36,-0.394999999999999,-1.04277777777778,0,0,0,0,0
2025-06-30 21:00:00,25.72,17.915,5.69277777777778,-0.367222222222223,-1.04277777777778,0,0,0,0,0
2025-06-30 22:00:00,25.1861111111111,19.4127777777778,6.10222222222222,-0.367222222222223,-1.04277777777778,0,0,0,0,0
2025-06-30 23:00:00,26.1088888888889,20.365,6.40777777777778,-0.367222222222223,-1.04277777777778,0,0,0,0,0
2025-07-01 00:00:00,24.2672222222222,19.1272222222222,6.73722222222222,-0.367222222222223,-1.04277777777778,0,0,0,0,0
2025-07-01 01:00:00,26.94,19.7927777777778,7.015,-0.367222222222223,-1.04277777777778,0,0,0,0,0
2025-07-01 02:00:00,24.9922222222222,17.7961111111111,7.19222222222222,-0.367222222222223,-1.04277777777778,0,0,0,0,0
2025-07-01 03:00:00,24.9188888888889,16.415,7.24222222222222,-0.367222222222223,-1.015,0,0,0,0,0
2025-07-01 04:00:00,24.0022222222222,15.3661111111111,7.19222222222222,-0.338888888888889,-1.015,0,0,0,0,0
2025-07-01 05:00:00,21.8188888888889,14.0977777777778,7.09111111111111,-0.338888888888889,-1.015,0,0,0,0,0
2025-07-01 06:00:00,20.055,13.0638888888889,6.94,-0.338888888888889,-0.98611111111111,0,0,0,0,0
2025-07-01 07:00:00,17.2722222222222,11.8072222222222,6.73722222222222,-0.338888888888889,-0.98611111111111,0,0,0,0,0
2025-07-01 08:00:00,14.9122222222222,10.7122222222222,6.50888888888889,-0.338888888888889,-0.98611111111111,0,0,0,0,0
2025-07-01 09:00:00,11.9288888888889,9.53388888888889,6.255,-0.338888888888889,-0.957777777777778,0,0,0,0,0
2025-07-01 10:00:00,10.1238888888889,7.695,5.89777777777778,-0.338888888888889,-0.98611111111111,0,0,0,0,0
2025-07-01 11:00:00,8.07,7.19222222222222,5.61611111111111,-0.31111111111111,-0.957777777777778,0,0,0,0,0
2025-07-01 12:00:00,7.82,6.66111111111111,5.33388888888889,-0.338888888888889,-0.98611111111111,0,0,0,0,0
2025-07-01 13:00:00,7.695,6.63611111111111,5.10222222222222,-0.338888888888889,-0.98611111111111,0,0,0,0,0
2025-07-01 14:00:00,10.5161111111111,7.77,4.97277777777778,-0.338888888888889,-0.98611111111111,0,0,0,0,0
2025-07-01 15:00:00,11.9527777777778,8.49388888888889,4.86888888888889,-0.338888888888889,-0.98611111111111,0,0,0,0,0
2025-07-01 16:00:00,14.84,10.1238888888889,4.92111111111111,-0.338888888888889,-0.98611111111111,0,0,0,0,0
2025-07-01 17:00:00,17.415,12.2188888888889,5.10222222222222,-0.338888888888889,-0.98611111111111,0,0,0,0,0
2025-07-01 18:00:00,19.2222222222222,13.2572222222222,5.205,-0.338888888888889,-0.98611111111111,0,0,0,0,0
2025-07-01 19:00:00,20.5788888888889,14.3372222222222,5.36,-0.338888888888889,-0.98611111111111,0,0,0,0,0
2025-07-01 20:00:00,21.5088888888889,14.4088888888889,5.48777777777778,-0.338888888888889,-0.98611111111111,0,0,0,0,0
2025-07-01 21:00:00,21.6761111111111,14.505,5.66777777777778,-0.338888888888889,-0.98611111111111,0,0,0,0,0
2025-07-01 22:00:00,21.915,15.8672222222222,5.92388888888889,-0.31111111111111,-0.98611111111111,0,0,0,0,0
2025-07-01 23:00:00,21.9627777777778,16.7961111111111,6.17888888888889,-0.31111111111111,-0.957777777777778,0,0,0,0,0
2025-07-02 00:00:00,21.2227777777778,16.8677777777778,6.35722222222222,-0.31111111111111,-0.957777777777778,0,0,0,0,0
2025-07-02 01:00:00,21.4127777777778,15.7961111111111,6.535,-0.31111111111111,-0.957777777777778,0,0,0,0,0
2025-07-02 02:00:00,19.9122222222222,14.2177777777778,6.61111111111111,-0.31111111111111,-0.957777777777778,0,0,0,0,0
2025-07-02 03:00:00,19.4127777777778,13.2811111111111,6.56,-0.282777777777778,-0.957777777777778,0,0,0,0,0
2025-07-02 04:00:00,17.3438888888889,12.2922222222222,6.45777777777778,-0.282777777777778,-0.93,0,0,0,0,0
2025-07-02 05:00:00,15.605,10.8577777777778,6.255,-0.282777777777778,-0.93,0,0,0,0,0
2025-07-02 06:00:00,14.0261111111111,9.82888888888889,6.07722222222222,-0.282777777777778,-0.93,0,0,0,0,0
2025-07-02 07:00:00,11.8072222222222,8.69277777777778,5.84722222222222,-0.255,-0.93,0,0,0,0,0
2025-07-02 08:00:00,9.805,7.56888888888889,5.565,-0.255,-0.93,0,0,0,0,0
2025-07-02 09:00:00,7.61888888888889,6.50888888888889,5.25722222222222,-0.255,-0.902222222222222,0,0,0,0,0
2025-07-02 10:00:00,6.17888888888889,5.10222222222222,4.92111111111111,-0.255,-0.902222222222222,0,0,0,0,0
2025-07-02 11:00:00,4.16777777777778,4.74,4.63611111111111,-0.255,-0.872777777777779,0,0,0,0,0
2025-07-02 12:00:00,3.67,5.05,4.42777777777778,-0.255,-0.902222222222222,0,0,0,0,0
2025-07-02 13:00:00,4.08888888888889,5.25722222222222,4.22,-0.255,-0.902222222222222,0,0,0,0,0
2025-07-02 14:00:00,4.79222222222222,5.66777777777778,4.06277777777778,-0.255,-0.902222222222222,0,0,0,0,0
2025-07-02 15:00:00,5.23111111111111,6.43277777777778,3.985,-0.255,-0.872777777777779,0,0,0,0,0
2025-07-02 16:00:00,5.71888888888889,7.09111111111111,3.93222222222222,-0.255,-0.902222222222222,0,0,0,0,0
2025-07-02 17:00:00,7.41888888888889,8.54277777777778,3.985,-0.255,-0.902222222222222,0,0,0,0,0
2025-07-02 18:00:00,11.3461111111111,11.7588888888889,4.27222222222222,-0.282777777777778,-0.902222222222222,0,0,0,0,0
2025-07-02 19:00:00,15.39,12.775,4.50611111111111,-0.255,-0.902222222222222,0,0,0,0,0
2025-07-02 20:00:00,17.8427777777778,12.9438888888889,4.68777777777778,-0.255,-0.902222222222222,0,0,0,0,0
2025-07-02 21:00:00,19.365,14.1938888888889,4.99888888888889,-0.255,-0.902222222222222,0,0,0,0,0
2025-07-02 22:00:00,20.6272222222222,16.32,5.36,-0.255,-0.902222222222222,0,0,0,0,0
2025-07-02 23:00:00,21.795,17.9861111111111,5.77,-0.255,-0.902222222222222,0,0,0,0,0
2025-07-03 00:00:00,22.1538888888889,18.4611111111111,6.10222222222222,-0.227222222222222,-0.902222222222222,0,0,0,0,0
2025-07-03 01:00:00,22.585,17.415,6.38222222222222,-0.227222222222222,-0.902222222222222,0,0,0,0,0
2025-07-03 02:00:00,23.16,16.3677777777778,6.66111111111111,-0.227222222222222,-0.902222222222222,0,0,0,0,0
2025-07-03 03:00:00,21.8672222222222,15.0788888888889,6.68722222222222,-0.198888888888889,-0.902222222222222,0,0,0,0,0
2025-07-03 04:00:00,20.15,13.7138888888889,6.66111111111111,-0.198888888888889,-0.902222222222222,0,0,0,0,0
2025-07-03 05:00:00,18.01,12.4611111111111,6.535,-0.198888888888889,-0.872777777777779,0,0,0,0,0
2025-07-03 06:00:00,16.0338888888889,11.1272222222222,6.35722222222222,-0.198888888888889,-0.872777777777779,0,0,0,0,0
2025-07-03 07:00:00,13.57,9.63222222222222,6.12777777777778,-0.171111111111111,-0.872777777777779,0,0,0,0,0
2025-07-03 08:00:00,10.9561111111111,8.095,5.84722222222222,-0.171111111111111,-0.845000000000001,0,0,0,0,0
2025-07-03 09:00:00,8.31888888888889,6.71222222222222,5.53888888888889,-0.171111111111111,-0.845000000000001,0,0,0,0,0
2025-07-03 10:00:00,6.83888888888889,5.48777777777778,5.205,-0.171111111111111,-0.817222222222222,0,0,0,0,0
2025-07-03 11:00:00,6.76277777777778,4.06277777777778,4.84388888888889,-0.171111111111111,-0.845000000000001,0,1,0,0,0
2025-07-03 12:00:00,7.24222222222222,4.61,4.66222222222222,-0.171111111111111,-0.845000000000001,0,0,0,0,0
2025-07-03 13:00:00,8.22,5.48777777777778,4.50611111111111,-0.198888888888889,-0.845000000000001,0,0,0,0,0
2025-07-03 14:00:00,10.9561111111111,6.12777777777778,4.40222222222222,-0.198888888888889,-0.845000000000001,0,0,0,0,0
2025-07-03 15:00:00,14.6727777777778,8.02,4.45388888888889,-0.198888888888889,-0.872777777777779,0,0,0,0,0
2025-07-03 16:00:00,19.3177777777778,9.60777777777778,4.61,-0.198888888888889,-0.845000000000001,1,0,0,0,0
2025-07-03 17:00:00,19.1511111111111,12.4611111111111,5.07611111111111,-0.198888888888889,-0.872777777777779,0,0,0,0,0
2025-07-03 18:00:00,21.4127777777778,15.5327777777778,5.385,-0.171111111111111,-0.845000000000001,0,0,0,0,0
2025-07-03 19:00:00,22.9922222222222,16.4388888888889,5.69277777777778,-0.171111111111111,-0.845000000000001,0,0,0,0,0
2025-07-03 20:00:00,25.4527777777778,16.1772222222222,5.89777777777778,-0.171111111111111,-0.872777777777779,0,0,0,0,0
2025-07-03 21:00:00,26.8911111111111,17.225,6.35722222222222,-0.142777777777779,-0.845000000000001,0,0,0,0,0
2025-07-03 22:00:00,27.9488888888889,18.9127777777778,6.81277777777778,-0.142777777777779,-0.845000000000001,0,0,0,0,0
2025-07-03 23:00:00,28.5927777777778,20.6977777777778,7.26777777777778,-0.116111111111111,-0.845000000000001,0,0,0,0,0
2025-07-04 00:00:00,29.4388888888889,21.5811111111111,7.72,-0.116111111111111,-0.845000000000001,0,0,0,0,0
2025-07-04 01:00:00,29.865,20.8411111111111,8.12,-0.0877777777777785,-0.845000000000001,0,0,0,0,0
2025-07-04 02:00:00,30.925,18.6988888888889,8.31888888888889,-0.0877777777777785,-0.845000000000001,0,0,0,0,0
2025-07-04 03:00:00,29.54,17.9377777777778,8.36888888888889,-0.0877777777777785,-0.845000000000001,0,0,0,0,0
2025-07-04 04:00:00,27.85,16.63,8.295,-0.0877777777777785,-0.845000000000001,0,0,0,0,0
2025-07-04 05:00:00,25.9872222222222,15.4377777777778,8.195,-0.0600000000000003,-0.817222222222222,0,0,0,0,0
2025-07-04 06:00:00,23.04,14.3611111111111,7.995,-0.0600000000000003,-0.817222222222222,0,0,0,0,0
2025-07-04 07:00:00,19.9361111111111,12.6777777777778,7.72,-0.0322222222222221,-0.817222222222222,0,0,0,0,0
2025-07-04 08:00:00,16.5577777777778,10.2472222222222,7.29277777777778,-0.0322222222222221,-0.817222222222222,0,0,0,0,0
2025-07-04 09:00:00,13.0161111111111,8.74222222222222,6.94,-0.0322222222222221,-0.78888888888889,0,0,0,0,0
2025-07-04 10:00:00,11.4188888888889,6.83888888888889,6.50888888888889,-0.0322222222222221,-0.78888888888889,0,0,0,0,0
2025-07-04 11:00:00,9.78,6.81277777777778,6.255,-0.0322222222222221,-0.78888888888889,1,0,0,0,0
2025-07-04 12:00:00,11.005,7.51888888888889,6.10222222222222,-0.0322222222222221,-0.817222222222222,0,0,0,0,0
2025-07-04 13:00:00,13.4011111111111,8.12,5.92388888888889,-0.0600000000000003,-0.817222222222222,0,0,0,0,0
2025-07-04 14:00:00,16.5338888888889,9.53388888888889,5.89777777777778,-0.0600000000000003,-0.817222222222222,0,0,0,0,0
2025-07-04 15:00:00,19.5788888888889,12.1222222222222,6.10222222222222,-0.0600000000000003,-0.817222222222222,0,0,0,0,0
2025-07-04 16:00:00,22.2261111111111,13.7138888888889,6.35722222222222,-0.0600000000000003,-0.817222222222222,0,0,0,0,0
2025-07-04 17:00:00,25.1861111111111,15.4138888888889,6.68722222222222,-0.0600000000000003,-0.78888888888889,0,0,0,0,0
2025-07-04 18:00:00,26.0611111111111,17.8188888888889,7.04111111111111,-0.0322222222222221,-0.78888888888889,0,0,0,0,0
2025-07-04 19:00:00,27.1861111111111,18.9372222222222,7.34277777777778,-0.00388888888888969,-0.78888888888889,0,0,0,0,0
2025-07-04 20:00:00,28.4188888888889,18.4611111111111,7.56888888888889,0.0238888888888885,-0.817222222222222,0,0,0,0,0
2025-07-04 21:00:00,28.965,18.7938888888889,7.97,0.0238888888888885,-0.78888888888889,0,0,0,0,0
2025-07-04 22:00:00,29.74,20.0788888888889,8.39388888888889,0.0511111111111104,-0.78888888888889,0,0,0,0,0
2025-07-04 23:00:00,29.9411111111111,21.4611111111111,8.79222222222222,0.0511111111111104,-0.78888888888889,0,0,0,0,0
2025-07-05 00:00:00,29.765,21.8427777777778,9.11388888888889,0.0788888888888906,-0.78888888888889,0,0,0,0,0
2025-07-05 01:00:00,29.3888888888889,21.0322222222222,9.38611111111111,0.107222222222221,-0.78888888888889,0,0,0,0,0
2025-07-05 02:00:00,29.59,19.46,9.55777777777778,0.107222222222221,-0.78888888888889,0,0,0,0,0
2025-07-05 03:00:00,28.1472222222222,18.3661111111111,9.53388888888889,0.135000000000001,-0.78888888888889,0,0,0,0,0
2025-07-05 04:00:00,26.8422222222222,17.4861111111111,9.435,0.135000000000001,-0.78888888888889,0,0,0,0,0
2025-07-05 05:00:00,24.4838888888889,15.9388888888889,9.18777777777778,0.162777777777777,-0.759999999999999,0,0,0,0,0
2025-07-05 06:00:00,21.3661111111111,14.0738888888889,8.89111111111111,0.162777777777777,-0.759999999999999,0,0,0,0,0
2025-07-05 07:00:00,18.7472222222222,12.195,8.51888888888889,0.189999999999999,-0.759999999999999,0,0,0,0,0
2025-07-05 08:00:00,15.7961111111111,9.63222222222222,7.97,0.189999999999999,-0.732222222222223,0,0,0,0,0
2025-07-05 09:00:00,11.9772222222222,8.145,7.56888888888889,0.189999999999999,-0.732222222222223,0,0,0,0,0
2025-07-05 10:00:00,11.2972222222222,6.68722222222222,7.09111111111111,0.189999999999999,-0.703888888888889,0,0,0,0,0
2025-07-05 11:00:00,9.23777777777778,6.33111111111111,6.73722222222222,0.189999999999999,-0.732222222222223,0,0,0,0,0
2025-07-05 12:00:00,10.3938888888889,7.04111111111111,6.535,0.189999999999999,-0.732222222222223,0,0,0,0,0
2025-07-05 13:00:00,12.195,7.59388888888889,6.38222222222222,0.189999999999999,-0.759999999999999,0,0,0,0,0
2025-07-05 14:00:00,14.2422222222222,8.86611111111111,6.30611111111111,0.189999999999999,-0.759999999999999,0,0,0,0,0
2025-07-05 15:00:00,17.9861111111111,9.38611111111111,6.255,0.162777777777777,-0.759999999999999,0,0,0,0,0
2025-07-05 16:00:00,18.7938888888889,11.2727777777778,6.45777777777778,0.189999999999999,-0.732222222222223,0,0,0,0,0
2025-07-05 17:00:00,20.365,13.6177777777778,6.78777777777778,0.189999999999999,-0.759999999999999,0,0,0,0,0
2025-07-05 18:00:00,21.915,16.6061111111111,7.14222222222222,0.189999999999999,-0.759999999999999,0,0,0,0,0
2025-07-05 19:00:00,23.8811111111111,16.8677777777778,7.36777777777778,0.217777777777779,-0.759999999999999,0,0,0,0,0
2025-07-05 20:00:00,25.5011111111111,16.8438888888889,7.59388888888889,0.24611111111111,-0.759999999999999,0,0,0,0,0
2025-07-05 21:00:00,27.2838888888889,17.3677777777778,7.92,0.412222222222221,-0.732222222222223,0,0,0,0,0
2025-07-05 22:00:00,27.8988888888889,19.2222222222222,8.34388888888889,0.467222222222223,-0.732222222222223,0,0,0,0,0
2025-07-05 23:00:00,29.215,20.3411111111111,8.71722222222222,0.494999999999999,-0.732222222222223,0,0,0,0,0
2025-07-06 00:00:00,28.6172222222222,21.3177777777778,9.015,0.522222222222221,-0.732222222222223,0,0,0,0,0
2025-07-06 01:00:00,28.295,20.3172222222222,9.26222222222222,0.577222222222223,-0.732222222222223,0,0,0,0,0
2025-07-06 02:00:00,28.3688888888889,19.0561111111111,9.46,0.604999999999999,-0.732222222222223,0,0,0,0,0
2025-07-06 03:00:00,28.27,17.6527777777778,9.435,0.632222222222221,-0.732222222222223,0,0,0,0,0
2025-07-06 04:00:00,27.3577777777778,16.32,9.31222222222222,0.660000000000001,-0.703888888888889,0,0,0,0,0
2025-07-06 05:00:00,25.4527777777778,14.9122222222222,9.08888888888889,0.687222222222223,-0.703888888888889,0,0,0,0,0
2025-07-06 06:00:00,25.8411111111111,12.7272222222222,8.61777777777778,0.715,-0.703888888888889,0,0,0,0,0
2025-07-06 07:00:00,20.46,10.7361111111111,8.12,0.715,-0.703888888888889,1,0,0,0,0
2025-07-06 08:00:00,16.1061111111111,8.94111111111111,7.695,0.715,-0.703888888888889,0,0,0,0,0
2025-07-06 09:00:00,11.7588888888889,8.295,7.36777777777778,0.742222222222221,-0.67611111111111,0,0,0,0,0
2025-07-06 10:00:00,10.2961111111111,8.245,7.11611111111111,0.742222222222221,-0.67611111111111,0,0,0,0,0
2025-07-06 11:00:00,10.785,8.34388888888889,6.88888888888889,0.742222222222221,-0.67611111111111,0,0,0,0,0
2025-07-06 12:00:00,13.0161111111111,9.28722222222222,6.78777777777778,0.715,-0.67611111111111,0,0,0,0,0
2025-07-06 13:00:00,14.9122222222222,10.2472222222222,6.76277777777778,0.715,-0.67611111111111,0,0,0,0,0
2025-07-06 14:00:00,15.8672222222222,11.1272222222222,6.76277777777778,0.715,-0.703888888888889,0,0,0,0,0
2025-07-06 15:00:00,17.8672222222222,12.34,6.88888888888889,0.715,-0.703888888888889,0,0,0,0,0
2025-07-06 16:00:00,19.9838888888889,13.81,7.16722222222222,0.715,-0.703888888888889,0,0,0,0,0
2025-07-06 17:00:00,22.0338888888889,15.0788888888889,7.49388888888889,0.742222222222221,-0.67611111111111,0,0,0,0,0
2025-07-06 18:00:00,22.6088888888889,16.915,7.795,0.770000000000002,-0.703888888888889,0,0,0,0,0
2025-07-06 19:00:00,23.2077777777778,16.9627777777778,7.995,0.797222222222223,-0.67611111111111,0,0,0,0,0
2025-07-06 20:00:00,23.8088888888889,17.0822222222222,8.17,0.825,-0.67611111111111,0,0,0,0,0
2025-07-06 21:00:00,24.9188888888889,17.415,8.46888888888889,0.852222222222222,-0.67611111111111,0,0,0,0,0
2025-07-06 22:00:00,25.5738888888889,18.6988888888889,8.84111111111111,0.907222222222224,-0.67611111111111,0,0,0,0,0
2025-07-06 23:00:00,26.3038888888889,20.2222222222222,9.21277777777778,0.98888888888889,-0.67611111111111,0,0,0,0,0
2025-07-07 00:00:00,26.1822222222222,20.65,9.50888888888889,1.01722222222222,-0.67611111111111,0,0,0,0,0
2025-07-07 01:00:00,26.0611111111111,20.1738888888889,9.68222222222222,1.07111111111111,-0.67611111111111,0,0,0,0,0
2025-07-07 02:00:00,26.0611111111111,18.8422222222222,9.85388888888889,1.12611111111111,-0.67611111111111,0,0,0,0,0
2025-07-07 03:00:00,23.5927777777778,17.0111111111111,9.68222222222222,1.15277777777778,-0.67611111111111,0,0,0,0,0
2025-07-07 04:00:00,22.9922222222222,15.8672222222222,9.485,1.20777777777778,-0.647777777777778,0,0,0,0,0
2025-07-07 05:00:00,21.3422222222222,14.3138888888889,9.21277777777778,1.235,-0.647777777777778,0,0,0,0,0
2025-07-07 06:00:00,19.3411111111111,12.9438888888889,8.89111111111111,1.26222222222222,-0.647777777777778,0,0,0,0,0
2025-07-07 07:00:00,16.7011111111111,11.7588888888889,8.54277777777778,1.26222222222222,-0.647777777777778,0,0,0,0,0
2025-07-07 08:00:00,12.8472222222222,9.92777777777778,8.07,1.28888888888889,-0.62,0,0,0,0,0
2025-07-07 09:00:00,10.2961111111111,7.46888888888889,7.51888888888889,1.28888888888889,-0.591111111111111,0,0,0,0,0
2025-07-07 10:00:00,9.60777777777778,8.145,7.34277777777778,1.26222222222222,-0.62,0,0,0,0,0
2025-07-07 11:00:00,8.61777777777778,7.39277777777778,6.99,1.26222222222222,-0.591111111111111,0,0,0,0,0
2025-07-07 12:00:00,6.30611111111111,6.28111111111111,6.585,1.235,-0.591111111111111,0,0,0,0,0
2025-07-07 13:00:00,8.64277777777778,6.88888888888889,6.40777777777778,1.20777777777778,-0.62,0,0,0,0,0
2025-07-07 14:00:00,11.2238888888889,8.64277777777778,6.43277777777778,1.18,-0.62,0,0,0,0,0
2025-07-07 15:00:00,9.04,8.79222222222222,6.30611111111111,1.18,-0.591111111111111,0,0,0,0,0
2025-07-07 16:00:00,11.4922222222222,9.97722222222222,6.38222222222222,1.15277777777778,-0.62,0,0,0,0,0
2025-07-07 17:00:00,11.37,10.7361111111111,6.48388888888889,1.15277777777778,-0.62,0,0,0,0,0
2025-07-07 18:00:00,10.4672222222222,10.0511111111111,6.38222222222222,1.12611111111111,-0.591111111111111,0,0,0,0,0
2025-07-07 19:00:00,11.3211111111111,11.3211111111111,6.535,1.12611111111111,-0.62,0,0,0,0,0
2025-07-07 20:00:00,13.5938888888889,12.1472222222222,6.61111111111111,1.09888888888889,-0.62,0,0,0,0,0
2025-07-07 21:00:00,15.2938888888889,12.8961111111111,6.86388888888889,1.12611111111111,-0.62,0,0,0,0,0
2025-07-07 22:00:00,14.3372222222222,13.7861111111111,7.11611111111111,1.12611111111111,-0.62,0,0,0,0,0
2025-07-07 23:00:00,11.2477777777778,11.54,6.76277777777778,1.12611111111111,-0.591111111111111,0,0,0,0,0
2025-07-08 00:00:00,9.18777777777778,10.0511111111111,6.50888888888889,1.12611111111111,-0.591111111111111,0,0,0,0,0
2025-07-08 01:00:00,9.38611111111111,10.2711111111111,6.535,1.12611111111111,-0.591111111111111,0,0,0,0,0
2025-07-08 02:00:00,8.66777777777778,8.61777777777778,6.20388888888889,1.12611111111111,-0.591111111111111,0,0,0,0,0
2025-07-08 03:00:00,8.86611111111111,8.145,6.05111111111111,1.12611111111111,-0.591111111111111,0,0,0,0,0
2025-07-08 04:00:00,8.145,7.61888888888889,5.87222222222222,1.12611111111111,-0.591111111111111,0,0,0,0,0
2025-07-08 05:00:00,5.30777777777778,6.33111111111111,5.53888888888889,1.12611111111111,-0.562777777777779,0,0,0,0,0
2025-07-08 06:00:00,3.88,5.36,5.23111111111111,1.09888888888889,-0.562777777777779,0,0,0,0,0
2025-07-08 07:00:00,3.11611111111111,4.63611111111111,4.895,1.07111111111111,-0.562777777777779,0,0,0,0,0
2025-07-08 08:00:00,2.85,4.32388888888889,4.68777777777778,1.04388888888889,-0.562777777777779,0,0,0,0,0
2025-07-08 09:00:00,2.20888888888889,3.74888888888889,4.42777777777778,1.01722222222222,-0.535000000000001,0,0,0,0,0
2025-07-08 10:00:00,1.94,3.43277777777778,4.16777777777778,0.962222222222222,-0.535000000000001,0,0,0,0,0
2025-07-08 11:00:00,2.10111111111111,3.38,3.985,0.522222222222221,-0.535000000000001,0,0,0,0,0
2025-07-08 12:00:00,1.91277777777778,3.22111111111111,3.80111111111111,0.550000000000001,-0.535000000000001,0,0,0,0,0
2025-07-08 13:00:00,1.805,3.11611111111111,3.61722222222222,0.522222222222221,-0.535000000000001,0,0,0,0,0
2025-07-08 14:00:00,2.07388888888889,3.35388888888889,3.485,0.522222222222221,-0.535000000000001,0,0,0,0,0
2025-07-08 15:00:00,2.04722222222222,3.67,3.40611111111111,0.494999999999999,-0.535000000000001,0,0,0,0,0
2025-07-08 16:00:00,2.37,4.115,3.32722222222222,0.467222222222223,-0.507222222222222,0,0,0,0,0
2025-07-08 17:00:00,2.82277777777778,4.68777777777778,3.32722222222222,0.467222222222223,-0.478888888888888,0,0,0,0,0
2025-07-08 18:00:00,3.03611111111111,4.94722222222222,3.30111111111111,0.438888888888888,-0.451111111111112,0,0,0,0,0
2025-07-08 19:00:00,3.38,4.94722222222222,3.24777777777778,0.412222222222221,-0.422777777777777,0,0,0,0,0
2025-07-08 20:00:00,3.40611111111111,4.79222222222222,3.195,0.412222222222221,-0.422777777777777,0,0,0,0,0
2025-07-08 21:00:00,4.06277777777778,5.23111111111111,3.22111111111111,0.38388888888889,-0.422777777777777,0,0,0,0,0
2025-07-08 22:00:00,4.19388888888889,5.69277777777778,3.24777777777778,0.38388888888889,-0.422777777777777,0,0,0,0,0
2025-07-08 23:00:00,4.32388888888889,5.565,3.22111111111111,0.38388888888889,-0.422777777777777,0,0,0,0,0
2025-07-09 00:00:00,5.205,6.38222222222222,3.32722222222222,0.35611111111111,-0.451111111111112,0,0,0,0,0
2025-07-09 01:00:00,4.79222222222222,5.89777777777778,3.30111111111111,0.35611111111111,-0.422777777777777,0,0,0,0,0
2025-07-09 02:00:00,4.99888888888889,5.79611111111111,3.30111111111111,0.35611111111111,-0.422777777777777,0,0,0,0,0
2025-07-09 03:00:00,4.08888888888889,4.86888888888889,3.16777777777778,0.35611111111111,-0.451111111111112,0,0,0,0,0
2025-07-09 04:00:00,3.67,4.27222222222222,3.08888888888889,0.35611111111111,-0.451111111111112,0,0,0,0,0
2025-07-09 05:00:00,3.195,3.775,2.98277777777778,0.35611111111111,-0.451111111111112,0,0,0,0,0
2025-07-09 06:00:00,2.53,3.22111111111111,2.82277777777778,0.35611111111111,-0.451111111111112,0,0,0,0,0
2025-07-09 07:00:00,2.07388888888889,2.77,2.69,0.35611111111111,-0.451111111111112,0,0,0,0,0
2025-07-09 08:00:00,1.39777777777778,2.37,2.55722222222222,0.328888888888888,-0.451111111111112,0,0,0,0,0
2025-07-09 09:00:00,0.797222222222223,1.88611111111111,2.37,0.328888888888888,-0.451111111111112,0,0,0,0,0
2025-07-09 10:00:00,0.467222222222223,1.50722222222222,2.20888888888889,0.328888888888888,-0.451111111111112,0,0,0,0,0
2025-07-09 11:00:00,0.412222222222221,1.50722222222222,2.10111111111111,0.301111111111112,-0.478888888888888,0,0,0,0,0
2025-07-09 12:00:00,0.825,1.85888888888889,2.04722222222222,0.301111111111112,-0.478888888888888,0,0,0,0,0
2025-07-09 13:00:00,0.797222222222223,1.77777777777778,1.94,0.301111111111112,-0.478888888888888,0,0,0,0,0
2025-07-09 14:00:00,0.687222222222223,1.77777777777778,1.85888888888889,0.272777777777778,-0.507222222222222,0,0,0,0,0
2025-07-09 15:00:00,0.962222222222222,1.88611111111111,1.805,0.24611111111111,-0.507222222222222,0,0,0,0,0
2025-07-09 16:00:00,1.20777777777778,2.31611111111111,1.805,0.217777777777779,-0.507222222222222,0,0,0,0,0
2025-07-09 17:00:00,2.155,3.03611111111111,1.85888888888889,0.217777777777779,-0.507222222222222,0,0,0,0,0
2025-07-09 18:00:00,2.98277777777778,3.985,1.96722222222222,0.189999999999999,-0.507222222222222,0,0,0,0,0
2025-07-09 19:00:00,4.42777777777778,5.15388888888889,2.155,0.189999999999999,-0.535000000000001,0,0,0,0,0
2025-07-09 20:00:00,4.84388888888889,5.51388888888889,2.31611111111111,0.189999999999999,-0.507222222222222,0,0,0,0,0
2025-07-09 21:00:00,4.27222222222222,4.115,2.18222222222222,0.189999999999999,-0.507222222222222,0,1,0,0,0
2025-07-09 22:00:00,5.64222222222222,6.28111111111111,2.50277777777778,0.189999999999999,-0.507222222222222,0,1,0,0,0
2025-07-09 23:00:00,4.81777777777778,6,2.55722222222222,0.189999999999999,-0.507222222222222,0,0,0,0,0
2025-07-10 00:00:00,4.99888888888889,5.43722222222222,2.55722222222222,0.189999999999999,-0.507222222222222,0,0,0,0,0
2025-07-10 01:00:00,4.61,4.97277777777778,2.55722222222222,0.189999999999999,-0.507222222222222,0,0,0,0,0
2025-07-10 02:00:00,4.42777777777778,4.61,2.53,0.189999999999999,-0.507222222222222,0,0,0,0,0
2025-07-10 03:00:00,4.84388888888889,4.92111111111111,2.58388888888889,0.189999999999999,-0.507222222222222,0,0,0,0,0
2025-07-10 04:00:00,5.36,5.61611111111111,2.71722222222222,0.189999999999999,-0.507222222222222,0,0,0,0,0
2025-07-10 05:00:00,4.06277777777778,3.69611111111111,2.42277777777778,0.217777777777779,-0.478888888888888,0,0,0,0,0
2025-07-10 06:00:00,5.41111111111111,3.32722222222222,2.39611111111111,0.189999999999999,-0.507222222222222,0,0,0,0,0
2025-07-10 07:00:00,4.16777777777778,3.22111111111111,2.31611111111111,0.217777777777779,-0.507222222222222,0,0,0,0,0
2025-07-10 08:00:00,2.10111111111111,2.26222222222222,2.155,0.217777777777779,-0.478888888888888,0,0,0,0,0
2025-07-10 09:00:00,1.235,1.58777777777778,2.02111111111111,0.217777777777779,-0.478888888888888,0,0,0,0,0
2025-07-10 10:00:00,1.94,1.56111111111111,1.94,0.217777777777779,-0.478888888888888,0,0,0,0,0
2025-07-10 11:00:00,1.50722222222222,1.39777777777778,1.83222222222222,0.217777777777779,-0.478888888888888,0,0,0,0,0
2025-07-10 12:00:00,1.615,1.09888888888889,1.72388888888889,0.217777777777779,-0.478888888888888,0,0,0,0,0
2025-07-10 13:00:00,3.45888888888889,2.71722222222222,1.83222222222222,0.189999999999999,-0.507222222222222,0,0,0,0,0
2025-07-10 14:00:00,4.24611111111111,2.79722222222222,1.805,0.189999999999999,-0.478888888888888,0,0,0,0,0
2025-07-10 15:00:00,6.20388888888889,3.32722222222222,1.88611111111111,0.189999999999999,-0.507222222222222,0,0,0,0,0
2025-07-10 16:00:00,6.965,3.74888888888889,1.99388888888889,0.162777777777777,-0.507222222222222,0,0,0,0,0
2025-07-10 17:00:00,7.945,5.28222222222222,2.28888888888889,0.162777777777777,-0.507222222222222,0,0,0,0,0
2025-07-10 18:00:00,8.81722222222222,6.585,2.53,0.162777777777777,-0.507222222222222,0,0,0,0,0
2025-07-10 19:00:00,10.5411111111111,7.61888888888889,2.77,0.162777777777777,-0.507222222222222,0,0,0,0,0
2025-07-10 20:00:00,11.2477777777778,8.12,3.03611111111111,0.189999999999999,-0.507222222222222,0,0,0,0,0
2025-07-10 21:00:00,12.775,9.23777777777778,3.43277777777778,0.189999999999999,-0.507222222222222,0,0,0,0,0
2025-07-10 22:00:00,14.17,10.81,3.80111111111111,0.217777777777779,-0.507222222222222,0,0,0,0,0
2025-07-10 23:00:00,14.9838888888889,12.1472222222222,4.19388888888889,0.24611111111111,-0.507222222222222,0,0,0,0,0
2025-07-11 00:00:00,15.7961111111111,12.92,4.58388888888889,0.38388888888889,-0.507222222222222,0,0,0,0,0
2025-07-11 01:00:00,16.01,12.5822222222222,4.86888888888889,0.438888888888888,-0.507222222222222,0,0,0,0,0
2025-07-11 02:00:00,16.9872222222222,12.05,5.12777777777778,0.494999999999999,-0.507222222222222,0,0,0,0,0
2025-07-11 03:00:00,15.915,10.7361111111111,5.12777777777778,0.550000000000001,-0.507222222222222,0,0,0,0,0
2025-07-11 04:00:00,15.7,10.0261111111111,5.15388888888889,0.577222222222223,-0.507222222222222,0,0,0,0,0
2025-07-11 05:00:00,14.6727777777778,8.91611111111111,4.99888888888889,0.604999999999999,-0.507222222222222,0,0,0,0,0
2025-07-11 06:00:00,12.0738888888889,7.51888888888889,4.71388888888889,0.660000000000001,-0.478888888888888,0,0,0,0,0
2025-07-11 07:00:00,7.77,5.25722222222222,4.29777777777778,0.687222222222223,-0.478888888888888,0,0,0,0,0
2025-07-11 08:00:00,7.51888888888889,6.02611111111111,4.29777777777778,0.687222222222223,-0.478888888888888,0,0,0,0,0
2025-07-11 09:00:00,6.94,5.66777777777778,4.16777777777778,0.715,-0.478888888888888,0,0,0,0,0
2025-07-11 10:00:00,6.78777777777778,5.30777777777778,4.01111111111111,0.715,-0.478888888888888,0,0,0,0,0
2025-07-11 11:00:00,7.19222222222222,5.48777777777778,3.95777777777778,0.715,-0.478888888888888,0,0,0,0,0
2025-07-11 12:00:00,7.21722222222222,5.64222222222222,3.90611111111111,0.742222222222221,-0.478888888888888,0,0,0,0,0
2025-07-11 13:00:00,8.02,5.975,3.90611111111111,0.715,-0.478888888888888,0,0,0,0,0
2025-07-11 14:00:00,8.41888888888889,6.43277777777778,3.95777777777778,0.715,-0.478888888888888,0,0,0,0,0
2025-07-11 15:00:00,8.56777777777778,6.66111111111111,3.95777777777778,0.715,-0.478888888888888,0,0,0,0,0
2025-07-11 16:00:00,9.21277777777778,7.26777777777778,4.03722222222222,0.715,-0.478888888888888,0,0,0,0,0
2025-07-11 17:00:00,9.38611111111111,7.04111111111111,4.06277777777778,0.687222222222223,-0.478888888888888,0,0,0,0,0
2025-07-11 18:00:00,9.23777777777778,7.06611111111111,4.08888888888889,0.687222222222223,-0.478888888888888,0,0,0,0,0
2025-07-11 19:00:00,10.3688888888889,7.995,4.24611111111111,0.687222222222223,-0.478888888888888,0,0,0,0,0
2025-07-11 20:00:00,10.4672222222222,8.12,4.35,0.715,-0.478888888888888,0,0,0,0,0
2025-07-11 21:00:00,10.075,7.645,4.29777777777778,0.715,-0.478888888888888,0,0,0,0,0
2025-07-11 22:00:00,10.1488888888889,8.245,4.40222222222222,0.715,-0.478888888888888,0,0,0,0,0
2025-07-11 23:00:00,14.1222222222222,12.7511111111111,5.10222222222222,0.742222222222221,-0.507222222222222,0,0,0,0,0
2025-07-12 00:00:00,16.5338888888889,14.17,5.48777777777778,0.797222222222223,-0.507222222222222,0,0,0,0,0
2025-07-12 01:00:00,15.5327777777778,14.385,5.82111111111111,0.825,-0.507222222222222,0,0,0,0,0
2025-07-12 02:00:00,15.7961111111111,13.1122222222222,6.10222222222222,0.852222222222222,-0.507222222222222,0,0,0,0,0
2025-07-12 03:00:00,14.96,11.3211111111111,5.89777777777778,0.880000000000002,-0.478888888888888,0,0,0,0,0
2025-07-12 04:00:00,12.1472222222222,10.2222222222222,5.69277777777778,0.880000000000002,-0.478888888888888,0,0,0,0,0
2025-07-12 05:00:00,10.7122222222222,8.79222222222222,5.46222222222222,0.907222222222224,-0.478888888888888,0,0,0,0,0
2025-07-12 06:00:00,7.87,6.33111111111111,5.05,0.907222222222224,-0.478888888888888,0,0,0,0,0
2025-07-12 07:00:00,4.86888888888889,4.92111111111111,4.68777777777778,0.933888888888887,-0.451111111111112,0,0,0,0,0
2025-07-12 08:00:00,3.38,4.24611111111111,4.42777777777778,0.933888888888887,-0.451111111111112,0,0,0,0,0
2025-07-12 09:00:00,1.94,3.195,4.115,0.962222222222222,-0.451111111111112,0,0,0,0,0
2025-07-12 10:00:00,1.26222222222222,2.69,3.82722222222222,0.933888888888887,-0.451111111111112,0,0,0,0,0
2025-07-12 11:00:00,0.467222222222223,1.75111111111111,3.485,0.907222222222224,-0.451111111111112,0,0,0,0,0
2025-07-12 12:00:00,0.35611111111111,2.42277777777778,3.38,0.880000000000002,-0.451111111111112,0,0,0,0,0
2025-07-12 13:00:00,0.301111111111112,2.37,3.195,0.852222222222222,-0.451111111111112,0,0,0,0,0
2025-07-12 14:00:00,0.825,3.00888888888889,3.14222222222222,0.825,-0.451111111111112,0,0,0,0,0
2025-07-12 15:00:00,1.34388888888889,3.72222222222222,3.08888888888889,0.797222222222223,-0.451111111111112,0,0,0,0,0
2025-07-12 16:00:00,2.61,4.895,3.195,0.770000000000002,-0.451111111111112,0,0,0,0,0
2025-07-12 17:00:00,5.23111111111111,6.255,3.45888888888889,0.742222222222221,-0.478888888888888,0,0,0,0,0
2025-07-12 18:00:00,7.92,8.965,3.85388888888889,0.742222222222221,-0.478888888888888,0,0,0,0,0
2025-07-12 19:00:00,9.95222222222222,9.97722222222222,4.16777777777778,0.742222222222221,-0.478888888888888,0,0,0,0,0
2025-07-12 20:00:00,11.7827777777778,9.46,4.29777777777778,0.742222222222221,-0.478888888888888,0,0,0,0,0
2025-07-12 21:00:00,13.3288888888889,11.71,4.79222222222222,0.742222222222221,-0.478888888888888,0,0,0,0,0
2025-07-12 22:00:00,14.05,12.4372222222222,5.12777777777778,0.770000000000002,-0.478888888888888,0,0,0,0,0
2025-07-12 23:00:00,16.3677777777778,14.05,5.51388888888889,0.797222222222223,-0.478888888888888,0,0,0,0,0
2025-07-13 00:00:00,16.3677777777778,15.7961111111111,6.07722222222222,0.852222222222222,-0.478888888888888,0,0,0,0,0
2025-07-13 01:00:00,16.6538888888889,14.7211111111111,6.30611111111111,0.907222222222224,-0.478888888888888,0,0,0,0,0
2025-07-13 02:00:00,15.3661111111111,12.6538888888889,6.35722222222222,0.933888888888887,-0.478888888888888,0,0,0,0,0
2025-07-13 03:00:00,14.17,10.4922222222222,5.975,0.962222222222222,-0.478888888888888,0,0,0,0,0
2025-07-13 04:00:00,13.8338888888889,9.78,5.94888888888889,0.98888888888889,-0.478888888888888,0,0,0,0,0
2025-07-13 05:00:00,10.6627777777778,7.67,5.46222222222222,1.01722222222222,-0.451111111111112,0,0,0,0,0
2025-07-13 06:00:00,9.21277777777778,6.76277777777778,5.23111111111111,1.04388888888889,-0.451111111111112,0,0,0,0,0
2025-07-13 07:00:00,6.40777777777778,5.30777777777778,4.84388888888889,1.04388888888889,-0.422777777777777,0,0,0,0,0
2025-07-13 08:00:00,5.23111111111111,4.58388888888889,4.55777777777778,1.07111111111111,-0.422777777777777,0,0,0,0,0
2025-07-13 09:00:00,3.32722222222222,3.53777777777778,4.22,1.07111111111111,-0.422777777777777,0,0,0,0,0
2025-07-13 10:00:00,1.83222222222222,2.37,3.85388888888889,1.04388888888889,-0.422777777777777,0,0,0,0,0
2025-07-13 11:00:00,0.0238888888888885,0.852222222222222,3.45888888888889,1.01722222222222,-0.422777777777777,0,0,0,0,0
2025-07-13 12:00:00,1.77777777777778,0.604999999999999,3.195,0.98888888888889,-0.422777777777777,0,0,0,0,0
2025-07-13 13:00:00,4.68777777777778,1.425,3.11611111111111,0.962222222222222,-0.451111111111112,0,0,0,0,0
2025-07-13 14:00:00,5.66777777777778,2.69,3.11611111111111,0.907222222222224,-0.451111111111112,0,0,0,0,0
2025-07-13 15:00:00,7.92,4.32388888888889,3.24777777777778,0.907222222222224,-0.478888888888888,0,0,0,0,0
2025-07-13 16:00:00,11.5161111111111,6.15277777777778,3.61722222222222,0.880000000000002,-0.451111111111112,0,0,0,0,0
2025-07-13 17:00:00,14.8638888888889,8.84111111111111,4.14111111111111,0.852222222222222,-0.478888888888888,0,0,0,0,0
2025-07-13 18:00:00,15.9388888888889,10.4922222222222,4.45388888888889,0.852222222222222,-0.478888888888888,0,0,0,0,0
2025-07-13 19:00:00,17.8427777777778,11.9527777777778,4.92111111111111,0.852222222222222,-0.478888888888888,0,0,0,0,0
2025-07-13 20:00:00,19.1027777777778,12.34,5.28222222222222,0.880000000000002,-0.478888888888888,0,0,0,0,0
2025-07-13 21:00:00,20.46,13.04,5.69277777777778,0.907222222222224,-0.478888888888888,0,0,0,0,0
2025-07-13 22:00:00,21.5088888888889,14.6488888888889,6.23,0.933888888888887,-0.478888888888888,0,0,0,0,0
2025-07-13 23:00:00,22.1777777777778,16.6061111111111,6.73722222222222,0.98888888888889,-0.478888888888888,0,0,0,0,0
2025-07-14 00:00:00,22.4888888888889,17.13,7.11611111111111,1.04388888888889,-0.478888888888888,0,0,0,0,0
2025-07-14 01:00:00,23.2322222222222,16.7488888888889,7.41888888888889,1.09888888888889,-0.478888888888888,0,0,0,0,0
2025-07-14 02:00:00,23.3522222222222,14.7922222222222,7.41888888888889,1.15277777777778,-0.451111111111112,0,0,0,0,0
2025-07-14 03:00:00,22.2977777777778,13.6177777777778,7.31777777777778,1.20777777777778,-0.451111111111112,0,0,0,0,0
2025-07-14 04:00:00,20.555,12.195,7.11611111111111,1.235,-0.451111111111112,0,0,0,0,0
2025-07-14 05:00:00,19.2461111111111,10.7361111111111,6.76277777777778,1.28888888888889,-0.451111111111112,0,0,0,0,0
2025-07-14 06:00:00,13.4727777777778,8.66777777777778,6.35722222222222,1.28888888888889,-0.422777777777777,1,0,0,0,0
2025-07-14 07:00:00,13.0161111111111,7.61888888888889,6.05111111111111,1.31722222222222,-0.422777777777777,0,0,0,0,0
2025-07-14 08:00:00,9.65722222222222,6.63611111111111,5.745,1.34388888888889,-0.422777777777777,0,0,0,0,0
2025-07-14 09:00:00,11.6372222222222,7.16722222222222,5.66777777777778,1.34388888888889,-0.422777777777777,0,0,0,0,0
2025-07-14 10:00:00,11.1511111111111,7.54388888888889,5.64222222222222,1.37111111111111,-0.422777777777777,0,0,0,0,0
2025-07-14 11:00:00,12.3161111111111,7.56888888888889,5.51388888888889,1.34388888888889,-0.422777777777777,0,0,0,0,0
2025-07-14 12:00:00,12.1222222222222,8.22,5.565,1.37111111111111,-0.422777777777777,0,0,0,0,0
2025-07-14 13:00:00,12.3638888888889,8.49388888888889,5.53888888888889,1.34388888888889,-0.422777777777777,0,0,0,0,0
2025-07-14 14:00:00,12.9922222222222,8.99,5.61611111111111,1.34388888888889,-0.422777777777777,0,0,0,0,0
2025-07-14 15:00:00,13.6661111111111,9.16277777777778,5.66777777777778,1.34388888888889,-0.451111111111112,0,0,0,0,0
2025-07-14 16:00:00,15.485,10.1238888888889,5.82111111111111,1.34388888888889,-0.451111111111112,0,0,0,0,0
2025-07-14 17:00:00,16.6772222222222,11.1022222222222,6.02611111111111,1.34388888888889,-0.451111111111112,0,0,0,0,0
2025-07-14 18:00:00,18.1288888888889,12.5338888888889,6.30611111111111,1.37111111111111,-0.451111111111112,0,0,0,0,0
2025-07-14 19:00:00,19.0322222222222,12.7511111111111,6.50888888888889,1.37111111111111,-0.451111111111112,0,0,0,0,0
2025-07-14 20:00:00,22.8477777777778,15.2938888888889,7.16722222222222,1.425,-0.451111111111112,0,0,0,0,0
2025-07-14 21:00:00,21.8427777777778,16.82,7.77,1.45277777777778,-0.451111111111112,0,0,0,0,0
2025-07-14 22:00:00,19.8172222222222,15.8911111111111,7.895,1.50722222222222,-0.422777777777777,0,0,0,0,0
2025-07-14 23:00:00,18.58,14.3611111111111,7.82,1.53388888888889,-0.422777777777777,0,0,0,0,0
2025-07-15 00:00:00,18.01,14.2422222222222,7.87,1.53388888888889,-0.422777777777777,0,0,0,0,0
2025-07-15 01:00:00,15.915,13.2811111111111,7.59388888888889,1.58777777777778,-0.422777777777777,0,0,0,0,0
2025-07-15 02:00:00,15.5811111111111,12.3161111111111,7.51888888888889,1.615,-0.422777777777777,0,0,0,0,0
2025-07-15 03:00:00,15.1272222222222,11.2972222222222,7.39277777777778,1.64277777777778,-0.422777777777777,0,0,0,1,0
2025-07-15 04:00:00,13.5461111111111,11.2,7.34277777777778,1.04388888888889,-0.422777777777777,0,0,0,1,0
2025-07-15 05:00:00,13.2811111111111,10.32,7.14222222222222,1.12611111111111,-0.422777777777777,0,0,0,0,0
2025-07-15 06:00:00,12.4611111111111,9.63222222222222,6.94,1.12611111111111,-0.422777777777777,0,0,0,0,0
2025-07-15 07:00:00,11.9527777777778,9.26222222222222,6.78777777777778,1.15277777777778,-0.422777777777777,0,0,0,0,0
2025-07-15 08:00:00,11.54,8.69277777777778,6.61111111111111,1.15277777777778,-0.422777777777777,0,0,0,0,0
2025-07-15 09:00:00,11.3211111111111,8.39388888888889,6.43277777777778,1.18,-0.422777777777777,0,0,0,0,0
2025-07-15 10:00:00,11.2,8.44388888888889,6.33111111111111,1.18,-0.422777777777777,0,0,0,0,0
2025-07-15 11:00:00,11.37,8.34388888888889,6.20388888888889,1.18,-0.422777777777777,0,0,0,0,0
2025-07-15 12:00:00,10.98,8.64277777777778,6.12777777777778,1.18,-0.367222222222223,0,0,0,0,0
2025-07-15 13:00:00,10.4427777777778,8.27,6.05111111111111,1.15277777777778,-0.394999999999999,0,0,0,0,0
2025-07-15 14:00:00,10.565,8.095,5.94888888888889,1.15277777777778,-0.422777777777777,0,0,0,0,0
2025-07-15 15:00:00,11.1511111111111,9.06388888888889,6,1.12611111111111,-0.394999999999999,0,0,0,0,0
2025-07-15 16:00:00,11.9288888888889,9.68222222222222,6.05111111111111,1.12611111111111,-0.422777777777777,0,0,0,0,0
2025-07-15 17:00:00,12.34,9.70611111111111,6.07722222222222,1.12611111111111,-0.422777777777777,0,0,0,0,0
2025-07-15 18:00:00,12.7988888888889,10.4672222222222,6.17888888888889,1.12611111111111,-0.422777777777777,0,0,0,0,0
2025-07-15 19:00:00,12.92,11.0288888888889,6.255,1.09888888888889,-0.422777777777777,0,0,0,0,0
2025-07-15 20:00:00,13.81,12.485,6.50888888888889,1.12611111111111,-0.422777777777777,0,0,0,0,0
2025-07-15 21:00:00,15.175,12.4611111111111,6.535,1.12611111111111,-0.422777777777777,0,0,0,0,0
2025-07-15 22:00:00,16.915,14.2422222222222,6.91388888888889,1.12611111111111,-0.422777777777777,0,0,0,0,0
2025-07-15 23:00:00,16.4627777777778,13.2811111111111,6.91388888888889,1.12611111111111,-0.422777777777777,0,0,0,0,0
2025-07-16 00:00:00,16.415,13.3527777777778,7.015,1.12611111111111,-0.422777777777777,0,0,0,0,0
2025-07-16 01:00:00,15.4377777777778,12.9438888888889,7.015,1.15277777777778,-0.367222222222223,0,0,0,0,0
2025-07-16 02:00:00,15.4138888888889,12.34,7.015,1.18,-0.394999999999999,0,0,0,0,0
2025-07-16 03:00:00,15.7961111111111,12.195,7.06611111111111,1.18,-0.367222222222223,0,0,0,0,0
2025-07-16 04:00:00,14.0738888888889,11.54,7.015,1.20777777777778,-0.367222222222223,0,0,0,0,0
2025-07-16 05:00:00,13.4011111111111,10.59,6.86388888888889,1.235,-0.367222222222223,0,0,0,0,0
2025-07-16 06:00:00,14.17,10.6872222222222,6.86388888888889,1.235,-0.367222222222223,0,0,0,0,0
2025-07-16 07:00:00,13.4972222222222,9.53388888888889,6.66111111111111,1.26222222222222,-0.367222222222223,0,0,0,0,0
2025-07-16 08:00:00,11.3211111111111,8.86611111111111,6.50888888888889,1.28888888888889,-0.367222222222223,0,0,0,0,0
2025-07-16 09:00:00,8.79222222222222,6.94,6.12777777777778,1.28888888888889,-0.367222222222223,0,0,0,0,0
2025-07-16 10:00:00,8.91611111111111,7.11611111111111,6.02611111111111,1.28888888888889,-0.367222222222223,0,0,0,0,0
2025-07-16 11:00:00,7.24222222222222,6.48388888888889,5.79611111111111,1.28888888888889,-0.367222222222223,0,0,0,0,0
2025-07-16 12:00:00,6.43277777777778,5.71888888888889,5.51388888888889,1.28888888888889,-0.367222222222223,0,0,0,0,0
2025-07-16 13:00:00,7.77,6.23,5.46222222222222,1.28888888888889,-0.367222222222223,0,0,0,0,0
2025-07-16 14:00:00,12.1472222222222,7.09111111111111,5.48777777777778,1.28888888888889,-0.367222222222223,0,0,0,0,0
2025-07-16 15:00:00,13.4972222222222,9.015,5.69277777777778,1.26222222222222,-0.367222222222223,0,0,0,0,0
2025-07-16 16:00:00,16.01,10.59,5.975,1.235,-0.367222222222223,0,0,0,0,0
2025-07-16 17:00:00,16.3677777777778,11.3461111111111,6.20388888888889,1.235,-0.367222222222223,0,0,0,0,0
2025-07-16 18:00:00,18.4138888888889,12.7027777777778,6.48388888888889,1.235,-0.367222222222223,0,0,0,0,0
2025-07-16 19:00:00,19.6027777777778,13.93,6.88888888888889,1.20777777777778,-0.367222222222223,0,0,0,0,0
2025-07-16 20:00:00,20.555,14.0261111111111,7.11611111111111,1.235,-0.367222222222223,0,0,0,0,0
2025-07-16 21:00:00,21.0561111111111,14.505,7.39277777777778,1.20777777777778,-0.367222222222223,0,0,0,0,0
2025-07-16 22:00:00,21.8672222222222,16.32,7.895,1.235,-0.367222222222223,0,0,0,0,0
2025-07-16 23:00:00,20.4838888888889,15.5572222222222,7.945,1.26222222222222,-0.367222222222223,0,0,0,0,0
2025-07-17 00:00:00,20.365,15.7722222222222,8.195,1.26222222222222,-0.367222222222223,0,0,0,0,0
2025-07-17 01:00:00,20.4838888888889,15.2938888888889,8.27,1.31722222222222,-0.367222222222223,0,0,0,0,0
2025-07-17 02:00:00,19.9838888888889,14.1938888888889,8.22,1.34388888888889,-0.367222222222223,0,0,0,0,0
2025-07-17 03:00:00,19.3177777777778,13.57,8.17,1.37111111111111,-0.367222222222223,0,0,0,0,0
2025-07-17 04:00:00,18.8177777777778,12.8227777777778,8.095,1.39777777777778,-0.367222222222223,0,0,0,0,0
2025-07-17 05:00:00,18.5572222222222,12.8961111111111,8.095,1.45277777777778,-0.367222222222223,0,0,0,0,0
2025-07-17 06:00:00,17.4388888888889,12.2677777777778,7.97,1.48,-0.367222222222223,0,0,0,0,0
2025-07-17 07:00:00,15.1511111111111,11.005,7.72,1.50722222222222,-0.367222222222223,0,0,0,0,0
2025-07-17 08:00:00,13.6177777777778,9.75611111111111,7.41888888888889,1.53388888888889,-0.338888888888889,0,0,0,0,0
2025-07-17 09:00:00,13.305,10.0261111111111,7.39277777777778,1.56111111111111,-0.367222222222223,0,0,0,0,0
2025-07-17 10:00:00,12.0977777777778,9.75611111111111,7.21722222222222,1.58777777777778,-0.367222222222223,0,0,0,0,0
2025-07-17 11:00:00,11.2972222222222,9.63222222222222,7.06611111111111,1.58777777777778,-0.338888888888889,0,0,0,0,0
2025-07-17 12:00:00,10.98,9.28722222222222,6.94,1.58777777777778,-0.338888888888889,0,0,0,0,0
2025-07-17 13:00:00,10.9561111111111,9.23777777777778,6.81277777777778,1.58777777777778,-0.338888888888889,0,0,0,0,0
2025-07-17 14:00:00,10.9561111111111,9.55777777777778,6.78777777777778,1.58777777777778,-0.338888888888889,0,0,0,0,0
2025-07-17 15:00:00,11.6622222222222,9.87888888888889,6.73722222222222,1.58777777777778,-0.367222222222223,0,0,0,0,0
2025-07-17 16:00:00,11.9527777777778,10.2472222222222,6.76277777777778,1.56111111111111,-0.338888888888889,0,0,0,0,0
2025-07-17 17:00:00,12.2188888888889,10.8338888888889,6.81277777777778,1.56111111111111,-0.367222222222223,0,0,0,0,0
2025-07-17 18:00:00,12.5088888888889,11.1511111111111,6.88888888888889,1.56111111111111,-0.338888888888889,0,0,0,0,0
2025-07-17 19:00:00,13.2088888888889,12.4127777777778,7.11611111111111,1.56111111111111,-0.338888888888889,0,0,0,0,0
2025-07-17 20:00:00,14.7922222222222,13.305,7.29277777777778,1.58777777777778,-0.367222222222223,0,0,0,0,0
2025-07-17 21:00:00,15.4138888888889,13.3772222222222,7.46888888888889,1.56111111111111,-0.367222222222223,0,0,0,0,0
2025-07-17 22:00:00,13.7622222222222,11.88,7.24222222222222,1.56111111111111,-0.338888888888889,0,1,0,0,0
2025-07-17 23:00:00,14.6488888888889,13.04,7.46888888888889,1.56111111111111,-0.338888888888889,0,0,0,0,0
2025-07-18 00:00:00,14.4088888888889,13.0877777777778,7.51888888888889,1.56111111111111,-0.338888888888889,0,0,0,0,0
2025-07-18 01:00:00,14.6011111111111,13.0877777777778,7.56888888888889,1.56111111111111,-0.338888888888889,0,0,0,0,0
2025-07-18 02:00:00,13.3288888888889,11.9772222222222,7.44388888888889,1.58777777777778,-0.338888888888889,0,0,0,0,0
2025-07-18 03:00:00,14.0738888888889,11.88,7.44388888888889,1.64277777777778,-0.338888888888889,0,0,0,0,0
2025-07-18 04:00:00,13.7861111111111,11.7588888888889,7.44388888888889,1.64277777777778,-0.338888888888889,0,0,0,0,0
2025-07-18 05:00:00,12.63,10.8338888888889,7.31777777777778,1.64277777777778,-0.338888888888889,0,0,0,0,0
2025-07-18 06:00:00,11.9527777777778,10.1727777777778,7.19222222222222,1.69722222222222,-0.338888888888889,0,0,0,0,0
2025-07-18 07:00:00,10.345,9.26222222222222,6.99,1.69722222222222,-0.31111111111111,0,0,0,0,0
2025-07-18 08:00:00,9.16277777777778,8.49388888888889,6.76277777777778,1.69722222222222,-0.31111111111111,0,0,0,0,0
2025-07-18 09:00:00,7.695,7.845,6.535,1.69722222222222,-0.31111111111111,0,0,0,0,0
2025-07-18 10:00:00,6.255,6.86388888888889,6.255,1.69722222222222,-0.31111111111111,0,0,0,0,0
2025-07-18 11:00:00,5.23111111111111,6.17888888888889,5.975,1.69722222222222,-0.282777777777778,0,0,0,0,0
2025-07-18 12:00:00,4.40222222222222,5.92388888888889,5.745,1.69722222222222,-0.31111111111111,0,0,0,0,0
2025-07-18 13:00:00,4.19388888888889,5.46222222222222,5.48777777777778,1.67,-0.282777777777778,0,0,0,0,0
2025-07-18 14:00:00,4.01111111111111,5.385,5.33388888888889,1.64277777777778,-0.282777777777778,0,0,0,0,0
2025-07-18 15:00:00,3.88,5.205,5.12777777777778,1.615,-0.282777777777778,0,0,0,0,0
2025-07-18 16:00:00,4.08888888888889,5.59111111111111,5.02388888888889,1.58777777777778,-0.282777777777778,0,0,0,0,0
2025-07-18 17:00:00,4.81777777777778,6.17888888888889,4.99888888888889,1.56111111111111,-0.31111111111111,0,0,0,0,0
2025-07-18 18:00:00,6.30611111111111,7.61888888888889,5.15388888888889,1.50722222222222,-0.31111111111111,0,0,0,0,0
2025-07-18 19:00:00,6.83888888888889,7.97,5.15388888888889,1.48,-0.31111111111111,0,0,0,0,0
2025-07-18 20:00:00,7.745,9.04,5.33388888888889,1.45277777777778,-0.31111111111111,0,0,0,0,0
2025-07-18 21:00:00,8.51888888888889,9.53388888888889,5.48777777777778,1.425,-0.31111111111111,0,0,0,0,0
2025-07-18 22:00:00,9.53388888888889,10.075,5.64222222222222,1.39777777777778,-0.31111111111111,0,0,0,0,0
2025-07-18 23:00:00,10.7361111111111,10.6872222222222,5.82111111111111,1.39777777777778,-0.31111111111111,0,0,0,0,0
2025-07-19 00:00:00,10.4922222222222,11.6861111111111,6.02611111111111,1.37111111111111,-0.31111111111111,0,0,0,0,0
2025-07-19 01:00:00,11.37,11.0777777777778,6.15277777777778,1.37111111111111,-0.31111111111111,1,0,0,0,0
2025-07-19 02:00:00,8.61777777777778,9.485,5.89777777777778,1.37111111111111,-0.282777777777778,0,0,0,0,0
2025-07-19 03:00:00,7.19222222222222,8.045,5.66777777777778,1.37111111111111,-0.282777777777778,0,0,0,0,0
2025-07-19 04:00:00,6.43277777777778,7.04111111111111,5.46222222222222,1.37111111111111,-0.282777777777778,0,0,0,0,0
2025-07-19 05:00:00,5.33388888888889,6.15277777777778,5.205,1.39777777777778,-0.282777777777778,0,0,0,0,0
2025-07-19 06:00:00,4.37611111111111,5.41111111111111,4.97277777777778,1.39777777777778,-0.255,0,0,0,0,0
2025-07-19 07:00:00,3.485,4.79222222222222,4.74,1.39777777777778,-0.255,0,0,0,0,0
2025-07-19 08:00:00,3.35388888888889,4.45388888888889,4.53222222222222,1.39777777777778,-0.255,0,0,0,0,0
2025-07-19 09:00:00,3.32722222222222,4.22,4.35,1.37111111111111,-0.255,0,0,0,0,0
2025-07-19 10:00:00,3.27388888888889,4.08888888888889,4.22,1.34388888888889,-0.255,0,0,0,0,0
2025-07-19 11:00:00,2.87722222222222,3.74888888888889,4.03722222222222,1.34388888888889,-0.255,0,0,0,0,0
2025-07-19 12:00:00,3.14222222222222,3.82722222222222,3.90611111111111,1.31722222222222,-0.255,0,0,0,0,0
2025-07-19 13:00:00,3.22111111111111,3.95777777777778,3.82722222222222,1.28888888888889,-0.255,0,0,0,0,0
2025-07-19 14:00:00,3.35388888888889,4.19388888888889,3.775,1.26222222222222,-0.255,0,0,0,0,0
2025-07-19 15:00:00,3.56388888888889,4.48,3.72222222222222,1.235,-0.255,0,0,0,0,0
2025-07-19 16:00:00,4.19388888888889,5.25722222222222,3.775,1.20777777777778,-0.255,0,0,0,0,0
2025-07-19 17:00:00,5.17888888888889,6.35722222222222,3.93222222222222,1.18,-0.255,0,0,0,0,0
2025-07-19 18:00:00,6.45777777777778,7.04111111111111,4.03722222222222,1.15277777777778,-0.282777777777778,0,0,0,0,0
2025-07-19 19:00:00,7.87,8.69277777777778,4.37611111111111,1.12611111111111,-0.282777777777778,0,0,0,0,0
2025-07-19 20:00:00,11.1511111111111,10.1727777777778,4.79222222222222,1.09888888888889,-0.282777777777778,0,0,0,0,0
2025-07-19 21:00:00,13.2572222222222,10.8338888888889,5.17888888888889,1.09888888888889,-0.282777777777778,0,0,0,0,0
2025-07-19 22:00:00,15.4138888888889,12.5577777777778,5.71888888888889,1.09888888888889,-0.282777777777778,0,0,0,0,0
2025-07-19 23:00:00,16.2488888888889,13.69,6.12777777777778,1.09888888888889,-0.282777777777778,0,0,0,0,0
2025-07-20 00:00:00,17.32,14.3138888888889,6.48388888888889,1.12611111111111,-0.282777777777778,0,0,0,0,0
2025-07-20 01:00:00,17.32,13.9061111111111,6.73722222222222,1.12611111111111,-0.282777777777778,0,0,0,0,0
2025-07-20 02:00:00,16.1527777777778,12.7027777777778,6.88888888888889,1.18,-0.282777777777778,0,0,0,0,0
2025-07-20 03:00:00,15.7238888888889,11.7588888888889,6.83888888888889,1.20777777777778,-0.282777777777778,0,0,0,0,0
2025-07-20 04:00:00,13.93,10.5161111111111,6.68722222222222,1.235,-0.255,0,0,0,0,0
2025-07-20 05:00:00,12.1711111111111,9.26222222222222,6.40777777777778,1.28888888888889,-0.255,0,0,0,0,0
2025-07-20 06:00:00,9.63222222222222,7.895,6.05111111111111,1.31722222222222,-0.255,0,0,0,0,0
2025-07-20 07:00:00,7.06611111111111,6.535,5.69277777777778,1.37111111111111,-0.255,0,0,0,0,0
2025-07-20 08:00:00,5.46222222222222,6.12777777777778,5.46222222222222,1.39777777777778,-0.255,0,0,0,0,0
2025-07-20 09:00:00,5.07611111111111,5.66777777777778,5.205,1.425,-0.255,0,0,0,0,0
2025-07-20 10:00:00,4.24611111111111,4.895,4.94722222222222,1.425,-0.255,0,0,0,0,0
2025-07-20 11:00:00,3.22111111111111,3.67,4.55777777777778,1.45277777777778,-0.227222222222222,0,0,0,0,0
2025-07-20 12:00:00,4.03722222222222,3.64277777777778,4.40222222222222,1.45277777777778,-0.227222222222222,0,0,0,0,0
2025-07-20 13:00:00,5.71888888888889,4.53222222222222,4.37611111111111,1.425,-0.255,0,0,0,0,0
2025-07-20 14:00:00,6.99,5.23111111111111,4.40222222222222,1.39777777777778,-0.255,0,0,0,0,0
2025-07-20 15:00:00,9.08888888888889,6.12777777777778,4.50611111111111,1.39777777777778,-0.255,0,0,0,0,0
2025-07-20 16:00:00,11.4922222222222,7.77,4.81777777777778,1.37111111111111,-0.255,0,0,0,0,0
2025-07-20 17:00:00,15.4138888888889,9.92777777777778,5.41111111111111,1.34388888888889,-0.255,0,0,0,0,0
2025-07-20 18:00:00,18.9372222222222,13.1122222222222,6.05111111111111,1.37111111111111,-0.255,0,0,0,0,0
2025-07-20 19:00:00,21.3177777777778,14.96,6.68722222222222,1.34388888888889,-0.255,0,0,0,0,0
2025-07-20 20:00:00,22.1538888888889,15.175,7.015,1.34388888888889,-0.282777777777778,0,0,0,0,0
2025-07-20 21:00:00,24.1222222222222,16.3677777777778,7.695,1.37111111111111,-0.282777777777778,0,0,0,0,0
2025-07-20 22:00:00,24.3388888888889,16.8922222222222,8.12,1.39777777777778,-0.255,0,0,0,0,0
2025-07-20 23:00:00,25.04,18.4377777777778,8.69277777777778,1.425,-0.255,0,0,0,0,0
2025-07-21 00:00:00,25.4038888888889,18.8661111111111,9.11388888888889,1.48,-0.255,0,0,0,0,0
2025-07-21 01:00:00,24.7738888888889,18.1288888888889,9.33611111111111,1.56111111111111,-0.255,0,0,0,0,0
2025-07-21 02:00:00,24.0977777777778,16.8677777777778,9.46,1.64277777777778,-0.255,0,0,0,0,0
2025-07-21 03:00:00,23.2561111111111,15.8427777777778,9.36111111111111,1.77777777777778,-0.255,0,0,0,0,0
2025-07-21 04:00:00,21.6761111111111,14.505,9.16277777777778,1.96722222222222,-0.255,0,0,0,0,0
2025-07-21 05:00:00,18.7711111111111,12.8711111111111,8.84111111111111,2.10111111111111,-0.255,0,0,0,0,0
2025-07-21 06:00:00,16.0338888888889,12.0011111111111,8.54277777777778,2.155,-0.227222222222222,0,0,0,0,0
2025-07-21 07:00:00,14.1461111111111,10.8577777777778,8.22,2.12777777777778,-0.227222222222222,0,0,0,0,0
2025-07-21 08:00:00,12.7027777777778,9.82888888888889,7.87,2.10111111111111,-0.227222222222222,0,0,0,0,0
2025-07-21 09:00:00,11.37,8.94111111111111,7.56888888888889,2.12777777777778,-0.227222222222222,0,0,0,0,0
2025-07-21 10:00:00,11.0288888888889,8.64277777777778,7.34277777777778,2.10111111111111,-0.227222222222222,0,0,0,0,0
2025-07-21 11:00:00,10.3938888888889,8.295,7.11611111111111,2.10111111111111,-0.227222222222222,0,0,0,0,0
2025-07-21 12:00:00,9.08888888888889,8.295,6.965,2.10111111111111,-0.198888888888889,0,0,0,0,0
2025-07-21 13:00:00,8.965,8.12,6.78777777777778,2.10111111111111,-0.227222222222222,0,0,0,0,0
2025-07-21 14:00:00,10.2472222222222,8.34388888888889,6.71222222222222,2.07388888888889,-0.227222222222222,0,0,0,0,0
2025-07-21 15:00:00,13.0161111111111,9.90277777777778,6.91388888888889,2.07388888888889,-0.227222222222222,0,0,0,0,0
2025-07-21 16:00:00,15.3177777777778,11.2238888888889,7.19222222222222,2.07388888888889,-0.227222222222222,0,0,0,0,0
2025-07-21 17:00:00,16.2488888888889,12.1222222222222,7.41888888888889,2.04722222222222,-0.227222222222222,0,0,0,0,0
2025-07-21 18:00:00,15.8672222222222,12.4127777777778,7.51888888888889,2.04722222222222,-0.227222222222222,0,0,0,0,0
2025-07-21 19:00:00,13.8822222222222,11.175,7.31777777777778,2.02111111111111,-0.198888888888889,0,0,0,0,0
2025-07-21 20:00:00,15.1988888888889,11.4188888888889,7.44388888888889,2.02111111111111,-0.227222222222222,0,0,0,0,0
2025-07-21 21:00:00,16.5822222222222,12.485,7.67,2.02111111111111,-0.227222222222222,0,0,0,0,0
2025-07-21 22:00:00,16.1061111111111,11.88,7.645,1.99388888888889,-0.227222222222222,0,0,0,0,0
2025-07-21 23:00:00,16.1061111111111,12.63,7.795,2.02111111111111,-0.227222222222222,0,0,0,0,0
2025-07-22 00:00:00,16.8438888888889,13.8338888888889,7.97,2.04722222222222,-0.227222222222222,0,0,0,0,0
2025-07-22 01:00:00,16.3677777777778,13.4011111111111,7.945,2.07388888888889,-0.227222222222222,0,0,0,0,0
2025-07-22 02:00:00,17.0577777777778,14.3372222222222,8.145,2.10111111111111,-0.227222222222222,0,0,0,0,0
2025-07-22 03:00:00,19.2938888888889,14.3611111111111,8.295,2.12777777777778,-0.198888888888889,0,0,0,0,0
2025-07-22 04:00:00,18.4377777777778,13.7377777777778,8.44388888888889,2.12777777777778,-0.227222222222222,0,0,0,0,0
2025-07-22 05:00:00,14.84,12.2677777777778,8.195,2.155,-0.198888888888889,0,0,0,0,0
2025-07-22 06:00:00,13.69,12.2427777777778,7.67,2.34277777777778,-0.198888888888889,0,0,0,0,0
2025-07-22 07:00:00,12.63,10.785,7.61888888888889,2.26222222222222,-0.198888888888889,0,0,0,0,0
2025-07-22 08:00:00,11.6861111111111,10.0261111111111,7.56888888888889,2.28888888888889,-0.198888888888889,0,0,0,0,0
2025-07-22 09:00:00,11.4922222222222,9.63222222222222,7.72,2.47722222222222,-0.198888888888889,0,0,0,0,0
2025-07-22 10:00:00,10.7122222222222,9.28722222222222,7.36777777777778,2.31611111111111,-0.198888888888889,0,0,0,0,0
2025-07-22 11:00:00,10.1727777777778,8.79222222222222,7.16722222222222,2.31611111111111,-0.171111111111111,0,0,0,0,0
2025-07-22 12:00:00,10.1238888888889,8.64277777777778,7.015,2.31611111111111,-0.171111111111111,0,0,0,0,0
2025-07-22 13:00:00,10.0011111111111,8.44388888888889,6.86388888888889,2.28888888888889,-0.171111111111111,0,0,0,0,0
2025-07-22 14:00:00,11.2,8.44388888888889,6.71222222222222,2.28888888888889,-0.198888888888889,0,0,0,0,0
2025-07-22 15:00:00,13.1611111111111,9.015,6.63611111111111,2.26222222222222,-0.198888888888889,0,0,0,0,0
2025-07-22 16:00:00,14.625,9.63222222222222,6.61111111111111,2.26222222222222,-0.198888888888889,0,0,0,0,0
2025-07-22 17:00:00,15.2472222222222,10.32,6.63611111111111,2.26222222222222,-0.198888888888889,0,0,0,0,0
2025-07-22 18:00:00,15.27,10.7122222222222,6.68722222222222,2.23611111111111,-0.171111111111111,0,0,0,0,0
2025-07-22 19:00:00,16.915,11.6861111111111,6.81277777777778,2.23611111111111,-0.198888888888889,0,0,0,0,0
2025-07-22 20:00:00,17.7961111111111,12.9677777777778,6.965,2.23611111111111,-0.198888888888889,0,0,0,0,0
2025-07-22 21:00:00,18.8422222222222,13.4727777777778,7.14222222222222,2.20888888888889,-0.198888888888889,0,0,0,0,0
2025-07-22 22:00:00,17.4627777777778,13.7138888888889,7.34277777777778,2.20888888888889,-0.171111111111111,0,0,0,0,0
2025-07-22 23:00:00,17.7722222222222,13.7138888888889,7.51888888888889,2.20888888888889,-0.171111111111111,0,0,0,0,0
2025-07-23 00:00:00,18.4611111111111,13.93,7.695,2.23611111111111,-0.171111111111111,0,0,0,0,0
2025-07-23 01:00:00,18.1761111111111,13.9538888888889,7.87,2.26222222222222,-0.171111111111111,0,0,0,0,0
2025-07-23 02:00:00,19.7927777777778,14.7922222222222,8.145,2.28888888888889,-0.171111111111111,0,0,0,0,0
2025-07-23 03:00:00,16.7011111111111,12.3161111111111,8.07,2.31611111111111,-0.142777777777779,0,0,0,0,0
2025-07-23 04:00:00,16.3677777777778,12.2427777777778,8.12,2.37,-0.142777777777779,0,0,0,0,0
2025-07-23 05:00:00,14.7922222222222,11.2727777777778,8.045,2.39611111111111,-0.142777777777779,0,0,0,0,0
2025-07-23 06:00:00,14.05,10.4672222222222,7.92,2.45,-0.142777777777779,0,0,0,0,0
2025-07-23 07:00:00,12.0977777777778,9.33611111111111,7.745,2.47722222222222,-0.142777777777779,0,0,0,0,0
2025-07-23 08:00:00,9.435,7.31777777777778,7.44388888888889,2.53,-0.116111111111111,0,0,0,0,0
2025-07-23 09:00:00,7.54388888888889,7.14222222222222,7.19222222222222,2.53,-0.116111111111111,0,0,0,0,0
2025-07-23 10:00:00,6.88888888888889,7.24222222222222,6.99,2.55722222222222,-0.116111111111111,0,0,0,0,0
2025-07-23 11:00:00,6.15277777777778,6.66111111111111,6.73722222222222,2.55722222222222,-0.116111111111111,0,0,0,0,0
2025-07-23 12:00:00,6.91388888888889,6.94,6.56,2.53,-0.116111111111111,0,0,0,0,0
2025-07-23 13:00:00,7.77,7.645,6.43277777777778,2.53,-0.116111111111111,0,0,0,0,0
2025-07-23 14:00:00,8.31888888888889,8.245,6.35722222222222,2.50277777777778,-0.116111111111111,0,0,0,0,0
2025-07-23 15:00:00,8.46888888888889,8.12,6.255,2.47722222222222,-0.116111111111111,0,0,0,0,0
2025-07-23 16:00:00,9.06388888888889,8.54277777777778,6.23,2.45,-0.116111111111111,0,0,0,0,0
2025-07-23 17:00:00,10.7361111111111,9.73111111111111,6.255,2.42277777777778,-0.116111111111111,0,0,0,0,0
2025-07-23 18:00:00,11.4672222222222,10.5411111111111,6.33111111111111,2.37,-0.116111111111111,0,0,0,0,0
2025-07-23 19:00:00,12.2677777777778,11.0777777777778,6.43277777777778,2.37,-0.116111111111111,0,0,0,0,0
2025-07-23 20:00:00,13.4488888888889,12.05,6.585,2.34277777777778,-0.116111111111111,0,0,0,0,0
2025-07-23 21:00:00,13.69,12.4372222222222,6.73722222222222,2.31611111111111,-0.116111111111111,0,0,0,0,0
2025-07-23 22:00:00,15.7,13.4972222222222,6.965,2.31611111111111,-0.116111111111111,0,0,0,0,0
2025-07-23 23:00:00,15.6288888888889,14.0022222222222,7.19222222222222,2.28888888888889,-0.116111111111111,0,0,0,0,0
2025-07-24 00:00:00,14.9122222222222,13.3527777777778,7.31777777777778,2.31611111111111,-0.0877777777777785,0,0,0,0,0
2025-07-24 01:00:00,16.5577777777778,13.9777777777778,7.54388888888889,2.31611111111111,-0.116111111111111,0,0,0,0,0
2025-07-24 02:00:00,16.5577777777778,13.1611111111111,7.67,2.34277777777778,-0.116111111111111,0,0,0,0,0
2025-07-24 03:00:00,15.1027777777778,12.6061111111111,7.72,2.37,-0.0877777777777785,0,0,0,0,0
2025-07-24 04:00:00,13.1372222222222,11.2727777777778,7.61888888888889,2.39611111111111,-0.0877777777777785,0,0,0,0,0
2025-07-24 05:00:00,12.025,9.92777777777778,7.46888888888889,2.42277777777778,-0.0877777777777785,0,0,0,0,0
2025-07-24 06:00:00,10.0511111111111,9.11388888888889,7.31777777777778,2.47722222222222,-0.0600000000000003,0,0,0,0,0
2025-07-24 07:00:00,7.36777777777778,7.945,7.06611111111111,2.50277777777778,-0.0322222222222221,0,0,0,0,0
2025-07-24 08:00:00,6.43277777777778,7.41888888888889,6.86388888888889,2.50277777777778,-0.0322222222222221,0,0,0,0,0
2025-07-24 09:00:00,5.36,6.94,6.63611111111111,2.53,-0.0322222222222221,0,0,0,0,0
2025-07-24 10:00:00,5.565,6.63611111111111,6.43277777777778,2.53,-0.0322222222222221,0,0,0,0,0
2025-07-24 11:00:00,4.61,6.17888888888889,6.20388888888889,2.53,-0.0322222222222221,0,0,0,0,0
2025-07-24 12:00:00,4.66222222222222,6,6,2.53,-0.0322222222222221,0,0,0,0,0
2025-07-24 13:00:00,4.94722222222222,6.02611111111111,5.82111111111111,2.50277777777778,-0.0322222222222221,0,0,0,0,0
2025-07-24 14:00:00,4.16777777777778,5.77,5.66777777777778,2.47722222222222,-0.00388888888888969,0,0,0,0,0
2025-07-24 15:00:00,4.40222222222222,6.17888888888889,5.53888888888889,2.45,-0.0322222222222221,0,0,0,0,0
2025-07-24 16:00:00,5.05,6.535,5.46222222222222,2.39611111111111,-0.0322222222222221,0,0,0,0,0
2025-07-24 17:00:00,5.71888888888889,7.26777777777778,5.43722222222222,2.37,-0.0322222222222221,0,0,0,0,0
2025-07-24 18:00:00,6.12777777777778,7.56888888888889,5.41111111111111,2.31611111111111,-0.0322222222222221,0,0,0,0,0
2025-07-24 19:00:00,7.14222222222222,8.095,5.43722222222222,2.28888888888889,-0.0322222222222221,0,0,0,0,0
2025-07-24 20:00:00,8.61777777777778,9.55777777777778,5.59111111111111,2.28888888888889,-0.0322222222222221,0,0,0,0,0
2025-07-24 21:00:00,8.56777777777778,9.23777777777778,5.61611111111111,2.23611111111111,-0.00388888888888969,0,0,0,0,0
2025-07-24 22:00:00,10.6138888888889,9.92777777777778,5.745,2.20888888888889,-0.0322222222222221,0,0,0,0,0
2025-07-24 23:00:00,13.0638888888889,12.05,6.05111111111111,2.18222222222222,-0.0322222222222221,0,0,0,0,0
2025-07-25 00:00:00,16.915,13.1122222222222,6.33111111111111,2.155,-0.0322222222222221,1,0,0,0,0
2025-07-25 01:00:00,16.4872222222222,12.92,6.56,2.155,-0.0322222222222221,0,0,0,0,0
2025-07-25 02:00:00,15.4611111111111,11.6622222222222,6.71222222222222,2.155,-0.0322222222222221,0,0,0,0,0
2025-07-25 03:00:00,14.3611111111111,10.59,6.73722222222222,2.155,-0.00388888888888969,0,0,0,0,0
2025-07-25 04:00:00,13.04,9.33611111111111,6.71222222222222,2.18222222222222,-0.00388888888888969,0,0,0,0,0
2025-07-25 05:00:00,11.0777777777778,8.44388888888889,6.63611111111111,2.20888888888889,-0.00388888888888969,0,0,0,0,0
2025-07-25 06:00:00,9.28722222222222,7.745,6.45777777777778,2.23611111111111,0.0238888888888885,0,0,0,0,0
2025-07-25 07:00:00,6.76277777777778,6.33111111111111,6.15277777777778,2.26222222222222,0.0238888888888885,0,0,0,0,0
2025-07-25 08:00:00,4.94722222222222,5.25722222222222,5.84722222222222,2.26222222222222,0.0238888888888885,0,0,0,0,0
2025-07-25 09:00:00,3.45888888888889,4.42777777777778,5.53888888888889,2.26222222222222,0.0511111111111104,0,0,0,0,0
2025-07-25 10:00:00,2.53,3.80111111111111,5.205,2.26222222222222,0.0788888888888906,0,0,0,0,0
2025-07-25 11:00:00,1.94,3.38,4.92111111111111,2.26222222222222,0.0788888888888906,0,0,0,0,0
2025-07-25 12:00:00,1.96722222222222,3.22111111111111,4.68777777777778,2.23611111111111,0.0788888888888906,0,0,0,0,0
2025-07-25 13:00:00,2.34277777777778,3.72222222222222,4.55777777777778,2.20888888888889,0.0788888888888906,0,0,0,0,0
2025-07-25 14:00:00,2.79722222222222,4.06277777777778,4.45388888888889,2.155,0.0788888888888906,0,0,0,0,0
2025-07-25 15:00:00,4.32388888888889,4.45388888888889,4.40222222222222,2.12777777777778,0.0511111111111104,0,0,0,0,0
2025-07-25 16:00:00,6.94,5.05,4.42777777777778,2.07388888888889,0.0511111111111104,0,0,0,0,0
2025-07-25 17:00:00,8.51888888888889,6.48388888888889,4.61,2.02111111111111,0.0511111111111104,0,0,0,0,0
2025-07-25 18:00:00,10.6138888888889,8.39388888888889,4.84388888888889,1.99388888888889,0.0511111111111104,0,0,0,0,0
2025-07-25 19:00:00,12.7511111111111,9.85388888888889,5.15388888888889,1.94,0.0511111111111104,0,0,0,0,0
2025-07-25 20:00:00,13.3772222222222,10.1,5.385,1.94,0.0511111111111104,0,0,0,0,0
2025-07-25 21:00:00,14.0261111111111,10.4427777777778,5.66777777777778,1.91277777777778,0.0511111111111104,0,0,0,0,0
2025-07-25 22:00:00,14.84,11.3461111111111,5.975,1.88611111111111,0.0511111111111104,0,0,0,0,0
2025-07-25 23:00:00,15.0311111111111,11.9527777777778,6.23,1.88611111111111,0.0511111111111104,0,0,0,0,0
2025-07-26 00:00:00,15.5811111111111,12.485,6.45777777777778,1.88611111111111,0.0511111111111104,0,0,0,0,0
2025-07-26 01:00:00,16.01,12.2677777777778,6.71222222222222,1.88611111111111,0.0511111111111104,0,0,0,0,0
2025-07-26 02:00:00,14.4811111111111,11.54,6.86388888888889,1.91277777777778,0.0511111111111104,0,0,0,0,0
2025-07-26 03:00:00,13.93,10.5411111111111,6.81277777777778,1.94,0.0788888888888906,0,0,0,0,0
2025-07-26 04:00:00,11.6861111111111,9.63222222222222,6.66111111111111,1.96722222222222,0.0788888888888906,0,0,0,0,0
2025-07-26 05:00:00,9.53388888888889,8.36888888888889,6.38222222222222,1.99388888888889,0.0788888888888906,0,0,0,0,0
2025-07-26 06:00:00,6.20388888888889,6.50888888888889,6,2.04722222222222,0.107222222222221,0,0,0,0,0
2025-07-26 07:00:00,5.33388888888889,6.33111111111111,5.82111111111111,2.07388888888889,0.107222222222221,0,0,0,0,0
2025-07-26 08:00:00,4.27222222222222,5.69277777777778,5.59111111111111,2.10111111111111,0.135000000000001,0,0,0,0,0
2025-07-26 09:00:00,3.51222222222222,5.10222222222222,5.33388888888889,2.12777777777778,0.135000000000001,0,0,0,0,0
2025-07-26 10:00:00,3.27388888888889,4.79222222222222,5.12777777777778,2.12777777777778,0.135000000000001,0,0,0,0,0
2025-07-26 11:00:00,3.195,4.55777777777778,4.92111111111111,2.12777777777778,0.135000000000001,0,0,0,0,0
2025-07-26 12:00:00,3.24777777777778,4.37611111111111,4.76611111111111,2.10111111111111,0.135000000000001,0,0,0,0,0
2025-07-26 13:00:00,3.43277777777778,4.42777777777778,4.63611111111111,2.10111111111111,0.135000000000001,0,0,0,0,0
2025-07-26 14:00:00,3.93222222222222,4.79222222222222,4.55777777777778,2.07388888888889,0.162777777777777,0,0,0,0,0
2025-07-26 15:00:00,4.24611111111111,4.97277777777778,4.50611111111111,2.04722222222222,0.135000000000001,0,0,0,0,0
2025-07-26 16:00:00,4.895,5.61611111111111,4.53222222222222,2.02111111111111,0.135000000000001,0,0,0,0,0
2025-07-26 17:00:00,7.31777777777778,7.29277777777778,4.74,1.99388888888889,0.135000000000001,0,0,0,0,0
2025-07-26 18:00:00,7.745,7.82,4.84388888888889,1.96722222222222,0.135000000000001,0,0,0,0,0
2025-07-26 19:00:00,9.11388888888889,8.89111111111111,5.07611111111111,1.94,0.135000000000001,0,0,0,0,0
2025-07-26 20:00:00,9.53388888888889,9.78,5.36,1.91277777777778,0.135000000000001,0,0,0,0,0
2025-07-26 21:00:00,11.2972222222222,10.5161111111111,5.66777777777778,1.88611111111111,0.135000000000001,0,0,0,0,0
2025-07-26 22:00:00,13.185,11.2477777777778,5.975,1.88611111111111,0.135000000000001,0,0,0,0,0
2025-07-26 23:00:00,15.1027777777778,12.5338888888889,6.33111111111111,1.88611111111111,0.135000000000001,0,0,0,0,0
2025-07-27 00:00:00,16.2722222222222,13.2327777777778,6.63611111111111,1.88611111111111,0.135000000000001,0,0,0,0,0
2025-07-27 01:00:00,15.7722222222222,13.04,6.88888888888889,1.91277777777778,0.135000000000001,0,0,0,0,0
2025-07-27 02:00:00,15.7961111111111,12.0011111111111,7.04111111111111,1.94,0.135000000000001,0,0,0,0,0
2025-07-27 03:00:00,14.9361111111111,11.1022222222222,6.99,1.94,0.135000000000001,0,0,0,0,0
2025-07-27 04:00:00,14.3372222222222,10.2961111111111,6.88888888888889,1.99388888888889,0.135000000000001,0,0,0,0,0
2025-07-27 05:00:00,12.9438888888889,9.26222222222222,6.71222222222222,2.02111111111111,0.135000000000001,0,0,0,0,0
2025-07-27 06:00:00,10.8577777777778,8.27,6.48388888888889,2.04722222222222,0.162777777777777,0,0,0,0,0
2025-07-27 07:00:00,8.69277777777778,7.16722222222222,6.20388888888889,2.07388888888889,0.189999999999999,0,0,0,0,0
2025-07-27 08:00:00,6.40777777777778,6.12777777777778,5.89777777777778,2.12777777777778,0.189999999999999,0,0,0,0,0
2025-07-27 09:00:00,3.80111111111111,4.71388888888889,5.46222222222222,2.155,0.189999999999999,0,0,0,0,0
2025-07-27 10:00:00,3.64277777777778,4.16777777777778,5.205,2.155,0.217777777777779,0,0,0,0,0
2025-07-27 11:00:00,3.00888888888889,4.37611111111111,5.05,2.155,0.217777777777779,0,0,0,0,0
2025-07-27 12:00:00,2.95611111111111,3.74888888888889,4.76611111111111,2.155,0.217777777777779,0,0,0,0,0
2025-07-27 13:00:00,4.06277777777778,3.95777777777778,4.63611111111111,2.155,0.217777777777779,0,0,0,0,0
2025-07-27 14:00:00,5.66777777777778,4.53222222222222,4.58388888888889,2.12777777777778,0.189999999999999,0,0,0,0,0
2025-07-27 15:00:00,8.27,5.43722222222222,4.66222222222222,2.10111111111111,0.189999999999999,0,0,0,0,0
2025-07-27 16:00:00,10.1727777777778,6.66111111111111,4.84388888888889,2.07388888888889,0.189999999999999,0,0,0,0,0
2025-07-27 17:00:00,13.5461111111111,8.36888888888889,5.23111111111111,2.04722222222222,0.189999999999999,0,0,0,0,0
2025-07-27 18:00:00,16.4872222222222,11.005,5.745,2.02111111111111,0.189999999999999,0,0,0,0,0
2025-07-27 19:00:00,19.1511111111111,12.9677777777778,6.28111111111111,2.02111111111111,0.189999999999999,0,0,0,0,0
2025-07-27 20:00:00,22.2261111111111,14.2177777777778,6.73722222222222,1.99388888888889,0.189999999999999,0,0,0,0,0
2025-07-27 21:00:00,23.1122222222222,14.9361111111111,7.26777777777778,1.99388888888889,0.189999999999999,0,0,0,0,0
2025-07-27 22:00:00,23.785,16.1288888888889,7.795,2.02111111111111,0.189999999999999,0,0,0,0,0
2025-07-27 23:00:00,25.5977777777778,17.3677777777778,8.34388888888889,2.04722222222222,0.162777777777777,0,0,0,0,0
2025-07-28 00:00:00,27.2838888888889,18.1288888888889,8.79222222222222,2.07388888888889,0.189999999999999,0,0,0,0,0
2025-07-28 01:00:00,24.6772222222222,16.2011111111111,8.84111111111111,2.10111111111111,0.189999999999999,0,0,0,0,0
2025-07-28 02:00:00,26.0122222222222,16.9872222222222,9.28722222222222,2.155,0.189999999999999,0,0,0,0,0
2025-07-28 03:00:00,23.785,15.5088888888889,9.26222222222222,2.23611111111111,0.189999999999999,0,0,0,0,0
2025-07-28 04:00:00,19.77,13.2327777777778,8.81722222222222,2.28888888888889,0.217777777777779,0,0,0,0,0
2025-07-28 05:00:00,19.0077777777778,12.92,8.71722222222222,2.34277777777778,0.217777777777779,0,0,0,0,0
2025-07-28 06:00:00,15.8672222222222,11.3461111111111,8.36888888888889,2.42277777777778,0.24611111111111,0,0,0,0,0
2025-07-28 07:00:00,15.4611111111111,10.9561111111111,8.22,2.47722222222222,0.24611111111111,0,0,0,0,0
2025-07-28 08:00:00,14.96,10.5161111111111,8.07,2.53,0.24611111111111,0,0,0,0,0
2025-07-28 09:00:00,13.6661111111111,9.65722222222222,7.82,2.58388888888889,0.272777777777778,0,0,0,0,0
2025-07-28 10:00:00,13.185,9.82888888888889,7.745,2.61,0.301111111111112,0,0,0,0,0
2025-07-28 11:00:00,13.2572222222222,9.53388888888889,7.59388888888889,2.66388888888889,0.301111111111112,0,0,0,0,0
2025-07-28 12:00:00,14.0738888888889,9.75611111111111,7.54388888888889,2.69,0.328888888888888,0,0,0,0,0
2025-07-28 13:00:00,13.2572222222222,10.1977777777778,7.51888888888889,2.71722222222222,0.328888888888888,0,0,0,0,0
2025-07-28 14:00:00,13.5938888888889,10.2961111111111,7.49388888888889,2.74388888888889,0.35611111111111,0,0,0,0,0
2025-07-28 15:00:00,15.1027777777778,11.3211111111111,7.59388888888889,2.74388888888889,0.35611111111111,0,0,0,0,0
2025-07-28 16:00:00,14.4088888888889,11.37,7.59388888888889,2.77,0.35611111111111,0,0,0,0,0
2025-07-28 17:00:00,15.1511111111111,11.7588888888889,7.695,2.77,0.35611111111111,0,0,0,0,0
2025-07-28 18:00:00,16.5577777777778,13.2327777777778,7.945,2.77,0.35611111111111,0,0,0,0,0
2025-07-28 19:00:00,17.2488888888889,13.69,8.12,2.77,0.35611111111111,0,0,0,0,0
2025-07-28 20:00:00,17.3677777777778,14.0022222222222,8.31888888888889,2.79722222222222,0.38388888888889,0,0,0,0,0
2025-07-28 21:00:00,20.5311111111111,16.1527777777778,8.86611111111111,2.82277777777778,0.38388888888889,0,0,0,0,0
2025-07-28 22:00:00,17.9622222222222,14.4572222222222,8.76722222222222,2.82277777777778,0.38388888888889,0,0,0,0,0
2025-07-28 23:00:00,18.2,15.2227777777778,8.91611111111111,2.85,0.412222222222221,0,0,0,0,0
2025-07-29 00:00:00,15.8911111111111,13.04,8.76722222222222,2.85,0.438888888888888,0,0,0,0,0
2025-07-29 01:00:00,15.9861111111111,12.7988888888889,8.66777777777778,3.24777777777778,0.550000000000001,0,0,0,0,0
2025-07-29 02:00:00,14.9122222222222,11.9288888888889,8.71722222222222,3.16777777777778,0.522222222222221,0,0,0,0,0
2025-07-29 03:00:00,16.4388888888889,12.4372222222222,8.66777777777778,3.14222222222222,0.522222222222221,0,0,0,0,0
2025-07-29 04:00:00,15.3177777777778,12.0738888888889,8.66777777777778,3.14222222222222,0.522222222222221,0,0,0,0,0
2025-07-29 05:00:00,14.9122222222222,11.88,8.66777777777778,3.16777777777778,0.522222222222221,0,0,0,0,0
2025-07-29 06:00:00,14.0977777777778,11.71,8.61777777777778,3.16777777777778,0.550000000000001,0,0,0,0,0
2025-07-29 07:00:00,13.4727777777778,11.3211111111111,8.54277777777778,3.195,0.550000000000001,0,0,0,0,0
2025-07-29 08:00:00,12.9922222222222,10.98,8.46888888888889,3.22111111111111,0.550000000000001,0,0,0,0,0
2025-07-29 09:00:00,12.2922222222222,10.5411111111111,8.36888888888889,3.22111111111111,0.577222222222223,0,0,0,0,0
2025-07-29 10:00:00,11.5888888888889,10.2472222222222,8.27,3.24777777777778,0.577222222222223,0,0,0,0,0
2025-07-29 11:00:00,9.87888888888889,9.55777777777778,8.12,3.27388888888889,0.604999999999999,0,0,0,0,0
2025-07-29 12:00:00,9.65722222222222,9.04,7.945,3.27388888888889,0.604999999999999,0,0,0,0,0
2025-07-29 13:00:00,10.9561111111111,9.015,7.795,3.27388888888889,0.632222222222221,0,0,0,0,0
2025-07-29 14:00:00,11.0777777777778,8.91611111111111,7.645,3.27388888888889,0.632222222222221,0,0,0,0,0
2025-07-29 15:00:00,13.1122222222222,9.28722222222222,7.56888888888889,3.27388888888889,0.632222222222221,0,0,0,0,0
2025-07-29 16:00:00,14.29,9.97722222222222,7.51888888888889,3.24777777777778,0.632222222222221,0,0,0,0,0
2025-07-29 17:00:00,15.27,10.59,7.44388888888889,3.11611111111111,0.604999999999999,0,0,0,0,0
2025-07-29 18:00:00,17.5338888888889,11.6861111111111,7.59388888888889,3.195,0.632222222222221,0,0,0,0,0
2025-07-29 19:00:00,18.2711111111111,12.34,7.795,3.195,0.660000000000001,0,0,0,0,0
2025-07-29 20:00:00,18.5572222222222,12.6061111111111,7.97,3.195,0.660000000000001,0,0,0,0,0
2025-07-29 21:00:00,20.3172222222222,13.2572222222222,8.17,3.195,0.660000000000001,0,0,0,0,0
2025-07-29 22:00:00,19.5788888888889,13.8822222222222,8.39388888888889,3.195,0.660000000000001,0,0,0,0,0
2025-07-29 23:00:00,19.0561111111111,14.6011111111111,8.64277777777778,3.22111111111111,0.660000000000001,0,0,0,0,0
2025-07-30 00:00:00,16.3922222222222,13.04,8.71722222222222,3.22111111111111,0.687222222222223,0,0,0,0,0
2025-07-30 01:00:00,16.225,12.6538888888889,8.79222222222222,3.30111111111111,0.715,0,0,0,0,0
2025-07-30 02:00:00,15.6761111111111,12.92,8.79222222222222,3.30111111111111,0.715,0,0,0,0,0
2025-07-30 03:00:00,14.0738888888889,11.7827777777778,8.86611111111111,3.43277777777778,0.770000000000002,0,0,0,0,0
2025-07-30 04:00:00,11.7588888888889,11.565,8.81722222222222,3.43277777777778,0.742222222222221,0,0,0,0,0
2025-07-30 05:00:00,9.65722222222222,10.9322222222222,8.69277777777778,3.45888888888889,0.770000000000002,0,0,0,0,0
2025-07-30 06:00:00,8.145,10.1,8.54277777777778,3.485,0.797222222222223,0,0,0,0,0
2025-07-30 07:00:00,7.845,9.58277777777778,8.34388888888889,3.51222222222222,0.797222222222223,0,0,0,0,0
2025-07-30 08:00:00,7.61888888888889,9.13888888888889,8.145,3.53777777777778,0.825,0,0,0,0,0
2025-07-30 09:00:00,7.82,8.81722222222222,7.97,3.53777777777778,0.880000000000002,0,0,0,0,0
2025-07-30 10:00:00,8.39388888888889,8.61777777777778,7.77,3.53777777777778,0.907222222222224,0,0,0,0,0
2025-07-30 11:00:00,7.82,8.34388888888889,7.59388888888889,3.53777777777778,0.933888888888887,0,0,0,0,0
2025-07-30 12:00:00,7.09111111111111,8.095,7.44388888888889,3.53777777777778,0.962222222222222,0,0,0,0,0
2025-07-30 13:00:00,6.43277777777778,7.795,7.26777777777778,3.51222222222222,0.962222222222222,0,0,0,0,0
2025-07-30 14:00:00,5.385,7.49388888888889,7.09111111111111,3.485,0.98888888888889,0,0,0,0,0
2025-07-30 15:00:00,5.07611111111111,7.16722222222222,6.91388888888889,3.45888888888889,0.98888888888889,0,0,0,0,0
2025-07-30 16:00:00,4.61,6.86388888888889,6.73722222222222,3.43277777777778,1.01722222222222,0,0,0,0,0
2025-07-30 17:00:00,5.23111111111111,6.78777777777778,6.56,3.38,1.01722222222222,0,0,0,0,0
2025-07-30 18:00:00,5.71888888888889,6.94,6.40777777777778,3.35388888888889,1.01722222222222,0,0,0,0,0
2025-07-30 19:00:00,6.68722222222222,7.54388888888889,6.33111111111111,3.30111111111111,0.98888888888889,0,0,0,0,0
2025-07-30 20:00:00,6.94,7.695,6.28111111111111,3.27388888888889,0.98888888888889,0,0,0,0,0
2025-07-30 21:00:00,8.39388888888889,8.045,6.28111111111111,3.22111111111111,0.98888888888889,0,0,0,0,0
2025-07-30 22:00:00,9.435,8.59277777777778,6.33111111111111,3.16777777777778,0.962222222222222,0,0,0,0,0
2025-07-30 23:00:00,10.1488888888889,9.21277777777778,6.40777777777778,3.14222222222222,0.962222222222222,0,0,0,0,0
2025-07-31 00:00:00,9.60777777777778,9.18777777777778,6.50888888888889,3.11611111111111,0.962222222222222,0,0,0,0,0
2025-07-31 01:00:00,8.69277777777778,8.965,6.585,3.06277777777778,0.933888888888887,0,0,0,0,0
2025-07-31 02:00:00,8.84111111111111,9.08888888888889,6.63611111111111,3.06277777777778,0.907222222222224,0,0,0,0,0
2025-07-31 03:00:00,9.36111111111111,8.965,6.68722222222222,3.03611111111111,0.880000000000002,0,0,0,0,0
2025-07-31 04:00:00,9.46,8.79222222222222,6.68722222222222,3.00888888888889,0.852222222222222,0,0,0,0,0
2025-07-31 05:00:00,8.81722222222222,8.49388888888889,6.66111111111111,3.00888888888889,0.852222222222222,0,0,0,0,0
2025-07-31 06:00:00,8.66777777777778,8.195,6.61111111111111,3.00888888888889,0.852222222222222,0,0,0,0,0
2025-07-31 07:00:00,8.245,7.895,6.56,3.00888888888889,0.852222222222222,0,0,0,0,0
2025-07-31 08:00:00,7.46888888888889,7.61888888888889,6.48388888888889,3.00888888888889,0.852222222222222,0,0,0,0,0
2025-07-31 09:00:00,6.86388888888889,7.29277777777778,6.38222222222222,3.00888888888889,0.852222222222222,0,0,0,0,0
2025-07-31 10:00:00,6.91388888888889,7.04111111111111,6.255,2.98277777777778,0.852222222222222,0,0,0,0,0
2025-07-31 11:00:00,6.99,6.86388888888889,6.15277777777778,2.95611111111111,0.852222222222222,0,0,0,0,0
2025-07-31 12:00:00,6.99,6.73722222222222,6.05111111111111,2.95611111111111,0.852222222222222,0,0,0,0,0
2025-07-31 13:00:00,7.21722222222222,6.66111111111111,5.94888888888889,2.93,0.852222222222222,0,0,0,0,0
2025-07-31 14:00:00,7.34277777777778,6.63611111111111,5.87222222222222,2.90277777777778,0.852222222222222,0,0,0,0,0
2025-07-31 15:00:00,8.49388888888889,6.43277777777778,5.79611111111111,2.90277777777778,0.852222222222222,0,0,0,0,0
2025-07-31 16:00:00,10.2961111111111,6.56,5.71888888888889,2.85,0.852222222222222,0,0,0,0,0
2025-07-31 17:00:00,12.1222222222222,7.04111111111111,5.71888888888889,2.85,0.852222222222222,0,0,0,0,0
2025-07-31 18:00:00,14.29,7.92,5.77,2.82277777777778,0.852222222222222,0,0,0,0,0
2025-07-31 19:00:00,16.1288888888889,8.89111111111111,5.89777777777778,2.79722222222222,0.825,0,0,0,0,0
2025-07-31 20:00:00,17.1527777777778,9.82888888888889,6.10222222222222,2.77,0.825,0,0,0,0,0
2025-07-31 21:00:00,18.6038888888889,10.4427777777778,6.35722222222222,2.74388888888889,0.825,0,0,0,0,0
2025-07-31 22:00:00,19.9838888888889,11.3211111111111,6.66111111111111,2.74388888888889,0.825,0,0,0,0,0
2025-07-31 23:00:00,19.8411111111111,12.0738888888889,6.965,2.74388888888889,0.825,0,0,0,0,0
2025-08-01 00:00:00,21.0077777777778,12.7511111111111,7.24222222222222,2.74388888888889,0.797222222222223,0,0,0,0,0
2025-08-01 01:00:00,21.3661111111111,12.775,7.51888888888889,2.77,0.797222222222223,0,0,0,0,0
2025-08-01 02:00:00,22.5372222222222,12.4372222222222,7.77,2.79722222222222,0.797222222222223,0,0,0,0,0
2025-08-01 03:00:00,22.1061111111111,12.0977777777778,7.945,2.85,0.797222222222223,0,0,0,0,0
2025-08-01 04:00:00,20.6977777777778,11.4922222222222,8.02,2.87722222222222,0.825,0,0,0,0,0
2025-08-01 05:00:00,19.3177777777778,10.81,8.02,2.93,0.852222222222222,0,0,0,0,0
2025-08-01 06:00:00,15.6761111111111,9.90277777777778,7.97,3.00888888888889,0.852222222222222,0,0,0,0,0
2025-08-01 07:00:00,11.2727777777778,9.015,7.82,3.06277777777778,0.880000000000002,0,0,0,0,0
2025-08-01 08:00:00,8.94111111111111,8.195,7.61888888888889,3.11611111111111,0.907222222222224,0,0,0,0,0
2025-08-01 09:00:00,6.61111111111111,7.26777777777778,7.39277777777778,3.14222222222222,0.933888888888887,0,0,0,0,0
2025-08-01 10:00:00,4.08888888888889,6.07722222222222,7.09111111111111,3.195,0.962222222222222,0,0,0,0,0
2025-08-01 11:00:00,3.95777777777778,5.30777777777778,6.76277777777778,3.195,0.962222222222222,0,0,0,0,0
2025-08-01 12:00:00,3.69611111111111,4.66222222222222,6.40777777777778,3.22111111111111,0.98888888888889,0,0,0,0,0
2025-08-01 13:00:00,5.28222222222222,4.84388888888889,6.15277777777778,3.195,0.98888888888889,0,0,0,0,0
2025-08-01 14:00:00,7.67,5.43722222222222,5.94888888888889,3.16777777777778,0.98888888888889,0,0,0,0,0
2025-08-01 15:00:00,11.9527777777778,6.20388888888889,5.84722222222222,3.14222222222222,0.98888888888889,0,0,0,0,0
2025-08-01 16:00:00,16.01,7.44388888888889,5.84722222222222,3.11611111111111,0.98888888888889,0,0,0,0,0
2025-08-01 17:00:00,19.6027777777778,9.50888888888889,6,3.08888888888889,0.98888888888889,0,0,0,0,0
2025-08-01 18:00:00,21.1027777777778,10.9561111111111,6.20388888888889,3.03611111111111,0.98888888888889,0,0,0,0,0
2025-08-01 19:00:00,23.2077777777778,11.9527777777778,6.50888888888889,3.00888888888889,1.01722222222222,0,0,0,0,0
2025-08-01 20:00:00,24.1461111111111,12.775,6.81277777777778,2.98277777777778,0.98888888888889,0,0,0,0,0
2025-08-01 21:00:00,24.5077777777778,13.6422222222222,7.19222222222222,2.95611111111111,0.962222222222222,0,0,0,0,0
2025-08-01 22:00:00,25.2577777777778,14.745,7.56888888888889,2.95611111111111,0.962222222222222,0,0,0,0,0
2025-08-01 23:00:00,25.3311111111111,15.7477777777778,7.97,2.95611111111111,0.962222222222222,0,0,0,0,0
2025-08-02 00:00:00,25.5738888888889,16.3922222222222,8.31888888888889,2.98277777777778,0.962222222222222,0,0,0,0,0
2025-08-02 01:00:00,24.5077777777778,16.1288888888889,8.61777777777778,3.00888888888889,0.962222222222222,0,0,0,0,0
2025-08-02 02:00:00,25.1861111111111,15.4611111111111,8.86611111111111,3.06277777777778,0.962222222222222,0,0,0,0,0
2025-08-02 03:00:00,24.75,14.6488888888889,9.015,3.11611111111111,0.962222222222222,0,0,0,0,0
2025-08-02 04:00:00,22.9438888888889,13.6661111111111,9.06388888888889,3.16777777777778,0.98888888888889,0,0,0,0,0
2025-08-02 05:00:00,19.27,12.775,9.015,3.24777777777778,1.01722222222222,0,0,0,0,0
2025-08-02 06:00:00,16.5822222222222,11.7338888888889,8.89111111111111,3.32722222222222,1.01722222222222,0,0,0,0,0
2025-08-02 07:00:00,13.2088888888889,10.5161111111111,8.69277777777778,3.38,1.04388888888889,0,0,0,0,0
2025-08-02 08:00:00,10.4427777777778,8.295,8.36888888888889,3.43277777777778,1.07111111111111,0,0,0,0,0
2025-08-02 09:00:00,7.49388888888889,7.24222222222222,8.07,3.485,1.12611111111111,0,0,0,0,0
2025-08-02 10:00:00,7.59388888888889,6.83888888888889,7.745,3.51222222222222,1.12611111111111,0,0,0,0,0
2025-08-02 11:00:00,5.66777777777778,6.15277777777778,7.44388888888889,3.53777777777778,1.18,0,0,0,0,0
2025-08-02 12:00:00,4.79222222222222,5.48777777777778,7.11611111111111,3.56388888888889,1.18,0,0,0,0,0
2025-08-02 13:00:00,6.88888888888889,6.05111111111111,6.91388888888889,3.53777777777778,1.18,0,0,0,0,0
2025-08-02 14:00:00,8.86611111111111,6.63611111111111,6.73722222222222,3.53777777777778,1.18,0,0,0,0,0
2025-08-02 15:00:00,12.195,7.46888888888889,6.68722222222222,3.51222222222222,1.20777777777778,0,0,0,0,0
2025-08-02 16:00:00,15.175,8.66777777777778,6.68722222222222,3.485,1.20777777777778,0,0,0,0,0
2025-08-02 17:00:00,18.9372222222222,10.3938888888889,6.83888888888889,3.45888888888889,1.20777777777778,0,0,0,0,0
2025-08-02 18:00:00,21.5088888888889,12.0738888888889,7.06611111111111,3.43277777777778,1.20777777777778,0,0,0,0,0
2025-08-02 19:00:00,24.315,13.4011111111111,7.34277777777778,3.40611111111111,1.20777777777778,0,0,0,0,0
2025-08-02 20:00:00,25.55,14.3611111111111,7.67,3.38,1.20777777777778,0,0,0,0,0
2025-08-02 21:00:00,25.1622222222222,15.1027777777778,8.02,3.35388888888889,1.20777777777778,0,0,0,0,0
2025-08-02 22:00:00,27.0872222222222,16.1527777777778,8.41888888888889,3.35388888888889,1.20777777777778,0,0,0,0,0
2025-08-02 23:00:00,27.0138888888889,17.415,8.86611111111111,3.35388888888889,1.18,0,0,0,0,0
2025-08-03 00:00:00,26.7438888888889,17.7477777777778,9.21277777777778,3.35388888888889,1.18,0,0,0,0,0
2025-08-03 01:00:00,26.5488888888889,16.2011111111111,9.36111111111111,3.38,1.18,0,0,0,0,0
2025-08-03 02:00:00,26.8672222222222,16.1288888888889,9.87888888888889,3.43277777777778,1.18,0,0,0,0,0
2025-08-03 03:00:00,21.6522222222222,13.9061111111111,9.68222222222222,3.485,1.20777777777778,1,0,0,0,0
2025-08-03 04:00:00,25.7438888888889,13.9777777777778,9.805,3.53777777777778,1.20777777777778,0,0,0,0,0
2025-08-03 05:00:00,23.28,12.7027777777778,9.60777777777778,3.59111111111111,1.20777777777778,0,0,0,0,0
2025-08-03 06:00:00,18.1288888888889,11.2,9.28722222222222,3.67,1.235,1,0,0,0,0
2025-08-03 07:00:00,17.32,11.1022222222222,9.18777777777778,3.72222222222222,1.28888888888889,0,0,0,0,0
2025-08-03 08:00:00,12.6777777777778,9.63222222222222,8.84111111111111,3.775,1.31722222222222,0,0,0,0,0
2025-08-03 09:00:00,10.6872222222222,9.31222222222222,8.64277777777778,3.80111111111111,1.31722222222222,0,0,0,0,0
2025-08-03 10:00:00,8.86611111111111,8.56777777777778,8.36888888888889,3.85388888888889,1.34388888888889,0,0,0,0,0
2025-08-03 11:00:00,9.78,8.31888888888889,8.145,3.88,1.39777777777778,0,0,0,0,0
2025-08-03 12:00:00,8.045,7.895,7.92,3.88,1.39777777777778,0,0,0,0,0
2025-08-03 13:00:00,9.75611111111111,7.97,7.745,3.88,1.39777777777778,0,0,0,0,0
2025-08-03 14:00:00,10.1727777777778,8.295,7.645,3.88,1.425,0,0,0,0,0
2025-08-03 15:00:00,13.04,8.86611111111111,7.61888888888889,3.85388888888889,1.425,0,0,0,0,0
2025-08-03 16:00:00,14.9838888888889,9.85388888888889,7.695,3.85388888888889,1.425,0,0,0,0,0
2025-08-03 17:00:00,20.4838888888889,12.2188888888889,7.995,3.82722222222222,1.45277777777778,1,0,0,0,0
2025-08-03 18:00:00,21.6522222222222,13.4972222222222,8.31888888888889,3.80111111111111,1.45277777777778,0,0,0,0,0
2025-08-03 19:00:00,22.2738888888889,14.6972222222222,8.64277777777778,3.775,1.45277777777778,0,0,0,0,0
2025-08-03 20:00:00,22.8477777777778,15.0311111111111,8.91611111111111,3.775,1.45277777777778,0,0,0,0,0
2025-08-03 21:00:00,23.5211111111111,15.915,9.31222222222222,3.775,1.425,0,0,0,0,0
2025-08-03 22:00:00,22.7761111111111,16.32,9.63222222222222,3.74888888888889,1.425,0,0,0,0,0
2025-08-03 23:00:00,23.4,16.3922222222222,9.805,3.775,1.425,0,0,0,0,0
2025-08-04 00:00:00,21.7477777777778,15.605,9.87888888888889,3.775,1.425,0,0,0,0,0
2025-08-04 01:00:00,21.6038888888889,15.7477777777778,10.1,3.80111111111111,1.425,0,0,0,0,0
2025-08-04 02:00:00,23.6888888888889,16.0338888888889,10.2961111111111,3.82722222222222,1.425,0,0,0,0,0
2025-08-04 03:00:00,18.9372222222222,14.4811111111111,10.0511111111111,3.88,1.45277777777778,0,0,0,0,0
2025-08-04 04:00:00,17.2011111111111,13.9538888888889,9.90277777777778,3.93222222222222,1.45277777777778,0,0,0,0,0
2025-08-04 05:00:00,17.7011111111111,13.7377777777778,9.85388888888889,3.95777777777778,1.48,0,0,0,0,0
2025-08-04 06:00:00,16.4627777777778,12.9438888888889,9.73111111111111,4.01111111111111,1.50722222222222,0,0,0,0,0
2025-08-04 07:00:00,15.0077777777778,12.8227777777778,9.53388888888889,4.29777777777778,1.69722222222222,0,0,0,0,0
2025-08-04 08:00:00,15.39,12.775,9.33611111111111,4.24611111111111,1.615,0,0,0,0,0
2025-08-04 09:00:00,15.2472222222222,12.5822222222222,9.28722222222222,4.22,1.615,0,0,0,0,0
2025-08-04 10:00:00,14.8877777777778,12.3638888888889,9.21277777777778,4.22,1.615,0,0,0,0,0
2025-08-04 11:00:00,13.7138888888889,11.7588888888889,9.11388888888889,4.22,1.615,0,0,0,0,0
2025-08-04 12:00:00,14.05,11.88,9.04,4.22,1.64277777777778,0,0,0,0,0
2025-08-04 13:00:00,13.7861111111111,11.7338888888889,8.99,4.24611111111111,1.67,0,0,0,0,0
2025-08-04 14:00:00,13.4011111111111,11.7338888888889,8.91611111111111,4.27222222222222,1.67,0,0,0,0,0
2025-08-04 15:00:00,11.9772222222222,11.0288888888889,8.84111111111111,4.42777777777778,1.77777777777778,0,0,0,0,0
2025-08-04 16:00:00,8.02,9.78,8.76722222222222,4.63611111111111,1.88611111111111,0,0,0,0,0
2025-08-04 17:00:00,6.17888888888889,8.74222222222222,8.56777777777778,4.53222222222222,1.85888888888889,0,0,0,0,0
2025-08-04 18:00:00,4.14111111111111,8.22,8.295,4.45388888888889,1.83222222222222,0,0,0,0,0
2025-08-04 19:00:00,3.485,7.92,8.02,4.40222222222222,1.83222222222222,0,0,0,0,0
2025-08-04 20:00:00,3.775,7.77,7.745,4.35,1.83222222222222,0,0,0,0,0
2025-08-04 21:00:00,3.95777777777778,7.72,7.54388888888889,4.29777777777778,1.805,0,0,0,0,0
2025-08-04 22:00:00,5.05,8.045,7.36777777777778,4.24611111111111,1.805,0,0,0,0,0
2025-08-04 23:00:00,5.12777777777778,8.12,7.24222222222222,4.19388888888889,1.805,0,0,0,0,0
2025-08-05 00:00:00,5.41111111111111,7.845,7.14222222222222,4.14111111111111,1.805,0,0,0,0,0
2025-08-05 01:00:00,5.41111111111111,7.695,7.015,4.06277777777778,1.77777777777778,0,0,0,0,0
2025-08-05 02:00:00,5.61611111111111,7.39277777777778,6.91388888888889,4.03722222222222,1.77777777777778,0,0,0,0,0
2025-08-05 03:00:00,5.48777777777778,6.965,6.78777777777778,3.985,1.77777777777778,0,0,0,0,0
2025-08-05 04:00:00,4.81777777777778,6.585,6.63611111111111,3.93222222222222,1.77777777777778,0,0,0,0,0
2025-08-05 05:00:00,4.35,6.12777777777778,6.48388888888889,3.93222222222222,1.77777777777778,0,0,0,0,0
2025-08-05 06:00:00,4.08888888888889,5.77,6.33111111111111,3.85388888888889,1.75111111111111,0,0,0,0,0
2025-08-05 07:00:00,3.82722222222222,5.43722222222222,6.15277777777778,3.80111111111111,1.77777777777778,0,0,0,0,0
2025-08-05 08:00:00,3.27388888888889,5.07611111111111,5.975,3.74888888888889,1.75111111111111,0,0,0,0,0
2025-08-05 09:00:00,2.85,4.84388888888889,5.79611111111111,3.69611111111111,1.72388888888889,0,0,0,0,0
2025-08-05 10:00:00,2.42277777777778,4.68777777777778,5.61611111111111,3.64277777777778,1.72388888888889,0,0,0,0,0
2025-08-05 11:00:00,1.83222222222222,4.29777777777778,5.43722222222222,3.59111111111111,1.72388888888889,0,0,0,0,0
2025-08-05 12:00:00,1.12611111111111,3.90611111111111,5.23111111111111,3.56388888888889,1.69722222222222,0,0,0,0,0
2025-08-05 13:00:00,0.107222222222221,3.45888888888889,5.05,3.485,1.69722222222222,0,0,0,0,0
2025-08-05 14:00:00,1.07111111111111,3.00888888888889,4.84388888888889,3.43277777777778,1.67,0,0,0,0,0
2025-08-05 15:00:00,1.45277777777778,3.32722222222222,4.71388888888889,3.35388888888889,1.64277777777778,0,0,0,0,0
2025-08-05 16:00:00,1.75111111111111,4.27222222222222,4.63611111111111,3.27388888888889,1.615,0,0,0,0,0
2025-08-05 17:00:00,4.08888888888889,5.385,4.61,3.22111111111111,1.56111111111111,0,0,0,0,0
2025-08-05 18:00:00,4.19388888888889,6.15277777777778,4.63611111111111,3.16777777777778,1.56111111111111,0,0,0,0,0
2025-08-05 19:00:00,6.17888888888889,7.36777777777778,4.76611111111111,3.08888888888889,1.53388888888889,0,0,0,0,0
2025-08-05 20:00:00,6.50888888888889,7.895,4.895,3.00888888888889,1.50722222222222,0,0,0,0,0
2025-08-05 21:00:00,8.64277777777778,8.71722222222222,5.07611111111111,2.98277777777778,1.48,0,0,0,0,0
2025-08-05 22:00:00,8.54277777777778,9.015,5.25722222222222,2.93,1.45277777777778,0,0,0,0,0
2025-08-05 23:00:00,9.485,9.85388888888889,5.46222222222222,2.93,1.45277777777778,0,0,0,0,0
2025-08-06 00:00:00,9.58277777777778,9.85388888888889,5.61611111111111,2.87722222222222,1.39777777777778,0,0,0,0,0
2025-08-06 01:00:00,9.70611111111111,9.68222222222222,5.77,2.85,1.39777777777778,0,0,0,0,0
2025-08-06 02:00:00,9.92777777777778,9.33611111111111,5.87222222222222,2.85,1.39777777777778,0,0,0,0,0
2025-08-06 03:00:00,8.965,8.27,5.84722222222222,2.87722222222222,1.37111111111111,0,0,0,0,0
2025-08-06 04:00:00,8.71722222222222,7.845,5.87222222222222,2.85,1.34388888888889,0,0,0,0,0
2025-08-06 05:00:00,5.745,6.585,5.71888888888889,2.85,1.34388888888889,0,0,0,0,0
2025-08-06 06:00:00,4.63611111111111,6.07722222222222,5.59111111111111,2.85,1.34388888888889,0,0,0,0,0
2025-08-06 07:00:00,3.38,5.30777777777778,5.41111111111111,2.87722222222222,1.34388888888889,0,0,0,0,0
2025-08-06 08:00:00,3.32722222222222,5.05,5.25722222222222,2.87722222222222,1.34388888888889,0,0,0,0,0
2025-08-06 09:00:00,2.79722222222222,4.74,5.07611111111111,2.87722222222222,1.34388888888889,0,0,0,0,0
2025-08-06 10:00:00,2.39611111111111,4.35,4.92111111111111,2.85,1.34388888888889,0,0,0,0,0
2025-08-06 11:00:00,2.12777777777778,4.01111111111111,4.76611111111111,2.85,1.34388888888889,0,0,0,0,0
2025-08-06 12:00:00,2.26222222222222,3.95777777777778,4.61,2.85,1.34388888888889,0,0,0,0,0
2025-08-06 13:00:00,1.91277777777778,3.985,4.50611111111111,2.79722222222222,1.31722222222222,0,0,0,0,0
2025-08-06 14:00:00,2.04722222222222,3.985,4.37611111111111,2.77,1.34388888888889,0,0,0,0,0
2025-08-06 15:00:00,2.58388888888889,4.35,4.32388888888889,2.74388888888889,1.31722222222222,0,0,0,0,0
2025-08-06 16:00:00,3.14222222222222,5.02388888888889,4.32388888888889,2.71722222222222,1.31722222222222,0,0,0,0,0
2025-08-06 17:00:00,3.40611111111111,5.385,4.29777777777778,2.69,1.28888888888889,0,0,0,0,0
2025-08-06 18:00:00,3.53777777777778,5.565,4.35,2.63722222222222,1.28888888888889,0,0,0,0,0
2025-08-06 19:00:00,4.37611111111111,6.20388888888889,4.42777777777778,2.61,1.28888888888889,0,0,0,0,0
2025-08-06 20:00:00,4.76611111111111,6.43277777777778,4.50611111111111,2.58388888888889,1.26222222222222,0,0,0,0,0
2025-08-06 21:00:00,4.84388888888889,6.02611111111111,4.50611111111111,2.55722222222222,1.26222222222222,0,0,0,0,0
2025-08-06 22:00:00,4.74,6.02611111111111,4.53222222222222,2.53,1.235,0,0,0,0,0
2025-08-06 23:00:00,4.53222222222222,5.92388888888889,4.53222222222222,2.50277777777778,1.235,0,0,0,0,0
2025-08-07 00:00:00,4.63611111111111,5.87222222222222,4.55777777777778,2.47722222222222,1.235,0,0,0,0,0
2025-08-07 01:00:00,4.66222222222222,5.66777777777778,4.53222222222222,2.47722222222222,1.20777777777778,0,0,0,0,0
2025-08-07 02:00:00,4.03722222222222,5.28222222222222,4.45388888888889,2.45,1.20777777777778,0,0,0,0,0
2025-08-07 03:00:00,3.16777777777778,4.71388888888889,4.35,2.42277777777778,1.20777777777778,0,0,0,0,0
2025-08-07 04:00:00,2.93,4.37611111111111,4.27222222222222,2.42277777777778,1.18,0,0,0,0,0
2025-08-07 05:00:00,2.87722222222222,4.115,4.16777777777778,2.42277777777778,1.18,0,0,0,0,0
2025-08-07 06:00:00,1.99388888888889,3.72222222222222,4.03722222222222,2.39611111111111,1.18,0,0,0,0,0
2025-08-07 07:00:00,1.12611111111111,3.03611111111111,3.82722222222222,2.39611111111111,1.18,0,0,0,0,0
2025-08-07 08:00:00,0.660000000000001,2.61,3.67,2.37,1.18,0,0,0,0,0
2025-08-07 09:00:00,0.107222222222221,2.10111111111111,3.485,2.34277777777778,1.18,0,0,0,0,0
2025-08-07 10:00:00,-0.0877777777777785,1.91277777777778,3.32722222222222,2.31611111111111,1.15277777777778,0,0,0,0,0
2025-08-07 11:00:00,-0.171111111111111,1.615,3.16777777777778,2.28888888888889,1.15277777777778,0,0,0,0,0
2025-08-07 12:00:00,-0.227222222222222,1.64277777777778,3.03611111111111,2.26222222222222,1.12611111111111,0,0,0,0,0
2025-08-07 13:00:00,-0.198888888888889,1.56111111111111,2.93,2.20888888888889,1.12611111111111,0,0,0,0,0
2025-08-07 14:00:00,-0.198888888888889,1.64277777777778,2.82277777777778,2.18222222222222,1.12611111111111,0,0,0,0,0
2025-08-07 15:00:00,-0.0322222222222221,1.805,2.74388888888889,2.155,1.09888888888889,0,0,0,0,0
2025-08-07 16:00:00,0.35611111111111,2.37,2.77,2.10111111111111,1.09888888888889,0,0,0,0,0
2025-08-07 17:00:00,0.38388888888889,2.90277777777778,2.77,2.04722222222222,1.07111111111111,0,0,0,0,0
2025-08-07 18:00:00,2.04722222222222,3.88,2.90277777777778,2.02111111111111,1.04388888888889,0,0,0,0,0
2025-08-07 19:00:00,5.25722222222222,5.61611111111111,3.22111111111111,1.96722222222222,1.01722222222222,0,0,0,0,0
2025-08-07 20:00:00,6.66111111111111,5.92388888888889,3.38,1.91277777777778,0.98888888888889,0,0,0,0,0
2025-08-07 21:00:00,8.17,6.28111111111111,3.64277777777778,1.88611111111111,0.98888888888889,0,0,0,0,0
2025-08-07 22:00:00,9.46,7.39277777777778,3.93222222222222,1.85888888888889,0.962222222222222,0,0,0,0,0
2025-08-07 23:00:00,10.32,8.07,4.16777777777778,1.83222222222222,0.962222222222222,0,0,0,0,0
2025-08-08 00:00:00,10.345,8.17,4.35,1.83222222222222,0.933888888888887,0,0,0,0,0
2025-08-08 01:00:00,10.1977777777778,7.61888888888889,4.48,1.83222222222222,0.907222222222224,0,0,0,0,0
2025-08-08 02:00:00,9.41,6.63611111111111,4.53222222222222,1.83222222222222,0.907222222222224,0,0,0,0,0
2025-08-08 03:00:00,9.04,6.05111111111111,4.45388888888889,1.83222222222222,0.907222222222224,0,0,0,0,0
2025-08-08 04:00:00,7.36777777777778,5.10222222222222,4.27222222222222,1.85888888888889,0.907222222222224,0,0,0,0,0
2025-08-08 05:00:00,6.17888888888889,4.22,4.08888888888889,1.88611111111111,0.907222222222224,0,0,0,0,0
2025-08-08 06:00:00,4.35,3.35388888888889,3.85388888888889,1.88611111111111,0.907222222222224,0,0,0,0,0
2025-08-08 07:00:00,2.47722222222222,2.58388888888889,3.59111111111111,1.91277777777778,0.907222222222224,0,0,0,0,0
2025-08-08 08:00:00,-0.198888888888889,1.45277777777778,3.24777777777778,1.91277777777778,0.907222222222224,0,0,0,0,0
2025-08-08 09:00:00,-0.845000000000001,0.825,2.93,1.94,0.933888888888887,0,0,0,0,0
2025-08-08 10:00:00,-1.27,0.522222222222221,2.63722222222222,1.91277777777778,0.933888888888887,0,0,0,0,0
2025-08-08 11:00:00,-1.24222222222222,0.522222222222221,2.53,1.88611111111111,0.907222222222224,0,0,0,0,0
2025-08-08 12:00:00,-0.62,0.522222222222221,2.37,1.85888888888889,0.907222222222224,0,0,0,0,0
2025-08-08 13:00:00,-0.62,0.577222222222223,2.28888888888889,1.83222222222222,0.907222222222224,0,0,0,0,0
2025-08-08 14:00:00,1.85888888888889,0.880000000000002,2.34277777777778,1.805,0.907222222222224,0,0,0,0,0
2025-08-08 15:00:00,3.51222222222222,1.67,2.39611111111111,1.77777777777778,0.880000000000002,0,0,0,0,0
2025-08-08 16:00:00,5.10222222222222,3.27388888888889,2.55722222222222,1.72388888888889,0.852222222222222,0,0,0,0,0
2025-08-08 17:00:00,6.81277777777778,4.55777777777778,2.77,1.69722222222222,0.852222222222222,0,0,0,0,0
2025-08-08 18:00:00,6.99,6.17888888888889,3.08888888888889,1.67,0.852222222222222,0,0,0,0,0
2025-08-08 19:00:00,8.12,6.48388888888889,3.27388888888889,1.64277777777778,0.852222222222222,0,0,0,0,0
2025-08-08 20:00:00,9.21277777777778,7.895,3.69611111111111,1.615,0.825,0,0,0,0,0
2025-08-08 21:00:00,13.4011111111111,9.68222222222222,4.27222222222222,1.615,0.797222222222223,0,0,0,0,0
2025-08-08 22:00:00,13.7622222222222,11.2477777777778,4.76611111111111,1.615,0.797222222222223,0,0,0,0,0
2025-08-08 23:00:00,13.0877777777778,9.78,4.74,1.615,0.797222222222223,0,0,0,0,0
2025-08-09 00:00:00,12.5338888888889,9.46,4.895,1.615,0.770000000000002,0,0,0,0,0
2025-08-09 01:00:00,12.8227777777778,9.75611111111111,5.12777777777778,1.64277777777778,0.770000000000002,0,0,0,0,0
2025-08-09 02:00:00,15.5572222222222,11.2727777777778,5.77,1.67,0.742222222222221,0,0,1,0,0
2025-08-09 03:00:00,13.04,9.90277777777778,5.61611111111111,1.69722222222222,0.742222222222221,0,0,0,0,0
2025-08-09 04:00:00,14.1938888888889,9.70611111111111,5.69277777777778,1.72388888888889,0.742222222222221,0,0,0,0,0
2025-08-09 05:00:00,10.7611111111111,7.995,5.41111111111111,1.77777777777778,0.770000000000002,0,0,0,0,0
2025-08-09 06:00:00,8.76722222222222,7.16722222222222,5.25722222222222,1.83222222222222,0.770000000000002,0,0,0,0,0
2025-08-09 07:00:00,7.36777777777778,6.43277777777778,5.10222222222222,1.85888888888889,0.797222222222223,0,0,0,0,0
2025-08-09 08:00:00,5.51388888888889,5.46222222222222,4.895,1.91277777777778,0.797222222222223,0,0,0,0,0
2025-08-09 09:00:00,4.63611111111111,5.05,4.71388888888889,1.94,0.825,0,0,0,0,0
2025-08-09 10:00:00,4.63611111111111,4.79222222222222,4.55777777777778,1.96722222222222,0.825,0,0,0,0,0
2025-08-09 11:00:00,4.24611111111111,4.71388888888889,4.42777777777778,1.99388888888889,0.852222222222222,0,0,0,0,0
2025-08-09 12:00:00,3.93222222222222,4.48,4.27222222222222,1.99388888888889,0.852222222222222,0,0,0,0,0
2025-08-09 13:00:00,3.775,4.29777777777778,4.16777777777778,2.02111111111111,0.880000000000002,0,0,0,0,0
2025-08-09 14:00:00,3.95777777777778,4.37611111111111,4.08888888888889,2.02111111111111,0.880000000000002,0,0,0,0,0
2025-08-09 15:00:00,4.40222222222222,4.92111111111111,4.115,2.02111111111111,0.880000000000002,0,0,0,0,0
2025-08-09 16:00:00,5.12777777777778,5.41111111111111,4.115,2.02111111111111,0.907222222222224,0,0,0,0,0
2025-08-09 17:00:00,6.30611111111111,6.33111111111111,4.24611111111111,2.02111111111111,0.907222222222224,0,0,0,0,0
2025-08-09 18:00:00,6.99,7.09111111111111,4.37611111111111,2.02111111111111,0.907222222222224,0,0,0,0,0
2025-08-09 19:00:00,7.82,7.645,4.55777777777778,2.02111111111111,0.907222222222224,0,0,0,0,0
2025-08-09 20:00:00,7.31777777777778,7.21722222222222,4.58388888888889,2.02111111111111,0.907222222222224,0,0,0,0,0
2025-08-09 21:00:00,8.12,7.795,4.74,2.02111111111111,0.907222222222224,0,0,0,0,0
2025-08-09 22:00:00,9.06388888888889,8.84111111111111,5.02388888888889,2.02111111111111,0.907222222222224,0,0,0,0,0
2025-08-09 23:00:00,9.78,9.73111111111111,5.28222222222222,2.04722222222222,0.907222222222224,0,0,0,0,0
2025-08-10 00:00:00,9.55777777777778,9.06388888888889,5.28222222222222,2.04722222222222,0.907222222222224,0,0,0,0,0
2025-08-10 01:00:00,8.79222222222222,8.095,5.23111111111111,2.04722222222222,0.933888888888887,0,0,0,0,0
2025-08-10 02:00:00,8.59277777777778,7.845,5.23111111111111,2.07388888888889,0.933888888888887,0,0,0,0,0
2025-08-10 03:00:00,7.46888888888889,7.19222222222222,5.15388888888889,2.07388888888889,0.933888888888887,0,0,0,0,0
2025-08-10 04:00:00,7.09111111111111,6.68722222222222,5.07611111111111,2.10111111111111,0.962222222222222,0,0,0,0,0
2025-08-10 05:00:00,6.10222222222222,6.07722222222222,4.92111111111111,2.12777777777778,0.962222222222222,0,0,0,0,0
2025-08-10 06:00:00,5.10222222222222,5.25722222222222,4.74,2.155,0.962222222222222,0,0,0,0,0
2025-08-10 07:00:00,3.775,4.50611111111111,4.53222222222222,2.155,0.98888888888889,0,0,0,0,0
2025-08-10 08:00:00,3.90611111111111,4.37611111111111,4.42777777777778,2.155,0.98888888888889,0,0,0,0,0
2025-08-10 09:00:00,3.485,4.22,4.29777777777778,2.18222222222222,0.98888888888889,0,0,0,0,0
2025-08-10 10:00:00,3.38,4.08888888888889,4.16777777777778,2.18222222222222,0.98888888888889,0,0,0,0,0
2025-08-10 11:00:00,3.00888888888889,3.93222222222222,4.03722222222222,2.18222222222222,1.01722222222222,0,0,0,0,0
2025-08-10 12:00:00,2.93,3.82722222222222,3.93222222222222,2.155,1.01722222222222,0,0,0,0,0
2025-08-10 13:00:00,2.87722222222222,3.80111111111111,3.85388888888889,2.155,1.01722222222222,0,0,0,0,0
2025-08-10 14:00:00,2.74388888888889,3.775,3.74888888888889,2.155,1.01722222222222,0,0,0,0,0
2025-08-10 15:00:00,3.08888888888889,4.06277777777778,3.74888888888889,2.12777777777778,1.01722222222222,0,0,0,0,0
2025-08-10 16:00:00,3.43277777777778,4.35,3.72222222222222,2.10111111111111,1.01722222222222,0,0,0,0,0
2025-08-10 17:00:00,4.01111111111111,5.02388888888889,3.80111111111111,2.10111111111111,1.01722222222222,0,0,0,0,0
2025-08-10 18:00:00,4.08888888888889,5.59111111111111,3.88,2.07388888888889,1.01722222222222,0,0,0,0,0
2025-08-10 19:00:00,4.79222222222222,6.12777777777778,3.985,2.07388888888889,1.01722222222222,0,0,0,0,0
2025-08-10 20:00:00,5.46222222222222,7.06611111111111,4.16777777777778,2.04722222222222,1.01722222222222,0,0,0,0,0
2025-08-10 21:00:00,6.38222222222222,8.17,4.42777777777778,2.04722222222222,1.01722222222222,0,1,0,0,0
2025-08-10 22:00:00,6.535,7.92,4.50611111111111,2.04722222222222,0.98888888888889,0,0,0,0,0
2025-08-10 23:00:00,6.73722222222222,7.97,4.66222222222222,2.04722222222222,0.98888888888889,0,0,0,0,0
2025-08-11 00:00:00,6.43277777777778,7.59388888888889,4.68777777777778,2.04722222222222,0.98888888888889,0,0,0,0,0
2025-08-11 01:00:00,6.535,7.16722222222222,4.71388888888889,2.04722222222222,0.98888888888889,0,0,0,0,0
2025-08-11 02:00:00,6.50888888888889,6.78777777777778,4.68777777777778,2.04722222222222,0.98888888888889,0,0,0,0,0
2025-08-11 03:00:00,6.45777777777778,6.43277777777778,4.66222222222222,2.04722222222222,0.98888888888889,0,0,0,0,0
2025-08-11 04:00:00,6.10222222222222,5.87222222222222,4.55777777777778,2.04722222222222,0.962222222222222,0,0,0,0,0
2025-08-11 05:00:00,5.975,5.64222222222222,4.50611111111111,2.07388888888889,0.98888888888889,0,0,0,0,0
2025-08-11 06:00:00,5.385,5.205,4.40222222222222,2.07388888888889,0.98888888888889,0,0,0,0,0
2025-08-11 07:00:00,4.74,4.74,4.27222222222222,2.07388888888889,0.98888888888889,0,0,0,0,0
2025-08-11 08:00:00,4.37611111111111,4.42777777777778,4.16777777777778,2.07388888888889,0.98888888888889,0,0,0,0,0
2025-08-11 09:00:00,3.56388888888889,4.06277777777778,4.03722222222222,2.10111111111111,0.98888888888889,0,0,0,0,0
2025-08-11 10:00:00,3.38,3.72222222222222,3.90611111111111,2.07388888888889,0.98888888888889,0,0,0,0,0
2025-08-11 11:00:00,3.32722222222222,3.67,3.80111111111111,2.07388888888889,0.98888888888889,0,0,0,0,0
2025-08-11 12:00:00,3.03611111111111,3.35388888888889,3.67,2.07388888888889,1.01722222222222,0,0,0,0,0
2025-08-11 13:00:00,2.47722222222222,2.95611111111111,3.53777777777778,2.04722222222222,1.01722222222222,0,0,0,0,0
2025-08-11 14:00:00,1.88611111111111,2.50277777777778,3.38,2.04722222222222,1.01722222222222,0,0,0,0,0
2025-08-11 15:00:00,1.75111111111111,2.28888888888889,3.24777777777778,2.02111111111111,1.01722222222222,0,0,0,0,0
2025-08-11 16:00:00,6.10222222222222,3.80111111111111,3.40611111111111,1.99388888888889,0.962222222222222,0,0,0,0,0
2025-08-11 17:00:00,9.31222222222222,5.79611111111111,3.72222222222222,1.99388888888889,0.962222222222222,0,0,0,0,0
2025-08-11 18:00:00,10.345,6.88888888888889,3.85388888888889,1.96722222222222,0.962222222222222,0,0,0,0,0
2025-08-11 19:00:00,12.8711111111111,9.53388888888889,4.48,1.96722222222222,0.962222222222222,0,0,0,0,0
2025-08-11 20:00:00,13.7138888888889,9.90277777777778,4.74,1.96722222222222,0.962222222222222,0,0,0,0,0
2025-08-11 21:00:00,13.3772222222222,11.7588888888889,5.30777777777778,1.96722222222222,0.962222222222222,0,0,0,0,0
2025-08-11 22:00:00,13.3288888888889,10.6627777777778,5.385,1.96722222222222,0.962222222222222,0,0,0,0,0
2025-08-11 23:00:00,15.8911111111111,12.5822222222222,5.94888888888889,1.99388888888889,0.933888888888887,0,0,0,0,0
2025-08-12 00:00:00,15.27,11.7827777777778,6.07722222222222,1.99388888888889,0.933888888888887,0,0,0,0,0
2025-08-12 01:00:00,15.27,11.7588888888889,6.28111111111111,2.02111111111111,0.933888888888887,0,0,0,0,0
2025-08-12 02:00:00,14.2661111111111,10.9072222222222,6.35722222222222,2.04722222222222,0.933888888888887,0,0,0,0,0
2025-08-12 03:00:00,13.93,10.6872222222222,6.40777777777778,2.10111111111111,0.933888888888887,0,0,0,0,0
2025-08-12 04:00:00,13.1122222222222,9.55777777777778,6.255,2.155,0.962222222222222,0,0,0,0,0
2025-08-12 05:00:00,11.9038888888889,8.71722222222222,6.15277777777778,2.18222222222222,0.962222222222222,0,0,0,0,0
2025-08-12 06:00:00,9.90277777777778,7.24222222222222,5.84722222222222,2.20888888888889,0.962222222222222,0,0,0,0,0
2025-08-12 07:00:00,7.36777777777778,5.64222222222222,5.48777777777778,2.26222222222222,0.98888888888889,0,0,0,0,0
2025-08-12 08:00:00,6.07722222222222,4.37611111111111,5.15388888888889,2.28888888888889,1.01722222222222,0,0,0,0,0
2025-08-12 09:00:00,6.585,5.05,5.10222222222222,2.31611111111111,1.01722222222222,0,0,0,0,0
2025-08-12 10:00:00,5.25722222222222,4.01111111111111,4.74,2.34277777777778,1.04388888888889,0,0,0,0,0
2025-08-12 11:00:00,3.82722222222222,3.74888888888889,4.61,2.34277777777778,1.04388888888889,0,0,0,0,0
2025-08-12 12:00:00,1.91277777777778,2.69,4.27222222222222,2.37,1.07111111111111,0,0,0,0,0
2025-08-12 13:00:00,3.35388888888889,3.59111111111111,4.29777777777778,2.34277777777778,1.07111111111111,0,0,0,0,0
2025-08-12 14:00:00,3.88,3.43277777777778,4.115,2.34277777777778,1.07111111111111,0,0,0,0,0
2025-08-12 15:00:00,7.56888888888889,4.32388888888889,4.19388888888889,2.31611111111111,1.07111111111111,0,0,0,0,0
2025-08-12 16:00:00,10.1238888888889,5.51388888888889,4.35,2.31611111111111,1.07111111111111,0,0,0,0,0
2025-08-12 17:00:00,13.7138888888889,8.56777777777778,4.84388888888889,2.31611111111111,1.07111111111111,0,0,0,0,0
2025-08-12 18:00:00,15.2472222222222,9.58277777777778,5.17888888888889,2.28888888888889,1.07111111111111,0,0,0,0,0
2025-08-12 19:00:00,15.9388888888889,10.32,5.53888888888889,2.28888888888889,1.07111111111111,0,0,0,0,0
2025-08-12 20:00:00,18.8177777777778,11.9527777777778,5.975,2.28888888888889,1.07111111111111,0,0,0,0,0
2025-08-12 21:00:00,20.5072222222222,12.8711111111111,6.45777777777778,2.31611111111111,1.07111111111111,0,0,0,0,0
2025-08-12 22:00:00,21.5572222222222,14.0977777777778,6.965,2.34277777777778,1.07111111111111,0,0,0,0,0
2025-08-12 23:00:00,22.6327777777778,14.29,7.31777777777778,2.34277777777778,1.07111111111111,0,0,0,0,0
2025-08-13 00:00:00,21.6277777777778,13.4727777777778,7.44388888888889,2.37,1.07111111111111,0,0,0,0,0
2025-08-13 01:00:00,18.2711111111111,12.5822222222222,7.39277777777778,2.42277777777778,1.09888888888889,0,0,0,0,0
2025-08-13 02:00:00,17.2011111111111,11.8322222222222,7.31777777777778,2.47722222222222,1.09888888888889,0,0,0,0,0
2025-08-13 03:00:00,18.8888888888889,12.2188888888889,7.56888888888889,2.53,1.09888888888889,0,0,0,0,0
2025-08-13 04:00:00,17.7477777777778,11.4188888888889,7.49388888888889,2.55722222222222,1.09888888888889,0,0,0,0,0
2025-08-13 05:00:00,15.4377777777778,9.60777777777778,7.21722222222222,2.61,1.12611111111111,0,0,0,0,0
2025-08-13 06:00:00,9.18777777777778,7.54388888888889,6.71222222222222,2.66388888888889,1.15277777777778,1,0,0,0,0
2025-08-13 07:00:00,11.4922222222222,7.645,6.61111111111111,2.69,1.15277777777778,0,0,0,0,0
2025-08-13 08:00:00,12.2427777777778,8.195,6.63611111111111,2.74388888888889,1.18,0,0,0,0,0
2025-08-13 09:00:00,10.2472222222222,7.14222222222222,6.35722222222222,2.77,1.20777777777778,0,0,0,0,0
2025-08-13 10:00:00,8.99,7.04111111111111,6.20388888888889,2.79722222222222,1.235,0,0,0,0,0
2025-08-13 11:00:00,7.44388888888889,6.23,5.975,2.82277777777778,1.235,0,0,0,0,0
2025-08-13 12:00:00,6.94,6.17888888888889,5.82111111111111,2.85,1.26222222222222,0,0,0,0,0
2025-08-13 13:00:00,8.095,6.50888888888889,5.77,2.85,1.28888888888889,0,0,0,0,0
2025-08-13 14:00:00,9.31222222222222,6.88888888888889,5.77,2.85,1.28888888888889,0,0,0,0,0
2025-08-13 15:00:00,10.565,7.54388888888889,5.79611111111111,2.85,1.31722222222222,0,0,0,0,0
2025-08-13 16:00:00,11.37,7.845,5.87222222222222,2.85,1.31722222222222,0,0,0,0,0
2025-08-13 17:00:00,12.8711111111111,8.99,6.05111111111111,2.85,1.34388888888889,0,0,0,0,0
2025-08-13 18:00:00,14.4572222222222,9.58277777777778,6.255,2.85,1.34388888888889,0,0,0,0,0
2025-08-13 19:00:00,15.5572222222222,11.1272222222222,6.535,2.87722222222222,1.34388888888889,0,0,0,0,0
2025-08-13 20:00:00,20.6738888888889,13.425,7.09111111111111,2.87722222222222,1.34388888888889,1,0,0,0,0
2025-08-13 21:00:00,20.0311111111111,12.9438888888889,7.31777777777778,2.90277777777778,1.34388888888889,0,0,0,0,0
2025-08-13 22:00:00,19.6027777777778,12.485,7.41888888888889,2.90277777777778,1.34388888888889,0,0,0,0,0
2025-08-13 23:00:00,19.9122222222222,13.8338888888889,7.87,2.93,1.34388888888889,0,0,0,0,0
2025-08-14 00:00:00,19.6511111111111,13.5222222222222,8.02,2.95611111111111,1.34388888888889,0,0,0,0,0
2025-08-14 01:00:00,18.9611111111111,12.5088888888889,7.97,2.98277777777778,1.37111111111111,0,0,0,0,0
2025-08-14 02:00:00,19.1511111111111,13.0877777777778,8.145,3.03611111111111,1.37111111111111,0,0,0,0,0
2025-08-14 03:00:00,16.9627777777778,11.7827777777778,7.945,3.06277777777778,1.39777777777778,0,0,0,0,0
2025-08-14 04:00:00,14.5288888888889,10.4672222222222,7.72,3.11611111111111,1.39777777777778,0,0,0,0,0
2025-08-14 05:00:00,12.8961111111111,9.75611111111111,7.59388888888889,3.11611111111111,1.425,0,0,0,0,0
2025-08-14 06:00:00,10.1977777777778,8.07,7.19222222222222,3.16777777777778,1.45277777777778,0,0,0,0,0
2025-08-14 07:00:00,8.64277777777778,6.83888888888889,6.86388888888889,3.195,1.45277777777778,0,0,0,0,0
2025-08-14 08:00:00,6.88888888888889,5.92388888888889,6.535,3.22111111111111,1.48,0,0,0,0,0
2025-08-14 09:00:00,6.33111111111111,5.23111111111111,6.23,3.22111111111111,1.50722222222222,0,0,0,0,0
2025-08-14 10:00:00,6.20388888888889,5.82111111111111,6.15277777777778,3.24777777777778,1.50722222222222,0,0,0,0,0
2025-08-14 11:00:00,7.29277777777778,6.38222222222222,6.07722222222222,3.22111111111111,1.50722222222222,0,0,0,0,0
2025-08-14 12:00:00,6.38222222222222,6.07722222222222,5.92388888888889,3.22111111111111,1.53388888888889,0,0,0,0,0
2025-08-14 13:00:00,7.015,6.23,5.84722222222222,3.22111111111111,1.56111111111111,0,0,0,0,0
2025-08-14 14:00:00,6.76277777777778,6.10222222222222,5.745,3.22111111111111,1.56111111111111,0,0,0,0,0
2025-08-14 15:00:00,7.46888888888889,6.30611111111111,5.69277777777778,3.195,1.56111111111111,0,0,0,0,0
2025-08-14 16:00:00,7.895,7.29277777777778,5.79611111111111,3.16777777777778,1.56111111111111,0,0,0,0,0
2025-08-14 17:00:00,6.88888888888889,6.94,5.71888888888889,3.14222222222222,1.56111111111111,0,0,0,0,0
2025-08-14 18:00:00,6.63611111111111,6.78777777777778,5.64222222222222,3.11611111111111,1.56111111111111,0,0,0,0,0
2025-08-14 19:00:00,6.38222222222222,6.48388888888889,5.565,3.11611111111111,1.56111111111111,0,0,0,0,0
2025-08-14 20:00:00,6.56,6.83888888888889,5.59111111111111,3.08888888888889,1.56111111111111,0,0,0,0,0
2025-08-14 21:00:00,6.33111111111111,6.78777777777778,5.565,3.06277777777778,1.56111111111111,0,0,0,0,0
2025-08-14 22:00:00,5.92388888888889,6.50888888888889,5.48777777777778,3.03611111111111,1.56111111111111,0,0,0,0,0
2025-08-14 23:00:00,5.61611111111111,6.535,5.46222222222222,3.00888888888889,1.56111111111111,0,0,0,0,0
2025-08-15 00:00:00,4.94722222222222,6.12777777777778,5.30777777777778,3.00888888888889,1.56111111111111,0,0,0,0,0
2025-08-15 01:00:00,4.24611111111111,5.565,5.17888888888889,2.98277777777778,1.56111111111111,0,0,0,0,0
2025-08-15 02:00:00,4.22,5.53888888888889,5.10222222222222,2.95611111111111,1.56111111111111,0,0,0,0,0
2025-08-15 03:00:00,4.03722222222222,5.25722222222222,4.97277777777778,2.95611111111111,1.56111111111111,0,0,0,0,0
2025-08-15 04:00:00,3.82722222222222,4.81777777777778,4.84388888888889,2.93,1.56111111111111,0,0,0,0,0
2025-08-15 05:00:00,3.53777777777778,4.48,4.71388888888889,2.90277777777778,1.56111111111111,0,0,0,0,0
2025-08-15 06:00:00,3.32722222222222,4.19388888888889,4.58388888888889,2.87722222222222,1.58777777777778,0,0,0,0,0
2025-08-15 07:00:00,2.66388888888889,3.38,4.42777777777778,2.93,1.67,0,0,0,0,0
2025-08-15 08:00:00,1.37111111111111,2.23611111111111,4.24611111111111,3.03611111111111,1.72388888888889,0,0,0,0,0
2025-08-15 09:00:00,0.107222222222221,1.72388888888889,4.08888888888889,2.98277777777778,1.67,1,0,0,0,0
2025-08-15 10:00:00,-0.00388888888888969,1.88611111111111,3.90611111111111,2.87722222222222,1.615,0,0,0,0,0
2025-08-15 11:00:00,-0.00388888888888969,1.805,3.74888888888889,2.79722222222222,1.56111111111111,0,0,0,0,0
2025-08-15 12:00:00,-0.00388888888888969,1.77777777777778,3.61722222222222,2.74388888888889,1.56111111111111,0,0,0,0,0
2025-08-15 13:00:00,0.0238888888888885,1.77777777777778,3.485,2.69,1.53388888888889,0,0,0,0,0
2025-08-15 14:00:00,0.162777777777777,1.72388888888889,3.38,2.63722222222222,1.50722222222222,0,0,0,0,0
2025-08-15 15:00:00,0.632222222222221,1.75111111111111,3.27388888888889,2.58388888888889,1.50722222222222,0,0,0,0,0
2025-08-15 16:00:00,0.852222222222222,1.72388888888889,3.16777777777778,2.53,1.48,0,0,0,0,0
2025-08-15 17:00:00,1.56111111111111,1.77777777777778,3.06277777777778,2.47722222222222,1.45277777777778,0,0,0,0,0
2025-08-15 18:00:00,2.26222222222222,1.94,3.00888888888889,2.42277777777778,1.425,0,0,0,0,0
2025-08-15 19:00:00,1.69722222222222,2.37,2.95611111111111,2.37,1.425,0,0,0,0,0
2025-08-15 20:00:00,2.28888888888889,2.98277777777778,2.93,2.34277777777778,1.39777777777778,0,0,0,0,0
2025-08-15 21:00:00,2.87722222222222,3.80111111111111,2.98277777777778,2.28888888888889,1.39777777777778,0,0,0,0,0
2025-08-15 22:00:00,3.59111111111111,4.32388888888889,3.06277777777778,2.26222222222222,1.34388888888889,0,0,0,0,0
2025-08-15 23:00:00,4.50611111111111,4.68777777777778,3.16777777777778,2.18222222222222,1.31722222222222,0,0,0,0,0
2025-08-16 00:00:00,4.53222222222222,4.81777777777778,3.27388888888889,2.155,1.28888888888889,0,0,0,0,0
2025-08-16 01:00:00,4.63611111111111,5.10222222222222,3.38,2.12777777777778,1.26222222222222,0,0,0,0,0
2025-08-16 02:00:00,3.90611111111111,5.05,3.45888888888889,2.10111111111111,1.235,0,0,0,0,0
2025-08-16 03:00:00,3.45888888888889,4.84388888888889,3.51222222222222,2.07388888888889,1.235,0,0,0,0,0
2025-08-16 04:00:00,3.61722222222222,4.50611111111111,3.53777777777778,2.04722222222222,1.20777777777778,0,0,0,0,0
2025-08-16 05:00:00,2.82277777777778,4.27222222222222,3.51222222222222,2.04722222222222,1.20777777777778,0,0,0,0,0
2025-08-16 06:00:00,2.26222222222222,3.88,3.485,2.04722222222222,1.18,0,0,0,0,0
2025-08-16 07:00:00,2.42277777777778,3.64277777777778,3.40611111111111,2.04722222222222,1.18,0,0,0,0,0
2025-08-16 08:00:00,2.23611111111111,3.485,3.35388888888889,2.02111111111111,1.15277777777778,0,0,0,0,0
2025-08-16 09:00:00,2.02111111111111,3.32722222222222,3.27388888888889,1.99388888888889,1.12611111111111,0,0,0,0,0
2025-08-16 10:00:00,1.99388888888889,3.16777777777778,3.195,1.99388888888889,1.12611111111111,0,0,0,0,0
2025-08-16 11:00:00,1.805,3.00888888888889,3.11611111111111,1.99388888888889,1.12611111111111,0,0,0,0,0
2025-08-16 12:00:00,1.64277777777778,2.87722222222222,3.03611111111111,1.96722222222222,1.09888888888889,0,0,0,0,0
2025-08-16 13:00:00,1.67,2.79722222222222,2.95611111111111,1.94,1.09888888888889,0,0,0,0,0
2025-08-16 14:00:00,1.67,2.77,2.90277777777778,1.94,1.09888888888889,0,0,0,0,0
2025-08-16 15:00:00,1.96722222222222,2.79722222222222,2.85,1.91277777777778,1.07111111111111,0,0,0,0,0
2025-08-16 16:00:00,2.47722222222222,2.98277777777778,2.79722222222222,1.88611111111111,1.07111111111111,0,0,0,0,0
2025-08-16 17:00:00,3.03611111111111,3.27388888888889,2.79722222222222,1.85888888888889,1.04388888888889,0,0,0,0,0
2025-08-16 18:00:00,3.95777777777778,3.985,2.85,1.83222222222222,1.01722222222222,0,0,0,0,0
2025-08-16 19:00:00,3.95777777777778,4.35,2.93,1.83222222222222,1.01722222222222,0,0,0,0,0
2025-08-16 20:00:00,5.82111111111111,4.84388888888889,3.03611111111111,1.805,1.01722222222222,0,0,0,0,0
2025-08-16 21:00:00,7.06611111111111,5.46222222222222,3.195,1.77777777777778,0.98888888888889,0,0,0,0,0
2025-08-16 22:00:00,7.19222222222222,6.05111111111111,3.35388888888889,1.77777777777778,0.98888888888889,0,0,0,0,0
2025-08-16 23:00:00,7.61888888888889,6.35722222222222,3.53777777777778,1.75111111111111,0.98888888888889,0,0,0,0,0
2025-08-17 00:00:00,8.61777777777778,6.61111111111111,3.72222222222222,1.75111111111111,0.962222222222222,0,0,0,0,0
2025-08-17 01:00:00,8.36888888888889,6.76277777777778,3.90611111111111,1.75111111111111,0.962222222222222,0,0,0,0,0
2025-08-17 02:00:00,10.1238888888889,6.43277777777778,4.01111111111111,1.77777777777778,0.962222222222222,0,0,0,0,0
2025-08-17 03:00:00,9.26222222222222,6.12777777777778,4.115,1.77777777777778,0.962222222222222,0,0,0,0,0
2025-08-17 04:00:00,8.84111111111111,5.66777777777778,4.14111111111111,1.805,0.962222222222222,0,0,0,0,0
2025-08-17 05:00:00,6.81277777777778,5.15388888888889,4.115,1.83222222222222,0.962222222222222,0,0,0,0,0
2025-08-17 06:00:00,3.93222222222222,4.42777777777778,4.03722222222222,1.88611111111111,0.962222222222222,0,0,0,0,0
2025-08-17 07:00:00,2.45,3.74888888888889,3.90611111111111,1.88611111111111,0.962222222222222,0,0,0,0,0
2025-08-17 08:00:00,0.189999999999999,3.195,3.74888888888889,1.91277777777778,0.98888888888889,0,0,0,0,0
2025-08-17 09:00:00,-0.142777777777779,2.58388888888889,3.56388888888889,1.94,0.98888888888889,0,0,0,0,0
2025-08-17 10:00:00,-2.50777777777778,2.10111111111111,3.35388888888889,1.96722222222222,1.01722222222222,0,0,0,0,0
2025-08-17 11:00:00,-3.68722222222222,1.67,3.14222222222222,1.96722222222222,1.01722222222222,0,0,0,0,0
2025-08-17 12:00:00,-1.04277777777778,1.45277777777778,2.95611111111111,1.94,1.01722222222222,0,0,0,0,0
2025-08-17 13:00:00,-1.87111111111111,1.20777777777778,2.77,1.94,1.01722222222222,0,0,0,0,0
2025-08-17 14:00:00,-1.69888888888889,1.07111111111111,2.58388888888889,1.88611111111111,1.01722222222222,0,0,0,0,0
2025-08-17 15:00:00,1.39777777777778,1.07111111111111,2.45,1.85888888888889,0.98888888888889,0,0,0,0,0
2025-08-17 16:00:00,5.71888888888889,1.18,2.37,1.83222222222222,0.962222222222222,0,1,0,0,0
2025-08-17 17:00:00,10.4922222222222,2.55722222222222,2.39611111111111,1.77777777777778,0.962222222222222,0,0,0,0,0
2025-08-17 18:00:00,12.63,4.50611111111111,2.50277777777778,1.75111111111111,0.962222222222222,0,1,0,0,0
2025-08-17 19:00:00,13.2572222222222,5.36,2.69,1.72388888888889,0.962222222222222,0,0,0,0,0
2025-08-17 20:00:00,15.9388888888889,6.78777777777778,2.98277777777778,1.69722222222222,0.962222222222222,0,0,0,0,0
2025-08-17 21:00:00,17.415,7.895,3.35388888888889,1.67,0.933888888888887,0,0,0,0,0
2025-08-17 22:00:00,17.8911111111111,9.11388888888889,3.72222222222222,1.64277777777778,0.933888888888887,0,0,0,0,0
2025-08-17 23:00:00,15.3177777777778,9.26222222222222,4.115,1.64277777777778,0.907222222222224,0,0,0,0,0
2025-08-18 00:00:00,14.4572222222222,9.435,4.42777777777778,1.67,0.907222222222224,0,0,0,0,0
2025-08-18 01:00:00,14.4811111111111,9.13888888888889,4.71388888888889,1.69722222222222,0.907222222222224,0,0,0,0,0
2025-08-18 02:00:00,14.4327777777778,9.28722222222222,4.92111111111111,1.72388888888889,0.907222222222224,0,0,0,0,0
2025-08-18 03:00:00,12.6061111111111,8.84111111111111,5.10222222222222,1.77777777777778,0.880000000000002,0,0,0,0,0
2025-08-18 04:00:00,10.4922222222222,8.195,5.17888888888889,1.83222222222222,0.907222222222224,0,0,0,0,0
2025-08-18 05:00:00,8.59277777777778,7.54388888888889,5.205,1.88611111111111,0.907222222222224,0,0,0,0,0
2025-08-18 06:00:00,7.26777777777778,6.965,5.17888888888889,1.94,0.907222222222224,0,0,0,0,0
2025-08-18 07:00:00,6.73722222222222,6.48388888888889,5.12777777777778,1.99388888888889,0.933888888888887,0,0,0,0,0
2025-08-18 08:00:00,6.12777777777778,6.07722222222222,5.02388888888889,2.04722222222222,0.962222222222222,0,0,0,0,0
2025-08-18 09:00:00,5.48777777777778,5.66777777777778,4.92111111111111,2.10111111111111,0.962222222222222,0,0,0,0,0
2025-08-18 10:00:00,4.68777777777778,5.05,4.81777777777778,2.155,0.98888888888889,0,0,0,0,0
2025-08-18 11:00:00,4.55777777777778,4.99888888888889,4.68777777777778,2.155,1.01722222222222,0,0,0,0,0
2025-08-18 12:00:00,3.90611111111111,4.61,4.55777777777778,2.20888888888889,1.01722222222222,0,0,0,0,0
2025-08-18 13:00:00,4.24611111111111,4.50611111111111,4.42777777777778,2.20888888888889,1.04388888888889,0,0,0,0,0
2025-08-18 14:00:00,3.14222222222222,3.90611111111111,4.29777777777778,2.23611111111111,1.07111111111111,0,0,0,0,0
2025-08-18 15:00:00,5.10222222222222,4.115,4.19388888888889,2.23611111111111,1.07111111111111,0,0,0,0,0
2025-08-18 16:00:00,7.36777777777778,5.10222222222222,4.16777777777778,2.23611111111111,1.07111111111111,0,0,0,0,0
2025-08-18 17:00:00,9.53388888888889,6.15277777777778,4.19388888888889,2.20888888888889,1.09888888888889,0,0,0,0,0
2025-08-18 18:00:00,14.505,7.46888888888889,4.29777777777778,2.20888888888889,1.07111111111111,1,0,0,0,0
2025-08-18 19:00:00,13.7622222222222,8.31888888888889,4.48,2.20888888888889,1.09888888888889,0,0,0,0,0
2025-08-18 20:00:00,12.775,8.54277777777778,4.66222222222222,2.20888888888889,1.12611111111111,0,0,0,0,0
2025-08-18 21:00:00,12.5577777777778,8.36888888888889,4.84388888888889,2.20888888888889,1.12611111111111,0,0,0,0,0
2025-08-18 22:00:00,11.6372222222222,8.84111111111111,5.02388888888889,2.23611111111111,1.12611111111111,0,0,0,0,0
2025-08-18 23:00:00,10.32,8.59277777777778,5.15388888888889,2.26222222222222,1.12611111111111,0,0,0,0,0
2025-08-19 00:00:00,8.56777777777778,7.945,5.23111111111111,2.26222222222222,1.15277777777778,0,0,0,0,0
2025-08-19 01:00:00,7.24222222222222,7.39277777777778,5.33388888888889,2.37,1.18,0,0,0,0,0
2025-08-19 02:00:00,5.71888888888889,6.73722222222222,5.23111111111111,2.37,1.18,0,0,0,0,0
2025-08-19 03:00:00,4.68777777777778,6.43277777777778,5.17888888888889,2.37,1.18,0,0,0,0,0
2025-08-19 04:00:00,4.03722222222222,6.05111111111111,5.07611111111111,2.39611111111111,1.18,0,0,0,0,0
2025-08-19 05:00:00,3.67,5.69277777777778,4.97277777777778,2.42277777777778,1.20777777777778,0,0,0,0,0
2025-08-19 06:00:00,3.11611111111111,5.33388888888889,4.86888888888889,2.45,1.26222222222222,0,0,0,0,0
2025-08-19 07:00:00,2.37,4.99888888888889,4.74,2.47722222222222,1.31722222222222,0,0,0,0,0
2025-08-19 08:00:00,1.805,4.71388888888889,4.61,2.50277777777778,1.34388888888889,0,0,0,0,0
2025-08-19 09:00:00,1.37111111111111,4.48,4.48,2.50277777777778,1.34388888888889,0,0,0,0,0
2025-08-19 10:00:00,1.01722222222222,4.24611111111111,4.32388888888889,2.50277777777778,1.425,0,0,0,0,0
2025-08-19 11:00:00,0.797222222222223,4.03722222222222,4.19388888888889,2.47722222222222,1.45277777777778,0,0,0,0,0
2025-08-19 12:00:00,1.12611111111111,3.85388888888889,4.06277777777778,2.47722222222222,1.50722222222222,0,0,0,0,0
2025-08-19 13:00:00,1.01722222222222,3.69611111111111,3.95777777777778,2.47722222222222,1.50722222222222,0,0,0,0,0
2025-08-19 14:00:00,1.18,3.59111111111111,3.82722222222222,2.45,1.53388888888889,0,0,0,0,0
2025-08-19 15:00:00,1.56111111111111,3.59111111111111,3.72222222222222,2.42277777777778,1.53388888888889,0,0,0,0,0
2025-08-19 16:00:00,1.94,3.64277777777778,3.67,2.39611111111111,1.53388888888889,0,0,0,0,0
2025-08-19 17:00:00,2.58388888888889,3.80111111111111,3.61722222222222,2.37,1.53388888888889,0,0,0,0,0
2025-08-19 18:00:00,2.74388888888889,3.95777777777778,3.59111111111111,2.34277777777778,1.50722222222222,0,0,0,0,0
2025-08-19 19:00:00,3.11611111111111,4.14111111111111,3.59111111111111,2.31611111111111,1.50722222222222,0,0,0,0,0
2025-08-19 20:00:00,4.58388888888889,4.45388888888889,3.61722222222222,2.28888888888889,1.50722222222222,0,0,0,0,0
2025-08-19 21:00:00,5.12777777777778,4.895,3.69611111111111,2.26222222222222,1.45277777777778,0,0,0,0,0
2025-08-19 22:00:00,8.76722222222222,5.385,3.80111111111111,2.23611111111111,1.45277777777778,0,0,0,0,0
2025-08-19 23:00:00,9.16277777777778,6.15277777777778,3.95777777777778,2.20888888888889,1.39777777777778,0,0,0,0,0
2025-08-20 00:00:00,7.015,6.585,4.115,2.20888888888889,1.39777777777778,0,0,0,0,0
2025-08-20 01:00:00,7.645,6.585,4.27222222222222,2.18222222222222,1.37111111111111,0,0,0,0,0
2025-08-20 02:00:00,8.27,6.61111111111111,4.40222222222222,2.18222222222222,1.34388888888889,0,0,0,0,0
2025-08-20 03:00:00,7.015,6.535,4.50611111111111,2.18222222222222,1.34388888888889,0,0,0,0,0
2025-08-20 04:00:00,6.56,6.33111111111111,4.58388888888889,2.20888888888889,1.34388888888889,0,0,0,0,0
2025-08-20 05:00:00,6.15277777777778,6.07722222222222,4.61,2.20888888888889,1.31722222222222,0,0,0,0,0
2025-08-20 06:00:00,4.94722222222222,5.79611111111111,4.61,2.20888888888889,1.28888888888889,0,0,0,0,0
2025-08-20 07:00:00,5.30777777777778,5.51388888888889,4.55777777777778,2.26222222222222,1.28888888888889,0,0,0,0,0
2025-08-20 08:00:00,0.24611111111111,5.205,4.50611111111111,2.26222222222222,1.28888888888889,1,0,0,0,0
2025-08-20 09:00:00,-0.227222222222222,4.63611111111111,4.37611111111111,2.28888888888889,1.28888888888889,0,0,0,0,0
2025-08-20 10:00:00,0.522222222222221,4.14111111111111,4.24611111111111,2.28888888888889,1.28888888888889,0,0,0,0,0
2025-08-20 11:00:00,-0.759999999999999,3.74888888888889,4.06277777777778,2.28888888888889,1.28888888888889,0,0,0,0,0
2025-08-20 12:00:00,-1.785,3.38,3.90611111111111,2.28888888888889,1.26222222222222,0,0,0,0,0
2025-08-20 13:00:00,-1.55611111111111,3.06277777777778,3.72222222222222,2.28888888888889,1.26222222222222,0,0,0,0,0
2025-08-20 14:00:00,-2.305,2.71722222222222,3.56388888888889,2.28888888888889,1.26222222222222,0,0,0,0,0
2025-08-20 15:00:00,0.825,2.39611111111111,3.38,2.26222222222222,1.235,0,0,0,0,0
2025-08-20 16:00:00,4.08888888888889,2.26222222222222,3.24777777777778,2.23611111111111,1.235,0,0,0,0,0
2025-08-20 17:00:00,7.61888888888889,2.42277777777778,3.14222222222222,2.18222222222222,1.18,0,0,0,0,0
2025-08-20 18:00:00,9.21277777777778,3.03611111111111,3.11611111111111,2.155,1.18,0,0,0,0,0
2025-08-20 19:00:00,10.8338888888889,3.88,3.14222222222222,2.12777777777778,1.18,0,0,0,0,0
2025-08-20 20:00:00,12.7511111111111,4.61,3.24777777777778,2.10111111111111,1.18,0,0,0,0,0
2025-08-20 21:00:00,14.0261111111111,5.46222222222222,3.43277777777778,2.07388888888889,1.18,0,0,0,0,0
2025-08-20 22:00:00,15.27,6.28111111111111,3.67,2.04722222222222,1.15277777777778,0,0,0,0,0
2025-08-20 23:00:00,15.9861111111111,6.94,3.90611111111111,2.02111111111111,1.15277777777778,0,0,0,0,0
2025-08-21 00:00:00,16.7011111111111,7.54388888888889,4.16777777777778,2.02111111111111,1.12611111111111,0,0,0,0,0
2025-08-21 01:00:00,17.5577777777778,7.895,4.42777777777778,2.02111111111111,1.12611111111111,0,0,0,0,0
2025-08-21 02:00:00,17.1772222222222,7.97,4.68777777777778,2.02111111111111,1.12611111111111,0,0,0,0,0
2025-08-21 03:00:00,13.0877777777778,7.745,4.86888888888889,2.04722222222222,1.12611111111111,0,0,0,0,0
2025-08-21 04:00:00,13.57,7.54388888888889,4.99888888888889,2.07388888888889,1.12611111111111,0,0,0,0,0
2025-08-21 05:00:00,10.1,7.29277777777778,5.07611111111111,2.10111111111111,1.12611111111111,0,0,0,0,0
2025-08-21 06:00:00,7.54388888888889,6.83888888888889,5.10222222222222,2.155,1.12611111111111,0,0,0,0,0
2025-08-21 07:00:00,6.05111111111111,6.38222222222222,5.07611111111111,2.18222222222222,1.12611111111111,0,0,0,0,0
2025-08-21 08:00:00,5.17888888888889,5.975,5.02388888888889,2.20888888888889,1.12611111111111,0,0,0,0,0
2025-08-21 09:00:00,5.43722222222222,5.61611111111111,4.94722222222222,2.26222222222222,1.12611111111111,0,0,0,0,0
2025-08-21 10:00:00,9.805,5.46222222222222,4.86888888888889,2.26222222222222,1.12611111111111,1,0,0,0,0
2025-08-21 11:00:00,5.51388888888889,5.43722222222222,4.79222222222222,2.31611111111111,1.15277777777778,0,0,0,0,0
2025-08-21 12:00:00,6.585,5.17888888888889,4.71388888888889,2.34277777777778,1.18,0,0,0,0,0
2025-08-21 13:00:00,6.07722222222222,5.05,4.66222222222222,2.34277777777778,1.18,0,0,0,0,0
2025-08-21 14:00:00,7.82,4.94722222222222,4.58388888888889,2.34277777777778,1.18,0,0,0,0,0
2025-08-21 15:00:00,8.045,5.02388888888889,4.53222222222222,2.37,1.18,0,0,0,0,0
2025-08-21 16:00:00,8.86611111111111,5.17888888888889,4.48,2.37,1.20777777777778,0,0,0,0,0
2025-08-21 17:00:00,10.8338888888889,5.51388888888889,4.50611111111111,2.37,1.20777777777778,0,0,0,0,0
2025-08-21 18:00:00,13.81,5.94888888888889,4.55777777777778,2.37,1.235,0,0,0,0,0
2025-08-21 19:00:00,13.7138888888889,6.66111111111111,4.66222222222222,2.37,1.235,0,0,0,0,0
2025-08-21 20:00:00,13.8338888888889,6.94,4.81777777777778,2.37,1.235,0,0,0,0,0
2025-08-21 21:00:00,15.055,7.41888888888889,4.97277777777778,2.39611111111111,1.235,0,0,0,0,0
2025-08-21 22:00:00,15.4611111111111,7.995,5.15388888888889,2.39611111111111,1.235,0,0,0,0,0
2025-08-21 23:00:00,15.5088888888889,8.31888888888889,5.33388888888889,2.42277777777778,1.235,0,0,0,0,0
2025-08-22 00:00:00,14.0977777777778,8.39388888888889,5.48777777777778,2.42277777777778,1.26222222222222,0,0,0,0,0
2025-08-22 01:00:00,13.3772222222222,8.49388888888889,5.64222222222222,2.45,1.26222222222222,0,0,0,0,0
2025-08-22 02:00:00,12.0977777777778,8.51888888888889,5.77,2.47722222222222,1.28888888888889,0,0,0,0,0
2025-08-22 03:00:00,11.9772222222222,8.46888888888889,5.84722222222222,2.50277777777778,1.28888888888889,0,0,0,0,0
2025-08-22 04:00:00,11.175,8.36888888888889,5.92388888888889,2.55722222222222,1.28888888888889,0,0,0,0,0
2025-08-22 05:00:00,11.0288888888889,8.195,5.975,2.58388888888889,1.31722222222222,0,0,0,0,0
2025-08-22 06:00:00,10.1,8.02,6,2.61,1.31722222222222,0,0,0,0,0
2025-08-22 07:00:00,9.435,7.845,6,2.66388888888889,1.31722222222222,0,0,0,0,0
2025-08-22 08:00:00,7.54388888888889,7.56888888888889,5.975,2.69,1.34388888888889,0,0,0,0,0
2025-08-22 09:00:00,6.78777777777778,7.26777777777778,5.94888888888889,2.71722222222222,1.34388888888889,0,0,0,0,0
2025-08-22 10:00:00,6.20388888888889,6.94,5.87222222222222,2.74388888888889,1.39777777777778,0,0,0,0,0
2025-08-22 11:00:00,6,6.68722222222222,5.77,2.77,1.39777777777778,0,0,0,0,0
2025-08-22 12:00:00,5.41111111111111,6.43277777777778,5.69277777777778,2.82277777777778,1.425,0,0,0,0,0
2025-08-22 13:00:00,5.17888888888889,6.17888888888889,5.59111111111111,2.85,1.425,0,0,0,0,0
2025-08-22 14:00:00,4.94722222222222,5.975,5.48777777777778,2.85,1.45277777777778,0,0,0,0,0
2025-08-22 15:00:00,5.02388888888889,5.82111111111111,5.385,2.85,1.45277777777778,0,0,0,0,0
2025-08-22 16:00:00,4.74,5.71888888888889,5.28222222222222,2.85,1.48,0,0,0,0,0
2025-08-22 17:00:00,4.58388888888889,5.61611111111111,5.205,2.87722222222222,1.48,0,0,0,0,0
2025-08-22 18:00:00,5.10222222222222,5.565,5.12777777777778,2.87722222222222,1.50722222222222,0,0,0,0,0
2025-08-22 19:00:00,5.94888888888889,5.71888888888889,5.07611111111111,2.85,1.50722222222222,0,0,0,0,0
2025-08-22 20:00:00,6.61111111111111,5.92388888888889,5.05,2.85,1.50722222222222,0,0,0,0,0
2025-08-22 21:00:00,7.34277777777778,6.17888888888889,5.05,2.85,1.50722222222222,0,0,0,0,0
2025-08-22 22:00:00,7.87,6.33111111111111,5.07611111111111,2.82277777777778,1.50722222222222,0,0,0,0,0
2025-08-22 23:00:00,8.61777777777778,6.535,5.10222222222222,2.82277777777778,1.50722222222222,0,0,0,0,0
2025-08-23 00:00:00,8.07,6.71222222222222,5.15388888888889,2.82277777777778,1.53388888888889,0,0,0,0,0
2025-08-23 01:00:00,7.87,6.73722222222222,5.205,2.79722222222222,1.53388888888889,0,0,0,0,0
2025-08-23 02:00:00,7.14222222222222,6.68722222222222,5.23111111111111,2.79722222222222,1.53388888888889,0,0,0,0,0
2025-08-23 03:00:00,7.09111111111111,6.61111111111111,5.25722222222222,2.79722222222222,1.53388888888889,0,0,0,0,0
2025-08-23 04:00:00,6.99,6.50888888888889,5.25722222222222,2.79722222222222,1.53388888888889,0,0,0,0,0
2025-08-23 05:00:00,6.78777777777778,6.43277777777778,5.25722222222222,2.79722222222222,1.53388888888889,0,0,0,0,0
2025-08-23 06:00:00,5.82111111111111,6.23,5.23111111111111,2.82277777777778,1.53388888888889,0,0,0,0,0
2025-08-23 07:00:00,5.87222222222222,5.975,5.205,2.79722222222222,1.53388888888889,0,0,0,0,0
2025-08-23 08:00:00,5.66777777777778,5.77,5.12777777777778,2.82277777777778,1.53388888888889,0,0,0,0,0
2025-08-23 09:00:00,5.745,5.61611111111111,5.07611111111111,2.82277777777778,1.53388888888889,0,0,0,0,0
2025-08-23 10:00:00,5.82111111111111,5.48777777777778,4.99888888888889,2.82277777777778,1.53388888888889,0,0,0,0,0
2025-08-23 11:00:00,6.38222222222222,5.385,4.92111111111111,2.79722222222222,1.53388888888889,0,0,0,0,0
2025-08-23 12:00:00,6.255,5.30777777777778,4.86888888888889,2.79722222222222,1.56111111111111,0,0,0,0,0
2025-08-23 13:00:00,5.94888888888889,5.25722222222222,4.81777777777778,2.79722222222222,1.56111111111111,0,0,0,0,0
2025-08-23 14:00:00,6.02611111111111,5.205,4.76611111111111,2.79722222222222,1.53388888888889,0,0,0,0,0
2025-08-23 15:00:00,6.56,5.12777777777778,4.71388888888889,2.79722222222222,1.56111111111111,0,0,0,0,0
2025-08-23 16:00:00,7.54388888888889,5.17888888888889,4.66222222222222,2.77,1.53388888888889,0,0,0,0,0
2025-08-23 17:00:00,7.87,5.30777777777778,4.66222222222222,2.77,1.53388888888889,0,0,0,0,0
2025-08-23 18:00:00,9.06388888888889,5.43722222222222,4.63611111111111,2.74388888888889,1.53388888888889,0,0,0,0,0
2025-08-23 19:00:00,9.87888888888889,5.66777777777778,4.66222222222222,2.74388888888889,1.53388888888889,0,0,0,0,0
2025-08-23 20:00:00,10.5161111111111,5.92388888888889,4.68777777777778,2.71722222222222,1.53388888888889,0,0,0,0,0
2025-08-23 21:00:00,11.9288888888889,6.17888888888889,4.74,2.71722222222222,1.53388888888889,0,0,0,0,0
2025-08-23 22:00:00,12.4127777777778,6.585,4.81777777777778,2.69,1.50722222222222,0,0,0,0,0
2025-08-23 23:00:00,9.53388888888889,6.965,4.92111111111111,2.69,1.50722222222222,0,0,0,0,0
2025-08-24 00:00:00,9.73111111111111,7.26777777777778,5.05,2.69,1.50722222222222,0,0,0,0,0
2025-08-24 01:00:00,8.69277777777778,7.31777777777778,5.15388888888889,2.69,1.50722222222222,0,0,0,0,0
2025-08-24 02:00:00,9.33611111111111,7.26777777777778,5.25722222222222,2.71722222222222,1.50722222222222,0,0,0,0,0
2025-08-24 03:00:00,6.91388888888889,7.21722222222222,5.30777777777778,2.71722222222222,1.50722222222222,0,0,0,0,0
2025-08-24 04:00:00,5.59111111111111,6.91388888888889,5.36,2.74388888888889,1.53388888888889,0,0,0,0,0
2025-08-24 05:00:00,4.48,6.50888888888889,5.33388888888889,2.74388888888889,1.50722222222222,0,0,0,0,0
2025-08-24 06:00:00,3.775,6.10222222222222,5.28222222222222,2.74388888888889,1.50722222222222,0,0,0,0,0
2025-08-24 07:00:00,3.485,5.77,5.205,2.74388888888889,1.50722222222222,0,0,0,0,0
2025-08-24 08:00:00,3.24777777777778,5.565,5.10222222222222,2.77,1.53388888888889,0,0,0,0,0
2025-08-24 09:00:00,2.63722222222222,5.30777777777778,4.99888888888889,2.77,1.53388888888889,0,0,0,0,0
2025-08-24 10:00:00,0.301111111111112,5.05,4.895,2.79722222222222,1.56111111111111,0,0,0,0,0
2025-08-24 11:00:00,0.217777777777779,4.58388888888889,4.79222222222222,2.79722222222222,1.53388888888889,0,0,0,0,0
2025-08-24 12:00:00,0.467222222222223,4.24611111111111,4.63611111111111,2.77,1.53388888888889,0,0,0,0,0
2025-08-24 13:00:00,0.522222222222221,3.95777777777778,4.48,2.77,1.56111111111111,0,0,0,0,0
2025-08-24 14:00:00,0.494999999999999,3.72222222222222,4.32388888888889,2.74388888888889,1.53388888888889,0,0,0,0,0
2025-08-24 15:00:00,1.37111111111111,3.53777777777778,4.19388888888889,2.74388888888889,1.53388888888889,0,0,0,0,0
2025-08-24 16:00:00,2.53,3.56388888888889,4.06277777777778,2.71722222222222,1.53388888888889,0,0,0,0,0
2025-08-24 17:00:00,3.00888888888889,3.74888888888889,3.95777777777778,2.69,1.53388888888889,0,0,0,0,0
2025-08-24 18:00:00,4.03722222222222,4.06277777777778,3.90611111111111,2.63722222222222,1.53388888888889,0,0,0,0,0
2025-08-24 19:00:00,4.115,4.58388888888889,3.90611111111111,2.61,1.53388888888889,0,0,0,0,0
2025-08-24 20:00:00,6.255,4.76611111111111,3.93222222222222,2.58388888888889,1.50722222222222,0,0,0,0,0
2025-08-24 21:00:00,7.695,5.30777777777778,4.01111111111111,2.55722222222222,1.48,0,0,0,0,0
2025-08-24 22:00:00,7.695,5.745,4.08888888888889,2.53,1.48,0,0,0,0,0
2025-08-24 23:00:00,7.97,6.17888888888889,4.22,2.50277777777778,1.48,0,0,0,0,0
2025-08-25 00:00:00,6.81277777777778,6.535,4.32388888888889,2.47722222222222,1.48,0,0,0,0,0
2025-08-25 01:00:00,7.19222222222222,6.71222222222222,4.45388888888889,2.47722222222222,1.45277777777778,0,0,0,0,0
2025-08-25 02:00:00,7.09111111111111,6.71222222222222,4.55777777777778,2.45,1.45277777777778,0,0,0,0,0
2025-08-25 03:00:00,6.12777777777778,6.61111111111111,4.66222222222222,2.47722222222222,1.45277777777778,0,0,0,0,0
2025-08-25 04:00:00,6.255,6.255,4.68777777777778,2.45,1.425,0,0,0,0,0
2025-08-25 05:00:00,3.11611111111111,5.61611111111111,4.66222222222222,2.47722222222222,1.45277777777778,0,0,0,0,0
2025-08-25 06:00:00,0.660000000000001,4.61,4.58388888888889,2.50277777777778,1.45277777777778,0,0,0,0,0
2025-08-25 07:00:00,-1.92888888888889,3.85388888888889,4.42777777777778,2.50277777777778,1.45277777777778,0,0,0,0,0
2025-08-25 08:00:00,-2.83,3.27388888888889,4.24611111111111,2.50277777777778,1.45277777777778,0,0,0,0,0
2025-08-25 09:00:00,-3.12388888888889,2.77,4.03722222222222,2.50277777777778,1.45277777777778,0,0,0,0,0
2025-08-25 10:00:00,-4.04611111111111,2.39611111111111,3.82722222222222,2.50277777777778,1.425,0,0,0,0,0
2025-08-25 11:00:00,-4.22722222222222,1.99388888888889,3.61722222222222,2.47722222222222,1.45277777777778,0,0,0,0,0
2025-08-25 12:00:00,-4.865,1.615,3.38,2.47722222222222,1.425,0,0,0,0,0
2025-08-25 13:00:00,-4.53,1.37111111111111,3.16777777777778,2.45,1.425,0,0,0,0,0
2025-08-25 14:00:00,-4.46888888888889,1.235,2.98277777777778,2.42277777777778,1.425,0,0,0,0,0
2025-08-25 15:00:00,-0.338888888888889,1.09888888888889,2.79722222222222,2.37,1.39777777777778,0,0,0,0,0
2025-08-25 16:00:00,1.96722222222222,1.09888888888889,2.66388888888889,2.31611111111111,1.37111111111111,0,0,0,0,0
2025-08-25 17:00:00,4.92111111111111,1.20777777777778,2.53,2.26222222222222,1.34388888888889,0,0,0,0,0
2025-08-25 18:00:00,7.26777777777778,1.67,2.45,2.20888888888889,1.34388888888889,0,0,0,0,0
2025-08-25 19:00:00,8.22,2.82277777777778,2.47722222222222,2.155,1.34388888888889,0,0,0,0,0
2025-08-25 20:00:00,9.38611111111111,3.775,2.61,2.10111111111111,1.31722222222222,0,0,0,0,0
2025-08-25 21:00:00,10.0511111111111,4.48,2.77,2.04722222222222,1.31722222222222,0,0,0,0,0
2025-08-25 22:00:00,10.3688888888889,5.10222222222222,2.98277777777778,2.02111111111111,1.28888888888889,0,0,0,0,0
2025-08-25 23:00:00,7.92,5.33388888888889,3.195,1.99388888888889,1.28888888888889,0,0,0,0,0
2025-08-26 00:00:00,7.015,5.15388888888889,3.35388888888889,1.96722222222222,1.26222222222222,0,0,0,0,0
2025-08-26 01:00:00,5.79611111111111,4.99888888888889,3.485,1.96722222222222,1.26222222222222,0,0,0,0,0
2025-08-26 02:00:00,4.97277777777778,4.79222222222222,3.56388888888889,1.94,1.235,0,0,0,0,0
2025-08-26 03:00:00,4.79222222222222,4.55777777777778,3.61722222222222,1.94,1.20777777777778,0,0,0,0,0
2025-08-26 04:00:00,4.71388888888889,4.37611111111111,3.61722222222222,1.96722222222222,1.20777777777778,0,0,0,0,0
2025-08-26 05:00:00,4.895,4.24611111111111,3.61722222222222,1.96722222222222,1.18,0,0,0,0,0
2025-08-26 06:00:00,4.79222222222222,4.115,3.59111111111111,1.96722222222222,1.18,0,0,0,0,0
2025-08-26 07:00:00,4.86888888888889,4.01111111111111,3.56388888888889,1.99388888888889,1.18,0,0,0,0,0
2025-08-26 08:00:00,5.33388888888889,3.93222222222222,3.51222222222222,1.99388888888889,1.18,0,0,0,0,0
2025-08-26 09:00:00,6.23,3.90611111111111,3.485,1.99388888888889,1.15277777777778,0,0,0,0,0
2025-08-26 10:00:00,4.16777777777778,3.95777777777778,3.45888888888889,1.99388888888889,1.18,0,0,0,0,0
2025-08-26 11:00:00,3.74888888888889,3.82722222222222,3.40611111111111,1.99388888888889,1.15277777777778,0,0,0,0,0
2025-08-26 12:00:00,3.30111111111111,3.69611111111111,3.38,1.99388888888889,1.15277777777778,0,0,0,0,0
2025-08-26 13:00:00,3.08888888888889,3.56388888888889,3.35388888888889,1.99388888888889,1.15277777777778,0,0,0,0,0
2025-08-26 14:00:00,2.45,3.43277777777778,3.30111111111111,1.99388888888889,1.15277777777778,0,0,0,0,0
2025-08-26 15:00:00,2.39611111111111,3.27388888888889,3.22111111111111,1.96722222222222,1.15277777777778,0,0,0,0,0
2025-08-26 16:00:00,0.98888888888889,3.16777777777778,3.16777777777778,1.96722222222222,1.12611111111111,0,0,0,0,0
2025-08-26 17:00:00,0.35611111111111,2.77,3.11611111111111,1.96722222222222,1.15277777777778,0,0,0,0,0
2025-08-26 18:00:00,0.24611111111111,2.53,3.00888888888889,1.94,1.15277777777778,0,0,0,0,0
2025-08-26 19:00:00,0.494999999999999,2.39611111111111,2.90277777777778,1.94,1.18,0,0,0,0,0
2025-08-26 20:00:00,1.15277777777778,2.42277777777778,2.82277777777778,1.91277777777778,1.18,0,0,0,0,0
2025-08-26 21:00:00,1.28888888888889,2.69,2.74388888888889,1.88611111111111,1.15277777777778,0,0,0,0,0
2025-08-26 22:00:00,1.99388888888889,3.00888888888889,2.74388888888889,1.85888888888889,1.15277777777778,0,0,0,0,0
2025-08-26 23:00:00,2.31611111111111,3.32722222222222,2.74388888888889,1.83222222222222,1.12611111111111,0,0,0,0,0
2025-08-27 00:00:00,2.53,3.485,2.77,1.83222222222222,1.15277777777778,0,0,0,0,0
2025-08-27 01:00:00,2.74388888888889,3.64277777777778,2.82277777777778,1.805,1.12611111111111,0,0,0,0,0
2025-08-27 02:00:00,3.14222222222222,3.775,2.87722222222222,1.77777777777778,1.12611111111111,0,0,0,0,0
2025-08-27 03:00:00,3.35388888888889,3.85388888888889,2.93,1.77777777777778,1.12611111111111,0,0,0,0,0
2025-08-27 04:00:00,2.93,3.80111111111111,2.95611111111111,1.75111111111111,1.12611111111111,0,0,0,0,0
2025-08-27 05:00:00,2.66388888888889,3.64277777777778,2.98277777777778,1.75111111111111,1.12611111111111,0,0,0,0,0
2025-08-27 06:00:00,2.45,3.485,2.98277777777778,1.75111111111111,1.12611111111111,0,0,0,0,0
2025-08-27 07:00:00,2.155,3.32722222222222,2.95611111111111,1.72388888888889,1.12611111111111,0,0,0,0,0
2025-08-27 08:00:00,2.07388888888889,3.195,2.93,1.72388888888889,1.12611111111111,0,0,0,0,0
2025-08-27 09:00:00,1.96722222222222,3.06277777777778,2.87722222222222,1.72388888888889,1.12611111111111,0,0,0,0,0
2025-08-27 10:00:00,1.88611111111111,2.95611111111111,2.82277777777778,1.72388888888889,1.12611111111111,0,0,0,0,0
2025-08-27 11:00:00,1.805,2.87722222222222,2.79722222222222,1.72388888888889,1.07111111111111,0,0,0,0,0
2025-08-27 12:00:00,1.75111111111111,2.79722222222222,2.74388888888889,1.69722222222222,1.07111111111111,0,0,0,0,0
2025-08-27 13:00:00,1.72388888888889,2.74388888888889,2.69,1.69722222222222,1.07111111111111,0,0,0,0,0
2025-08-27 14:00:00,1.72388888888889,2.69,2.66388888888889,1.69722222222222,1.07111111111111,0,0,0,0,0
2025-08-27 15:00:00,1.99388888888889,2.63722222222222,2.61,1.67,1.07111111111111,0,0,0,0,0
2025-08-27 16:00:00,2.58388888888889,2.69,2.58388888888889,1.67,1.04388888888889,0,0,0,0,0
2025-08-27 17:00:00,2.12777777777778,2.90277777777778,2.55722222222222,1.64277777777778,1.04388888888889,0,0,0,0,0
2025-08-27 18:00:00,2.10111111111111,3.03611111111111,2.55722222222222,1.615,1.04388888888889,0,0,0,0,0
2025-08-27 19:00:00,3.56388888888889,3.45888888888889,2.61,1.615,1.01722222222222,0,0,0,0,0
2025-08-27 20:00:00,3.195,4.03722222222222,2.66388888888889,1.58777777777778,1.01722222222222,0,0,0,0,0
2025-08-27 21:00:00,4.14111111111111,4.58388888888889,2.77,1.58777777777778,1.01722222222222,0,0,0,0,0
2025-08-27 22:00:00,4.53222222222222,5.07611111111111,2.93,1.58777777777778,1.01722222222222,0,0,0,0,0
2025-08-27 23:00:00,4.08888888888889,5.205,3.06277777777778,1.56111111111111,0.98888888888889,0,0,0,0,0
2025-08-28 00:00:00,4.74,5.30777777777778,3.195,1.56111111111111,0.98888888888889,0,0,0,0,0
2025-08-28 01:00:00,5.05,5.48777777777778,3.32722222222222,1.56111111111111,0.962222222222222,0,0,0,0,0
2025-08-28 02:00:00,5.43722222222222,5.48777777777778,3.43277777777778,1.56111111111111,0.98888888888889,0,0,0,0,0
2025-08-28 03:00:00,4.42777777777778,5.28222222222222,3.51222222222222,1.615,0.962222222222222,0,0,0,0,0
2025-08-28 04:00:00,4.06277777777778,4.99888888888889,3.53777777777778,1.615,0.962222222222222,0,0,0,0,0
2025-08-28 05:00:00,3.45888888888889,4.63611111111111,3.53777777777778,1.64277777777778,0.962222222222222,0,0,0,0,0
2025-08-28 06:00:00,2.79722222222222,4.24611111111111,3.51222222222222,1.67,0.962222222222222,0,0,0,0,0
2025-08-28 07:00:00,2.39611111111111,3.90611111111111,3.45888888888889,1.67,0.962222222222222,0,0,0,0,0
2025-08-28 08:00:00,1.96722222222222,3.64277777777778,3.40611111111111,1.69722222222222,0.962222222222222,0,0,0,0,0
2025-08-28 09:00:00,1.50722222222222,3.43277777777778,3.32722222222222,1.72388888888889,0.962222222222222,0,0,0,0,0
2025-08-28 10:00:00,1.20777777777778,3.22111111111111,3.22111111111111,1.72388888888889,0.98888888888889,0,0,0,0,0
2025-08-28 11:00:00,1.12611111111111,3.03611111111111,3.14222222222222,1.75111111111111,0.98888888888889,0,0,0,0,0
2025-08-28 12:00:00,0.742222222222221,2.74388888888889,3.03611111111111,1.75111111111111,0.98888888888889,0,0,0,0,0
2025-08-28 13:00:00,0.522222222222221,2.69,2.93,1.75111111111111,0.98888888888889,0,0,0,0,0
2025-08-28 14:00:00,0.438888888888888,2.55722222222222,2.85,1.75111111111111,0.98888888888889,0,0,0,0,0
2025-08-28 15:00:00,0.467222222222223,2.50277777777778,2.74388888888889,1.72388888888889,0.98888888888889,0,0,0,0,0
2025-08-28 16:00:00,1.18,2.50277777777778,2.69,1.72388888888889,0.98888888888889,0,0,0,0,0
2025-08-28 17:00:00,1.91277777777778,2.69,2.63722222222222,1.69722222222222,0.98888888888889,0,0,0,0,0
2025-08-28 18:00:00,2.45,2.85,2.61,1.69722222222222,0.98888888888889,0,0,0,0,0
2025-08-28 19:00:00,2.47722222222222,3.11611111111111,2.61,1.67,0.98888888888889,0,0,0,0,0
2025-08-28 20:00:00,2.18222222222222,3.11611111111111,2.61,1.67,0.962222222222222,0,0,0,0,0
2025-08-28 21:00:00,2.31611111111111,3.11611111111111,2.61,1.64277777777778,0.962222222222222,0,0,0,0,0
2025-08-28 22:00:00,2.58388888888889,3.22111111111111,2.61,1.615,0.962222222222222,0,0,0,0,0
2025-08-28 23:00:00,2.95611111111111,3.24777777777778,2.63722222222222,1.615,0.962222222222222,0,0,0,0,0
2025-08-29 00:00:00,3.45888888888889,3.27388888888889,2.66388888888889,1.615,0.962222222222222,0,0,0,0,0
2025-08-29 01:00:00,3.72222222222222,3.32722222222222,2.66388888888889,1.58777777777778,0.962222222222222,0,0,0,0,0
2025-08-29 02:00:00,3.985,3.40611111111111,2.69,1.58777777777778,0.933888888888887,0,0,0,0,0
2025-08-29 03:00:00,3.53777777777778,3.43277777777778,2.71722222222222,1.58777777777778,0.933888888888887,0,0,0,0,0
2025-08-29 04:00:00,3.85388888888889,3.38,2.74388888888889,1.58777777777778,0.933888888888887,0,0,0,0,0
2025-08-29 05:00:00,4.06277777777778,3.32722222222222,2.74388888888889,1.56111111111111,0.907222222222224,0,0,0,0,0
2025-08-29 06:00:00,4.16777777777778,3.27388888888889,2.74388888888889,1.56111111111111,0.907222222222224,0,0,0,0,0
2025-08-29 07:00:00,3.985,3.195,2.71722222222222,1.56111111111111,0.962222222222222,0,0,0,0,0
2025-08-29 08:00:00,3.775,3.14222222222222,2.71722222222222,1.56111111111111,0.962222222222222,0,0,0,0,0
2025-08-29 09:00:00,3.53777777777778,3.06277777777778,2.69,1.56111111111111,0.962222222222222,0,0,0,0,0
2025-08-29 10:00:00,3.45888888888889,3.00888888888889,2.66388888888889,1.56111111111111,0.962222222222222,0,0,0,0,0
2025-08-29 11:00:00,3.32722222222222,2.95611111111111,2.63722222222222,1.53388888888889,0.962222222222222,0,0,0,0,0
2025-08-29 12:00:00,3.195,2.90277777777778,2.63722222222222,1.53388888888889,0.962222222222222,0,0,0,0,0
2025-08-29 13:00:00,2.98277777777778,2.85,2.61,1.53388888888889,0.962222222222222,0,0,0,0,0
2025-08-29 14:00:00,2.63722222222222,2.79722222222222,2.55722222222222,1.53388888888889,0.962222222222222,0,0,0,0,0
2025-08-29 15:00:00,2.61,2.74388888888889,2.53,1.50722222222222,0.962222222222222,0,0,0,0,0
2025-08-29 16:00:00,3.00888888888889,2.79722222222222,2.50277777777778,1.50722222222222,0.933888888888887,0,0,0,0,0
2025-08-29 17:00:00,3.195,2.93,2.50277777777778,1.50722222222222,0.933888888888887,0,0,0,0,0
2025-08-29 18:00:00,3.45888888888889,3.14222222222222,2.53,1.50722222222222,0.933888888888887,0,0,0,0,0
2025-08-29 19:00:00,3.35388888888889,3.30111111111111,2.55722222222222,1.48,0.933888888888887,0,0,0,0,0
2025-08-29 20:00:00,3.59111111111111,3.38,2.58388888888889,1.48,0.907222222222224,0,0,0,0,0
2025-08-29 21:00:00,3.64277777777778,3.59111111111111,2.61,1.48,0.907222222222224,0,0,0,0,0
2025-08-29 22:00:00,4.115,3.69611111111111,2.66388888888889,1.48,0.907222222222224,0,0,0,0,0
2025-08-29 23:00:00,4.53222222222222,3.88,2.71722222222222,1.48,0.907222222222224,0,0,0,0,0
2025-08-30 00:00:00,4.99888888888889,4.03722222222222,2.77,1.48,0.907222222222224,0,0,0,0,0
2025-08-30 01:00:00,5.25722222222222,4.115,2.82277777777778,1.48,0.907222222222224,0,0,0,0,0
2025-08-30 02:00:00,4.32388888888889,4.115,2.87722222222222,1.48,0.907222222222224,0,0,0,0,0
2025-08-30 03:00:00,4.08888888888889,3.90611111111111,2.90277777777778,1.48,0.907222222222224,0,0,0,0,0
2025-08-30 04:00:00,3.45888888888889,3.64277777777778,2.90277777777778,1.48,0.907222222222224,0,0,0,0,0
2025-08-30 05:00:00,2.74388888888889,3.43277777777778,2.90277777777778,1.48,0.880000000000002,0,0,0,0,0
2025-08-30 06:00:00,2.37,3.32722222222222,2.85,1.50722222222222,0.880000000000002,0,0,0,0,0
2025-08-30 07:00:00,1.96722222222222,3.14222222222222,2.79722222222222,1.50722222222222,0.880000000000002,0,0,0,0,0
2025-08-30 08:00:00,1.15277777777778,2.95611111111111,2.71722222222222,1.50722222222222,0.880000000000002,0,0,0,0,0
2025-08-30 09:00:00,0.522222222222221,2.53,2.63722222222222,1.50722222222222,0.907222222222224,0,0,0,0,0
2025-08-30 10:00:00,0.438888888888888,2.31611111111111,2.53,1.50722222222222,0.907222222222224,0,0,0,0,0
2025-08-30 11:00:00,0.189999999999999,2.155,2.42277777777778,1.50722222222222,0.907222222222224,0,0,0,0,0
2025-08-30 12:00:00,-0.00388888888888969,2.04722222222222,2.31611111111111,1.50722222222222,0.907222222222224,0,0,0,0,0
2025-08-30 13:00:00,-0.171111111111111,1.99388888888889,2.23611111111111,1.50722222222222,0.907222222222224,0,0,0,0,0
2025-08-30 14:00:00,-0.227222222222222,1.67,2.155,1.48,0.907222222222224,0,0,0,0,0
2025-08-30 15:00:00,-0.116111111111111,1.56111111111111,2.04722222222222,1.45277777777778,0.907222222222224,0,0,0,0,0
2025-08-30 16:00:00,0.135000000000001,1.72388888888889,1.96722222222222,1.45277777777778,0.907222222222224,0,0,0,0,0
2025-08-30 17:00:00,0.328888888888888,1.72388888888889,1.91277777777778,1.425,0.907222222222224,0,0,0,0,0
2025-08-30 18:00:00,1.235,1.99388888888889,1.85888888888889,1.39777777777778,0.880000000000002,0,0,0,0,0
2025-08-30 19:00:00,1.67,2.26222222222222,1.85888888888889,1.39777777777778,0.880000000000002,0,0,0,0,0
2025-08-30 20:00:00,2.47722222222222,3.06277777777778,1.88611111111111,1.34388888888889,0.880000000000002,0,0,0,0,0
2025-08-30 21:00:00,2.10111111111111,3.22111111111111,1.94,1.34388888888889,0.852222222222222,0,0,0,0,0
2025-08-30 22:00:00,4.29777777777778,3.40611111111111,2.02111111111111,1.31722222222222,0.852222222222222,0,0,0,0,0
2025-08-30 23:00:00,5.84722222222222,4.06277777777778,2.12777777777778,1.28888888888889,0.825,0,0,0,0,0
2025-08-31 00:00:00,6.35722222222222,4.63611111111111,2.28888888888889,1.28888888888889,0.825,0,0,0,0,0
2025-08-31 01:00:00,7.34277777777778,4.79222222222222,2.42277777777778,1.26222222222222,0.825,0,0,0,0,0
2025-08-31 02:00:00,6.81277777777778,4.79222222222222,2.58388888888889,1.26222222222222,0.797222222222223,0,0,0,0,0
2025-08-31 03:00:00,7.59388888888889,4.58388888888889,2.69,1.26222222222222,0.797222222222223,0,0,0,0,0
2025-08-31 04:00:00,7.82,4.01111111111111,2.74388888888889,1.26222222222222,0.797222222222223,1,0,0,0,0
2025-08-31 05:00:00,0.907222222222224,3.22111111111111,2.71722222222222,1.28888888888889,0.797222222222223,1,0,0,0,0
2025-08-31 06:00:00,-1.58388888888889,2.53,2.63722222222222,1.31722222222222,0.797222222222223,0,0,0,0,0
2025-08-31 07:00:00,-1.95777777777778,2.02111111111111,2.53,1.31722222222222,0.797222222222223,0,0,0,0,0
2025-08-31 08:00:00,-1.87111111111111,1.72388888888889,2.39611111111111,1.34388888888889,0.797222222222223,0,0,0,0,0
2025-08-31 09:00:00,-2.10222222222222,1.53388888888889,2.23611111111111,1.34388888888889,0.770000000000002,0,0,0,0,0
2025-08-31 10:00:00,-2.10222222222222,1.37111111111111,2.10111111111111,1.34388888888889,0.770000000000002,0,0,0,0,0
2025-08-31 11:00:00,-2.16,1.07111111111111,1.96722222222222,1.34388888888889,0.770000000000002,0,0,0,0,0
2025-08-31 12:00:00,-3.80722222222222,0.962222222222222,1.83222222222222,1.34388888888889,0.770000000000002,0,0,0,0,0
2025-08-31 13:00:00,-4.80388888888889,0.660000000000001,1.69722222222222,1.31722222222222,0.770000000000002,0,0,0,0,0
2025-08-31 14:00:00,-4.53,0.577222222222223,1.58777777777778,1.31722222222222,0.770000000000002,0,0,0,0,0
2025-08-31 15:00:00,-1.1,0.522222222222221,1.45277777777778,1.28888888888889,0.742222222222221,0,0,0,0,0
2025-08-31 16:00:00,0.825,0.687222222222223,1.37111111111111,1.235,0.742222222222221,0,0,0,0,0
2025-08-31 17:00:00,3.51222222222222,0.770000000000002,1.31722222222222,1.20777777777778,0.715,0,0,0,0,0
2025-08-31 18:00:00,7.21722222222222,0.797222222222223,1.26222222222222,1.18,0.715,0,0,0,0,0
2025-08-31 19:00:00,10.32,1.01722222222222,1.26222222222222,1.12611111111111,0.687222222222223,0,0,0,0,0
2025-08-31 20:00:00,11.9527777777778,2.42277777777778,1.31722222222222,1.09888888888889,0.687222222222223,0,0,0,0,0
2025-08-31 21:00:00,14.1222222222222,4.27222222222222,1.50722222222222,1.07111111111111,0.687222222222223,0,0,0,0,0
2025-08-31 22:00:00,15.1988888888889,5.30777777777778,1.75111111111111,1.04388888888889,0.660000000000001,0,0,0,0,0
2025-08-31 23:00:00,16.1772222222222,6.02611111111111,2.07388888888889,1.04388888888889,0.660000000000001,0,0,0,0,0
2025-09-01 00:00:00,16.4872222222222,6.68722222222222,2.37,1.01722222222222,0.632222222222221,0,0,0,0,0
2025-09-01 01:00:00,16.4627777777778,7.39277777777778,2.69,1.01722222222222,0.632222222222221,0,0,0,0,0
2025-09-01 02:00:00,15.2227777777778,7.695,2.98277777777778,1.04388888888889,0.632222222222221,0,0,0,0,0
2025-09-01 03:00:00,14.1461111111111,7.845,3.195,1.04388888888889,0.604999999999999,0,0,0,0,0
2025-09-01 04:00:00,8.54277777777778,7.31777777777778,3.32722222222222,1.09888888888889,0.632222222222221,1,0,0,0,0
2025-09-01 05:00:00,6.12777777777778,6.33111111111111,3.40611111111111,1.12611111111111,0.632222222222221,0,0,0,0,0
2025-09-01 06:00:00,2.53,5.51388888888889,3.40611111111111,1.18,0.632222222222221,0,0,0,0,0
2025-09-01 07:00:00,3.11611111111111,4.99888888888889,3.32722222222222,1.235,0.632222222222221,0,0,0,0,0
2025-09-01 08:00:00,3.00888888888889,4.58388888888889,3.24777777777778,1.26222222222222,0.632222222222221,0,0,0,0,0
2025-09-01 09:00:00,5.66777777777778,4.53222222222222,3.16777777777778,1.28888888888889,0.632222222222221,0,0,0,0,0
2025-09-01 10:00:00,5.92388888888889,4.61,3.11611111111111,1.31722222222222,0.632222222222221,0,0,0,0,0
2025-09-01 11:00:00,6.48388888888889,4.50611111111111,3.03611111111111,1.34388888888889,0.632222222222221,0,0,0,0,0
2025-09-01 12:00:00,5.61611111111111,4.40222222222222,3.00888888888889,1.37111111111111,0.660000000000001,0,0,0,0,0
2025-09-01 13:00:00,6.88888888888889,4.22,2.95611111111111,1.39777777777778,0.660000000000001,0,0,0,0,0
2025-09-01 14:00:00,8.07,4.27222222222222,2.93,1.39777777777778,0.687222222222223,0,0,0,0,0
2025-09-01 15:00:00,9.75611111111111,4.53222222222222,2.95611111111111,1.39777777777778,0.687222222222223,0,0,0,0,0
2025-09-01 16:00:00,10.8827777777778,4.97277777777778,2.98277777777778,1.425,0.687222222222223,0,0,0,0,0
2025-09-01 17:00:00,11.71,5.43722222222222,3.06277777777778,1.425,0.687222222222223,0,0,0,0,0
2025-09-01 18:00:00,14.5288888888889,6.66111111111111,3.195,1.425,0.687222222222223,0,0,0,0,0
2025-09-01 19:00:00,15.7,7.695,3.38,1.425,0.715,0,0,0,0,0
2025-09-01 20:00:00,16.5338888888889,8.36888888888889,3.59111111111111,1.45277777777778,0.715,0,0,0,0,0
2025-09-01 21:00:00,16.725,8.89111111111111,3.85388888888889,1.45277777777778,0.715,0,0,0,0,0
2025-09-01 22:00:00,16.2961111111111,9.06388888888889,4.115,1.48,0.742222222222221,0,0,0,0,0
2025-09-01 23:00:00,16.8438888888889,9.08888888888889,4.35,1.50722222222222,0.742222222222221,0,0,0,0,0
2025-09-02 00:00:00,16.6772222222222,9.18777777777778,4.55777777777778,1.53388888888889,0.742222222222221,0,0,0,0,0
2025-09-02 01:00:00,16.7961111111111,9.13888888888889,4.76611111111111,1.58777777777778,0.742222222222221,0,0,0,0,0
2025-09-02 02:00:00,16.2488888888889,9.11388888888889,4.94722222222222,1.64277777777778,0.770000000000002,0,0,0,0,0
2025-09-02 03:00:00,15.0077777777778,8.89111111111111,5.07611111111111,1.69722222222222,0.797222222222223,0,0,0,0,0
2025-09-02 04:00:00,13.7861111111111,8.36888888888889,5.15388888888889,1.75111111111111,0.797222222222223,0,0,0,0,0
2025-09-02 05:00:00,11.4427777777778,7.895,5.205,1.805,0.825,0,0,0,0,0
2025-09-02 06:00:00,10.9322222222222,7.49388888888889,5.205,1.85888888888889,0.852222222222222,0,0,0,0,0
2025-09-02 07:00:00,9.65722222222222,7.21722222222222,5.17888888888889,1.94,0.852222222222222,0,0,0,0,0
2025-09-02 08:00:00,10.075,6.94,5.15388888888889,1.96722222222222,0.880000000000002,0,0,0,0,0
2025-09-02 09:00:00,10.4922222222222,6.86388888888889,5.12777777777778,2.02111111111111,0.907222222222224,0,0,0,0,0
2025-09-02 10:00:00,7.745,6.585,5.07611111111111,2.07388888888889,0.962222222222222,0,0,0,0,0
2025-09-02 11:00:00,5.84722222222222,5.975,4.99888888888889,2.12777777777778,0.962222222222222,0,0,0,0,0
2025-09-02 12:00:00,9.06388888888889,5.82111111111111,4.92111111111111,2.155,0.98888888888889,0,0,0,0,0
2025-09-02 13:00:00,9.90277777777778,6.02611111111111,4.86888888888889,2.18222222222222,1.01722222222222,0,0,0,0,0
2025-09-02 14:00:00,9.435,6.05111111111111,4.84388888888889,2.20888888888889,1.04388888888889,0,0,0,0,0
2025-09-02 15:00:00,9.13888888888889,6.12777777777778,4.81777777777778,2.23611111111111,1.07111111111111,0,0,0,0,0
2025-09-02 16:00:00,9.68222222222222,6.33111111111111,4.81777777777778,2.26222222222222,1.07111111111111,0,0,0,0,0
2025-09-02 17:00:00,8.86611111111111,6.50888888888889,4.84388888888889,2.28888888888889,1.09888888888889,0,0,0,0,0
2025-09-02 18:00:00,8.54277777777778,6.45777777777778,4.86888888888889,2.31611111111111,1.12611111111111,0,0,0,0,0
2025-09-02 19:00:00,9.46,6.48388888888889,4.895,2.31611111111111,1.15277777777778,0,0,0,0,0
2025-09-02 20:00:00,11.6622222222222,6.81277777777778,4.94722222222222,2.34277777777778,1.15277777777778,0,0,0,0,0
2025-09-02 21:00:00,12.025,7.39277777777778,5.02388888888889,2.34277777777778,1.18,0,0,0,0,0
2025-09-02 22:00:00,13.0161111111111,7.645,5.12777777777778,2.37,1.18,0,0,0,0,0
2025-09-02 23:00:00,13.5461111111111,7.895,5.25722222222222,2.37,1.18,0,0,0,0,0
2025-09-03 00:00:00,12.7027777777778,7.995,5.36,2.39611111111111,1.20777777777778,0,0,0,0,0
2025-09-03 01:00:00,13.425,7.995,5.46222222222222,2.39611111111111,1.235,0,0,0,0,0
2025-09-03 02:00:00,12.5577777777778,7.87,5.53888888888889,2.42277777777778,1.235,0,0,0,0,0
2025-09-03 03:00:00,11.7588888888889,7.745,5.59111111111111,2.47722222222222,1.26222222222222,0,0,0,0,0
2025-09-03 04:00:00,10.1488888888889,7.44388888888889,5.59111111111111,2.50277777777778,1.28888888888889,0,0,0,0,0
2025-09-03 05:00:00,9.435,6.99,5.565,2.53,1.28888888888889,0,0,0,0,0
2025-09-03 06:00:00,8.64277777777778,6.81277777777778,5.51388888888889,2.55722222222222,1.31722222222222,0,0,0,0,0
2025-09-03 07:00:00,8.145,6.535,5.46222222222222,2.58388888888889,1.31722222222222,0,0,0,0,0
2025-09-03 08:00:00,7.19222222222222,6.28111111111111,5.385,2.61,1.34388888888889,0,0,0,0,0
2025-09-03 09:00:00,7.24222222222222,6.05111111111111,5.30777777777778,2.63722222222222,1.34388888888889,0,0,0,0,0
2025-09-03 10:00:00,4.81777777777778,5.79611111111111,5.23111111111111,2.63722222222222,1.39777777777778,0,0,0,0,0
2025-09-03 11:00:00,1.45277777777778,5.10222222222222,5.10222222222222,2.66388888888889,1.39777777777778,0,0,0,0,0
2025-09-03 12:00:00,1.45277777777778,4.37611111111111,4.92111111111111,2.69,1.425,0,0,0,0,0
2025-09-03 13:00:00,0.770000000000002,3.88,4.74,2.69,1.425,0,0,0,0,0
2025-09-03 14:00:00,1.34388888888889,3.59111111111111,4.55777777777778,2.69,1.45277777777778,0,0,0,0,0
2025-09-03 15:00:00,2.53,3.45888888888889,4.37611111111111,2.66388888888889,1.45277777777778,0,0,0,0,0
2025-09-03 16:00:00,5.79611111111111,3.67,4.24611111111111,2.63722222222222,1.45277777777778,0,0,0,0,0
2025-09-03 17:00:00,10.4922222222222,4.42777777777778,4.16777777777778,2.61,1.425,0,0,0,0,0
2025-09-03 18:00:00,11.5888888888889,5.10222222222222,4.14111111111111,2.61,1.45277777777778,0,0,0,0,0
2025-09-03 19:00:00,15.7477777777778,5.92388888888889,4.24611111111111,2.58388888888889,1.45277777777778,0,0,0,0,0
2025-09-03 20:00:00,16.225,6.81277777777778,4.37611111111111,2.55722222222222,1.45277777777778,0,0,0,0,0
2025-09-03 21:00:00,16.6061111111111,7.46888888888889,4.55777777777778,2.53,1.45277777777778,0,0,0,0,0
2025-09-03 22:00:00,16.9872222222222,7.845,4.76611111111111,2.50277777777778,1.45277777777778,0,0,0,0,0
2025-09-03 23:00:00,16.725,8.245,4.97277777777778,2.50277777777778,1.425,0,0,0,0,0
2025-09-04 00:00:00,16.7961111111111,8.66777777777778,5.17888888888889,2.50277777777778,1.425,0,0,0,0,0
2025-09-04 01:00:00,16.4627777777778,8.86611111111111,5.385,2.50277777777778,1.425,0,0,0,0,0
2025-09-04 02:00:00,15.175,8.76722222222222,5.51388888888889,2.53,1.425,0,0,0,0,0
2025-09-04 03:00:00,12.5088888888889,8.49388888888889,5.64222222222222,2.55722222222222,1.45277777777778,0,0,0,0,0
2025-09-04 04:00:00,10.4672222222222,7.945,5.66777777777778,2.58388888888889,1.45277777777778,0,0,0,0,0
2025-09-04 05:00:00,9.90277777777778,7.44388888888889,5.66777777777778,2.61,1.45277777777778,0,0,0,0,0
2025-09-04 06:00:00,8.36888888888889,7.04111111111111,5.64222222222222,2.63722222222222,1.45277777777778,0,0,0,0,0
2025-09-04 07:00:00,7.82,6.68722222222222,5.59111111111111,2.66388888888889,1.45277777777778,0,0,0,0,0
2025-09-04 08:00:00,7.41888888888889,6.43277777777778,5.51388888888889,2.69,1.45277777777778,0,0,0,0,0
2025-09-04 09:00:00,7.09111111111111,6.23,5.43722222222222,2.71722222222222,1.48,0,0,0,0,0
2025-09-04 10:00:00,7.46888888888889,6.12777777777778,5.36,2.74388888888889,1.48,0,0,0,0,0
2025-09-04 11:00:00,7.41888888888889,6,5.28222222222222,2.74388888888889,1.50722222222222,0,0,0,0,0
2025-09-04 12:00:00,7.015,5.87222222222222,5.205,2.77,1.50722222222222,0,0,0,0,0
2025-09-04 13:00:00,7.09111111111111,5.77,5.12777777777778,2.77,1.50722222222222,0,0,0,0,0
2025-09-04 14:00:00,7.04111111111111,5.77,5.07611111111111,2.79722222222222,1.53388888888889,0,0,0,0,0
2025-09-04 15:00:00,7.26777777777778,5.71888888888889,5.02388888888889,2.79722222222222,1.53388888888889,0,0,0,0,0
2025-09-04 16:00:00,8.22,5.87222222222222,4.99888888888889,2.79722222222222,1.53388888888889,0,0,0,0,0
2025-09-04 17:00:00,9.41,6.02611111111111,4.99888888888889,2.79722222222222,1.56111111111111,0,0,0,0,0
2025-09-04 18:00:00,9.805,6.23,4.99888888888889,2.79722222222222,1.56111111111111,0,0,0,0,0
2025-09-04 19:00:00,10.345,6.43277777777778,5.02388888888889,2.77,1.56111111111111,0,0,0,0,0
2025-09-04 20:00:00,10.7122222222222,6.73722222222222,5.10222222222222,2.77,1.56111111111111,0,0,0,0,0
2025-09-04 21:00:00,9.41,6.965,5.15388888888889,2.77,1.56111111111111,0,0,0,0,0
2025-09-04 22:00:00,9.33611111111111,7.19222222222222,5.23111111111111,2.79722222222222,1.58777777777778,0,0,0,0,0
2025-09-04 23:00:00,9.46,7.29277777777778,5.30777777777778,2.77,1.56111111111111,0,0,0,0,0
2025-09-05 00:00:00,9.08888888888889,7.19222222222222,5.36,2.79722222222222,1.58777777777778,0,0,0,0,0
2025-09-05 01:00:00,8.76722222222222,6.94,5.43722222222222,2.79722222222222,1.58777777777778,0,0,0,0,0
2025-09-05 02:00:00,8.07,6.86388888888889,5.46222222222222,2.82277777777778,1.58777777777778,0,0,0,0,0
2025-09-05 03:00:00,8.07,6.71222222222222,5.46222222222222,2.85,1.58777777777778,0,0,0,0,0
2025-09-05 04:00:00,7.41888888888889,6.50888888888889,5.46222222222222,2.85,1.615,0,0,0,0,0
2025-09-05 05:00:00,6.66111111111111,6.30611111111111,5.43722222222222,2.87722222222222,1.615,0,0,0,0,0
2025-09-05 06:00:00,6.05111111111111,6.10222222222222,5.385,2.90277777777778,1.615,0,0,0,0,0
2025-09-05 07:00:00,5.33388888888889,5.92388888888889,5.30777777777778,2.90277777777778,1.64277777777778,0,0,0,0,0
2025-09-05 08:00:00,4.68777777777778,5.66777777777778,5.23111111111111,2.90277777777778,1.64277777777778,0,0,0,0,0
2025-09-05 09:00:00,3.88,5.46222222222222,5.12777777777778,2.93,1.69722222222222,0,0,0,0,0
2025-09-05 10:00:00,2.90277777777778,5.23111111111111,5.02388888888889,2.93,1.69722222222222,0,0,0,0,0
2025-09-05 11:00:00,2.39611111111111,5.36,4.92111111111111,2.93,1.72388888888889,0,0,0,0,0
2025-09-05 12:00:00,2.23611111111111,5.36,4.79222222222222,2.90277777777778,1.72388888888889,0,0,0,0,0
2025-09-05 13:00:00,1.85888888888889,5.36,4.68777777777778,2.90277777777778,1.72388888888889,0,0,0,0,0
2025-09-05 14:00:00,1.64277777777778,4.99888888888889,4.55777777777778,2.87722222222222,1.72388888888889,0,0,0,0,0
2025-09-05 15:00:00,1.48,4.81777777777778,4.45388888888889,2.85,1.72388888888889,0,0,0,0,0
2025-09-05 16:00:00,1.28888888888889,4.58388888888889,4.32388888888889,2.85,1.75111111111111,0,0,0,0,0
2025-09-05 17:00:00,1.48,4.45388888888889,4.22,2.82277777777778,1.77777777777778,0,0,0,0,0
2025-09-05 18:00:00,1.56111111111111,4.37611111111111,4.115,2.79722222222222,1.83222222222222,0,0,0,0,0
2025-09-05 19:00:00,1.94,4.32388888888889,4.03722222222222,2.74388888888889,1.77777777777778,0,0,0,0,0
2025-09-05 20:00:00,2.55722222222222,4.40222222222222,3.95777777777778,2.71722222222222,1.75111111111111,0,0,0,0,0
2025-09-05 21:00:00,1.96722222222222,4.63611111111111,3.93222222222222,2.69,1.75111111111111,0,0,0,0,0
2025-09-05 22:00:00,2.93,4.74,3.90611111111111,2.66388888888889,1.72388888888889,0,0,0,0,0
2025-09-05 23:00:00,2.55722222222222,4.81777777777778,3.93222222222222,2.63722222222222,1.72388888888889,0,0,0,0,0
2025-09-06 00:00:00,3.11611111111111,4.81777777777778,3.90611111111111,2.61,1.72388888888889,0,0,0,0,0
2025-09-06 01:00:00,3.74888888888889,4.895,3.93222222222222,2.58388888888889,1.69722222222222,0,0,0,0,0
2025-09-06 02:00:00,3.35388888888889,4.99888888888889,3.93222222222222,2.55722222222222,1.69722222222222,0,0,0,0,0
2025-09-06 03:00:00,2.90277777777778,4.94722222222222,3.93222222222222,2.53,1.67,0,0,0,0,0
2025-09-06 04:00:00,2.98277777777778,4.79222222222222,3.93222222222222,2.53,1.67,0,0,0,0,0
2025-09-06 05:00:00,2.77,4.53222222222222,3.88,2.50277777777778,1.67,0,0,0,0,0
2025-09-06 06:00:00,0.272777777777778,4.32388888888889,3.85388888888889,2.50277777777778,1.67,0,0,0,0,0
2025-09-06 07:00:00,-1.015,3.69611111111111,3.775,2.50277777777778,1.67,0,0,0,0,0
2025-09-06 08:00:00,-2.18888888888889,3.11611111111111,3.61722222222222,2.47722222222222,1.64277777777778,0,0,0,0,0
2025-09-06 09:00:00,-2.015,2.74388888888889,3.485,2.45,1.64277777777778,0,0,0,0,0
2025-09-06 10:00:00,-1.61277777777778,2.53,3.32722222222222,2.42277777777778,1.615,0,0,0,0,0
2025-09-06 11:00:00,-0.98611111111111,2.34277777777778,3.16777777777778,2.39611111111111,1.615,0,0,0,0,0
2025-09-06 12:00:00,-1.1,2.18222222222222,3.03611111111111,2.37,1.615,0,0,0,0,0
2025-09-06 13:00:00,-2.56611111111111,1.96722222222222,2.87722222222222,2.34277777777778,1.615,0,0,0,0,0
2025-09-06 14:00:00,-2.88777777777778,1.425,2.74388888888889,2.31611111111111,1.58777777777778,0,0,0,0,0
2025-09-06 15:00:00,-0.957777777777778,1.235,2.61,2.26222222222222,1.56111111111111,0,0,0,0,0
2025-09-06 16:00:00,1.50722222222222,1.48,2.47722222222222,2.20888888888889,1.53388888888889,0,0,0,0,0
2025-09-06 17:00:00,3.61722222222222,1.56111111111111,2.37,2.155,1.50722222222222,0,0,0,0,0
2025-09-06 18:00:00,6.91388888888889,1.88611111111111,2.31611111111111,2.10111111111111,1.50722222222222,0,0,0,0,0
2025-09-06 19:00:00,9.31222222222222,2.77,2.34277777777778,2.07388888888889,1.50722222222222,0,0,0,0,0
2025-09-06 20:00:00,11.4672222222222,3.82722222222222,2.42277777777778,2.02111111111111,1.48,0,0,0,0,0
2025-09-06 21:00:00,12.6061111111111,4.42777777777778,2.55722222222222,1.96722222222222,1.45277777777778,0,0,0,0,0
2025-09-06 22:00:00,13.0638888888889,4.92111111111111,2.74388888888889,1.94,1.425,0,0,0,0,0
2025-09-06 23:00:00,14.2661111111111,5.46222222222222,2.95611111111111,1.91277777777778,1.39777777777778,0,0,0,0,0
2025-09-07 00:00:00,14.2422222222222,5.92388888888889,3.14222222222222,1.85888888888889,1.34388888888889,0,0,0,0,0
2025-09-07 01:00:00,14.2422222222222,6.12777777777778,3.35388888888889,1.85888888888889,1.31722222222222,0,0,0,0,0
2025-09-07 02:00:00,11.1511111111111,6.23,3.56388888888889,1.85888888888889,1.28888888888889,0,0,0,0,0
2025-09-07 03:00:00,10.5161111111111,6.30611111111111,3.69611111111111,1.85888888888889,1.235,0,0,0,0,0
2025-09-07 04:00:00,7.24222222222222,6.07722222222222,3.80111111111111,1.85888888888889,1.235,0,0,0,0,0
2025-09-07 05:00:00,6.10222222222222,5.61611111111111,3.82722222222222,1.88611111111111,1.18,0,0,0,0,0
2025-09-07 06:00:00,4.79222222222222,5.30777777777778,3.85388888888889,1.88611111111111,1.18,0,0,0,0,0
2025-09-07 07:00:00,3.59111111111111,4.86888888888889,3.80111111111111,1.94,1.18,0,0,0,0,0
2025-09-07 08:00:00,4.40222222222222,4.68777777777778,3.74888888888889,1.94,1.18,0,0,0,0,0
2025-09-07 09:00:00,4.86888888888889,4.68777777777778,3.72222222222222,1.96722222222222,1.18,0,0,0,0,0
2025-09-07 10:00:00,4.27222222222222,4.63611111111111,3.67,1.96722222222222,1.15277777777778,0,0,0,0,0
2025-09-07 11:00:00,4.81777777777778,4.58388888888889,3.61722222222222,1.96722222222222,1.15277777777778,0,0,0,0,0
2025-09-07 12:00:00,4.895,4.58388888888889,3.56388888888889,1.99388888888889,1.15277777777778,0,0,0,0,0
2025-09-07 13:00:00,5.25722222222222,4.53222222222222,3.53777777777778,1.99388888888889,1.15277777777778,0,0,0,0,0
2025-09-07 14:00:00,5.30777777777778,4.48,3.51222222222222,1.99388888888889,1.15277777777778,0,0,0,0,0
2025-09-07 15:00:00,5.51388888888889,4.48,3.45888888888889,1.96722222222222,1.15277777777778,0,0,0,0,0
2025-09-07 16:00:00,5.69277777777778,4.63611111111111,3.45888888888889,1.99388888888889,1.15277777777778,0,0,0,0,0
2025-09-07 17:00:00,7.67,4.79222222222222,3.45888888888889,1.96722222222222,1.15277777777778,0,0,0,0,0
2025-09-07 18:00:00,8.46888888888889,5.23111111111111,3.45888888888889,1.96722222222222,1.15277777777778,0,0,0,0,0
2025-09-07 19:00:00,9.63222222222222,5.66777777777778,3.53777777777778,1.96722222222222,1.15277777777778,0,0,0,0,0
2025-09-07 20:00:00,11.3461111111111,6.17888888888889,3.61722222222222,1.96722222222222,1.12611111111111,0,0,0,0,0
2025-09-07 21:00:00,13.1122222222222,6.81277777777778,3.775,1.96722222222222,1.12611111111111,0,0,0,0,0
2025-09-07 22:00:00,13.3772222222222,7.54388888888889,3.93222222222222,1.94,1.12611111111111,0,0,0,0,0
2025-09-07 23:00:00,13.7861111111111,8.045,4.16777777777778,1.96722222222222,1.12611111111111,0,0,0,0,0
2025-09-08 00:00:00,12.2188888888889,8.195,4.35,1.96722222222222,1.12611111111111,0,0,0,0,0
2025-09-08 01:00:00,11.6372222222222,7.97,4.53222222222222,1.99388888888889,1.12611111111111,0,0,0,0,0
2025-09-08 02:00:00,11.9038888888889,7.845,4.66222222222222,2.02111111111111,1.12611111111111,0,0,0,0,0
2025-09-08 03:00:00,10.32,7.695,4.76611111111111,2.04722222222222,1.12611111111111,0,0,0,0,0
2025-09-08 04:00:00,9.36111111111111,7.44388888888889,4.81777777777778,2.07388888888889,1.15277777777778,0,0,0,0,0
2025-09-08 05:00:00,7.51888888888889,7.16722222222222,4.81777777777778,2.10111111111111,1.15277777777778,0,0,0,0,0
2025-09-08 06:00:00,6.17888888888889,6.68722222222222,4.81777777777778,2.155,1.18,0,0,0,0,0
2025-09-08 07:00:00,5.385,6.15277777777778,4.76611111111111,2.18222222222222,1.18,0,0,0,0,0
2025-09-08 08:00:00,4.71388888888889,5.71888888888889,4.66222222222222,2.20888888888889,1.18,0,0,0,0,0
2025-09-08 09:00:00,4.63611111111111,5.46222222222222,4.55777777777778,2.23611111111111,1.20777777777778,0,0,0,0,0
2025-09-08 10:00:00,4.40222222222222,5.43722222222222,4.45388888888889,2.26222222222222,1.20777777777778,0,0,0,0,0
2025-09-08 11:00:00,4.48,5.385,4.37611111111111,2.26222222222222,1.235,0,0,0,0,0
2025-09-08 12:00:00,4.32388888888889,5.28222222222222,4.29777777777778,2.28888888888889,1.235,0,0,0,0,0
2025-09-08 13:00:00,4.16777777777778,5.17888888888889,4.22,2.28888888888889,1.235,0,0,0,0,0
2025-09-08 14:00:00,4.16777777777778,5.07611111111111,4.14111111111111,2.31611111111111,1.26222222222222,0,0,0,0,0
2025-09-08 15:00:00,4.27222222222222,4.97277777777778,4.08888888888889,2.31611111111111,1.31722222222222,0,0,0,0,0
2025-09-08 16:00:00,4.29777777777778,4.895,4.01111111111111,2.31611111111111,1.31722222222222,0,0,0,0,0
2025-09-08 17:00:00,4.53222222222222,4.895,3.95777777777778,2.31611111111111,1.34388888888889,0,0,0,0,0
2025-09-08 18:00:00,4.99888888888889,4.99888888888889,3.90611111111111,2.28888888888889,1.34388888888889,0,0,0,0,0
2025-09-08 19:00:00,6.02611111111111,5.41111111111111,3.90611111111111,2.28888888888889,1.34388888888889,0,0,0,0,0
2025-09-08 20:00:00,6.12777777777778,5.71888888888889,3.93222222222222,2.26222222222222,1.34388888888889,0,0,0,0,0
2025-09-08 21:00:00,6.78777777777778,5.92388888888889,3.985,2.26222222222222,1.34388888888889,0,0,0,0,0
2025-09-08 22:00:00,6.66111111111111,6.05111111111111,4.06277777777778,2.26222222222222,1.34388888888889,0,0,0,0,0
2025-09-08 23:00:00,6.43277777777778,6.12777777777778,4.115,2.26222222222222,1.34388888888889,0,0,0,0,0
2025-09-09 00:00:00,6.17888888888889,6.23,4.16777777777778,2.26222222222222,1.34388888888889,0,0,0,0,0
2025-09-09 01:00:00,5.87222222222222,6.10222222222222,4.22,2.26222222222222,1.34388888888889,0,0,0,0,0
2025-09-09 02:00:00,5.69277777777778,6.02611111111111,4.24611111111111,2.26222222222222,1.34388888888889,0,0,0,0,0
2025-09-09 03:00:00,5.10222222222222,5.87222222222222,4.27222222222222,2.26222222222222,1.34388888888889,0,0,0,0,0
2025-09-09 04:00:00,4.79222222222222,5.61611111111111,4.27222222222222,2.26222222222222,1.34388888888889,0,0,0,0,0
2025-09-09 05:00:00,4.32388888888889,5.36,4.24611111111111,2.26222222222222,1.34388888888889,0,0,0,0,0
2025-09-09 06:00:00,3.93222222222222,5.15388888888889,4.19388888888889,2.28888888888889,1.34388888888889,0,0,0,0,0
2025-09-09 07:00:00,3.775,4.94722222222222,4.14111111111111,2.28888888888889,1.34388888888889,0,0,0,0,0
2025-09-09 08:00:00,3.30111111111111,4.79222222222222,4.08888888888889,2.28888888888889,1.34388888888889,0,0,0,0,0
2025-09-09 09:00:00,3.16777777777778,4.58388888888889,4.01111111111111,2.28888888888889,1.34388888888889,0,0,0,0,0
2025-09-09 10:00:00,2.87722222222222,4.42777777777778,3.95777777777778,2.31611111111111,1.39777777777778,0,0,0,0,0
2025-09-09 11:00:00,2.50277777777778,4.29777777777778,3.88,2.31611111111111,1.39777777777778,0,0,0,0,0
2025-09-09 12:00:00,2.04722222222222,4.16777777777778,3.80111111111111,2.31611111111111,1.39777777777778,0,0,0,0,0
2025-09-09 13:00:00,0.687222222222223,3.985,3.72222222222222,2.31611111111111,1.425,0,0,0,0,0
2025-09-09 14:00:00,0.0238888888888885,3.67,3.64277777777778,2.31611111111111,1.425,0,0,0,0,0
2025-09-09 15:00:00,-0.00388888888888969,3.38,3.53777777777778,2.28888888888889,1.425,0,0,0,0,0
2025-09-09 16:00:00,0.135000000000001,3.22111111111111,3.43277777777778,2.28888888888889,1.425,0,0,0,0,0
2025-09-09 17:00:00,0.522222222222221,3.14222222222222,3.32722222222222,2.26222222222222,1.425,0,0,0,0,0
2025-09-09 18:00:00,0.880000000000002,3.16777777777778,3.22111111111111,2.26222222222222,1.425,0,0,0,0,0
2025-09-09 19:00:00,2.66388888888889,3.38,3.16777777777778,2.20888888888889,1.48,0,0,0,0,0
2025-09-09 20:00:00,2.95611111111111,3.69611111111111,3.14222222222222,2.18222222222222,1.48,0,0,0,0,0
2025-09-09 21:00:00,3.93222222222222,3.985,3.14222222222222,2.155,1.48,0,0,0,0,0
2025-09-09 22:00:00,4.22,4.29777777777778,3.195,2.12777777777778,1.45277777777778,0,0,0,0,0
2025-09-09 23:00:00,3.80111111111111,4.48,3.24777777777778,2.10111111111111,1.45277777777778,0,0,0,0,0
2025-09-10 00:00:00,3.69611111111111,4.48,3.27388888888889,2.10111111111111,1.425,0,0,0,0,0
2025-09-10 01:00:00,3.93222222222222,4.55777777777778,3.32722222222222,2.07388888888889,1.39777777777778,0,0,0,0,0
2025-09-10 02:00:00,3.195,4.58388888888889,3.38,2.07388888888889,1.39777777777778,0,0,0,0,0
2025-09-10 03:00:00,2.85,4.48,3.40611111111111,2.04722222222222,1.37111111111111,0,0,0,0,0
2025-09-10 04:00:00,2.39611111111111,4.29777777777778,3.40611111111111,2.04722222222222,1.37111111111111,0,0,0,0,0
2025-09-10 05:00:00,2.10111111111111,4.115,3.38,2.04722222222222,1.37111111111111,0,0,0,0,0
2025-09-10 06:00:00,1.83222222222222,3.90611111111111,3.35388888888889,2.04722222222222,1.37111111111111,0,0,0,0,0
2025-09-10 07:00:00,1.18,3.69611111111111,3.30111111111111,2.04722222222222,1.37111111111111,0,0,0,0,0
2025-09-10 08:00:00,0.962222222222222,3.51222222222222,3.24777777777778,2.02111111111111,1.34388888888889,0,0,0,0,0
2025-09-10 09:00:00,0.852222222222222,3.32722222222222,3.16777777777778,2.02111111111111,1.34388888888889,0,0,0,0,0
2025-09-10 10:00:00,0.933888888888887,3.16777777777778,3.08888888888889,1.99388888888889,1.34388888888889,0,0,0,0,0
2025-09-10 11:00:00,1.09888888888889,3.06277777777778,3.00888888888889,1.99388888888889,1.34388888888889,0,0,0,0,0
2025-09-10 12:00:00,1.07111111111111,2.93,2.93,1.96722222222222,1.34388888888889,0,0,0,0,0
2025-09-10 13:00:00,1.04388888888889,2.85,2.87722222222222,1.96722222222222,1.34388888888889,0,0,0,0,0
2025-09-10 14:00:00,1.01722222222222,2.74388888888889,2.79722222222222,1.94,1.34388888888889,0,0,0,0,0
2025-09-10 15:00:00,1.07111111111111,2.69,2.74388888888889,1.94,1.31722222222222,0,0,0,0,0
2025-09-10 16:00:00,1.12611111111111,2.61,2.66388888888889,1.91277777777778,1.31722222222222,0,0,0,0,0
2025-09-10 17:00:00,1.28888888888889,2.61,2.61,1.88611111111111,1.28888888888889,0,0,0,0,0
2025-09-10 18:00:00,1.34388888888889,2.69,2.55722222222222,1.85888888888889,1.28888888888889,0,0,0,0,0
2025-09-10 19:00:00,1.15277777777778,2.74388888888889,2.53,1.83222222222222,1.28888888888889,0,0,0,0,0
2025-09-10 20:00:00,1.45277777777778,2.85,2.53,1.83222222222222,1.26222222222222,1,0,0,0,0
2025-09-10 21:00:00,0.962222222222222,2.82277777777778,2.50277777777778,1.805,1.26222222222222,0,0,0,0,0
2025-09-10 22:00:00,0.742222222222221,2.74388888888889,2.47722222222222,1.77777777777778,1.26222222222222,0,0,0,0,0
2025-09-10 23:00:00,0.494999999999999,2.61,2.45,1.77777777777778,1.26222222222222,0,0,0,0,0
2025-09-11 00:00:00,0.412222222222221,2.47722222222222,2.42277777777778,1.75111111111111,1.26222222222222,0,0,0,0,0
2025-09-11 01:00:00,0.522222222222221,2.34277777777778,2.37,1.72388888888889,1.235,0,0,0,0,0
2025-09-11 02:00:00,0.494999999999999,2.26222222222222,2.31611111111111,1.72388888888889,1.235,0,0,0,0,0
2025-09-11 03:00:00,0.189999999999999,2.155,2.26222222222222,1.69722222222222,1.20777777777778,0,0,0,0,0
2025-09-11 04:00:00,0.0238888888888885,1.96722222222222,2.20888888888889,1.67,1.20777777777778,0,0,0,0,0
2025-09-11 05:00:00,-0.142777777777779,1.83222222222222,2.155,1.64277777777778,1.18,0,0,0,0,0
2025-09-11 06:00:00,-0.198888888888889,1.67,2.07388888888889,1.615,1.18,0,0,0,0,0
2025-09-11 07:00:00,-0.282777777777778,1.53388888888889,1.99388888888889,1.615,1.20777777777778,0,0,0,0,0
2025-09-11 08:00:00,-0.367222222222223,1.45277777777778,1.91277777777778,1.58777777777778,1.20777777777778,0,0,0,0,0
2025-09-11 09:00:00,-0.422777777777777,1.39777777777778,1.83222222222222,1.56111111111111,1.12611111111111,0,0,0,0,0
2025-09-11 10:00:00,-0.451111111111112,1.34388888888889,1.77777777777778,1.53388888888889,1.12611111111111,0,0,0,0,0
2025-09-11 11:00:00,-0.562777777777779,1.28888888888889,1.69722222222222,1.50722222222222,1.09888888888889,0,0,0,0,0
2025-09-11 12:00:00,-0.647777777777778,1.26222222222222,1.64277777777778,1.48,1.07111111111111,0,0,0,0,0
2025-09-11 13:00:00,-0.67611111111111,1.235,1.615,1.45277777777778,1.04388888888889,0,0,0,0,0
2025-09-11 14:00:00,-0.732222222222223,1.18,1.53388888888889,1.425,1.01722222222222,0,0,0,0,0
2025-09-11 15:00:00,-0.647777777777778,1.18,1.50722222222222,1.39777777777778,1.01722222222222,0,0,0,0,0
2025-09-11 16:00:00,-0.422777777777777,1.12611111111111,1.45277777777778,1.37111111111111,1.04388888888889,0,0,0,0,0
2025-09-11 17:00:00,-0.198888888888889,1.12611111111111,1.425,1.31722222222222,1.04388888888889,0,0,0,0,0
2025-09-11 18:00:00,0.98888888888889,1.15277777777778,1.37111111111111,1.28888888888889,1.04388888888889,0,0,0,0,0
2025-09-11 19:00:00,1.50722222222222,1.20777777777778,1.34388888888889,1.26222222222222,1.04388888888889,0,0,0,0,0
2025-09-11 20:00:00,1.53388888888889,1.34388888888889,1.34388888888889,1.235,1.01722222222222,0,0,0,0,0
2025-09-11 21:00:00,3.08888888888889,1.50722222222222,1.37111111111111,1.20777777777778,1.01722222222222,0,0,0,0,0
2025-09-11 22:00:00,3.24777777777778,1.75111111111111,1.37111111111111,1.18,0.98888888888889,0,0,0,0,0
2025-09-11 23:00:00,1.07111111111111,1.96722222222222,1.425,1.18,0.962222222222222,0,0,0,0,0
2025-09-12 00:00:00,1.48,2.04722222222222,1.48,1.15277777777778,0.962222222222222,0,0,0,0,0
2025-09-12 01:00:00,1.28888888888889,2.155,1.50722222222222,1.12611111111111,0.962222222222222,0,0,0,0,0
2025-09-12 02:00:00,0.715,2.18222222222222,1.56111111111111,1.12611111111111,0.907222222222224,0,0,0,0,0
2025-09-12 03:00:00,0.467222222222223,2.07388888888889,1.58777777777778,1.09888888888889,0.880000000000002,0,0,0,0,0
2025-09-12 04:00:00,0.107222222222221,1.96722222222222,1.615,1.09888888888889,0.880000000000002,0,0,0,0,0
2025-09-12 05:00:00,-0.171111111111111,1.77777777777778,1.615,1.07111111111111,0.852222222222222,0,0,0,0,0
2025-09-12 06:00:00,-0.732222222222223,1.615,1.58777777777778,1.07111111111111,0.852222222222222,0,0,0,0,0
2025-09-12 07:00:00,-0.98611111111111,1.425,1.53388888888889,1.07111111111111,0.852222222222222,0,0,0,0,0
2025-09-12 08:00:00,-0.478888888888888,1.28888888888889,1.48,1.07111111111111,0.825,0,0,0,0,0
2025-09-12 09:00:00,-0.227222222222222,1.20777777777778,1.425,1.04388888888889,0.825,0,0,0,0,0
2025-09-12 10:00:00,-0.62,1.12611111111111,1.39777777777778,1.04388888888889,0.797222222222223,0,0,0,0,0
2025-09-12 11:00:00,-0.957777777777778,1.01722222222222,1.31722222222222,1.01722222222222,0.797222222222223,0,0,0,0,0
2025-09-12 12:00:00,-0.451111111111112,0.962222222222222,1.28888888888889,1.01722222222222,0.797222222222223,0,0,0,0,0
2025-09-12 13:00:00,-0.255,0.933888888888887,1.235,1.01722222222222,0.715,0,0,0,0,0
2025-09-12 14:00:00,-0.116111111111111,0.880000000000002,1.18,0.98888888888889,0.715,0,0,0,0,0
2025-09-12 15:00:00,-0.0877777777777785,0.852222222222222,1.15277777777778,0.962222222222222,0.742222222222221,0,0,0,0,0
2025-09-12 16:00:00,-0.255,0.797222222222223,1.09888888888889,0.962222222222222,0.742222222222221,0,0,0,0,0
2025-09-12 17:00:00,-0.367222222222223,0.742222222222221,1.07111111111111,0.933888888888887,0.742222222222221,0,0,0,0,0
2025-09-12 18:00:00,-0.338888888888889,0.770000000000002,1.04388888888889,0.907222222222224,0.742222222222221,0,0,0,0,0
2025-09-12 19:00:00,0.135000000000001,0.852222222222222,1.01722222222222,0.907222222222224,0.742222222222221,0,0,0,0,0
2025-09-12 20:00:00,1.235,1.18,1.01722222222222,0.880000000000002,0.742222222222221,0,0,0,0,0
2025-09-12 21:00:00,1.94,1.67,1.07111111111111,0.852222222222222,0.742222222222221,0,0,0,0,0
2025-09-12 22:00:00,1.56111111111111,2.04722222222222,1.15277777777778,0.852222222222222,0.715,0,0,0,0,0
2025-09-12 23:00:00,1.72388888888889,2.26222222222222,1.235,0.825,0.715,0,0,0,0,0
2025-09-13 00:00:00,2.04722222222222,2.45,1.34388888888889,0.797222222222223,0.687222222222223,0,0,0,0,0
2025-09-13 01:00:00,2.37,2.58388888888889,1.425,0.797222222222223,0.687222222222223,0,0,0,0,0
2025-09-13 02:00:00,1.96722222222222,2.53,1.50722222222222,0.797222222222223,0.687222222222223,0,0,0,0,0
2025-09-13 03:00:00,1.31722222222222,2.34277777777778,1.53388888888889,0.797222222222223,0.660000000000001,0,0,0,0,0
2025-09-13 04:00:00,0.687222222222223,2.10111111111111,1.56111111111111,0.797222222222223,0.632222222222221,0,0,0,0,0
2025-09-13 05:00:00,-0.227222222222222,1.83222222222222,1.56111111111111,0.797222222222223,0.632222222222221,0,0,0,0,0
2025-09-13 06:00:00,-0.0877777777777785,1.615,1.50722222222222,0.825,0.632222222222221,0,0,0,0,0
2025-09-13 07:00:00,-0.282777777777778,1.39777777777778,1.48,0.797222222222223,0.632222222222221,0,0,0,0,0
2025-09-13 08:00:00,-2.13111111111111,1.26222222222222,1.425,0.825,0.604999999999999,0,0,0,0,0
2025-09-13 09:00:00,-3.62722222222222,0.933888888888887,1.34388888888889,0.852222222222222,0.604999999999999,0,0,0,0,0
2025-09-13 10:00:00,-3.98611111111111,0.715,1.26222222222222,0.825,0.604999999999999,0,0,0,0,0
2025-09-13 11:00:00,-5.20222222222222,0.577222222222223,1.18,0.825,0.604999999999999,0,0,0,0,0
2025-09-13 12:00:00,-5.57388888888889,0.438888888888888,1.09888888888889,0.825,0.577222222222223,0,0,0,0,0
2025-09-13 13:00:00,-6.61,0.412222222222221,1.01722222222222,0.825,0.604999999999999,0,0,0,0,0
2025-09-13 14:00:00,-6.54722222222222,0.35611111111111,0.962222222222222,0.797222222222223,0.604999999999999,0,0,0,0,0
2025-09-13 15:00:00,-6.99388888888889,0.301111111111112,0.907222222222224,0.797222222222223,0.522222222222221,0,0,0,0,0
2025-09-13 16:00:00,-3.86611111111111,0.272777777777778,0.825,0.770000000000002,0.577222222222223,0,0,0,0,0
2025-09-13 17:00:00,-0.93,0.301111111111112,0.797222222222223,0.742222222222221,0.660000000000001,0,0,0,0,0
2025-09-13 18:00:00,0.301111111111112,0.301111111111112,0.742222222222221,0.715,0.797222222222223,0,0,0,0,0
2025-09-13 19:00:00,3.06277777777778,0.412222222222221,0.742222222222221,0.687222222222223,0.742222222222221,0,0,0,0,0
2025-09-13 20:00:00,5.82111111111111,0.467222222222223,0.715,0.660000000000001,0.742222222222221,0,0,0,0,0
2025-09-13 21:00:00,6.56,0.467222222222223,0.715,0.632222222222221,0.715,0,0,0,0,0
2025-09-13 22:00:00,7.54388888888889,0.438888888888888,0.715,0.632222222222221,0.632222222222221,0,0,0,0,0
2025-09-13 23:00:00,8.095,0.467222222222223,0.715,0.604999999999999,0.632222222222221,0,0,0,0,0
2025-09-14 00:00:00,7.87,0.438888888888888,0.715,0.577222222222223,0.604999999999999,0,0,0,0,0
2025-09-14 01:00:00,8.44388888888889,0.467222222222223,0.742222222222221,0.577222222222223,0.604999999999999,0,0,0,0,0
2025-09-14 02:00:00,6.71222222222222,0.522222222222221,0.770000000000002,0.577222222222223,0.577222222222223,0,0,0,0,0
2025-09-14 03:00:00,3.64277777777778,0.522222222222221,0.797222222222223,0.577222222222223,0.550000000000001,0,0,0,0,0
2025-09-14 04:00:00,0.189999999999999,0.438888888888888,0.770000000000002,0.577222222222223,0.522222222222221,0,0,0,0,0
2025-09-14 05:00:00,-0.647777777777778,0.35611111111111,0.770000000000002,0.577222222222223,0.522222222222221,0,0,0,0,0
2025-09-14 06:00:00,-0.116111111111111,0.301111111111112,0.742222222222221,0.550000000000001,0.494999999999999,0,0,0,0,0
2025-09-14 07:00:00,-1.67,0.24611111111111,0.742222222222221,0.550000000000001,0.494999999999999,0,0,0,0,0
2025-09-14 08:00:00,-1.72722222222222,0.217777777777779,0.687222222222223,0.550000000000001,0.467222222222223,0,0,0,0,0
2025-09-14 09:00:00,-1.41277777777778,0.189999999999999,0.660000000000001,0.522222222222221,0.467222222222223,0,0,0,0,0
2025-09-14 10:00:00,-0.817222222222222,0.189999999999999,0.632222222222221,0.522222222222221,0.467222222222223,0,0,0,0,0
2025-09-14 11:00:00,-0.78888888888889,0.189999999999999,0.577222222222223,0.522222222222221,0.438888888888888,0,0,0,0,0
2025-09-14 12:00:00,-0.62,0.162777777777777,0.550000000000001,0.522222222222221,0.438888888888888,0,0,0,0,0
2025-09-14 13:00:00,-0.703888888888889,0.162777777777777,0.522222222222221,0.494999999999999,0.438888888888888,0,0,0,0,0
2025-09-14 14:00:00,-0.647777777777778,0.135000000000001,0.522222222222221,0.494999999999999,0.412222222222221,0,0,0,0,0
2025-09-14 15:00:00,-0.759999999999999,0.135000000000001,0.467222222222223,0.467222222222223,0.412222222222221,0,0,0,0,0
2025-09-14 16:00:00,-0.451111111111112,0.135000000000001,0.467222222222223,0.467222222222223,0.412222222222221,0,0,0,0,0
2025-09-14 17:00:00,0.0238888888888885,0.189999999999999,0.438888888888888,0.438888888888888,0.412222222222221,0,0,0,0,0
2025-09-14 18:00:00,0.550000000000001,0.189999999999999,0.438888888888888,0.438888888888888,0.38388888888889,0,0,0,0,0
2025-09-14 19:00:00,2.58388888888889,0.328888888888888,0.438888888888888,0.412222222222221,0.38388888888889,0,0,0,0,0
2025-09-14 20:00:00,2.31611111111111,0.38388888888889,0.438888888888888,0.38388888888889,0.38388888888889,0,0,0,0,0
2025-09-14 21:00:00,3.22111111111111,0.494999999999999,0.522222222222221,0.38388888888889,0.35611111111111,0,0,0,0,0
2025-09-14 22:00:00,3.88,0.632222222222221,0.577222222222223,0.38388888888889,0.35611111111111,0,0,0,0,0
2025-09-14 23:00:00,3.95777777777778,0.98888888888889,0.687222222222223,0.35611111111111,0.35611111111111,0,0,0,0,0
2025-09-15 00:00:00,4.37611111111111,1.56111111111111,0.797222222222223,0.35611111111111,0.35611111111111,0,0,0,0,0
2025-09-15 01:00:00,3.985,1.88611111111111,0.933888888888887,0.35611111111111,0.35611111111111,0,0,0,0,0
2025-09-15 02:00:00,3.56388888888889,1.99388888888889,1.01722222222222,0.35611111111111,0.35611111111111,0,0,0,0,0
2025-09-15 03:00:00,3.35388888888889,1.94,1.09888888888889,0.35611111111111,0.328888888888888,0,0,0,0,0
2025-09-15 04:00:00,2.82277777777778,1.83222222222222,1.18,0.38388888888889,0.328888888888888,0,0,0,0,0
2025-09-15 05:00:00,2.58388888888889,1.67,1.18,0.38388888888889,0.301111111111112,0,0,0,0,0
2025-09-15 06:00:00,2.02111111111111,1.56111111111111,1.20777777777778,0.412222222222221,0.301111111111112,0,0,0,0,0
2025-09-15 07:00:00,1.67,1.45277777777778,1.20777777777778,0.412222222222221,0.301111111111112,0,0,0,0,0
2025-09-15 08:00:00,1.615,1.39777777777778,1.20777777777778,0.438888888888888,0.301111111111112,0,0,0,0,0
2025-09-15 09:00:00,1.45277777777778,1.34388888888889,1.18,0.438888888888888,0.301111111111112,0,0,0,0,0
2025-09-15 10:00:00,1.37111111111111,1.28888888888889,1.18,0.467222222222223,0.301111111111112,0,0,0,0,0
2025-09-15 11:00:00,1.07111111111111,1.20777777777778,1.15277777777778,0.467222222222223,0.301111111111112,0,0,0,0,0
2025-09-15 12:00:00,0.98888888888889,1.18,1.12611111111111,0.467222222222223,0.301111111111112,0,0,0,0,0
2025-09-15 13:00:00,1.01722222222222,1.12611111111111,1.09888888888889,0.494999999999999,0.301111111111112,0,0,0,0,0
2025-09-15 14:00:00,1.01722222222222,1.09888888888889,1.07111111111111,0.494999999999999,0.301111111111112,0,0,0,0,0
2025-09-15 15:00:00,0.797222222222223,1.07111111111111,1.07111111111111,0.494999999999999,0.301111111111112,0,0,0,0,0
2025-09-15 16:00:00,0.852222222222222,1.07111111111111,1.04388888888889,0.494999999999999,0.301111111111112,0,0,0,0,0
2025-09-15 17:00:00,1.48,1.15277777777778,1.01722222222222,0.494999999999999,0.301111111111112,0,0,0,0,0
2025-09-15 18:00:00,1.69722222222222,1.45277777777778,1.01722222222222,0.494999999999999,0.301111111111112,0,0,0,0,0
2025-09-15 19:00:00,2.04722222222222,1.67,1.04388888888889,0.494999999999999,0.301111111111112,0,0,0,0,0
2025-09-15 20:00:00,2.45,1.94,1.09888888888889,0.494999999999999,0.301111111111112,0,0,0,0,0
2025-09-15 21:00:00,3.24777777777778,2.155,1.15277777777778,0.494999999999999,0.301111111111112,0,0,0,0,0
2025-09-15 22:00:00,3.08888888888889,2.55722222222222,1.20777777777778,0.494999999999999,0.301111111111112,0,0,0,0,0
2025-09-15 23:00:00,3.74888888888889,2.69,1.28888888888889,0.494999999999999,0.301111111111112,0,0,0,0,0
2025-09-16 00:00:00,3.85388888888889,2.85,1.37111111111111,0.494999999999999,0.301111111111112,0,0,0,0,0
2025-09-16 01:00:00,3.00888888888889,2.85,1.45277777777778,0.522222222222221,0.301111111111112,0,0,0,0,0
2025-09-16 02:00:00,2.23611111111111,2.71722222222222,1.50722222222222,0.522222222222221,0.301111111111112,0,0,0,0,0
2025-09-16 03:00:00,1.88611111111111,2.45,1.53388888888889,0.522222222222221,0.301111111111112,0,0,0,0,0
2025-09-16 04:00:00,1.45277777777778,2.18222222222222,1.56111111111111,0.550000000000001,0.301111111111112,0,0,0,0,0
2025-09-16 05:00:00,1.01722222222222,1.94,1.53388888888889,0.550000000000001,0.301111111111112,0,0,0,0,0
2025-09-16 06:00:00,0.852222222222222,1.77777777777778,1.50722222222222,0.577222222222223,0.301111111111112,0,0,0,0,0
2025-09-16 07:00:00,0.742222222222221,1.615,1.48,0.604999999999999,0.301111111111112,0,0,0,0,0
2025-09-16 08:00:00,0.770000000000002,1.50722222222222,1.45277777777778,0.604999999999999,0.301111111111112,0,0,0,0,0
2025-09-16 09:00:00,0.715,1.45277777777778,1.39777777777778,0.604999999999999,0.301111111111112,0,0,0,0,0
2025-09-16 10:00:00,0.715,1.39777777777778,1.37111111111111,0.632222222222221,0.301111111111112,0,0,0,0,0
2025-09-16 11:00:00,0.742222222222221,1.34388888888889,1.34388888888889,0.632222222222221,0.328888888888888,0,0,0,0,0
2025-09-16 12:00:00,0.687222222222223,1.31722222222222,1.28888888888889,0.632222222222221,0.301111111111112,0,0,0,0,0
2025-09-16 13:00:00,0.577222222222223,1.26222222222222,1.26222222222222,0.632222222222221,0.328888888888888,0,0,0,0,0
2025-09-16 14:00:00,0.604999999999999,1.20777777777778,1.235,0.660000000000001,0.328888888888888,0,0,0,0,0
2025-09-16 15:00:00,0.632222222222221,1.18,1.20777777777778,0.632222222222221,0.328888888888888,0,0,0,0,0
2025-09-16 16:00:00,0.797222222222223,1.20777777777778,1.18,0.632222222222221,0.328888888888888,0,0,0,0,0
2025-09-16 17:00:00,1.235,1.39777777777778,1.18,0.632222222222221,0.328888888888888,0,0,0,0,0
2025-09-16 18:00:00,1.64277777777778,1.69722222222222,1.18,0.632222222222221,0.328888888888888,0,0,0,0,0
2025-09-16 19:00:00,2.66388888888889,2.12777777777778,1.235,0.632222222222221,0.301111111111112,0,0,0,0,0
2025-09-16 20:00:00,2.95611111111111,2.63722222222222,1.28888888888889,0.632222222222221,0.301111111111112,0,0,0,0,0
2025-09-16 21:00:00,5.15388888888889,2.95611111111111,1.39777777777778,0.632222222222221,0.301111111111112,1,0,0,0,0
2025-09-16 22:00:00,3.53777777777778,3.43277777777778,1.50722222222222,0.632222222222221,0.328888888888888,0,0,0,0,0
2025-09-16 23:00:00,4.76611111111111,3.43277777777778,1.615,0.632222222222221,0.328888888888888,0,0,0,0,0
2025-09-17 00:00:00,3.69611111111111,3.56388888888889,1.72388888888889,0.632222222222221,0.328888888888888,0,0,0,0,0
2025-09-17 01:00:00,3.56388888888889,3.53777777777778,1.83222222222222,0.660000000000001,0.328888888888888,0,0,0,0,0
2025-09-17 02:00:00,2.95611111111111,3.38,1.91277777777778,0.660000000000001,0.328888888888888,0,0,0,0,0
2025-09-17 03:00:00,2.74388888888889,3.14222222222222,1.96722222222222,0.687222222222223,0.328888888888888,0,0,0,0,0
2025-09-17 04:00:00,2.18222222222222,2.69,1.96722222222222,0.715,0.35611111111111,0,0,0,0,0
2025-09-17 05:00:00,1.37111111111111,2.37,1.96722222222222,0.742222222222221,0.35611111111111,0,0,0,0,0
2025-09-17 06:00:00,1.50722222222222,2.18222222222222,1.91277777777778,0.742222222222221,0.35611111111111,0,0,0,0,0
2025-09-17 07:00:00,0.604999999999999,1.88611111111111,1.88611111111111,0.770000000000002,0.35611111111111,0,0,0,0,0
2025-09-17 08:00:00,0.301111111111112,1.67,1.805,0.797222222222223,0.38388888888889,0,0,0,0,0
2025-09-17 09:00:00,0.24611111111111,1.56111111111111,1.75111111111111,0.797222222222223,0.38388888888889,0,0,0,0,0
2025-09-17 10:00:00,0.0238888888888885,1.45277777777778,1.69722222222222,0.797222222222223,0.38388888888889,0,0,0,0,0
2025-09-17 11:00:00,0.162777777777777,1.31722222222222,1.615,0.825,0.412222222222221,0,0,0,0,0
2025-09-17 12:00:00,0.272777777777778,1.28888888888889,1.56111111111111,0.825,0.412222222222221,0,0,0,0,0
2025-09-17 13:00:00,0.107222222222221,1.26222222222222,1.50722222222222,0.825,0.412222222222221,0,0,0,0,0
2025-09-17 14:00:00,0.0238888888888885,1.20777777777778,1.45277777777778,0.825,0.412222222222221,0,0,0,0,0
2025-09-17 15:00:00,0.272777777777778,1.09888888888889,1.39777777777778,0.825,0.412222222222221,0,0,0,0,0
2025-09-17 16:00:00,0.467222222222223,1.15277777777778,1.37111111111111,0.825,0.412222222222221,0,0,0,0,0
2025-09-17 17:00:00,1.01722222222222,1.39777777777778,1.34388888888889,0.825,0.438888888888888,0,0,0,0,0
2025-09-17 18:00:00,1.56111111111111,1.75111111111111,1.34388888888889,0.797222222222223,0.412222222222221,0,0,0,0,0
2025-09-17 19:00:00,1.88611111111111,2.18222222222222,1.37111111111111,0.797222222222223,0.438888888888888,0,0,0,0,0
2025-09-17 20:00:00,2.50277777777778,2.63722222222222,1.425,0.797222222222223,0.412222222222221,0,0,0,0,0
2025-09-17 21:00:00,3.08888888888889,2.95611111111111,1.53388888888889,0.797222222222223,0.438888888888888,0,0,0,0,0
2025-09-17 22:00:00,3.69611111111111,3.38,1.64277777777778,0.770000000000002,0.438888888888888,0,0,0,0,0
2025-09-17 23:00:00,4.19388888888889,3.69611111111111,1.75111111111111,0.770000000000002,0.412222222222221,0,0,0,0,0
2025-09-18 00:00:00,4.68777777777778,3.80111111111111,1.88611111111111,0.770000000000002,0.438888888888888,0,0,0,0,0
2025-09-18 01:00:00,4.50611111111111,3.80111111111111,1.99388888888889,0.797222222222223,0.438888888888888,0,0,0,0,0
2025-09-18 02:00:00,4.42777777777778,3.69611111111111,2.10111111111111,0.797222222222223,0.438888888888888,0,0,0,0,0
2025-09-18 03:00:00,3.93222222222222,3.53777777777778,2.155,0.825,0.438888888888888,0,0,0,0,0
2025-09-18 04:00:00,3.24777777777778,3.32722222222222,2.23611111111111,0.852222222222222,0.438888888888888,0,0,0,0,0
2025-09-18 05:00:00,2.58388888888889,3.11611111111111,2.23611111111111,0.852222222222222,0.438888888888888,0,0,0,0,0
2025-09-18 06:00:00,2.28888888888889,2.87722222222222,2.23611111111111,0.880000000000002,0.438888888888888,0,0,0,0,0
2025-09-18 07:00:00,1.99388888888889,2.69,2.20888888888889,0.907222222222224,0.467222222222223,0,0,0,0,0
2025-09-18 08:00:00,1.96722222222222,2.55722222222222,2.18222222222222,0.933888888888887,0.467222222222223,0,0,0,0,0
2025-09-18 09:00:00,1.69722222222222,2.45,2.155,0.962222222222222,0.467222222222223,0,0,0,0,0
2025-09-18 10:00:00,1.48,2.34277777777778,2.10111111111111,0.962222222222222,0.467222222222223,0,0,0,0,0
2025-09-18 11:00:00,0.797222222222223,2.23611111111111,2.07388888888889,0.98888888888889,0.494999999999999,0,0,0,0,0
2025-09-18 12:00:00,0.742222222222221,2.10111111111111,2.02111111111111,0.98888888888889,0.494999999999999,0,0,0,0,0
2025-09-18 13:00:00,0.660000000000001,1.99388888888889,1.96722222222222,0.98888888888889,0.522222222222221,0,0,0,0,0
2025-09-18 14:00:00,0.35611111111111,1.88611111111111,1.91277777777778,0.98888888888889,0.522222222222221,0,0,0,0,0
2025-09-18 15:00:00,0.217777777777779,1.805,1.85888888888889,1.01722222222222,0.522222222222221,0,0,0,0,0
2025-09-18 16:00:00,0.328888888888888,1.72388888888889,1.805,1.01722222222222,0.522222222222221,0,0,0,0,0
2025-09-18 17:00:00,0.604999999999999,1.77777777777778,1.77777777777778,0.98888888888889,0.522222222222221,0,0,0,0,0
2025-09-18 18:00:00,1.235,2.04722222222222,1.75111111111111,0.98888888888889,0.522222222222221,0,0,0,0,0
2025-09-18 19:00:00,1.75111111111111,2.28888888888889,1.75111111111111,0.98888888888889,0.522222222222221,0,0,0,0,0
2025-09-18 20:00:00,2.85,2.61,1.77777777777778,0.98888888888889,0.522222222222221,0,0,0,0,0
2025-09-18 21:00:00,2.34277777777778,2.98277777777778,1.83222222222222,0.98888888888889,0.522222222222221,0,0,0,0,0
2025-09-18 22:00:00,3.06277777777778,3.22111111111111,1.88611111111111,0.962222222222222,0.522222222222221,0,0,0,0,0
2025-09-18 23:00:00,3.32722222222222,3.38,1.96722222222222,0.98888888888889,0.522222222222221,0,0,0,0,0
2025-09-19 00:00:00,2.98277777777778,3.43277777777778,2.04722222222222,0.98888888888889,0.550000000000001,0,0,0,0,0
2025-09-19 01:00:00,2.66388888888889,3.32722222222222,2.10111111111111,0.98888888888889,0.550000000000001,0,0,0,0,0
2025-09-19 02:00:00,2.31611111111111,3.16777777777778,2.12777777777778,0.98888888888889,0.550000000000001,0,0,0,0,0
2025-09-19 03:00:00,1.83222222222222,2.90277777777778,2.155,0.98888888888889,0.550000000000001,0,0,0,0,0
2025-09-19 04:00:00,1.53388888888889,2.63722222222222,2.155,1.01722222222222,0.550000000000001,0,0,0,0,0
2025-09-19 05:00:00,0.933888888888887,2.39611111111111,2.12777777777778,1.01722222222222,0.550000000000001,0,0,0,0,0
2025-09-19 06:00:00,0.98888888888889,2.20888888888889,2.10111111111111,1.04388888888889,0.577222222222223,0,0,0,0,0
2025-09-19 07:00:00,1.01722222222222,2.07388888888889,2.04722222222222,1.01722222222222,0.550000000000001,0,0,0,0,0
2025-09-19 08:00:00,0.962222222222222,1.99388888888889,1.99388888888889,1.04388888888889,0.577222222222223,0,0,0,0,0
2025-09-19 09:00:00,0.742222222222221,1.88611111111111,1.94,1.04388888888889,0.577222222222223,0,0,0,0,0
2025-09-19 10:00:00,0.715,1.77777777777778,1.88611111111111,1.04388888888889,0.577222222222223,0,0,0,0,0
2025-09-19 11:00:00,0.438888888888888,1.69722222222222,1.83222222222222,1.07111111111111,0.577222222222223,0,0,0,0,0
2025-09-19 12:00:00,0.632222222222221,1.64277777777778,1.77777777777778,1.04388888888889,0.577222222222223,0,0,0,0,0
2025-09-19 13:00:00,0.494999999999999,1.56111111111111,1.72388888888889,1.04388888888889,0.577222222222223,0,0,0,0,0
2025-09-19 14:00:00,0.412222222222221,1.50722222222222,1.69722222222222,1.04388888888889,0.577222222222223,0,0,0,0,0
2025-09-19 15:00:00,0.35611111111111,1.425,1.64277777777778,1.04388888888889,0.577222222222223,0,0,0,0,0
2025-09-19 16:00:00,0.38388888888889,1.39777777777778,1.58777777777778,1.04388888888889,0.604999999999999,0,0,0,0,0
2025-09-19 17:00:00,0.632222222222221,1.425,1.56111111111111,1.01722222222222,0.604999999999999,0,0,0,0,0
2025-09-19 18:00:00,0.962222222222222,1.53388888888889,1.50722222222222,1.01722222222222,0.577222222222223,0,0,0,0,0
2025-09-19 19:00:00,1.31722222222222,1.69722222222222,1.50722222222222,0.98888888888889,0.577222222222223,0,0,0,0,0
2025-09-19 20:00:00,1.64277777777778,1.94,1.50722222222222,0.98888888888889,0.577222222222223,0,0,0,0,0
2025-09-19 21:00:00,1.67,2.155,1.53388888888889,0.962222222222222,0.577222222222223,0,0,0,0,0
2025-09-19 22:00:00,2.07388888888889,2.28888888888889,1.56111111111111,0.962222222222222,0.577222222222223,0,0,0,0,0
2025-09-19 23:00:00,2.18222222222222,2.37,1.58777777777778,0.962222222222222,0.577222222222223,0,0,0,0,0
2025-09-20 00:00:00,1.83222222222222,2.39611111111111,1.615,0.962222222222222,0.577222222222223,1,0,0,0,0
2025-09-20 01:00:00,2.31611111111111,2.47722222222222,1.67,0.962222222222222,0.550000000000001,1,0,0,0,0
2025-09-20 02:00:00,1.94,2.53,1.69722222222222,0.933888888888887,0.577222222222223,0,0,0,0,0
2025-09-20 03:00:00,1.235,2.37,1.72388888888889,0.933888888888887,0.577222222222223,0,0,0,0,0
2025-09-20 04:00:00,0.550000000000001,2.10111111111111,1.72388888888889,0.962222222222222,0.577222222222223,0,0,0,0,0
2025-09-20 05:00:00,-0.0322222222222221,1.77777777777778,1.69722222222222,0.933888888888887,0.577222222222223,0,0,0,0,0
2025-09-20 06:00:00,-0.171111111111111,1.58777777777778,1.67,0.962222222222222,0.577222222222223,0,0,0,0,0
2025-09-20 07:00:00,-0.338888888888889,1.39777777777778,1.615,0.962222222222222,0.550000000000001,0,0,0,0,0
2025-09-20 08:00:00,-0.422777777777777,1.28888888888889,1.53388888888889,0.962222222222222,0.550000000000001,0,0,0,0,0
2025-09-20 09:00:00,-0.562777777777779,1.18,1.48,0.962222222222222,0.550000000000001,0,0,0,0,0
2025-09-20 10:00:00,-0.647777777777778,1.09888888888889,1.425,0.933888888888887,0.550000000000001,0,0,0,0,0
2025-09-20 11:00:00,-1.21277777777778,1.01722222222222,1.37111111111111,0.933888888888887,0.550000000000001,0,0,0,0,0
2025-09-20 12:00:00,-1.41277777777778,0.907222222222224,1.31722222222222,0.933888888888887,0.550000000000001,0,0,0,0,0
2025-09-20 13:00:00,-1.61277777777778,0.797222222222223,1.26222222222222,0.907222222222224,0.550000000000001,0,0,0,0,0
2025-09-20 14:00:00,-1.64111111111111,0.715,1.20777777777778,0.907222222222224,0.550000000000001,0,0,0,0,0
2025-09-20 15:00:00,-1.72722222222222,0.632222222222221,1.12611111111111,0.880000000000002,0.550000000000001,0,0,0,0,0
2025-09-20 16:00:00,-2.07277777777778,0.577222222222223,1.07111111111111,0.880000000000002,0.550000000000001,0,0,0,0,0
2025-09-20 17:00:00,-2.16,0.577222222222223,1.01722222222222,0.852222222222222,0.550000000000001,0,0,0,0,0
2025-09-20 18:00:00,-1.9,0.660000000000001,0.98888888888889,0.852222222222222,0.522222222222221,0,0,0,0,0
2025-09-20 19:00:00,-1.21277777777778,0.797222222222223,0.962222222222222,0.825,0.522222222222221,0,0,0,0,0
2025-09-20 20:00:00,-0.338888888888889,1.15277777777778,0.962222222222222,0.797222222222223,0.522222222222221,0,0,0,0,0
2025-09-20 21:00:00,-0.00388888888888969,1.45277777777778,0.962222222222222,0.797222222222223,0.522222222222221,0,0,0,0,0
2025-09-20 22:00:00,0.217777777777779,1.67,0.98888888888889,0.770000000000002,0.522222222222221,0,0,0,0,0
2025-09-20 23:00:00,-0.142777777777779,1.83222222222222,1.04388888888889,0.742222222222221,0.494999999999999,0,0,0,0,0
2025-09-21 00:00:00,-0.0877777777777785,1.85888888888889,1.09888888888889,0.742222222222221,0.494999999999999,0,0,0,0,0
2025-09-21 01:00:00,-0.116111111111111,1.83222222222222,1.12611111111111,0.742222222222221,0.467222222222223,0,0,0,0,0
2025-09-21 02:00:00,-0.872777777777779,1.615,1.18,0.742222222222221,0.467222222222223,0,0,0,0,0
2025-09-21 03:00:00,-0.98611111111111,1.34388888888889,1.18,0.742222222222221,0.467222222222223,0,0,0,0,0
2025-09-21 04:00:00,-1.41277777777778,1.07111111111111,1.18,0.715,0.467222222222223,0,0,0,0,0
2025-09-21 05:00:00,-1.47,0.852222222222222,1.12611111111111,0.715,0.467222222222223,0,0,0,0,0
2025-09-21 06:00:00,-1.69888888888889,0.687222222222223,1.07111111111111,0.715,0.467222222222223,0,0,0,0,0
2025-09-21 07:00:00,-1.98611111111111,0.522222222222221,1.01722222222222,0.715,0.467222222222223,0,0,0,0,0
2025-09-21 08:00:00,-2.04388888888889,0.412222222222221,0.962222222222222,0.715,0.438888888888888,0,0,0,0,0
2025-09-21 09:00:00,-2.21777777777778,0.328888888888888,0.907222222222224,0.715,0.438888888888888,0,0,0,0,0
2025-09-21 10:00:00,-2.21777777777778,0.301111111111112,0.852222222222222,0.687222222222223,0.438888888888888,0,0,0,0,0
2025-09-21 11:00:00,-2.21777777777778,0.24611111111111,0.797222222222223,0.687222222222223,0.438888888888888,0,0,0,0,0
2025-09-21 12:00:00,-2.45,0.217777777777779,0.742222222222221,0.687222222222223,0.438888888888888,0,0,0,0,0
2025-09-21 13:00:00,-2.625,0.189999999999999,0.715,0.660000000000001,0.412222222222221,0,0,0,0,0
2025-09-21 14:00:00,-2.71222222222222,0.189999999999999,0.660000000000001,0.660000000000001,0.438888888888888,0,0,0,0,0
2025-09-21 15:00:00,-2.91777777777778,0.162777777777777,0.632222222222221,0.632222222222221,0.412222222222221,0,0,0,0,0
2025-09-21 16:00:00,-2.91777777777778,0.135000000000001,0.577222222222223,0.632222222222221,0.412222222222221,0,0,0,0,0
2025-09-21 17:00:00,-2.74222222222222,0.135000000000001,0.550000000000001,0.604999999999999,0.412222222222221,0,0,0,0,0
2025-09-21 18:00:00,-2.85888888888889,0.162777777777777,0.522222222222221,0.577222222222223,0.412222222222221,0,0,0,0,0
2025-09-21 19:00:00,-2.13111111111111,0.189999999999999,0.522222222222221,0.577222222222223,0.38388888888889,0,0,0,0,0
2025-09-21 20:00:00,-1.84222222222222,0.189999999999999,0.494999999999999,0.550000000000001,0.38388888888889,0,0,0,0,0
2025-09-21 21:00:00,-1.32722222222222,0.217777777777779,0.467222222222223,0.522222222222221,0.35611111111111,0,0,0,0,0
2025-09-21 22:00:00,-0.93,0.24611111111111,0.467222222222223,0.522222222222221,0.35611111111111,0,0,0,0,0
2025-09-21 23:00:00,-1.1,0.24611111111111,0.467222222222223,0.522222222222221,0.35611111111111,0,0,0,0,0
2025-09-22 00:00:00,-1.24222222222222,0.272777777777778,0.438888888888888,0.494999999999999,0.35611111111111,0,0,0,0,0
2025-09-22 01:00:00,-1.55611111111111,0.301111111111112,0.438888888888888,0.467222222222223,0.35611111111111,0,0,0,0,0
2025-09-22 02:00:00,-1.72722222222222,0.24611111111111,0.438888888888888,0.467222222222223,0.328888888888888,0,0,0,0,0
2025-09-22 03:00:00,-2.07277777777778,0.189999999999999,0.412222222222221,0.467222222222223,0.328888888888888,0,0,0,0,0
2025-09-22 04:00:00,-2.21777777777778,0.135000000000001,0.412222222222221,0.438888888888888,0.328888888888888,0,0,0,0,0
2025-09-22 05:00:00,-2.18888888888889,0.0788888888888906,0.38388888888889,0.438888888888888,0.328888888888888,0,0,0,0,0
2025-09-22 06:00:00,-2.24722222222222,0.0788888888888906,0.35611111111111,0.412222222222221,0.301111111111112,0,0,0,0,0
2025-09-22 07:00:00,-2.305,0.0788888888888906,0.328888888888888,0.412222222222221,0.301111111111112,1,0,0,0,0
2025-09-22 08:00:00,-3.71722222222222,0.0788888888888906,0.328888888888888,0.412222222222221,0.301111111111112,0,0,0,0,0
2025-09-22 09:00:00,-3.86611111111111,0.0788888888888906,0.301111111111112,0.38388888888889,0.301111111111112,1,0,0,0,0
2025-09-22 10:00:00,-2.68277777777778,0.0788888888888906,0.301111111111112,0.35611111111111,0.272777777777778,0,0,0,0,0
2025-09-22 11:00:00,-2.16,0.0788888888888906,0.301111111111112,0.35611111111111,0.272777777777778,0,0,0,0,0
2025-09-22 12:00:00,-1.64111111111111,0.0238888888888885,0.272777777777778,0.35611111111111,0.24611111111111,0,0,0,0,0
2025-09-22 13:00:00,-1.61277777777778,0.0238888888888885,0.24611111111111,0.328888888888888,0.24611111111111,0,0,0,0,0
2025-09-22 14:00:00,-1.52722222222222,0.0238888888888885,0.24611111111111,0.328888888888888,0.24611111111111,0,0,0,0,0
2025-09-22 15:00:00,-1.32722222222222,0.0238888888888885,0.24611111111111,0.301111111111112,0.217777777777779,0,0,0,0,0
2025-09-22 16:00:00,-1.1,0.0238888888888885,0.217777777777779,0.301111111111112,0.217777777777779,0,0,0,0,0
2025-09-22 17:00:00,-0.759999999999999,0.0238888888888885,0.217777777777779,0.301111111111112,0.217777777777779,0,0,0,0,0
2025-09-22 18:00:00,-0.367222222222223,0.0238888888888885,0.217777777777779,0.272777777777778,0.217777777777779,0,0,0,0,0
2025-09-22 19:00:00,-0.142777777777779,0.0511111111111104,0.217777777777779,0.24611111111111,0.189999999999999,0,0,0,0,0
2025-09-22 20:00:00,0.107222222222221,0.0788888888888906,0.217777777777779,0.24611111111111,0.189999999999999,0,0,0,0,0
2025-09-22 21:00:00,0.742222222222221,0.0788888888888906,0.217777777777779,0.24611111111111,0.189999999999999,0,0,0,0,0
2025-09-22 22:00:00,0.962222222222222,0.0788888888888906,0.189999999999999,0.217777777777779,0.162777777777777,0,0,0,0,0
2025-09-22 23:00:00,0.35611111111111,0.0788888888888906,0.189999999999999,0.217777777777779,0.162777777777777,0,0,0,0,0
2025-09-23 00:00:00,0.577222222222223,0.0788888888888906,0.189999999999999,0.217777777777779,0.162777777777777,0,0,0,0,0
2025-09-23 01:00:00,0.35611111111111,0.0788888888888906,0.189999999999999,0.217777777777779,0.162777777777777,0,0,0,0,0
2025-09-23 02:00:00,-0.00388888888888969,0.0788888888888906,0.189999999999999,0.189999999999999,0.135000000000001,0,0,0,0,0
2025-09-23 03:00:00,-0.31111111111111,0.0511111111111104,0.189999999999999,0.189999999999999,0.135000000000001,0,0,0,0,0
2025-09-23 04:00:00,-0.759999999999999,0.0238888888888885,0.162777777777777,0.189999999999999,0.135000000000001,0,0,0,0,0
2025-09-23 05:00:00,-1.015,0.0788888888888906,0.189999999999999,0.217777777777779,0.162777777777777,0,0,0,0,0
2025-09-23 06:00:00,-1.015,0.0238888888888885,0.135000000000001,0.162777777777777,0.107222222222221,0,0,0,0,0
2025-09-23 07:00:00,-1.12777777777778,0.0238888888888885,0.162777777777777,0.162777777777777,0.107222222222221,0,0,0,0,0
2025-09-23 08:00:00,-0.817222222222222,-0.0322222222222221,0.162777777777777,0.135000000000001,0.0788888888888906,0,0,0,0,0
2025-09-23 09:00:00,-1.61277777777778,-0.0322222222222221,0.162777777777777,0.135000000000001,0.0788888888888906,0,0,0,0,0
2025-09-23 10:00:00,-4.62111111111111,-0.0322222222222221,0.162777777777777,0.135000000000001,0.0788888888888906,0,0,0,0,0
2025-09-23 11:00:00,-4.10611111111111,-0.00388888888888969,0.162777777777777,0.162777777777777,0.0788888888888906,0,0,0,0,0
2025-09-23 12:00:00,-3.77722222222222,0.0238888888888885,0.189999999999999,0.135000000000001,0.0788888888888906,0,0,0,0,0
2025-09-23 13:00:00,NaN,0.494999999999999,0.604999999999999,0.604999999999999,0.494999999999999,9,0,0,0,0
2025-09-23 14:00:00,NaN,NaN,NaN,0.494999999999999,0.438888888888888,9,9,9,0,0
